n_test,n_lof,n_gof,accuracy,balanced_accuracy,precision_gof,recall_gof,f1_gof,macro_f1,roc_auc,average_precision,experiment,feature_set,seed,fold,heldout_gene
70,42,28,0.5857142857142857,0.5892857142857142,0.4857142857142857,0.6071428571428571,0.5396825396825397,0.5815295815295816,0.6084183673469388,0.4927888487632467,random_stratified_cv,biochem_only,0,0,NA
70,42,28,0.5571428571428572,0.5595238095238095,0.45714285714285713,0.5714285714285714,0.5079365079365079,0.5526695526695526,0.6373299319727891,0.5872884806902379,random_stratified_cv,biochem_only,0,1,NA
70,42,28,0.5857142857142857,0.5773809523809523,0.4838709677419355,0.5357142857142857,0.5084745762711864,0.5752249424565808,0.6020408163265306,0.468134598700816,random_stratified_cv,biochem_only,0,2,NA
69,42,27,0.5652173913043478,0.5568783068783069,0.45161290322580644,0.5185185185185185,0.4827586206896552,0.5538793103448276,0.650352733686067,0.5068122958615642,random_stratified_cv,biochem_only,0,3,NA
69,42,27,0.5942028985507246,0.6071428571428572,0.4864864864864865,0.6666666666666666,0.5625,0.5920608108108107,0.6208112874779541,0.4986660110197883,random_stratified_cv,biochem_only,0,4,NA
70,42,28,0.5857142857142857,0.5714285714285714,0.4827586206896552,0.5,0.49122807017543857,0.5709152399069963,0.5514455782312926,0.46796136287440016,random_stratified_cv,biochem_only,1,0,NA
70,42,28,0.5285714285714286,0.5119047619047619,0.41379310344827586,0.42857142857142855,0.42105263157894735,0.5117311350665821,0.5914115646258503,0.47631640423116073,random_stratified_cv,biochem_only,1,1,NA
70,42,28,0.5714285714285714,0.5833333333333334,0.47368421052631576,0.6428571428571429,0.5454545454545454,0.5700245700245701,0.5693027210884354,0.504720943447286,random_stratified_cv,biochem_only,1,2,NA
69,42,27,0.5797101449275363,0.582010582010582,0.47058823529411764,0.5925925925925926,0.5245901639344263,0.5739833936555248,0.6119929453262787,0.4554349999271874,random_stratified_cv,biochem_only,1,3,NA
69,42,27,0.5072463768115942,0.5026455026455027,0.3939393939393939,0.48148148148148145,0.43333333333333335,0.4987179487179487,0.5608465608465609,0.4353543159971503,random_stratified_cv,biochem_only,1,4,NA
70,42,28,0.6285714285714286,0.6190476190476191,0.5333333333333333,0.5714285714285714,0.5517241379310345,0.6173254835996635,0.671343537414966,0.5418498333533736,random_stratified_cv,biochem_only,2,0,NA
70,42,28,0.5857142857142857,0.625,0.48936170212765956,0.8214285714285714,0.6133333333333333,0.5835897435897436,0.6156462585034014,0.46574348428807555,random_stratified_cv,biochem_only,2,1,NA
70,42,28,0.6,0.5892857142857143,0.5,0.5357142857142857,0.5172413793103449,0.5878889823380993,0.6441326530612245,0.5243119479897592,random_stratified_cv,biochem_only,2,2,NA
69,42,27,0.6086956521739131,0.6124338624338624,0.5,0.6296296296296297,0.5573770491803278,0.6033638492654886,0.5740740740740741,0.4208364083482121,random_stratified_cv,biochem_only,2,3,NA
69,42,27,0.6086956521739131,0.6124338624338624,0.5,0.6296296296296297,0.5573770491803278,0.6033638492654886,0.5987654320987653,0.5148883497262322,random_stratified_cv,biochem_only,2,4,NA
70,42,28,0.6714285714285714,0.6666666666666667,0.5806451612903226,0.6428571428571429,0.6101694915254238,0.6631094371207366,0.6913265306122449,0.6391283585861866,random_stratified_cv,biochem_only,3,0,NA
70,42,28,0.6857142857142857,0.6904761904761905,0.5882352941176471,0.7142857142857143,0.6451612903225806,0.6815550041356493,0.6581632653061223,0.5895521650077338,random_stratified_cv,biochem_only,3,1,NA
70,42,28,0.5857142857142857,0.5714285714285714,0.4827586206896552,0.5,0.49122807017543857,0.5709152399069963,0.6352040816326531,0.5104379493089809,random_stratified_cv,biochem_only,3,2,NA
69,42,27,0.5072463768115942,0.5224867724867724,0.41025641025641024,0.5925925925925926,0.48484848484848486,0.5063131313131313,0.6075837742504409,0.47856819700806724,random_stratified_cv,biochem_only,3,3,NA
69,42,27,0.463768115942029,0.48677248677248675,0.38095238095238093,0.5925925925925926,0.463768115942029,0.463768115942029,0.4695767195767196,0.3894866487795763,random_stratified_cv,biochem_only,3,4,NA
70,42,28,0.5857142857142857,0.6011904761904763,0.48717948717948717,0.6785714285714286,0.5671641791044776,0.5849519525659375,0.6156462585034014,0.508229582500964,random_stratified_cv,biochem_only,4,0,NA
70,42,28,0.6428571428571429,0.625,0.5555555555555556,0.5357142857142857,0.5454545454545454,0.625668449197861,0.7062074829931972,0.5194002461026326,random_stratified_cv,biochem_only,4,1,NA
70,42,28,0.6142857142857143,0.6011904761904762,0.5172413793103449,0.5357142857142857,0.5263157894736842,0.6005072923272035,0.6751700680272109,0.61911589135769,random_stratified_cv,biochem_only,4,2,NA
69,42,27,0.5797101449275363,0.582010582010582,0.47058823529411764,0.5925925925925926,0.5245901639344263,0.5739833936555248,0.5925925925925926,0.49629102804089453,random_stratified_cv,biochem_only,4,3,NA
69,42,27,0.6086956521739131,0.6190476190476191,0.5,0.6666666666666666,0.5714285714285714,0.6057142857142856,0.6146384479717812,0.4841211409604296,random_stratified_cv,biochem_only,4,4,NA
70,42,28,0.5,0.5,0.4,0.5,0.4444444444444444,0.4949494949494949,0.4800170068027211,0.37666573311688245,random_stratified_cv,biochem_only,5,0,NA
70,42,28,0.5857142857142857,0.6011904761904763,0.48717948717948717,0.6785714285714286,0.5671641791044776,0.5849519525659375,0.5871598639455782,0.43789298272984317,random_stratified_cv,biochem_only,5,1,NA
70,42,28,0.6285714285714286,0.6071428571428572,0.5384615384615384,0.5,0.5185185185185185,0.6080964685615848,0.6441326530612245,0.5527764953640943,random_stratified_cv,biochem_only,5,2,NA
69,42,27,0.5942028985507246,0.6071428571428572,0.4864864864864865,0.6666666666666666,0.5625,0.5920608108108107,0.67989417989418,0.6628232366508118,random_stratified_cv,biochem_only,5,3,NA
69,42,27,0.6376811594202898,0.6428571428571428,0.5294117647058824,0.6666666666666666,0.5901639344262295,0.6327443048754524,0.664021164021164,0.5555596519474915,random_stratified_cv,biochem_only,5,4,NA
70,42,28,0.5142857142857142,0.5119047619047619,0.4117647058823529,0.5,0.45161290322580644,0.5078577336641853,0.5335884353741497,0.43529684764023885,random_stratified_cv,biochem_only,6,0,NA
70,42,28,0.6285714285714286,0.6130952380952381,0.5357142857142857,0.5357142857142857,0.5357142857142857,0.6130952380952381,0.653061224489796,0.5436649320743008,random_stratified_cv,biochem_only,6,1,NA
70,42,28,0.5714285714285714,0.5892857142857143,0.475,0.6785714285714286,0.5588235294117647,0.571078431372549,0.6075680272108843,0.5252655278192915,random_stratified_cv,biochem_only,6,2,NA
69,42,27,0.5507246376811594,0.5582010582010581,0.4444444444444444,0.5925925925925926,0.5079365079365079,0.5473015873015873,0.5374779541446209,0.4605083794138138,random_stratified_cv,biochem_only,6,3,NA
69,42,27,0.6086956521739131,0.5859788359788359,0.5,0.48148148148148145,0.49056603773584906,0.5864594894561599,0.6644620811287477,0.526517925677684,random_stratified_cv,biochem_only,6,4,NA
70,42,28,0.5857142857142857,0.5714285714285714,0.4827586206896552,0.5,0.49122807017543857,0.5709152399069963,0.6789965986394557,0.5413832962677336,random_stratified_cv,biochem_only,7,0,NA
70,42,28,0.5714285714285714,0.5773809523809523,0.4722222222222222,0.6071428571428571,0.53125,0.5682565789473684,0.6301020408163265,0.5687603297693016,random_stratified_cv,biochem_only,7,1,NA
70,42,28,0.6428571428571429,0.6428571428571429,0.5454545454545454,0.6428571428571429,0.5901639344262295,0.6368541191118489,0.6619897959183674,0.5241315615308713,random_stratified_cv,biochem_only,7,2,NA
69,42,27,0.5362318840579711,0.5462962962962963,0.43243243243243246,0.5925925925925926,0.5,0.5337837837837838,0.5736331569664903,0.4828699095304269,random_stratified_cv,biochem_only,7,3,NA
69,42,27,0.5217391304347826,0.5145502645502645,0.40625,0.48148148148148145,0.4406779661016949,0.5114782235571765,0.5114638447971782,0.4353651723917643,random_stratified_cv,biochem_only,7,4,NA
70,42,28,0.6285714285714286,0.6309523809523809,0.5294117647058824,0.6428571428571429,0.5806451612903226,0.6236559139784946,0.7074829931972789,0.5634724690299615,random_stratified_cv,biochem_only,8,0,NA
70,42,28,0.5142857142857142,0.5119047619047619,0.4117647058823529,0.5,0.45161290322580644,0.5078577336641853,0.5578231292517006,0.47393051298025035,random_stratified_cv,biochem_only,8,1,NA
70,42,28,0.5428571428571428,0.5595238095238095,0.45,0.6428571428571429,0.5294117647058824,0.542483660130719,0.5850340136054422,0.49796430685057486,random_stratified_cv,biochem_only,8,2,NA
69,42,27,0.5652173913043478,0.5634920634920635,0.45454545454545453,0.5555555555555556,0.5,0.5576923076923077,0.6221340388007055,0.49510004200457186,random_stratified_cv,biochem_only,8,3,NA
69,42,27,0.6231884057971014,0.6177248677248677,0.5161290322580645,0.5925925925925926,0.5517241379310345,0.6133620689655173,0.609347442680776,0.46358995286680316,random_stratified_cv,biochem_only,8,4,NA
70,42,28,0.6,0.6011904761904762,0.5,0.6071428571428571,0.5483870967741935,0.5947063688999172,0.5684523809523809,0.5039359159018172,random_stratified_cv,biochem_only,9,0,NA
70,42,28,0.4857142857142857,0.4880952380952381,0.3888888888888889,0.5,0.4375,0.4819078947368421,0.46598639455782315,0.3719163359709922,random_stratified_cv,biochem_only,9,1,NA
70,42,28,0.6142857142857143,0.6071428571428572,0.5161290322580645,0.5714285714285714,0.5423728813559322,0.6045197740112994,0.6118197278911565,0.4759356772851601,random_stratified_cv,biochem_only,9,2,NA
69,42,27,0.7246376811594203,0.7275132275132274,0.625,0.7407407407407407,0.6779661016949152,0.7187298862904956,0.7495590828924161,0.5799599103616824,random_stratified_cv,biochem_only,9,3,NA
69,42,27,0.5507246376811594,0.578042328042328,0.4523809523809524,0.7037037037037037,0.5507246376811594,0.5507246376811594,0.5947971781305115,0.5186704496244083,random_stratified_cv,biochem_only,9,4,NA
70,42,28,0.5,0.5119047619047619,0.41025641025641024,0.5714285714285714,0.47761194029850745,0.4990799427519934,0.5625,0.4770151733478761,family_alignment_cid_group_cv,biochem_only,0,0,NA
69,42,27,0.463768115942029,0.4470899470899471,0.3333333333333333,0.37037037037037035,0.3508771929824561,0.447043534762833,0.4166666666666667,0.33972882382851255,family_alignment_cid_group_cv,biochem_only,0,1,NA
70,42,28,0.5571428571428572,0.5595238095238095,0.45714285714285713,0.5714285714285714,0.5079365079365079,0.5526695526695526,0.6203231292517007,0.5098197464980948,family_alignment_cid_group_cv,biochem_only,0,2,NA
69,42,27,0.6231884057971014,0.6177248677248677,0.5161290322580645,0.5925925925925926,0.5517241379310345,0.6133620689655173,0.5890652557319224,0.5080824154018186,family_alignment_cid_group_cv,biochem_only,0,3,NA
70,42,28,0.5571428571428572,0.5654761904761905,0.4594594594594595,0.6071428571428571,0.5230769230769231,0.5548717948717949,0.5659013605442177,0.4609945288497392,family_alignment_cid_group_cv,biochem_only,0,4,NA
70,42,28,0.5,0.48809523809523814,0.3870967741935484,0.42857142857142855,0.4067796610169492,0.4873404477924252,0.5216836734693877,0.4490763356983849,family_alignment_cid_group_cv,biochem_only,1,0,NA
70,42,28,0.5285714285714286,0.5238095238095238,0.42424242424242425,0.5,0.45901639344262296,0.5206474372276406,0.5361394557823129,0.48417941719973445,family_alignment_cid_group_cv,biochem_only,1,1,NA
69,42,27,0.4057971014492754,0.39285714285714285,0.28125,0.3333333333333333,0.3050847457627119,0.39304870199527997,0.35802469135802467,0.3562880342029586,family_alignment_cid_group_cv,biochem_only,1,2,NA
70,42,28,0.6142857142857143,0.5773809523809523,0.5238095238095238,0.39285714285714285,0.4489795918367347,0.576138147566719,0.6016156462585034,0.48405939409823023,family_alignment_cid_group_cv,biochem_only,1,3,NA
69,42,27,0.5507246376811594,0.5383597883597884,0.43333333333333335,0.48148148148148145,0.45614035087719296,0.5367121507472384,0.5639329805996472,0.4172947639945062,family_alignment_cid_group_cv,biochem_only,1,4,NA
70,42,28,0.6142857142857143,0.6369047619047619,0.5121951219512195,0.75,0.6086956521739131,0.614206981016534,0.7104591836734694,0.5784317226396871,family_alignment_cid_group_cv,biochem_only,2,0,NA
70,42,28,0.5571428571428572,0.5238095238095238,0.43478260869565216,0.35714285714285715,0.39215686274509803,0.5219211280017625,0.5306122448979591,0.48262758223389385,family_alignment_cid_group_cv,biochem_only,2,1,NA
70,42,28,0.5428571428571428,0.5357142857142857,0.4375,0.5,0.4666666666666667,0.5333333333333333,0.5484693877551021,0.49992306865397906,family_alignment_cid_group_cv,biochem_only,2,2,NA
69,42,27,0.5362318840579711,0.533068783068783,0.42424242424242425,0.5185185185185185,0.4666666666666667,0.5282051282051282,0.49074074074074076,0.4040038909526794,family_alignment_cid_group_cv,biochem_only,2,3,NA
69,42,27,0.6376811594202898,0.623015873015873,0.5357142857142857,0.5555555555555556,0.5454545454545454,0.6221248630887185,0.623015873015873,0.4702937884199865,family_alignment_cid_group_cv,biochem_only,2,4,NA
70,42,28,0.6142857142857143,0.5952380952380952,0.5185185185185185,0.5,0.509090909090909,0.5957219251336898,0.5820578231292517,0.4830737260506627,family_alignment_cid_group_cv,biochem_only,3,0,NA
70,42,28,0.4857142857142857,0.4642857142857143,0.35714285714285715,0.35714285714285715,0.35714285714285715,0.4642857142857143,0.46173469387755106,0.3754819438610455,family_alignment_cid_group_cv,biochem_only,3,1,NA
70,42,28,0.5,0.48809523809523814,0.3870967741935484,0.42857142857142855,0.4067796610169492,0.4873404477924252,0.5612244897959184,0.4962418761547943,family_alignment_cid_group_cv,biochem_only,3,2,NA
69,42,27,0.43478260869565216,0.4298941798941799,0.3235294117647059,0.4074074074074074,0.36065573770491804,0.4270811156057058,0.44973544973544977,0.3811849798936657,family_alignment_cid_group_cv,biochem_only,3,3,NA
69,42,27,0.6521739130434783,0.6547619047619048,0.5454545454545454,0.6666666666666666,0.6,0.6461538461538461,0.6706349206349206,0.6010448043356384,family_alignment_cid_group_cv,biochem_only,3,4,NA
70,42,28,0.6142857142857143,0.6071428571428572,0.5161290322580645,0.5714285714285714,0.5423728813559322,0.6045197740112994,0.6781462585034013,0.6215703994613204,family_alignment_cid_group_cv,biochem_only,4,0,NA
70,42,28,0.5571428571428572,0.5595238095238095,0.45714285714285713,0.5714285714285714,0.5079365079365079,0.5526695526695526,0.6254251700680272,0.5831883699127361,family_alignment_cid_group_cv,biochem_only,4,1,NA
70,42,28,0.5714285714285714,0.5535714285714286,0.4642857142857143,0.4642857142857143,0.4642857142857143,0.5535714285714286,0.6675170068027211,0.5141061369779631,family_alignment_cid_group_cv,biochem_only,4,2,NA
69,42,27,0.4782608695652174,0.44576719576719576,0.32,0.2962962962962963,0.3076923076923077,0.4445438282647585,0.4426807760141093,0.3884611590423436,family_alignment_cid_group_cv,biochem_only,4,3,NA
69,42,27,0.5507246376811594,0.5317460317460317,0.42857142857142855,0.4444444444444444,0.43636363636363634,0.5314348302300109,0.5846560846560847,0.4747973225332614,family_alignment_cid_group_cv,biochem_only,4,4,NA
70,42,28,0.5714285714285714,0.5476190476190476,0.46153846153846156,0.42857142857142855,0.4444444444444444,0.5478036175710594,0.40348639455782315,0.3866944038833179,family_alignment_cid_group_cv,biochem_only,5,0,NA
70,42,28,0.5714285714285714,0.5833333333333334,0.47368421052631576,0.6428571428571429,0.5454545454545454,0.5700245700245701,0.5807823129251701,0.5308917678561661,family_alignment_cid_group_cv,biochem_only,5,1,NA
69,42,27,0.5217391304347826,0.5277777777777778,0.4166666666666667,0.5555555555555556,0.47619047619047616,0.5180952380952382,0.5379188712522045,0.3956263599685995,family_alignment_cid_group_cv,biochem_only,5,2,NA
69,42,27,0.5217391304347826,0.4947089947089947,0.38461538461538464,0.37037037037037035,0.37735849056603776,0.4945615982241954,0.5339506172839507,0.4301373539693934,family_alignment_cid_group_cv,biochem_only,5,3,NA
70,42,28,0.42857142857142855,0.4226190476190476,0.3235294117647059,0.39285714285714285,0.3548387096774194,0.42100909842845324,0.514030612244898,0.42835713286335614,family_alignment_cid_group_cv,biochem_only,5,4,NA
69,42,27,0.6086956521739131,0.566137566137566,0.5,0.37037037037037035,0.425531914893617,0.5644143090951602,0.5388007054673721,0.43766671178084127,family_alignment_cid_group_cv,biochem_only,6,0,NA
70,42,28,0.5714285714285714,0.5892857142857143,0.475,0.6785714285714286,0.5588235294117647,0.571078431372549,0.6585884353741497,0.567225750199142,family_alignment_cid_group_cv,biochem_only,6,1,NA
71,42,29,0.5633802816901409,0.55623973727422,0.46875,0.5172413793103449,0.4918032786885246,0.5545436146529042,0.5082101806239738,0.40763734373087934,family_alignment_cid_group_cv,biochem_only,6,2,NA
69,42,27,0.5507246376811594,0.5648148148148149,0.4473684210526316,0.6296296296296297,0.5230769230769231,0.5492096944151739,0.6569664902998236,0.5291216190436093,family_alignment_cid_group_cv,biochem_only,6,3,NA
69,42,27,0.5507246376811594,0.5449735449735449,0.4375,0.5185185185185185,0.4745762711864407,0.5410856039476507,0.5674603174603174,0.47620575711656965,family_alignment_cid_group_cv,biochem_only,6,4,NA
70,42,28,0.5142857142857142,0.5,0.4,0.42857142857142855,0.41379310344827586,0.49957947855340623,0.5233843537414966,0.45041579090028183,family_alignment_cid_group_cv,biochem_only,7,0,NA
70,42,28,0.5571428571428572,0.5654761904761905,0.4594594594594595,0.6071428571428571,0.5230769230769231,0.5548717948717949,0.5569727891156463,0.4369971814347019,family_alignment_cid_group_cv,biochem_only,7,1,NA
70,42,28,0.5857142857142857,0.5654761904761905,0.48148148148148145,0.4642857142857143,0.4727272727272727,0.5657754010695187,0.5990646258503403,0.4775988758728381,family_alignment_cid_group_cv,biochem_only,7,2,NA
69,42,27,0.5652173913043478,0.58994708994709,0.4634146341463415,0.7037037037037037,0.5588235294117647,0.5651260504201681,0.654320987654321,0.5603208981749255,family_alignment_cid_group_cv,biochem_only,7,3,NA
69,42,27,0.4782608695652174,0.4656084656084656,0.3548387096774194,0.4074074074074074,0.3793103448275862,0.4646551724137931,0.4977954144620811,0.39124139323430196,family_alignment_cid_group_cv,biochem_only,7,4,NA
70,42,28,0.45714285714285713,0.4464285714285714,0.34375,0.39285714285714285,0.36666666666666664,0.4458333333333333,0.48384353741496594,0.432701137501941,family_alignment_cid_group_cv,biochem_only,8,0,NA
70,42,28,0.5285714285714286,0.5059523809523809,0.4074074074074074,0.39285714285714285,0.4,0.5058823529411764,0.4821428571428571,0.42991553312177494,family_alignment_cid_group_cv,biochem_only,8,1,NA
70,42,28,0.6,0.6130952380952381,0.5,0.6785714285714286,0.5757575757575758,0.5986895986895987,0.6296768707482993,0.5169820312685117,family_alignment_cid_group_cv,biochem_only,8,2,NA
69,42,27,0.6521739130434783,0.6481481481481481,0.5483870967741935,0.6296296296296297,0.5862068965517241,0.643103448275862,0.740299823633157,0.6433677409607983,family_alignment_cid_group_cv,biochem_only,8,3,NA
69,42,27,0.5507246376811594,0.5317460317460317,0.42857142857142855,0.4444444444444444,0.43636363636363634,0.5314348302300109,0.5189594356261023,0.39875551213901916,family_alignment_cid_group_cv,biochem_only,8,4,NA
70,42,28,0.5714285714285714,0.5773809523809523,0.4722222222222222,0.6071428571428571,0.53125,0.5682565789473684,0.6305272108843537,0.488997129612633,family_alignment_cid_group_cv,biochem_only,9,0,NA
70,42,28,0.5142857142857142,0.5178571428571428,0.4166666666666667,0.5357142857142857,0.46875,0.5106907894736843,0.4787414965986395,0.41786795791665454,family_alignment_cid_group_cv,biochem_only,9,1,NA
70,42,28,0.6,0.6011904761904762,0.5,0.6071428571428571,0.5483870967741935,0.5947063688999172,0.5633503401360545,0.44542333658296385,family_alignment_cid_group_cv,biochem_only,9,2,NA
69,42,27,0.5362318840579711,0.5264550264550264,0.41935483870967744,0.48148148148148145,0.4482758620689655,0.5241379310344827,0.5727513227513228,0.4856402621098332,family_alignment_cid_group_cv,biochem_only,9,3,NA
69,42,27,0.6086956521739131,0.6124338624338624,0.5,0.6296296296296297,0.5573770491803278,0.6033638492654886,0.599647266313933,0.46786041364605957,family_alignment_cid_group_cv,biochem_only,9,4,NA
16,7,9,0.5625,0.5634920634920635,0.625,0.5555555555555556,0.5882352941176471,0.5607843137254902,0.5555555555555556,0.7254028379028379,leave_one_gene_out,biochem_only,0,0,SCN10A
61,49,12,0.47540983606557374,0.48469387755102045,0.1875,0.5,0.2727272727272727,0.43123543123543123,0.5340136054421769,0.2551366900166247,leave_one_gene_out,biochem_only,0,0,SCN1A
32,14,18,0.5,0.5,0.5625,0.5,0.5294117647058824,0.4980392156862745,0.6170634920634921,0.7437397583320815,leave_one_gene_out,biochem_only,0,0,SCN2A
12,2,10,0.4166666666666667,0.25,0.7142857142857143,0.5,0.5882352941176471,0.29411764705882354,0.32499999999999996,0.836024531024531,leave_one_gene_out,biochem_only,0,0,SCN3A
31,13,18,0.7419354838709677,0.7564102564102564,0.8571428571428571,0.6666666666666666,0.75,0.7416666666666667,0.829059829059829,0.8272302860538154,leave_one_gene_out,biochem_only,0,0,SCN4A
157,117,40,0.6114649681528662,0.599465811965812,0.34328358208955223,0.575,0.42990654205607476,0.5676102758589553,0.6216880341880343,0.37137890742489565,leave_one_gene_out,biochem_only,0,0,SCN5A
22,8,14,0.4090909090909091,0.45535714285714285,0.5714285714285714,0.2857142857142857,0.38095238095238093,0.4078674948240165,0.6160714285714286,0.7156565656565657,leave_one_gene_out,biochem_only,0,0,SCN8A
70,42,28,0.7428571428571429,0.7380952380952381,0.6666666666666666,0.7142857142857143,0.6896551724137931,0.735071488645921,0.8307823129251701,0.770730237722719,random_stratified_cv,wt_site,0,0,NA
70,42,28,0.7857142857142857,0.7797619047619048,0.7241379310344828,0.75,0.7368421052631579,0.7780596068484464,0.8256802721088435,0.7900741936182655,random_stratified_cv,wt_site,0,1,NA
70,42,28,0.6571428571428571,0.6488095238095237,0.5666666666666667,0.6071428571428571,0.5862068965517241,0.6467619848612278,0.6564625850340137,0.5389857407778031,random_stratified_cv,wt_site,0,2,NA
69,42,27,0.7391304347826086,0.7526455026455026,0.6285714285714286,0.8148148148148148,0.7096774193548387,0.7364176570458405,0.8421516754850088,0.776334142153831,random_stratified_cv,wt_site,0,3,NA
69,42,27,0.6956521739130435,0.6904761904761905,0.6,0.6666666666666666,0.631578947368421,0.6861598440545809,0.7848324514991182,0.7539772724621356,random_stratified_cv,wt_site,0,4,NA
70,42,28,0.6857142857142857,0.6964285714285714,0.5833333333333334,0.75,0.65625,0.6833881578947368,0.7602040816326532,0.6660929072256702,random_stratified_cv,wt_site,1,0,NA
70,42,28,0.7285714285714285,0.7083333333333333,0.68,0.6071428571428571,0.6415094339622641,0.7115593146822815,0.7568027210884354,0.6826082526039786,random_stratified_cv,wt_site,1,1,NA
70,42,28,0.7714285714285715,0.7738095238095237,0.6875,0.7857142857142857,0.7333333333333333,0.7666666666666666,0.8265306122448979,0.798604660062629,random_stratified_cv,wt_site,1,2,NA
69,42,27,0.7391304347826086,0.7328042328042328,0.6551724137931034,0.7037037037037037,0.6785714285714286,0.7295296167247387,0.8514109347442681,0.8251931527170553,random_stratified_cv,wt_site,1,3,NA
69,42,27,0.7391304347826086,0.7526455026455026,0.6285714285714286,0.8148148148148148,0.7096774193548387,0.7364176570458405,0.8315696649029982,0.7448982808289488,random_stratified_cv,wt_site,1,4,NA
70,42,28,0.7571428571428571,0.7619047619047619,0.6666666666666666,0.7857142857142857,0.7213114754098361,0.7530608009960573,0.858843537414966,0.8089240302208883,random_stratified_cv,wt_site,2,0,NA
70,42,28,0.7285714285714285,0.7202380952380952,0.6551724137931034,0.6785714285714286,0.6666666666666666,0.7188755020080322,0.7576530612244898,0.7200428474540985,random_stratified_cv,wt_site,2,1,NA
70,42,28,0.7571428571428571,0.75,0.6896551724137931,0.7142857142857143,0.7017543859649122,0.7484675544282393,0.8239795918367346,0.7839238722341916,random_stratified_cv,wt_site,2,2,NA
69,42,27,0.7536231884057971,0.7380952380952381,0.6923076923076923,0.6666666666666666,0.6792452830188679,0.739622641509434,0.7724867724867726,0.6812929484007215,random_stratified_cv,wt_site,2,3,NA
69,42,27,0.6521739130434783,0.6547619047619048,0.5454545454545454,0.6666666666666666,0.6,0.6461538461538461,0.7433862433862434,0.7014048529341956,random_stratified_cv,wt_site,2,4,NA
70,42,28,0.7285714285714285,0.7142857142857143,0.6666666666666666,0.6428571428571429,0.6545454545454545,0.7155080213903744,0.7852891156462585,0.6552837136372108,random_stratified_cv,wt_site,3,0,NA
70,42,28,0.7714285714285715,0.7559523809523809,0.7307692307692307,0.6785714285714286,0.7037037037037037,0.7588285960378984,0.7916666666666667,0.8204617444415411,random_stratified_cv,wt_site,3,1,NA
70,42,28,0.7428571428571429,0.7440476190476191,0.65625,0.75,0.7,0.7375,0.8214285714285715,0.7097780850448934,random_stratified_cv,wt_site,3,2,NA
69,42,27,0.7536231884057971,0.7645502645502645,0.6470588235294118,0.8148148148148148,0.7213114754098361,0.7502661273153077,0.845679012345679,0.8096052064120516,random_stratified_cv,wt_site,3,3,NA
69,42,27,0.6376811594202898,0.6362433862433863,0.53125,0.6296296296296297,0.576271186440678,0.6299077451190731,0.6851851851851851,0.5628537695009026,random_stratified_cv,wt_site,3,4,NA
70,42,28,0.6285714285714286,0.6428571428571428,0.5263157894736842,0.7142857142857143,0.6060606060606061,0.6273546273546273,0.7585034013605443,0.6901116015277993,random_stratified_cv,wt_site,4,0,NA
70,42,28,0.6714285714285714,0.6607142857142857,0.5862068965517241,0.6071428571428571,0.5964912280701754,0.6596913971676178,0.7465986394557823,0.6644372048159898,random_stratified_cv,wt_site,4,1,NA
70,42,28,0.8,0.8035714285714286,0.71875,0.8214285714285714,0.7666666666666667,0.7958333333333334,0.8520408163265306,0.8095933295203945,random_stratified_cv,wt_site,4,2,NA
69,42,27,0.7246376811594203,0.7208994708994709,0.6333333333333333,0.7037037037037037,0.6666666666666666,0.7160493827160493,0.8527336860670194,0.7979966065182034,random_stratified_cv,wt_site,4,3,NA
69,42,27,0.6666666666666666,0.626984126984127,0.6,0.4444444444444444,0.5106382978723404,0.6289455225625438,0.718694885361552,0.7024385376778235,random_stratified_cv,wt_site,4,4,NA
70,42,28,0.7142857142857143,0.6964285714285714,0.6538461538461539,0.6071428571428571,0.6296296296296297,0.698535745047373,0.7827380952380952,0.697338971484909,random_stratified_cv,wt_site,5,0,NA
70,42,28,0.7285714285714285,0.7083333333333333,0.68,0.6071428571428571,0.6415094339622641,0.7115593146822815,0.7551020408163266,0.7350805953326961,random_stratified_cv,wt_site,5,1,NA
70,42,28,0.7571428571428571,0.7678571428571428,0.6571428571428571,0.8214285714285714,0.7301587301587301,0.7546897546897546,0.8605442176870748,0.789328411559293,random_stratified_cv,wt_site,5,2,NA
69,42,27,0.7681159420289855,0.7764550264550265,0.6666666666666666,0.8148148148148148,0.7333333333333333,0.764102564102564,0.8747795414462081,0.8277414310361813,random_stratified_cv,wt_site,5,3,NA
69,42,27,0.5652173913043478,0.5701058201058201,0.45714285714285713,0.5925925925925926,0.5161290322580645,0.5606960950764006,0.6353615520282186,0.5218025843361487,random_stratified_cv,wt_site,5,4,NA
70,42,28,0.7142857142857143,0.7142857142857143,0.625,0.7142857142857143,0.6666666666666666,0.7083333333333333,0.7559523809523809,0.7119818207534734,random_stratified_cv,wt_site,6,0,NA
70,42,28,0.8142857142857143,0.7916666666666667,0.8260869565217391,0.6785714285714286,0.7450980392156863,0.7995153117426745,0.864795918367347,0.8121176614833617,random_stratified_cv,wt_site,6,1,NA
70,42,28,0.7428571428571429,0.7380952380952381,0.6666666666666666,0.7142857142857143,0.6896551724137931,0.735071488645921,0.8758503401360543,0.8495502574844073,random_stratified_cv,wt_site,6,2,NA
69,42,27,0.6956521739130435,0.6904761904761905,0.6,0.6666666666666666,0.631578947368421,0.6861598440545809,0.7213403880070547,0.665420963695529,random_stratified_cv,wt_site,6,3,NA
69,42,27,0.6956521739130435,0.6772486772486772,0.6153846153846154,0.5925925925925926,0.6037735849056604,0.6783573806881242,0.7204585537918872,0.5967217656209807,random_stratified_cv,wt_site,6,4,NA
70,42,28,0.7571428571428571,0.7678571428571428,0.6571428571428571,0.8214285714285714,0.7301587301587301,0.7546897546897546,0.8443877551020408,0.7646562355035902,random_stratified_cv,wt_site,7,0,NA
70,42,28,0.6428571428571429,0.6369047619047619,0.5483870967741935,0.6071428571428571,0.576271186440678,0.633814605566018,0.733843537414966,0.6643970797874466,random_stratified_cv,wt_site,7,1,NA
70,42,28,0.6571428571428571,0.6428571428571428,0.5714285714285714,0.5714285714285714,0.5714285714285714,0.6428571428571428,0.6785714285714286,0.6823231177029756,random_stratified_cv,wt_site,7,2,NA
69,42,27,0.6666666666666666,0.66005291005291,0.5666666666666667,0.6296296296296297,0.5964912280701754,0.6562703053931124,0.7182539682539683,0.6552687882977282,random_stratified_cv,wt_site,7,3,NA
69,42,27,0.6666666666666666,0.626984126984127,0.6,0.4444444444444444,0.5106382978723404,0.6289455225625438,0.7663139329805997,0.6239656528965307,random_stratified_cv,wt_site,7,4,NA
70,42,28,0.6142857142857143,0.6309523809523809,0.5128205128205128,0.7142857142857143,0.5970149253731343,0.613575955837252,0.7083333333333334,0.6695470692488693,random_stratified_cv,wt_site,8,0,NA
70,42,28,0.7142857142857143,0.7321428571428572,0.6052631578947368,0.8214285714285714,0.696969696969697,0.7133497133497133,0.8018707482993197,0.7576680294410281,random_stratified_cv,wt_site,8,1,NA
70,42,28,0.6714285714285714,0.6666666666666667,0.5806451612903226,0.6428571428571429,0.6101694915254238,0.6631094371207366,0.7695578231292517,0.6869824141785549,random_stratified_cv,wt_site,8,2,NA
69,42,27,0.8115942028985508,0.7791005291005291,0.85,0.6296296296296297,0.723404255319149,0.790273556231003,0.8589065255731922,0.8243124917800835,random_stratified_cv,wt_site,8,3,NA
69,42,27,0.782608695652174,0.7685185185185186,0.7307692307692307,0.7037037037037037,0.7169811320754716,0.7702552719200888,0.8298059964726632,0.7523090841517286,random_stratified_cv,wt_site,8,4,NA
70,42,28,0.6571428571428571,0.6488095238095237,0.5666666666666667,0.6071428571428571,0.5862068965517241,0.6467619848612278,0.7125850340136054,0.6826759740541609,random_stratified_cv,wt_site,9,0,NA
70,42,28,0.6714285714285714,0.6666666666666667,0.5806451612903226,0.6428571428571429,0.6101694915254238,0.6631094371207366,0.6857993197278912,0.5963294136554224,random_stratified_cv,wt_site,9,1,NA
70,42,28,0.6714285714285714,0.6666666666666667,0.5806451612903226,0.6428571428571429,0.6101694915254238,0.6631094371207366,0.7797619047619048,0.7078490111670744,random_stratified_cv,wt_site,9,2,NA
69,42,27,0.7246376811594203,0.701058201058201,0.6666666666666666,0.5925925925925926,0.6274509803921569,0.7045300878972278,0.8395061728395061,0.7749166244728634,random_stratified_cv,wt_site,9,3,NA
69,42,27,0.7391304347826086,0.7394179894179894,0.6451612903225806,0.7407407407407407,0.6896551724137931,0.7323275862068965,0.8298059964726632,0.7449642517499624,random_stratified_cv,wt_site,9,4,NA
70,42,28,0.7285714285714285,0.7559523809523809,0.6097560975609756,0.8928571428571429,0.7246376811594203,0.7285160236783017,0.8558673469387756,0.7972940554991242,family_alignment_cid_group_cv,wt_site,0,0,NA
69,42,27,0.5942028985507246,0.5542328042328042,0.47619047619047616,0.37037037037037035,0.4166666666666667,0.5527777777777778,0.6657848324514991,0.5414518240145583,family_alignment_cid_group_cv,wt_site,0,1,NA
70,42,28,0.7,0.6488095238095238,0.7333333333333333,0.39285714285714285,0.5116279069767442,0.6475665308079597,0.6845238095238095,0.6956487078859449,family_alignment_cid_group_cv,wt_site,0,2,NA
69,42,27,0.7246376811594203,0.7275132275132274,0.625,0.7407407407407407,0.6779661016949152,0.7187298862904956,0.7804232804232804,0.7178665415027103,family_alignment_cid_group_cv,wt_site,0,3,NA
70,42,28,0.6285714285714286,0.6011904761904763,0.5416666666666666,0.4642857142857143,0.5,0.6022727272727273,0.7151360544217686,0.623330955884411,family_alignment_cid_group_cv,wt_site,0,4,NA
70,42,28,0.6714285714285714,0.6369047619047619,0.6190476190476191,0.4642857142857143,0.5306122448979592,0.6389324960753533,0.7325680272108844,0.582758155521554,family_alignment_cid_group_cv,wt_site,1,0,NA
70,42,28,0.6571428571428571,0.6726190476190477,0.5526315789473685,0.75,0.6363636363636364,0.6560196560196561,0.6679421768707483,0.6011110248164806,family_alignment_cid_group_cv,wt_site,1,1,NA
69,42,27,0.7101449275362319,0.6891534391534391,0.64,0.5925925925925926,0.6153846153846154,0.6914132379248659,0.7927689594356262,0.666292324994528,family_alignment_cid_group_cv,wt_site,1,2,NA
70,42,28,0.7428571428571429,0.75,0.6470588235294118,0.7857142857142857,0.7096774193548387,0.7394540942928041,0.8150510204081634,0.7132918842712699,family_alignment_cid_group_cv,wt_site,1,3,NA
69,42,27,0.6956521739130435,0.683862433862434,0.6071428571428571,0.6296296296296297,0.6181818181818182,0.6825848849945235,0.7469135802469136,0.7162019610310878,family_alignment_cid_group_cv,wt_site,1,4,NA
70,42,28,0.6285714285714286,0.6071428571428572,0.5384615384615384,0.5,0.5185185185185185,0.6080964685615848,0.7219387755102041,0.6365114364261417,family_alignment_cid_group_cv,wt_site,2,0,NA
70,42,28,0.6571428571428571,0.6607142857142858,0.5588235294117647,0.6785714285714286,0.6129032258064516,0.652605459057072,0.7491496598639455,0.6482512813481499,family_alignment_cid_group_cv,wt_site,2,1,NA
70,42,28,0.5714285714285714,0.5714285714285714,0.47058823529411764,0.5714285714285714,0.5161290322580645,0.56575682382134,0.6909013605442178,0.6811617877697268,family_alignment_cid_group_cv,wt_site,2,2,NA
69,42,27,0.7101449275362319,0.6957671957671958,0.6296296296296297,0.6296296296296297,0.6296296296296297,0.6957671957671958,0.8051146384479717,0.729930864724545,family_alignment_cid_group_cv,wt_site,2,3,NA
69,42,27,0.6376811594202898,0.6296296296296295,0.5333333333333333,0.5925925925925926,0.5614035087719298,0.6263807667316439,0.689594356261023,0.6464740536993915,family_alignment_cid_group_cv,wt_site,2,4,NA
70,42,28,0.5857142857142857,0.5892857142857142,0.4857142857142857,0.6071428571428571,0.5396825396825397,0.5815295815295816,0.7321428571428571,0.6667699409633087,family_alignment_cid_group_cv,wt_site,3,0,NA
70,42,28,0.7,0.6726190476190477,0.6521739130434783,0.5357142857142857,0.5882352941176471,0.6761401189689359,0.6938775510204082,0.6147888705745567,family_alignment_cid_group_cv,wt_site,3,1,NA
70,42,28,0.7285714285714285,0.7083333333333333,0.68,0.6071428571428571,0.6415094339622641,0.7115593146822815,0.7585034013605442,0.7085729496383142,family_alignment_cid_group_cv,wt_site,3,2,NA
69,42,27,0.6086956521739131,0.5859788359788359,0.5,0.48148148148148145,0.49056603773584906,0.5864594894561599,0.6816578483245149,0.6092782848421663,family_alignment_cid_group_cv,wt_site,3,3,NA
69,42,27,0.782608695652174,0.7751322751322751,0.7142857142857143,0.7407407407407407,0.7272727272727273,0.7732749178532311,0.8231922398589064,0.7714547781071477,family_alignment_cid_group_cv,wt_site,3,4,NA
70,42,28,0.7,0.6904761904761905,0.6206896551724138,0.6428571428571429,0.631578947368421,0.689283449587825,0.7750850340136054,0.7125650451857904,family_alignment_cid_group_cv,wt_site,4,0,NA
70,42,28,0.7714285714285715,0.7678571428571428,0.7,0.75,0.7241379310344828,0.7645079899074854,0.8494897959183674,0.7700346073681495,family_alignment_cid_group_cv,wt_site,4,1,NA
70,42,28,0.7142857142857143,0.6904761904761905,0.6666666666666666,0.5714285714285714,0.6153846153846154,0.6940559440559441,0.7580782312925171,0.6328851265308796,family_alignment_cid_group_cv,wt_site,4,2,NA
69,42,27,0.7101449275362319,0.7222222222222222,0.6,0.7777777777777778,0.6774193548387096,0.7071307300509337,0.8156966490299824,0.78063744994117,family_alignment_cid_group_cv,wt_site,4,3,NA
69,42,27,0.5942028985507246,0.5806878306878307,0.4827586206896552,0.5185185185185185,0.5,0.5792682926829269,0.6071428571428572,0.49262337449884197,family_alignment_cid_group_cv,wt_site,4,4,NA
70,42,28,0.6571428571428571,0.6488095238095237,0.5666666666666667,0.6071428571428571,0.5862068965517241,0.6467619848612278,0.7465986394557823,0.7126819054230034,family_alignment_cid_group_cv,wt_site,5,0,NA
70,42,28,0.6714285714285714,0.6547619047619048,0.5925925925925926,0.5714285714285714,0.5818181818181818,0.655614973262032,0.7835884353741497,0.7108169674681919,family_alignment_cid_group_cv,wt_site,5,1,NA
69,42,27,0.7246376811594203,0.7407407407407407,0.6111111111111112,0.8148148148148148,0.6984126984126984,0.7225396825396826,0.8002645502645502,0.6286593417686556,family_alignment_cid_group_cv,wt_site,5,2,NA
69,42,27,0.7391304347826086,0.7063492063492063,0.7142857142857143,0.5555555555555556,0.625,0.7125,0.7839506172839505,0.7674922365434118,family_alignment_cid_group_cv,wt_site,5,3,NA
70,42,28,0.6428571428571429,0.6011904761904762,0.5789473684210527,0.39285714285714285,0.46808510638297873,0.5996339510409517,0.618622448979592,0.5506275997748777,family_alignment_cid_group_cv,wt_site,5,4,NA
69,42,27,0.6376811594202898,0.58994708994709,0.5555555555555556,0.37037037037037035,0.4444444444444444,0.5878136200716846,0.6631393298059965,0.5557215742672172,family_alignment_cid_group_cv,wt_site,6,0,NA
70,42,28,0.7142857142857143,0.7083333333333334,0.6333333333333333,0.6785714285714286,0.6551724137931034,0.7056349873843566,0.8265306122448979,0.7352160158009842,family_alignment_cid_group_cv,wt_site,6,1,NA
71,42,29,0.6619718309859155,0.6182266009852216,0.6470588235294118,0.3793103448275862,0.4782608695652174,0.6141304347826086,0.7438423645320197,0.6130309595420786,family_alignment_cid_group_cv,wt_site,6,2,NA
69,42,27,0.6086956521739131,0.6124338624338624,0.5,0.6296296296296297,0.5573770491803278,0.6033638492654886,0.7623456790123456,0.7558128408946019,family_alignment_cid_group_cv,wt_site,6,3,NA
69,42,27,0.6666666666666666,0.6666666666666666,0.5625,0.6666666666666666,0.6101694915254238,0.6595151255095473,0.7178130511463845,0.6173807264923535,family_alignment_cid_group_cv,wt_site,6,4,NA
70,42,28,0.6857142857142857,0.6369047619047619,0.6875,0.39285714285714285,0.5,0.6354166666666667,0.7644557823129252,0.6151228713974932,family_alignment_cid_group_cv,wt_site,7,0,NA
70,42,28,0.6428571428571429,0.6547619047619048,0.5405405405405406,0.7142857142857143,0.6153846153846154,0.641025641025641,0.7270408163265305,0.6740932000407205,family_alignment_cid_group_cv,wt_site,7,1,NA
70,42,28,0.7142857142857143,0.7023809523809523,0.6428571428571429,0.6428571428571429,0.6428571428571429,0.7023809523809523,0.780187074829932,0.7048147201603854,family_alignment_cid_group_cv,wt_site,7,2,NA
69,42,27,0.7391304347826086,0.7526455026455026,0.6285714285714286,0.8148148148148148,0.7096774193548387,0.7364176570458405,0.8637566137566137,0.8127200106344952,family_alignment_cid_group_cv,wt_site,7,3,NA
69,42,27,0.6956521739130435,0.683862433862434,0.6071428571428571,0.6296296296296297,0.6181818181818182,0.6825848849945235,0.7120811287477954,0.5990021323809611,family_alignment_cid_group_cv,wt_site,7,4,NA
70,42,28,0.6428571428571429,0.6369047619047619,0.5483870967741935,0.6071428571428571,0.576271186440678,0.633814605566018,0.7189625850340137,0.6299206862748051,family_alignment_cid_group_cv,wt_site,8,0,NA
70,42,28,0.6571428571428571,0.6666666666666667,0.5555555555555556,0.7142857142857143,0.625,0.6546052631578947,0.7648809523809524,0.6989512020504753,family_alignment_cid_group_cv,wt_site,8,1,NA
70,42,28,0.6142857142857143,0.6011904761904762,0.5172413793103449,0.5357142857142857,0.5263157894736842,0.6005072923272035,0.7389455782312925,0.6361024127870014,family_alignment_cid_group_cv,wt_site,8,2,NA
69,42,27,0.7101449275362319,0.6891534391534391,0.64,0.5925925925925926,0.6153846153846154,0.6914132379248659,0.7535273368606703,0.684042655116095,family_alignment_cid_group_cv,wt_site,8,3,NA
69,42,27,0.6666666666666666,0.6335978835978836,0.5909090909090909,0.48148148148148145,0.5306122448979592,0.6360926393029123,0.6675485008818343,0.6273124825174501,family_alignment_cid_group_cv,wt_site,8,4,NA
70,42,28,0.6857142857142857,0.6845238095238095,0.59375,0.6785714285714286,0.6333333333333333,0.6791666666666667,0.7474489795918368,0.7350804654518397,family_alignment_cid_group_cv,wt_site,9,0,NA
70,42,28,0.4857142857142857,0.4642857142857143,0.35714285714285715,0.35714285714285715,0.35714285714285715,0.4642857142857143,0.5501700680272108,0.4433031999421693,family_alignment_cid_group_cv,wt_site,9,1,NA
70,42,28,0.8571428571428571,0.8452380952380952,0.8461538461538461,0.7857142857142857,0.8148148148148148,0.8492678725236864,0.8983843537414966,0.7915150761758725,family_alignment_cid_group_cv,wt_site,9,2,NA
69,42,27,0.7101449275362319,0.6693121693121693,0.6842105263157895,0.48148148148148145,0.5652173913043478,0.6739130434782609,0.75,0.6713961318503672,family_alignment_cid_group_cv,wt_site,9,3,NA
69,42,27,0.5652173913043478,0.5568783068783069,0.45161290322580644,0.5185185185185185,0.4827586206896552,0.5538793103448276,0.6503527336860669,0.5470983154566997,family_alignment_cid_group_cv,wt_site,9,4,NA
16,7,9,0.625,0.6349206349206349,0.7142857142857143,0.5555555555555556,0.625,0.625,0.6666666666666667,0.7865037740037739,leave_one_gene_out,wt_site,0,0,SCN10A
61,49,12,0.6557377049180327,0.6598639455782312,0.32,0.6666666666666666,0.43243243243243246,0.5926868044515103,0.7704081632653061,0.5387176943426943,leave_one_gene_out,wt_site,0,0,SCN1A
32,14,18,0.75,0.7380952380952381,0.75,0.8333333333333334,0.7894736842105263,0.7408906882591093,0.757936507936508,0.7751540975574792,leave_one_gene_out,wt_site,0,0,SCN2A
12,2,10,0.5833333333333334,0.55,0.8571428571428571,0.6,0.7058823529411765,0.4957983193277311,0.5,0.8937950937950937,leave_one_gene_out,wt_site,0,0,SCN3A
31,13,18,0.7419354838709677,0.7136752136752136,0.7272727272727273,0.8888888888888888,0.8,0.7181818181818183,0.8076923076923077,0.8795164921348153,leave_one_gene_out,wt_site,0,0,SCN4A
157,117,40,0.7197452229299363,0.6721153846153847,0.46,0.575,0.5111111111111111,0.6573412698412698,0.7396367521367521,0.6066096274243944,leave_one_gene_out,wt_site,0,0,SCN5A
22,8,14,0.6818181818181818,0.7232142857142857,0.8888888888888888,0.5714285714285714,0.6956521739130435,0.681159420289855,0.7142857142857143,0.8314473225187511,leave_one_gene_out,wt_site,0,0,SCN8A
70,42,28,0.7857142857142857,0.7857142857142857,0.7096774193548387,0.7857142857142857,0.7457627118644068,0.7802887633396107,0.8299319727891156,0.7554674544354958,random_stratified_cv,mutant_site,0,0,NA
70,42,28,0.6714285714285714,0.6785714285714286,0.5714285714285714,0.7142857142857143,0.6349206349206349,0.6681096681096681,0.8061224489795917,0.7904469453555621,random_stratified_cv,mutant_site,0,1,NA
70,42,28,0.6142857142857143,0.5892857142857143,0.52,0.4642857142857143,0.49056603773584906,0.590110605074821,0.6360544217687075,0.5383775284899349,random_stratified_cv,mutant_site,0,2,NA
69,42,27,0.7681159420289855,0.7764550264550265,0.6666666666666666,0.8148148148148148,0.7333333333333333,0.764102564102564,0.8862433862433862,0.8629631780165103,random_stratified_cv,mutant_site,0,3,NA
69,42,27,0.7536231884057971,0.7513227513227513,0.6666666666666666,0.7407407407407407,0.7017543859649122,0.7459389213775178,0.8483245149911817,0.8369509243014026,random_stratified_cv,mutant_site,0,4,NA
70,42,28,0.7285714285714285,0.7380952380952381,0.6285714285714286,0.7857142857142857,0.6984126984126984,0.7258297258297258,0.778061224489796,0.6974165395939964,random_stratified_cv,mutant_site,1,0,NA
70,42,28,0.7142857142857143,0.6845238095238095,0.6818181818181818,0.5357142857142857,0.6,0.6888888888888889,0.7380952380952381,0.6483313671333436,random_stratified_cv,mutant_site,1,1,NA
70,42,28,0.7428571428571429,0.7559523809523809,0.6388888888888888,0.8214285714285714,0.71875,0.740953947368421,0.8341836734693878,0.7927141018408937,random_stratified_cv,mutant_site,1,2,NA
69,42,27,0.782608695652174,0.7685185185185186,0.7307692307692307,0.7037037037037037,0.7169811320754716,0.7702552719200888,0.8139329805996472,0.7630678617805267,random_stratified_cv,mutant_site,1,3,NA
69,42,27,0.7971014492753623,0.8068783068783069,0.696969696969697,0.8518518518518519,0.7666666666666667,0.7935897435897437,0.8774250440917107,0.7953945968400888,random_stratified_cv,mutant_site,1,4,NA
70,42,28,0.7428571428571429,0.75,0.6470588235294118,0.7857142857142857,0.7096774193548387,0.7394540942928041,0.8843537414965986,0.8256312557718769,random_stratified_cv,mutant_site,2,0,NA
70,42,28,0.7428571428571429,0.7440476190476191,0.65625,0.75,0.7,0.7375,0.7636054421768708,0.7438868494020184,random_stratified_cv,mutant_site,2,1,NA
70,42,28,0.8,0.7916666666666667,0.75,0.75,0.75,0.7916666666666667,0.8715986394557823,0.8351271541918894,random_stratified_cv,mutant_site,2,2,NA
69,42,27,0.7391304347826086,0.712962962962963,0.6956521739130435,0.5925925925925926,0.64,0.7177272727272728,0.7839506172839505,0.7146128276458232,random_stratified_cv,mutant_site,2,3,NA
69,42,27,0.7101449275362319,0.7288359788359788,0.5945945945945946,0.8148148148148148,0.6875,0.7086148648648649,0.7927689594356261,0.7653718893118202,random_stratified_cv,mutant_site,2,4,NA
70,42,28,0.7428571428571429,0.7261904761904763,0.6923076923076923,0.6428571428571429,0.6666666666666666,0.7286821705426356,0.810374149659864,0.7374274826047357,random_stratified_cv,mutant_site,3,0,NA
70,42,28,0.7714285714285715,0.75,0.75,0.6428571428571429,0.6923076923076923,0.7552447552447552,0.7661564625850341,0.7818023670595436,random_stratified_cv,mutant_site,3,1,NA
70,42,28,0.7857142857142857,0.7797619047619048,0.7241379310344828,0.75,0.7368421052631579,0.7780596068484464,0.8137755102040816,0.7284158610905028,random_stratified_cv,mutant_site,3,2,NA
69,42,27,0.8260869565217391,0.843915343915344,0.7142857142857143,0.9259259259259259,0.8064516129032258,0.8242784380305602,0.9038800705467371,0.8755156581953201,random_stratified_cv,mutant_site,3,3,NA
69,42,27,0.5942028985507246,0.593915343915344,0.48484848484848486,0.5925925925925926,0.5333333333333333,0.5871794871794872,0.7063492063492064,0.6133308064916956,random_stratified_cv,mutant_site,3,4,NA
70,42,28,0.6714285714285714,0.6845238095238095,0.5675675675675675,0.75,0.6461538461538462,0.6697435897435897,0.7397959183673469,0.6508885470901923,random_stratified_cv,mutant_site,4,0,NA
70,42,28,0.6571428571428571,0.6607142857142858,0.5588235294117647,0.6785714285714286,0.6129032258064516,0.652605459057072,0.7525510204081632,0.672069508231485,random_stratified_cv,mutant_site,4,1,NA
70,42,28,0.8142857142857143,0.8095238095238095,0.7586206896551724,0.7857142857142857,0.7719298245614035,0.8076516592686536,0.8835034013605443,0.859865048011569,random_stratified_cv,mutant_site,4,2,NA
69,42,27,0.8115942028985508,0.8055555555555556,0.75,0.7777777777777778,0.7636363636363637,0.8035049288061337,0.873015873015873,0.8406757349104654,random_stratified_cv,mutant_site,4,3,NA
69,42,27,0.7101449275362319,0.6825396825396826,0.6521739130434783,0.5555555555555556,0.6,0.6863636363636363,0.7627865961199296,0.7322741253148906,random_stratified_cv,mutant_site,4,4,NA
70,42,28,0.7285714285714285,0.7202380952380952,0.6551724137931034,0.6785714285714286,0.6666666666666666,0.7188755020080322,0.7687074829931972,0.6884725551628013,random_stratified_cv,mutant_site,5,0,NA
70,42,28,0.7285714285714285,0.7083333333333333,0.68,0.6071428571428571,0.6415094339622641,0.7115593146822815,0.7542517006802721,0.7276844986216184,random_stratified_cv,mutant_site,5,1,NA
70,42,28,0.8142857142857143,0.8154761904761905,0.7419354838709677,0.8214285714285714,0.7796610169491526,0.8095835948943293,0.8571428571428572,0.7887559195894925,random_stratified_cv,mutant_site,5,2,NA
69,42,27,0.7971014492753623,0.787037037037037,0.7407407407407407,0.7407407407407407,0.7407407407407407,0.787037037037037,0.8774250440917108,0.8692607283746887,random_stratified_cv,mutant_site,5,3,NA
69,42,27,0.6521739130434783,0.6547619047619048,0.5454545454545454,0.6666666666666666,0.6,0.6461538461538461,0.7204585537918872,0.6405875439802016,random_stratified_cv,mutant_site,5,4,NA
70,42,28,0.7285714285714285,0.7261904761904763,0.6451612903225806,0.7142857142857143,0.6779661016949152,0.7216991002301736,0.7806122448979592,0.7425698412366852,random_stratified_cv,mutant_site,6,0,NA
70,42,28,0.7714285714285715,0.7619047619047619,0.7142857142857143,0.7142857142857143,0.7142857142857143,0.7619047619047619,0.8511904761904762,0.8182634115792138,random_stratified_cv,mutant_site,6,1,NA
70,42,28,0.7714285714285715,0.7619047619047619,0.7142857142857143,0.7142857142857143,0.7142857142857143,0.7619047619047619,0.8758503401360545,0.84445803371061,random_stratified_cv,mutant_site,6,2,NA
69,42,27,0.6811594202898551,0.6984126984126984,0.5675675675675675,0.7777777777777778,0.65625,0.6794763513513513,0.7601410934744268,0.7096083373990401,random_stratified_cv,mutant_site,6,3,NA
69,42,27,0.7101449275362319,0.7156084656084656,0.6060606060606061,0.7407407407407407,0.6666666666666666,0.7051282051282051,0.718694885361552,0.5700528693060685,random_stratified_cv,mutant_site,6,4,NA
70,42,28,0.7571428571428571,0.7678571428571428,0.6571428571428571,0.8214285714285714,0.7301587301587301,0.7546897546897546,0.8554421768707483,0.7944046343719852,random_stratified_cv,mutant_site,7,0,NA
70,42,28,0.6714285714285714,0.6726190476190477,0.5757575757575758,0.6785714285714286,0.6229508196721312,0.665905789582901,0.7440476190476191,0.6700577349786614,random_stratified_cv,mutant_site,7,1,NA
70,42,28,0.6857142857142857,0.6547619047619048,0.6363636363636364,0.5,0.56,0.6577777777777778,0.6641156462585033,0.6809457096982544,random_stratified_cv,mutant_site,7,2,NA
69,42,27,0.6521739130434783,0.6613756613756614,0.5428571428571428,0.7037037037037037,0.6129032258064516,0.6485568760611206,0.7310405643738976,0.6737300715441967,random_stratified_cv,mutant_site,7,3,NA
69,42,27,0.6521739130434783,0.6349206349206349,0.5555555555555556,0.5555555555555556,0.5555555555555556,0.6349206349206349,0.7619047619047619,0.6921509300603543,random_stratified_cv,mutant_site,7,4,NA
70,42,28,0.6142857142857143,0.6071428571428572,0.5161290322580645,0.5714285714285714,0.5423728813559322,0.6045197740112994,0.7236394557823129,0.6949792148198931,random_stratified_cv,mutant_site,8,0,NA
70,42,28,0.7,0.7023809523809523,0.6060606060606061,0.7142857142857143,0.6557377049180327,0.6949574600539531,0.7831632653061223,0.7351397276369686,random_stratified_cv,mutant_site,8,1,NA
70,42,28,0.7142857142857143,0.6964285714285714,0.6538461538461539,0.6071428571428571,0.6296296296296297,0.698535745047373,0.7585034013605443,0.6925435923382329,random_stratified_cv,mutant_site,8,2,NA
69,42,27,0.7101449275362319,0.7089947089947091,0.6129032258064516,0.7037037037037037,0.6551724137931034,0.7025862068965517,0.8112874779541446,0.7563511241385823,random_stratified_cv,mutant_site,8,3,NA
69,42,27,0.7246376811594203,0.6944444444444444,0.6818181818181818,0.5555555555555556,0.6122448979591837,0.6993808759458839,0.8509700176366843,0.7548903354817582,random_stratified_cv,mutant_site,8,4,NA
70,42,28,0.6857142857142857,0.6845238095238095,0.59375,0.6785714285714286,0.6333333333333333,0.6791666666666667,0.7346938775510203,0.7108487042544942,random_stratified_cv,mutant_site,9,0,NA
70,42,28,0.6428571428571429,0.6369047619047619,0.5483870967741935,0.6071428571428571,0.576271186440678,0.633814605566018,0.6930272108843537,0.6268417950400047,random_stratified_cv,mutant_site,9,1,NA
70,42,28,0.7428571428571429,0.7559523809523809,0.6388888888888888,0.8214285714285714,0.71875,0.740953947368421,0.8401360544217688,0.7780097473965185,random_stratified_cv,mutant_site,9,2,NA
69,42,27,0.8405797101449275,0.8161375661375662,0.8636363636363636,0.7037037037037037,0.7755102040816326,0.8259573492318275,0.8730158730158729,0.8470732601349753,random_stratified_cv,mutant_site,9,3,NA
69,42,27,0.7971014492753623,0.8002645502645502,0.7096774193548387,0.8148148148148148,0.7586206896551724,0.7918103448275862,0.8694885361552028,0.8264509445054555,random_stratified_cv,mutant_site,9,4,NA
70,42,28,0.8,0.8214285714285714,0.6842105263157895,0.9285714285714286,0.7878787878787878,0.7993447993447993,0.8741496598639457,0.8274615093056069,family_alignment_cid_group_cv,mutant_site,0,0,NA
69,42,27,0.6376811594202898,0.6164021164021164,0.5384615384615384,0.5185185185185185,0.5283018867924528,0.6170921198668147,0.689594356261023,0.5713142862895885,family_alignment_cid_group_cv,mutant_site,0,1,NA
70,42,28,0.7,0.6666666666666667,0.6666666666666666,0.5,0.5714285714285714,0.6703296703296704,0.7006802721088434,0.6880642572141978,family_alignment_cid_group_cv,mutant_site,0,2,NA
69,42,27,0.6956521739130435,0.6970899470899471,0.59375,0.7037037037037037,0.6440677966101694,0.6891225059000214,0.7874779541446207,0.7810805414784281,family_alignment_cid_group_cv,mutant_site,0,3,NA
70,42,28,0.6,0.5654761904761905,0.5,0.39285714285714285,0.44,0.5644444444444444,0.7465986394557823,0.6472698498629089,family_alignment_cid_group_cv,mutant_site,0,4,NA
70,42,28,0.7571428571428571,0.75,0.6896551724137931,0.7142857142857143,0.7017543859649122,0.7484675544282393,0.7874149659863946,0.6588776792042584,family_alignment_cid_group_cv,mutant_site,1,0,NA
70,42,28,0.7,0.6964285714285714,0.6129032258064516,0.6785714285714286,0.6440677966101694,0.692404268675455,0.7814625850340137,0.7288171327488169,family_alignment_cid_group_cv,mutant_site,1,1,NA
69,42,27,0.6376811594202898,0.6164021164021164,0.5384615384615384,0.5185185185185185,0.5283018867924528,0.6170921198668147,0.7477954144620811,0.6470375084678207,family_alignment_cid_group_cv,mutant_site,1,2,NA
70,42,28,0.7142857142857143,0.7261904761904762,0.6111111111111112,0.7857142857142857,0.6875,0.712171052631579,0.8401360544217688,0.7425965076028676,family_alignment_cid_group_cv,mutant_site,1,3,NA
69,42,27,0.5507246376811594,0.5251322751322751,0.4230769230769231,0.4074074074074074,0.41509433962264153,0.5251942286348501,0.689594356261023,0.6634712367168052,family_alignment_cid_group_cv,mutant_site,1,4,NA
70,42,28,0.7285714285714285,0.7083333333333333,0.68,0.6071428571428571,0.6415094339622641,0.7115593146822815,0.778061224489796,0.7347163717907106,family_alignment_cid_group_cv,mutant_site,2,0,NA
70,42,28,0.7,0.7142857142857143,0.5945945945945946,0.7857142857142857,0.676923076923077,0.6984615384615385,0.7865646258503401,0.756666364720733,family_alignment_cid_group_cv,mutant_site,2,1,NA
70,42,28,0.6714285714285714,0.6547619047619048,0.5925925925925926,0.5714285714285714,0.5818181818181818,0.655614973262032,0.7202380952380952,0.7126654435595811,family_alignment_cid_group_cv,mutant_site,2,2,NA
69,42,27,0.6956521739130435,0.664021164021164,0.6363636363636364,0.5185185185185185,0.5714285714285714,0.667736757624398,0.7451499118165785,0.6692983538802417,family_alignment_cid_group_cv,mutant_site,2,3,NA
69,42,27,0.6811594202898551,0.6785714285714286,0.5806451612903226,0.6666666666666666,0.6206896551724138,0.6728448275862069,0.7275132275132274,0.6418219611897122,family_alignment_cid_group_cv,mutant_site,2,4,NA
70,42,28,0.7142857142857143,0.7083333333333334,0.6333333333333333,0.6785714285714286,0.6551724137931034,0.7056349873843566,0.8248299319727891,0.733960338098127,family_alignment_cid_group_cv,mutant_site,3,0,NA
70,42,28,0.6,0.5833333333333333,0.5,0.5,0.5,0.5833333333333333,0.6658163265306123,0.6168728591007643,family_alignment_cid_group_cv,mutant_site,3,1,NA
70,42,28,0.8,0.7916666666666667,0.75,0.75,0.75,0.7916666666666667,0.7967687074829932,0.7183378156287663,family_alignment_cid_group_cv,mutant_site,3,2,NA
69,42,27,0.6376811594202898,0.6296296296296295,0.5333333333333333,0.5925925925925926,0.5614035087719298,0.6263807667316439,0.7151675485008818,0.6912923663087072,family_alignment_cid_group_cv,mutant_site,3,3,NA
69,42,27,0.7536231884057971,0.7447089947089947,0.6785714285714286,0.7037037037037037,0.6909090909090909,0.7430449069003286,0.800705467372134,0.7381416334422857,family_alignment_cid_group_cv,mutant_site,3,4,NA
70,42,28,0.7714285714285715,0.7619047619047619,0.7142857142857143,0.7142857142857143,0.7142857142857143,0.7619047619047619,0.778061224489796,0.7329015613450346,family_alignment_cid_group_cv,mutant_site,4,0,NA
70,42,28,0.7714285714285715,0.7857142857142857,0.6666666666666666,0.8571428571428571,0.75,0.7697368421052632,0.8384353741496599,0.7640220314598181,family_alignment_cid_group_cv,mutant_site,4,1,NA
70,42,28,0.6714285714285714,0.6547619047619048,0.5925925925925926,0.5714285714285714,0.5818181818181818,0.655614973262032,0.7261904761904762,0.5799050834606998,family_alignment_cid_group_cv,mutant_site,4,2,NA
69,42,27,0.7536231884057971,0.7579365079365079,0.65625,0.7777777777777778,0.711864406779661,0.7483372666809698,0.810405643738977,0.7848782233034974,family_alignment_cid_group_cv,mutant_site,4,3,NA
69,42,27,0.5652173913043478,0.5304232804232805,0.43478260869565216,0.37037037037037035,0.4,0.5295454545454545,0.6225749559082892,0.5233310462757037,family_alignment_cid_group_cv,mutant_site,4,4,NA
70,42,28,0.7285714285714285,0.7321428571428572,0.6363636363636364,0.75,0.6885245901639344,0.7240091305250052,0.8044217687074829,0.7218126213361802,family_alignment_cid_group_cv,mutant_site,5,0,NA
70,42,28,0.7428571428571429,0.7380952380952381,0.6666666666666666,0.7142857142857143,0.6896551724137931,0.735071488645921,0.8188775510204082,0.7490558657335694,family_alignment_cid_group_cv,mutant_site,5,1,NA
69,42,27,0.7391304347826086,0.7592592592592593,0.6216216216216216,0.8518518518518519,0.71875,0.7377533783783784,0.845679012345679,0.779625488916087,family_alignment_cid_group_cv,mutant_site,5,2,NA
69,42,27,0.7246376811594203,0.701058201058201,0.6666666666666666,0.5925925925925926,0.6274509803921569,0.7045300878972278,0.8262786596119929,0.8018084743606688,family_alignment_cid_group_cv,mutant_site,5,3,NA
70,42,28,0.5571428571428572,0.5416666666666667,0.4482758620689655,0.4642857142857143,0.45614035087719296,0.5413231874867892,0.6020408163265306,0.5483013393993363,family_alignment_cid_group_cv,mutant_site,5,4,NA
69,42,27,0.6666666666666666,0.6335978835978836,0.5909090909090909,0.48148148148148145,0.5306122448979592,0.6360926393029123,0.6940035273368607,0.6459251806824258,family_alignment_cid_group_cv,mutant_site,6,0,NA
70,42,28,0.7571428571428571,0.7797619047619048,0.6410256410256411,0.8928571428571429,0.746268656716418,0.7566959721938253,0.8630952380952381,0.7990059509577223,family_alignment_cid_group_cv,mutant_site,6,1,NA
71,42,29,0.704225352112676,0.6592775041050903,0.75,0.41379310344827586,0.5333333333333333,0.6584192439862543,0.671592775041051,0.6068049086692923,family_alignment_cid_group_cv,mutant_site,6,2,NA
69,42,27,0.6231884057971014,0.6177248677248677,0.5161290322580645,0.5925925925925926,0.5517241379310345,0.6133620689655173,0.7389770723104057,0.7408247468810731,family_alignment_cid_group_cv,mutant_site,6,3,NA
69,42,27,0.7536231884057971,0.7579365079365079,0.65625,0.7777777777777778,0.711864406779661,0.7483372666809698,0.7707231040564373,0.6265662381264889,family_alignment_cid_group_cv,mutant_site,6,4,NA
70,42,28,0.7285714285714285,0.7142857142857143,0.6666666666666666,0.6428571428571429,0.6545454545454545,0.7155080213903744,0.7746598639455782,0.7033447037137961,family_alignment_cid_group_cv,mutant_site,7,0,NA
70,42,28,0.7428571428571429,0.7321428571428572,0.6785714285714286,0.6785714285714286,0.6785714285714286,0.7321428571428572,0.8129251700680272,0.7820457317233235,family_alignment_cid_group_cv,mutant_site,7,1,NA
70,42,28,0.7142857142857143,0.7023809523809523,0.6428571428571429,0.6428571428571429,0.6428571428571429,0.7023809523809523,0.7933673469387754,0.6968964452934823,family_alignment_cid_group_cv,mutant_site,7,2,NA
69,42,27,0.7681159420289855,0.7698412698412698,0.6774193548387096,0.7777777777777778,0.7241379310344828,0.7620689655172415,0.8236331569664902,0.7920325771268693,family_alignment_cid_group_cv,mutant_site,7,3,NA
69,42,27,0.6666666666666666,0.6666666666666666,0.5625,0.6666666666666666,0.6101694915254238,0.6595151255095473,0.7469135802469136,0.6497521334758353,family_alignment_cid_group_cv,mutant_site,7,4,NA
70,42,28,0.6571428571428571,0.6309523809523809,0.5833333333333334,0.5,0.5384615384615384,0.6328671328671329,0.7210884353741496,0.61373458446642,family_alignment_cid_group_cv,mutant_site,8,0,NA
70,42,28,0.8,0.7857142857142857,0.7692307692307693,0.7142857142857143,0.7407407407407407,0.788975021533161,0.8350340136054422,0.7921830115079563,family_alignment_cid_group_cv,mutant_site,8,1,NA
70,42,28,0.6571428571428571,0.6547619047619048,0.5625,0.6428571428571429,0.6,0.6499999999999999,0.7448979591836735,0.6777508910215869,family_alignment_cid_group_cv,mutant_site,8,2,NA
69,42,27,0.7246376811594203,0.7076719576719577,0.6538461538461539,0.6296296296296297,0.6415094339622641,0.7089900110987791,0.7848324514991181,0.7356392226001471,family_alignment_cid_group_cv,mutant_site,8,3,NA
69,42,27,0.6956521739130435,0.683862433862434,0.6071428571428571,0.6296296296296297,0.6181818181818182,0.6825848849945235,0.7328042328042328,0.7123252153804052,family_alignment_cid_group_cv,mutant_site,8,4,NA
70,42,28,0.7,0.7023809523809523,0.6060606060606061,0.7142857142857143,0.6557377049180327,0.6949574600539531,0.7984693877551021,0.7626099076160668,family_alignment_cid_group_cv,mutant_site,9,0,NA
70,42,28,0.5571428571428572,0.5595238095238095,0.45714285714285713,0.5714285714285714,0.5079365079365079,0.5526695526695526,0.6377551020408163,0.5097894198676864,family_alignment_cid_group_cv,mutant_site,9,1,NA
70,42,28,0.8571428571428571,0.8392857142857143,0.875,0.75,0.8076923076923077,0.8470279720279721,0.9005102040816326,0.8121483378850596,family_alignment_cid_group_cv,mutant_site,9,2,NA
69,42,27,0.7246376811594203,0.6878306878306878,0.7,0.5185185185185185,0.5957446808510638,0.6934767360299274,0.7813051146384479,0.6994859577046497,family_alignment_cid_group_cv,mutant_site,9,3,NA
69,42,27,0.6231884057971014,0.6177248677248677,0.5161290322580645,0.5925925925925926,0.5517241379310345,0.6133620689655173,0.708994708994709,0.613758031886761,family_alignment_cid_group_cv,mutant_site,9,4,NA
16,7,9,0.75,0.7619047619047619,0.8571428571428571,0.6666666666666666,0.75,0.75,0.6666666666666667,0.80251924001924,leave_one_gene_out,mutant_site,0,0,SCN10A
61,49,12,0.6885245901639344,0.6488095238095238,0.3333333333333333,0.5833333333333334,0.42424242424242425,0.6053796390875043,0.7857142857142857,0.602319568811323,leave_one_gene_out,mutant_site,0,0,SCN1A
32,14,18,0.75,0.746031746031746,0.7777777777777778,0.7777777777777778,0.7777777777777778,0.746031746031746,0.7777777777777779,0.8031307427140761,leave_one_gene_out,mutant_site,0,0,SCN2A
12,2,10,0.75,0.65,0.8888888888888888,0.8,0.8421052631578947,0.6210526315789473,0.8,0.9622222222222222,leave_one_gene_out,mutant_site,0,0,SCN3A
31,13,18,0.7096774193548387,0.6965811965811965,0.7368421052631579,0.7777777777777778,0.7567567567567568,0.6983783783783784,0.811965811965812,0.8752144269766651,leave_one_gene_out,mutant_site,0,0,SCN4A
157,117,40,0.6496815286624203,0.6251068376068376,0.3770491803278688,0.575,0.45544554455445546,0.5986147910565704,0.738034188034188,0.581913666121017,leave_one_gene_out,mutant_site,0,0,SCN5A
22,8,14,0.7727272727272727,0.7410714285714286,0.8,0.8571428571428571,0.8275862068965517,0.7471264367816092,0.7767857142857143,0.8528565680351394,leave_one_gene_out,mutant_site,0,0,SCN8A
70,42,28,0.6714285714285714,0.6726190476190477,0.5757575757575758,0.6785714285714286,0.6229508196721312,0.665905789582901,0.7125850340136055,0.6019968218572792,random_stratified_cv,delta_site,0,0,NA
70,42,28,0.6428571428571429,0.6309523809523809,0.5517241379310345,0.5714285714285714,0.5614035087719298,0.6300993447474107,0.6641156462585034,0.6301700904015871,random_stratified_cv,delta_site,0,1,NA
70,42,28,0.6428571428571429,0.6428571428571429,0.5454545454545454,0.6428571428571429,0.5901639344262295,0.6368541191118489,0.6879251700680272,0.5787006583654196,random_stratified_cv,delta_site,0,2,NA
69,42,27,0.6811594202898551,0.671957671957672,0.5862068965517241,0.6296296296296297,0.6071428571428571,0.6694250871080138,0.716931216931217,0.5681897746173799,random_stratified_cv,delta_site,0,3,NA
69,42,27,0.6521739130434783,0.6547619047619048,0.5454545454545454,0.6666666666666666,0.6,0.6461538461538461,0.7072310405643739,0.6336283970536907,random_stratified_cv,delta_site,0,4,NA
70,42,28,0.5857142857142857,0.5773809523809523,0.4838709677419355,0.5357142857142857,0.5084745762711864,0.5752249424565808,0.6998299319727891,0.5867614266482741,random_stratified_cv,delta_site,1,0,NA
70,42,28,0.6714285714285714,0.6488095238095237,0.6,0.5357142857142857,0.5660377358490566,0.6508349598785512,0.7474489795918368,0.6774138011459159,random_stratified_cv,delta_site,1,1,NA
70,42,28,0.6285714285714286,0.625,0.53125,0.6071428571428571,0.5666666666666667,0.6208333333333333,0.6377551020408163,0.489932938042418,random_stratified_cv,delta_site,1,2,NA
69,42,27,0.5797101449275363,0.582010582010582,0.47058823529411764,0.5925925925925926,0.5245901639344263,0.5739833936555248,0.6393298059964727,0.5910271145334278,random_stratified_cv,delta_site,1,3,NA
69,42,27,0.6376811594202898,0.6164021164021164,0.5384615384615384,0.5185185185185185,0.5283018867924528,0.6170921198668147,0.708994708994709,0.6316451378481129,random_stratified_cv,delta_site,1,4,NA
70,42,28,0.6714285714285714,0.6607142857142857,0.5862068965517241,0.6071428571428571,0.5964912280701754,0.6596913971676178,0.75,0.6994349876901899,random_stratified_cv,delta_site,2,0,NA
70,42,28,0.6285714285714286,0.6309523809523809,0.5294117647058824,0.6428571428571429,0.5806451612903226,0.6236559139784946,0.6488095238095238,0.617157697312212,random_stratified_cv,delta_site,2,1,NA
70,42,28,0.6428571428571429,0.6547619047619048,0.5405405405405406,0.7142857142857143,0.6153846153846154,0.641025641025641,0.7006802721088435,0.5994892043857677,random_stratified_cv,delta_site,2,2,NA
69,42,27,0.6811594202898551,0.671957671957672,0.5862068965517241,0.6296296296296297,0.6071428571428571,0.6694250871080138,0.7045855379188712,0.5799592475795877,random_stratified_cv,delta_site,2,3,NA
69,42,27,0.6376811594202898,0.6362433862433863,0.53125,0.6296296296296297,0.576271186440678,0.6299077451190731,0.7045855379188712,0.6314939566922231,random_stratified_cv,delta_site,2,4,NA
70,42,28,0.7428571428571429,0.7321428571428572,0.6785714285714286,0.6785714285714286,0.6785714285714286,0.7321428571428572,0.8375850340136055,0.8353778038037535,random_stratified_cv,delta_site,3,0,NA
70,42,28,0.6285714285714286,0.5952380952380952,0.5454545454545454,0.42857142857142855,0.48,0.5955555555555556,0.6904761904761905,0.6491677742121612,random_stratified_cv,delta_site,3,1,NA
70,42,28,0.6857142857142857,0.6964285714285714,0.5833333333333334,0.75,0.65625,0.6833881578947368,0.7227891156462586,0.6261797472118861,random_stratified_cv,delta_site,3,2,NA
69,42,27,0.6666666666666666,0.6666666666666666,0.5625,0.6666666666666666,0.6101694915254238,0.6595151255095473,0.6878306878306879,0.5780970219676258,random_stratified_cv,delta_site,3,3,NA
69,42,27,0.5797101449275363,0.5753968253968254,0.46875,0.5555555555555556,0.5084745762711864,0.5706929843381249,0.609347442680776,0.47971658812297296,random_stratified_cv,delta_site,3,4,NA
70,42,28,0.5857142857142857,0.5952380952380953,0.4864864864864865,0.6428571428571429,0.5538461538461539,0.5835897435897436,0.6624149659863945,0.5971003703646645,random_stratified_cv,delta_site,4,0,NA
70,42,28,0.7285714285714285,0.7202380952380952,0.6551724137931034,0.6785714285714286,0.6666666666666666,0.7188755020080322,0.6879251700680271,0.668375221086769,random_stratified_cv,delta_site,4,1,NA
70,42,28,0.6285714285714286,0.5952380952380952,0.5454545454545454,0.42857142857142855,0.48,0.5955555555555556,0.6675170068027211,0.5471544449691049,random_stratified_cv,delta_site,4,2,NA
69,42,27,0.6811594202898551,0.6587301587301587,0.6,0.5555555555555556,0.5769230769230769,0.6605545617173524,0.7892416225749559,0.6561713683537622,random_stratified_cv,delta_site,4,3,NA
69,42,27,0.6811594202898551,0.6521164021164021,0.6086956521739131,0.5185185185185185,0.56,0.655,0.7178130511463845,0.5822916508509344,random_stratified_cv,delta_site,4,4,NA
70,42,28,0.6285714285714286,0.6130952380952381,0.5357142857142857,0.5357142857142857,0.5357142857142857,0.6130952380952381,0.6683673469387754,0.6418190807012913,random_stratified_cv,delta_site,5,0,NA
70,42,28,0.7285714285714285,0.7261904761904763,0.6451612903225806,0.7142857142857143,0.6779661016949152,0.7216991002301736,0.721938775510204,0.6313059587436014,random_stratified_cv,delta_site,5,1,NA
70,42,28,0.6714285714285714,0.6547619047619048,0.5925925925925926,0.5714285714285714,0.5818181818181818,0.655614973262032,0.7406462585034013,0.6692499639809915,random_stratified_cv,delta_site,5,2,NA
69,42,27,0.7536231884057971,0.7579365079365079,0.65625,0.7777777777777778,0.711864406779661,0.7483372666809698,0.7918871252204586,0.7386258747038823,random_stratified_cv,delta_site,5,3,NA
69,42,27,0.6376811594202898,0.6097883597883598,0.5416666666666666,0.48148148148148145,0.5098039215686274,0.6112237998647735,0.6666666666666665,0.5606166689013179,random_stratified_cv,delta_site,5,4,NA
70,42,28,0.5857142857142857,0.5595238095238095,0.48,0.42857142857142855,0.4528301886792453,0.559748427672956,0.5867346938775511,0.4885245866685445,random_stratified_cv,delta_site,6,0,NA
70,42,28,0.7142857142857143,0.7083333333333334,0.6333333333333333,0.6785714285714286,0.6551724137931034,0.7056349873843566,0.7525510204081634,0.7488311874869762,random_stratified_cv,delta_site,6,1,NA
70,42,28,0.6142857142857143,0.6130952380952381,0.5151515151515151,0.6071428571428571,0.5573770491803278,0.6078024486407968,0.7091836734693877,0.6750247894922936,random_stratified_cv,delta_site,6,2,NA
69,42,27,0.5507246376811594,0.5317460317460317,0.42857142857142855,0.4444444444444444,0.43636363636363634,0.5314348302300109,0.6516754850088183,0.5475422393365366,random_stratified_cv,delta_site,6,3,NA
69,42,27,0.5652173913043478,0.5502645502645502,0.4482758620689655,0.48148148148148145,0.4642857142857143,0.5492160278745645,0.6878306878306879,0.545962807958899,random_stratified_cv,delta_site,6,4,NA
70,42,28,0.6142857142857143,0.6011904761904762,0.5172413793103449,0.5357142857142857,0.5263157894736842,0.6005072923272035,0.6709183673469388,0.5934957933068088,random_stratified_cv,delta_site,7,0,NA
70,42,28,0.6,0.6011904761904762,0.5,0.6071428571428571,0.5483870967741935,0.5947063688999172,0.6301020408163265,0.5519172279620522,random_stratified_cv,delta_site,7,1,NA
70,42,28,0.6857142857142857,0.6666666666666666,0.6153846153846154,0.5714285714285714,0.5925925925925926,0.6683893195521102,0.7636054421768708,0.6578494990289422,random_stratified_cv,delta_site,7,2,NA
69,42,27,0.6231884057971014,0.6111111111111112,0.5172413793103449,0.5555555555555556,0.5357142857142857,0.6093205574912892,0.6552028218694885,0.5961100905039562,random_stratified_cv,delta_site,7,3,NA
69,42,27,0.6666666666666666,0.6666666666666666,0.5625,0.6666666666666666,0.6101694915254238,0.6595151255095473,0.7248677248677249,0.5541568736615814,random_stratified_cv,delta_site,7,4,NA
70,42,28,0.6,0.6011904761904762,0.5,0.6071428571428571,0.5483870967741935,0.5947063688999172,0.6743197278911565,0.5719717389434567,random_stratified_cv,delta_site,8,0,NA
70,42,28,0.6428571428571429,0.5892857142857143,0.6,0.32142857142857145,0.4186046511627907,0.5804363461999521,0.5850340136054422,0.4863870362467371,random_stratified_cv,delta_site,8,1,NA
70,42,28,0.6285714285714286,0.625,0.53125,0.6071428571428571,0.5666666666666667,0.6208333333333333,0.6802721088435374,0.5886016542625466,random_stratified_cv,delta_site,8,2,NA
69,42,27,0.6956521739130435,0.6904761904761905,0.6,0.6666666666666666,0.631578947368421,0.6861598440545809,0.6966490299823633,0.6070002782444968,random_stratified_cv,delta_site,8,3,NA
69,42,27,0.7246376811594203,0.7208994708994709,0.6333333333333333,0.7037037037037037,0.6666666666666666,0.7160493827160493,0.7592592592592592,0.5982053486488053,random_stratified_cv,delta_site,8,4,NA
70,42,28,0.6428571428571429,0.6309523809523809,0.5517241379310345,0.5714285714285714,0.5614035087719298,0.6300993447474107,0.6147959183673469,0.5323939116224415,random_stratified_cv,delta_site,9,0,NA
70,42,28,0.5857142857142857,0.5833333333333333,0.48484848484848486,0.5714285714285714,0.5245901639344263,0.5787507781697447,0.5935374149659864,0.46486181976356034,random_stratified_cv,delta_site,9,1,NA
70,42,28,0.6285714285714286,0.6309523809523809,0.5294117647058824,0.6428571428571429,0.5806451612903226,0.6236559139784946,0.6998299319727891,0.5798642298264867,random_stratified_cv,delta_site,9,2,NA
69,42,27,0.6956521739130435,0.7037037037037037,0.5882352941176471,0.7407407407407407,0.6557377049180327,0.6915052160953801,0.7865961199294533,0.7212948202236784,random_stratified_cv,delta_site,9,3,NA
69,42,27,0.7391304347826086,0.7328042328042328,0.6551724137931034,0.7037037037037037,0.6785714285714286,0.7295296167247387,0.7716049382716049,0.6335001837423406,random_stratified_cv,delta_site,9,4,NA
70,42,28,0.6571428571428571,0.6785714285714286,0.55,0.7857142857142857,0.6470588235294118,0.6568627450980392,0.7729591836734694,0.7454780886012112,family_alignment_cid_group_cv,delta_site,0,0,NA
69,42,27,0.5072463768115942,0.5092592592592593,0.4,0.5185185185185185,0.45161290322580644,0.5021222410865874,0.5,0.43194204846918016,family_alignment_cid_group_cv,delta_site,0,1,NA
70,42,28,0.5571428571428572,0.5238095238095238,0.43478260869565216,0.35714285714285715,0.39215686274509803,0.5219211280017625,0.5569727891156462,0.4488685759248496,family_alignment_cid_group_cv,delta_site,0,2,NA
69,42,27,0.6521739130434783,0.6084656084656085,0.5789473684210527,0.4074074074074074,0.4782608695652174,0.6086956521739131,0.6613756613756614,0.5377759405588547,family_alignment_cid_group_cv,delta_site,0,3,NA
70,42,28,0.6,0.6011904761904762,0.5,0.6071428571428571,0.5483870967741935,0.5947063688999172,0.5654761904761905,0.44346475194296814,family_alignment_cid_group_cv,delta_site,0,4,NA
70,42,28,0.6714285714285714,0.6428571428571428,0.6086956521739131,0.5,0.5490196078431373,0.6452963207755013,0.6930272108843537,0.550415392541525,family_alignment_cid_group_cv,delta_site,1,0,NA
70,42,28,0.5571428571428572,0.5238095238095238,0.43478260869565216,0.35714285714285715,0.39215686274509803,0.5219211280017625,0.516156462585034,0.44856931154404395,family_alignment_cid_group_cv,delta_site,1,1,NA
69,42,27,0.4927536231884058,0.4642857142857143,0.34615384615384615,0.3333333333333333,0.33962264150943394,0.46392896781354054,0.44973544973544965,0.38570360461611436,family_alignment_cid_group_cv,delta_site,1,2,NA
70,42,28,0.7142857142857143,0.6964285714285714,0.6538461538461539,0.6071428571428571,0.6296296296296297,0.698535745047373,0.7465986394557823,0.6323057499756564,family_alignment_cid_group_cv,delta_site,1,3,NA
69,42,27,0.6231884057971014,0.5978835978835979,0.52,0.48148148148148145,0.5,0.5988372093023255,0.63668430335097,0.5967234916204471,family_alignment_cid_group_cv,delta_site,1,4,NA
70,42,28,0.5714285714285714,0.5476190476190476,0.46153846153846156,0.42857142857142855,0.4444444444444444,0.5478036175710594,0.6156462585034014,0.5439998541085819,family_alignment_cid_group_cv,delta_site,2,0,NA
70,42,28,0.5714285714285714,0.5357142857142857,0.45454545454545453,0.35714285714285715,0.4,0.5333333333333333,0.5467687074829932,0.4483679061763001,family_alignment_cid_group_cv,delta_site,2,1,NA
70,42,28,0.6,0.5833333333333333,0.5,0.5,0.5,0.5833333333333333,0.6428571428571429,0.523137029698913,family_alignment_cid_group_cv,delta_site,2,2,NA
69,42,27,0.5652173913043478,0.5436507936507937,0.4444444444444444,0.4444444444444444,0.4444444444444444,0.5436507936507937,0.5608465608465608,0.4594313853792939,family_alignment_cid_group_cv,delta_site,2,3,NA
69,42,27,0.6956521739130435,0.6507936507936507,0.6666666666666666,0.4444444444444444,0.5333333333333333,0.6537634408602151,0.6296296296296297,0.5600846141591214,family_alignment_cid_group_cv,delta_site,2,4,NA
70,42,28,0.5428571428571428,0.5178571428571429,0.4230769230769231,0.39285714285714285,0.4074074074074074,0.5176571920757967,0.5561224489795918,0.5123926217121174,family_alignment_cid_group_cv,delta_site,3,0,NA
70,42,28,0.4857142857142857,0.45833333333333337,0.34615384615384615,0.32142857142857145,0.3333333333333333,0.45736434108527135,0.48724489795918363,0.38330007009580647,family_alignment_cid_group_cv,delta_site,3,1,NA
70,42,28,0.5571428571428572,0.5238095238095238,0.43478260869565216,0.35714285714285715,0.39215686274509803,0.5219211280017625,0.5756802721088435,0.5052928032375982,family_alignment_cid_group_cv,delta_site,3,2,NA
69,42,27,0.6231884057971014,0.6243386243386244,0.5151515151515151,0.6296296296296297,0.5666666666666667,0.6166666666666667,0.6455026455026455,0.5230123546509173,family_alignment_cid_group_cv,delta_site,3,3,NA
69,42,27,0.5942028985507246,0.5542328042328042,0.47619047619047616,0.37037037037037035,0.4166666666666667,0.5527777777777778,0.554673721340388,0.5036145138246197,family_alignment_cid_group_cv,delta_site,3,4,NA
70,42,28,0.6,0.5714285714285714,0.5,0.42857142857142855,0.46153846153846156,0.5716783216783217,0.6062925170068028,0.5000282659802291,family_alignment_cid_group_cv,delta_site,4,0,NA
70,42,28,0.6,0.5892857142857143,0.5,0.5357142857142857,0.5172413793103449,0.5878889823380993,0.7083333333333334,0.6602520918130268,family_alignment_cid_group_cv,delta_site,4,1,NA
70,42,28,0.5857142857142857,0.5595238095238095,0.48,0.42857142857142855,0.4528301886792453,0.559748427672956,0.6352040816326531,0.4844018405960001,family_alignment_cid_group_cv,delta_site,4,2,NA
69,42,27,0.5652173913043478,0.5238095238095238,0.42857142857142855,0.3333333333333333,0.375,0.5208333333333333,0.5476190476190477,0.510949979606707,family_alignment_cid_group_cv,delta_site,4,3,NA
69,42,27,0.5942028985507246,0.593915343915344,0.48484848484848486,0.5925925925925926,0.5333333333333333,0.5871794871794872,0.6146384479717812,0.45798934667493507,family_alignment_cid_group_cv,delta_site,4,4,NA
70,42,28,0.6,0.6130952380952381,0.5,0.6785714285714286,0.5757575757575758,0.5986895986895987,0.6471088435374149,0.5178792624935856,family_alignment_cid_group_cv,delta_site,5,0,NA
70,42,28,0.6,0.5833333333333333,0.5,0.5,0.5,0.5833333333333333,0.6403061224489797,0.5332569224036314,family_alignment_cid_group_cv,delta_site,5,1,NA
69,42,27,0.6376811594202898,0.6164021164021164,0.5384615384615384,0.5185185185185185,0.5283018867924528,0.6170921198668147,0.6358024691358024,0.5619089897451739,family_alignment_cid_group_cv,delta_site,5,2,NA
69,42,27,0.6086956521739131,0.5992063492063493,0.5,0.5555555555555556,0.5263157894736842,0.5964912280701754,0.6569664902998236,0.5057701905363245,family_alignment_cid_group_cv,delta_site,5,3,NA
70,42,28,0.5571428571428572,0.5238095238095238,0.43478260869565216,0.35714285714285715,0.39215686274509803,0.5219211280017625,0.477891156462585,0.4378571685277605,family_alignment_cid_group_cv,delta_site,5,4,NA
69,42,27,0.4782608695652174,0.44576719576719576,0.32,0.2962962962962963,0.3076923076923077,0.4445438282647585,0.4620811287477955,0.3702703367874278,family_alignment_cid_group_cv,delta_site,6,0,NA
70,42,28,0.7571428571428571,0.75,0.6896551724137931,0.7142857142857143,0.7017543859649122,0.7484675544282393,0.770408163265306,0.5908026925300193,family_alignment_cid_group_cv,delta_site,6,1,NA
71,42,29,0.5915492957746479,0.5480295566502463,0.5,0.3103448275862069,0.3829787234042553,0.5388577827547593,0.6395730706075533,0.5148704826820114,family_alignment_cid_group_cv,delta_site,6,2,NA
69,42,27,0.6086956521739131,0.6256613756613757,0.5,0.7037037037037037,0.5846153846153846,0.6073761854583772,0.6984126984126984,0.5576245581077703,family_alignment_cid_group_cv,delta_site,6,3,NA
69,42,27,0.5942028985507246,0.5806878306878307,0.4827586206896552,0.5185185185185185,0.5,0.5792682926829269,0.6234567901234567,0.5201938254960293,family_alignment_cid_group_cv,delta_site,6,4,NA
70,42,28,0.5857142857142857,0.5535714285714286,0.4782608695652174,0.39285714285714285,0.43137254901960786,0.5527649261951972,0.5943877551020409,0.5093458490868995,family_alignment_cid_group_cv,delta_site,7,0,NA
70,42,28,0.6,0.5833333333333333,0.5,0.5,0.5,0.5833333333333333,0.6122448979591837,0.5213417007516092,family_alignment_cid_group_cv,delta_site,7,1,NA
70,42,28,0.5857142857142857,0.5535714285714286,0.4782608695652174,0.39285714285714285,0.43137254901960786,0.5527649261951972,0.5578231292517006,0.5161961021133077,family_alignment_cid_group_cv,delta_site,7,2,NA
69,42,27,0.6666666666666666,0.6732804232804233,0.5588235294117647,0.7037037037037037,0.6229508196721312,0.6621247604854162,0.7610229276895943,0.6861018118680007,family_alignment_cid_group_cv,delta_site,7,3,NA
69,42,27,0.6231884057971014,0.6111111111111112,0.5172413793103449,0.5555555555555556,0.5357142857142857,0.6093205574912892,0.607583774250441,0.46471597529666886,family_alignment_cid_group_cv,delta_site,7,4,NA
70,42,28,0.5285714285714286,0.4880952380952381,0.38095238095238093,0.2857142857142857,0.32653061224489793,0.4819466248037676,0.548469387755102,0.40468233822146915,family_alignment_cid_group_cv,delta_site,8,0,NA
70,42,28,0.5714285714285714,0.5654761904761905,0.46875,0.5357142857142857,0.5,0.5625,0.5790816326530612,0.5181707155738112,family_alignment_cid_group_cv,delta_site,8,1,NA
70,42,28,0.5571428571428572,0.5357142857142857,0.4444444444444444,0.42857142857142855,0.43636363636363634,0.5358288770053475,0.5408163265306123,0.5253552093163547,family_alignment_cid_group_cv,delta_site,8,2,NA
69,42,27,0.6521739130434783,0.6415343915343915,0.5517241379310345,0.5925925925925926,0.5714285714285714,0.6393728222996515,0.7081128747795414,0.6101291395407256,family_alignment_cid_group_cv,delta_site,8,3,NA
69,42,27,0.5217391304347826,0.48148148148148145,0.36363636363636365,0.2962962962962963,0.32653061224489793,0.47787204769548264,0.47354497354497355,0.4173894310186331,family_alignment_cid_group_cv,delta_site,8,4,NA
70,42,28,0.5571428571428572,0.5297619047619048,0.44,0.39285714285714285,0.41509433962264153,0.5293862502710909,0.5714285714285715,0.5080001398790754,family_alignment_cid_group_cv,delta_site,9,0,NA
70,42,28,0.5571428571428572,0.5476190476190477,0.45161290322580644,0.5,0.4745762711864407,0.5459301109018623,0.5450680272108843,0.4858631013302053,family_alignment_cid_group_cv,delta_site,9,1,NA
70,42,28,0.6857142857142857,0.6607142857142857,0.625,0.5357142857142857,0.5769230769230769,0.6634615384615384,0.6989795918367347,0.5698824108877728,family_alignment_cid_group_cv,delta_site,9,2,NA
69,42,27,0.5797101449275363,0.548941798941799,0.4583333333333333,0.4074074074074074,0.43137254901960786,0.5490196078431373,0.5617283950617284,0.5077821958949134,family_alignment_cid_group_cv,delta_site,9,3,NA
69,42,27,0.6231884057971014,0.5912698412698413,0.5217391304347826,0.4444444444444444,0.48,0.5922727272727273,0.566137566137566,0.45032310944728376,family_alignment_cid_group_cv,delta_site,9,4,NA
16,7,9,0.625,0.6349206349206349,0.7142857142857143,0.5555555555555556,0.625,0.625,0.6190476190476191,0.7747100122100122,leave_one_gene_out,delta_site,0,0,SCN10A
61,49,12,0.6065573770491803,0.5977891156462585,0.2692307692307692,0.5833333333333334,0.3684210526315789,0.5413533834586466,0.6530612244897959,0.4340081786592084,leave_one_gene_out,delta_site,0,0,SCN1A
32,14,18,0.65625,0.6785714285714286,0.8181818181818182,0.5,0.6206896551724138,0.6532019704433498,0.7658730158730158,0.8520392847378153,leave_one_gene_out,delta_site,0,0,SCN2A
12,2,10,0.6666666666666666,0.6,0.875,0.7,0.7777777777777778,0.5555555555555556,0.55,0.8737698412698411,leave_one_gene_out,delta_site,0,0,SCN3A
31,13,18,0.7419354838709677,0.7670940170940171,0.9166666666666666,0.6111111111111112,0.7333333333333333,0.7416666666666667,0.8547008547008547,0.8898322812474,leave_one_gene_out,delta_site,0,0,SCN4A
157,117,40,0.6050955414012739,0.5458333333333333,0.30357142857142855,0.425,0.3541666666666667,0.534881498470948,0.5803418803418804,0.306376264029079,leave_one_gene_out,delta_site,0,0,SCN5A
22,8,14,0.5454545454545454,0.5892857142857143,0.75,0.42857142857142855,0.5454545454545454,0.5454545454545454,0.7946428571428571,0.7838754499468786,leave_one_gene_out,delta_site,0,0,SCN8A
70,42,28,0.7571428571428571,0.7619047619047619,0.6666666666666666,0.7857142857142857,0.7213114754098361,0.7530608009960573,0.8256802721088436,0.760518213144939,random_stratified_cv,wt_mut_site,0,0,NA
70,42,28,0.7142857142857143,0.7202380952380952,0.6176470588235294,0.75,0.6774193548387096,0.7105045492142266,0.8069727891156463,0.7780763349660165,random_stratified_cv,wt_mut_site,0,1,NA
70,42,28,0.6571428571428571,0.6547619047619048,0.5625,0.6428571428571429,0.6,0.6499999999999999,0.6462585034013606,0.5246889736144361,random_stratified_cv,wt_mut_site,0,2,NA
69,42,27,0.782608695652174,0.8015873015873016,0.6666666666666666,0.8888888888888888,0.7619047619047619,0.780952380952381,0.8571428571428571,0.8066264901649793,random_stratified_cv,wt_mut_site,0,3,NA
69,42,27,0.7391304347826086,0.7328042328042328,0.6551724137931034,0.7037037037037037,0.6785714285714286,0.7295296167247387,0.826278659611993,0.814053696929113,random_stratified_cv,wt_mut_site,0,4,NA
70,42,28,0.7,0.7083333333333333,0.6,0.75,0.6666666666666666,0.696969696969697,0.7653061224489797,0.6972383206059991,random_stratified_cv,wt_mut_site,1,0,NA
70,42,28,0.7142857142857143,0.6964285714285714,0.6538461538461539,0.6071428571428571,0.6296296296296297,0.698535745047373,0.7474489795918368,0.6669346273581817,random_stratified_cv,wt_mut_site,1,1,NA
70,42,28,0.7,0.7142857142857143,0.5945945945945946,0.7857142857142857,0.676923076923077,0.6984615384615385,0.83078231292517,0.8167606917774747,random_stratified_cv,wt_mut_site,1,2,NA
69,42,27,0.7101449275362319,0.6891534391534391,0.64,0.5925925925925926,0.6153846153846154,0.6914132379248659,0.8395061728395061,0.8087759258510518,random_stratified_cv,wt_mut_site,1,3,NA
69,42,27,0.7971014492753623,0.8134920634920635,0.6857142857142857,0.8888888888888888,0.7741935483870968,0.7949915110356536,0.8597883597883598,0.7608862592648238,random_stratified_cv,wt_mut_site,1,4,NA
70,42,28,0.7285714285714285,0.7380952380952381,0.6285714285714286,0.7857142857142857,0.6984126984126984,0.7258297258297258,0.8613945578231292,0.8031780556585733,random_stratified_cv,wt_mut_site,2,0,NA
70,42,28,0.7142857142857143,0.7202380952380952,0.6176470588235294,0.75,0.6774193548387096,0.7105045492142266,0.7704081632653061,0.7265419864542169,random_stratified_cv,wt_mut_site,2,1,NA
70,42,28,0.7571428571428571,0.75,0.6896551724137931,0.7142857142857143,0.7017543859649122,0.7484675544282393,0.8511904761904762,0.8223025875270686,random_stratified_cv,wt_mut_site,2,2,NA
69,42,27,0.782608695652174,0.7751322751322751,0.7142857142857143,0.7407407407407407,0.7272727272727273,0.7732749178532311,0.8015873015873015,0.737303273492766,random_stratified_cv,wt_mut_site,2,3,NA
69,42,27,0.6956521739130435,0.6970899470899471,0.59375,0.7037037037037037,0.6440677966101694,0.6891225059000214,0.7680776014109348,0.7379057819389454,random_stratified_cv,wt_mut_site,2,4,NA
70,42,28,0.7285714285714285,0.7083333333333333,0.68,0.6071428571428571,0.6415094339622641,0.7115593146822815,0.7874149659863946,0.6954389460073586,random_stratified_cv,wt_mut_site,3,0,NA
70,42,28,0.7857142857142857,0.7619047619047619,0.782608695652174,0.6428571428571429,0.7058823529411765,0.7686715135492399,0.7814625850340137,0.7980725516296298,random_stratified_cv,wt_mut_site,3,1,NA
70,42,28,0.7285714285714285,0.7202380952380952,0.6551724137931034,0.6785714285714286,0.6666666666666666,0.7188755020080322,0.8137755102040816,0.7110694395236858,random_stratified_cv,wt_mut_site,3,2,NA
69,42,27,0.8115942028985508,0.8320105820105821,0.6944444444444444,0.9259259259259259,0.7936507936507936,0.8101587301587301,0.8844797178130511,0.8509805572202278,random_stratified_cv,wt_mut_site,3,3,NA
69,42,27,0.5797101449275363,0.5886243386243386,0.4722222222222222,0.6296296296296297,0.5396825396825397,0.5765079365079364,0.7142857142857143,0.608942705814677,random_stratified_cv,wt_mut_site,3,4,NA
70,42,28,0.6571428571428571,0.6726190476190477,0.5526315789473685,0.75,0.6363636363636364,0.6560196560196561,0.7755102040816327,0.691324753646377,random_stratified_cv,wt_mut_site,4,0,NA
70,42,28,0.6571428571428571,0.6547619047619048,0.5625,0.6428571428571429,0.6,0.6499999999999999,0.7474489795918368,0.6695598334292048,random_stratified_cv,wt_mut_site,4,1,NA
70,42,28,0.8285714285714286,0.8273809523809523,0.7666666666666667,0.8214285714285714,0.7931034482758621,0.8233809924306139,0.8647959183673469,0.8299208869066608,random_stratified_cv,wt_mut_site,4,2,NA
69,42,27,0.7536231884057971,0.7380952380952381,0.6923076923076923,0.6666666666666666,0.6792452830188679,0.739622641509434,0.8518518518518519,0.7977922722336102,random_stratified_cv,wt_mut_site,4,3,NA
69,42,27,0.6811594202898551,0.6521164021164021,0.6086956521739131,0.5185185185185185,0.56,0.655,0.7592592592592592,0.7347885219775823,random_stratified_cv,wt_mut_site,4,4,NA
70,42,28,0.7428571428571429,0.7261904761904763,0.6923076923076923,0.6428571428571429,0.6666666666666666,0.7286821705426356,0.7967687074829932,0.717014910935788,random_stratified_cv,wt_mut_site,5,0,NA
70,42,28,0.7428571428571429,0.7261904761904763,0.6923076923076923,0.6428571428571429,0.6666666666666666,0.7286821705426356,0.782312925170068,0.7748921917162002,random_stratified_cv,wt_mut_site,5,1,NA
70,42,28,0.7857142857142857,0.8035714285714286,0.6756756756756757,0.8928571428571429,0.7692307692307693,0.7846153846153847,0.8775510204081632,0.8076745476308801,random_stratified_cv,wt_mut_site,5,2,NA
69,42,27,0.8115942028985508,0.8055555555555556,0.75,0.7777777777777778,0.7636363636363637,0.8035049288061337,0.8606701940035273,0.8402914599232558,random_stratified_cv,wt_mut_site,5,3,NA
69,42,27,0.6376811594202898,0.6494708994708995,0.5277777777777778,0.7037037037037037,0.6031746031746031,0.6349206349206349,0.6957671957671957,0.601280341775227,random_stratified_cv,wt_mut_site,5,4,NA
70,42,28,0.7,0.7023809523809523,0.6060606060606061,0.7142857142857143,0.6557377049180327,0.6949574600539531,0.7755102040816327,0.7235850190862968,random_stratified_cv,wt_mut_site,6,0,NA
70,42,28,0.7428571428571429,0.7321428571428572,0.6785714285714286,0.6785714285714286,0.6785714285714286,0.7321428571428572,0.8579931972789115,0.8201540771351171,random_stratified_cv,wt_mut_site,6,1,NA
70,42,28,0.7714285714285715,0.7559523809523809,0.7307692307692307,0.6785714285714286,0.7037037037037037,0.7588285960378984,0.8681972789115646,0.8398833897372588,random_stratified_cv,wt_mut_site,6,2,NA
69,42,27,0.6521739130434783,0.6613756613756614,0.5428571428571428,0.7037037037037037,0.6129032258064516,0.6485568760611206,0.7513227513227513,0.701918064548589,random_stratified_cv,wt_mut_site,6,3,NA
69,42,27,0.6666666666666666,0.66005291005291,0.5666666666666667,0.6296296296296297,0.5964912280701754,0.6562703053931124,0.7292768959435626,0.5896427257169243,random_stratified_cv,wt_mut_site,6,4,NA
70,42,28,0.7857142857142857,0.7976190476190477,0.6857142857142857,0.8571428571428571,0.7619047619047619,0.7835497835497836,0.8503401360544218,0.7928268029148803,random_stratified_cv,wt_mut_site,7,0,NA
70,42,28,0.6857142857142857,0.6845238095238095,0.59375,0.6785714285714286,0.6333333333333333,0.6791666666666667,0.7517006802721089,0.6797544617611188,random_stratified_cv,wt_mut_site,7,1,NA
70,42,28,0.7285714285714285,0.7083333333333333,0.68,0.6071428571428571,0.6415094339622641,0.7115593146822815,0.7015306122448979,0.7154486330114153,random_stratified_cv,wt_mut_site,7,2,NA
69,42,27,0.6956521739130435,0.6970899470899471,0.59375,0.7037037037037037,0.6440677966101694,0.6891225059000214,0.7425044091710757,0.6951759143763994,random_stratified_cv,wt_mut_site,7,3,NA
69,42,27,0.6086956521739131,0.5793650793650793,0.5,0.4444444444444444,0.47058823529411764,0.5801217038539555,0.7451499118165785,0.641145150363837,random_stratified_cv,wt_mut_site,7,4,NA
70,42,28,0.6,0.6011904761904762,0.5,0.6071428571428571,0.5483870967741935,0.5947063688999172,0.689625850340136,0.6488593869915483,random_stratified_cv,wt_mut_site,8,0,NA
70,42,28,0.7571428571428571,0.7559523809523809,0.6774193548387096,0.75,0.711864406779661,0.7509939317848922,0.8163265306122449,0.7545707411691098,random_stratified_cv,wt_mut_site,8,1,NA
70,42,28,0.7142857142857143,0.7083333333333334,0.6333333333333333,0.6785714285714286,0.6551724137931034,0.7056349873843566,0.7568027210884354,0.6904023013318247,random_stratified_cv,wt_mut_site,8,2,NA
69,42,27,0.7971014492753623,0.787037037037037,0.7407407407407407,0.7407407407407407,0.7407407407407407,0.787037037037037,0.8518518518518519,0.8298479117425159,random_stratified_cv,wt_mut_site,8,3,NA
69,42,27,0.7681159420289855,0.7433862433862434,0.7391304347826086,0.6296296296296297,0.68,0.7490909090909091,0.8306878306878307,0.7100774735582368,random_stratified_cv,wt_mut_site,8,4,NA
70,42,28,0.6571428571428571,0.6547619047619048,0.5625,0.6428571428571429,0.6,0.6499999999999999,0.7134353741496599,0.6897223627841881,random_stratified_cv,wt_mut_site,9,0,NA
70,42,28,0.6142857142857143,0.6130952380952381,0.5151515151515151,0.6071428571428571,0.5573770491803278,0.6078024486407968,0.6641156462585034,0.5845265083828989,random_stratified_cv,wt_mut_site,9,1,NA
70,42,28,0.7,0.7023809523809523,0.6060606060606061,0.7142857142857143,0.6557377049180327,0.6949574600539531,0.7882653061224489,0.7305114829890565,random_stratified_cv,wt_mut_site,9,2,NA
69,42,27,0.8115942028985508,0.7857142857142857,0.8181818181818182,0.6666666666666666,0.7346938775510204,0.7943132309103417,0.8465608465608466,0.8099882874703888,random_stratified_cv,wt_mut_site,9,3,NA
69,42,27,0.7681159420289855,0.7764550264550265,0.6666666666666666,0.8148148148148148,0.7333333333333333,0.764102564102564,0.8650793650793651,0.8073985316145842,random_stratified_cv,wt_mut_site,9,4,NA
70,42,28,0.7857142857142857,0.8035714285714286,0.6756756756756757,0.8928571428571429,0.7692307692307693,0.7846153846153847,0.8647959183673469,0.8279206961491397,family_alignment_cid_group_cv,wt_mut_site,0,0,NA
69,42,27,0.6376811594202898,0.6031746031746031,0.5454545454545454,0.4444444444444444,0.4897959183673469,0.6044485209814263,0.6728395061728395,0.5429377576701264,family_alignment_cid_group_cv,wt_mut_site,0,1,NA
70,42,28,0.7142857142857143,0.6785714285714286,0.7,0.5,0.5833333333333334,0.6829710144927537,0.70578231292517,0.7152845467506349,family_alignment_cid_group_cv,wt_mut_site,0,2,NA
69,42,27,0.6666666666666666,0.6666666666666666,0.5625,0.6666666666666666,0.6101694915254238,0.6595151255095473,0.7566137566137566,0.6983211409954679,family_alignment_cid_group_cv,wt_mut_site,0,3,NA
70,42,28,0.6428571428571429,0.6190476190476191,0.56,0.5,0.5283018867924528,0.6204727824766862,0.7457482993197279,0.6557018074659173,family_alignment_cid_group_cv,wt_mut_site,0,4,NA
70,42,28,0.7142857142857143,0.6964285714285714,0.6538461538461539,0.6071428571428571,0.6296296296296297,0.698535745047373,0.7916666666666666,0.6621625316341254,family_alignment_cid_group_cv,wt_mut_site,1,0,NA
70,42,28,0.7,0.6904761904761905,0.6206896551724138,0.6428571428571429,0.631578947368421,0.689283449587825,0.7568027210884354,0.695596002658096,family_alignment_cid_group_cv,wt_mut_site,1,1,NA
69,42,27,0.6811594202898551,0.6587301587301587,0.6,0.5555555555555556,0.5769230769230769,0.6605545617173524,0.7601410934744268,0.6458178224122522,family_alignment_cid_group_cv,wt_mut_site,1,2,NA
70,42,28,0.7571428571428571,0.7619047619047619,0.6666666666666666,0.7857142857142857,0.7213114754098361,0.7530608009960573,0.8239795918367347,0.7483681231282558,family_alignment_cid_group_cv,wt_mut_site,1,3,NA
69,42,27,0.6086956521739131,0.5925925925925926,0.5,0.5185185185185185,0.509090909090909,0.5918948521358159,0.7063492063492063,0.6804824033446633,family_alignment_cid_group_cv,wt_mut_site,1,4,NA
70,42,28,0.6571428571428571,0.6369047619047619,0.5769230769230769,0.5357142857142857,0.5555555555555556,0.6382428940568475,0.7125850340136055,0.6604121615425044,family_alignment_cid_group_cv,wt_mut_site,2,0,NA
70,42,28,0.7571428571428571,0.7619047619047619,0.6666666666666666,0.7857142857142857,0.7213114754098361,0.7530608009960573,0.8010204081632653,0.7454298750072142,family_alignment_cid_group_cv,wt_mut_site,2,1,NA
70,42,28,0.6714285714285714,0.6547619047619048,0.5925925925925926,0.5714285714285714,0.5818181818181818,0.655614973262032,0.7151360544217688,0.7007538782789604,family_alignment_cid_group_cv,wt_mut_site,2,2,NA
69,42,27,0.6521739130434783,0.6216931216931216,0.5652173913043478,0.48148148148148145,0.52,0.6236363636363637,0.7504409171075838,0.6832218558448693,family_alignment_cid_group_cv,wt_mut_site,2,3,NA
69,42,27,0.6086956521739131,0.5992063492063493,0.5,0.5555555555555556,0.5263157894736842,0.5964912280701754,0.7151675485008818,0.6578751294680394,family_alignment_cid_group_cv,wt_mut_site,2,4,NA
70,42,28,0.6857142857142857,0.6785714285714286,0.6,0.6428571428571429,0.6206896551724138,0.6761984861227923,0.7959183673469388,0.7201916427357979,family_alignment_cid_group_cv,wt_mut_site,3,0,NA
70,42,28,0.7,0.6785714285714286,0.64,0.5714285714285714,0.6037735849056604,0.6811971372804164,0.6879251700680271,0.6165749742821668,family_alignment_cid_group_cv,wt_mut_site,3,1,NA
70,42,28,0.7142857142857143,0.6964285714285714,0.6538461538461539,0.6071428571428571,0.6296296296296297,0.698535745047373,0.7891156462585034,0.7234696600314724,family_alignment_cid_group_cv,wt_mut_site,3,2,NA
69,42,27,0.6231884057971014,0.6177248677248677,0.5161290322580645,0.5925925925925926,0.5517241379310345,0.6133620689655173,0.7257495590828923,0.6793900602998362,family_alignment_cid_group_cv,wt_mut_site,3,3,NA
69,42,27,0.782608695652174,0.7751322751322751,0.7142857142857143,0.7407407407407407,0.7272727272727273,0.7732749178532311,0.8148148148148149,0.7396314879366472,family_alignment_cid_group_cv,wt_mut_site,3,4,NA
70,42,28,0.7142857142857143,0.6964285714285714,0.6538461538461539,0.6071428571428571,0.6296296296296297,0.698535745047373,0.7602040816326531,0.7028746248687693,family_alignment_cid_group_cv,wt_mut_site,4,0,NA
70,42,28,0.8,0.8095238095238095,0.7058823529411765,0.8571428571428571,0.7741935483870968,0.7973531844499586,0.8545918367346939,0.7836258550566515,family_alignment_cid_group_cv,wt_mut_site,4,1,NA
70,42,28,0.6714285714285714,0.6369047619047619,0.6190476190476191,0.4642857142857143,0.5306122448979592,0.6389324960753533,0.7474489795918368,0.6103617429924526,family_alignment_cid_group_cv,wt_mut_site,4,2,NA
69,42,27,0.7101449275362319,0.7288359788359788,0.5945945945945946,0.8148148148148148,0.6875,0.7086148648648649,0.8342151675485009,0.7992634898324458,family_alignment_cid_group_cv,wt_mut_site,4,3,NA
69,42,27,0.5507246376811594,0.5449735449735449,0.4375,0.5185185185185185,0.4745762711864407,0.5410856039476507,0.6181657848324515,0.5079970806088504,family_alignment_cid_group_cv,wt_mut_site,4,4,NA
70,42,28,0.7428571428571429,0.7321428571428572,0.6785714285714286,0.6785714285714286,0.6785714285714286,0.7321428571428572,0.804421768707483,0.75061498221847,family_alignment_cid_group_cv,wt_mut_site,5,0,NA
70,42,28,0.6571428571428571,0.6369047619047619,0.5769230769230769,0.5357142857142857,0.5555555555555556,0.6382428940568475,0.804421768707483,0.7224623821154389,family_alignment_cid_group_cv,wt_mut_site,5,1,NA
69,42,27,0.7536231884057971,0.7645502645502645,0.6470588235294118,0.8148148148148148,0.7213114754098361,0.7502661273153077,0.8306878306878307,0.6894441178494407,family_alignment_cid_group_cv,wt_mut_site,5,2,NA
69,42,27,0.7246376811594203,0.701058201058201,0.6666666666666666,0.5925925925925926,0.6274509803921569,0.7045300878972278,0.7998236331569664,0.7767637620830583,family_alignment_cid_group_cv,wt_mut_site,5,3,NA
70,42,28,0.6142857142857143,0.5833333333333334,0.5217391304347826,0.42857142857142855,0.47058823529411764,0.5836087243886319,0.6164965986394558,0.5321714845635833,family_alignment_cid_group_cv,wt_mut_site,5,4,NA
69,42,27,0.7101449275362319,0.6759259259259259,0.6666666666666666,0.5185185185185185,0.5833333333333334,0.6805555555555556,0.6904761904761905,0.6293529614041149,family_alignment_cid_group_cv,wt_mut_site,6,0,NA
70,42,28,0.7857142857142857,0.7976190476190477,0.6857142857142857,0.8571428571428571,0.7619047619047619,0.7835497835497836,0.8511904761904762,0.7609822521178004,family_alignment_cid_group_cv,wt_mut_site,6,1,NA
71,42,29,0.7183098591549296,0.6765188834154352,0.7647058823529411,0.4482758620689655,0.5652173913043478,0.6784420289855072,0.7044334975369458,0.5933749537820345,family_alignment_cid_group_cv,wt_mut_site,6,2,NA
69,42,27,0.6666666666666666,0.66005291005291,0.5666666666666667,0.6296296296296297,0.5964912280701754,0.6562703053931124,0.7689594356261024,0.7655221683094999,family_alignment_cid_group_cv,wt_mut_site,6,3,NA
69,42,27,0.6811594202898551,0.6785714285714286,0.5806451612903226,0.6666666666666666,0.6206896551724138,0.6728448275862069,0.7469135802469136,0.6177215844208228,family_alignment_cid_group_cv,wt_mut_site,6,4,NA
70,42,28,0.7285714285714285,0.6904761904761905,0.7368421052631579,0.5,0.5957446808510638,0.6957218027911233,0.7678571428571428,0.6390752936902415,family_alignment_cid_group_cv,wt_mut_site,7,0,NA
70,42,28,0.6857142857142857,0.6845238095238095,0.59375,0.6785714285714286,0.6333333333333333,0.6791666666666667,0.7670068027210885,0.7456280671898717,family_alignment_cid_group_cv,wt_mut_site,7,1,NA
70,42,28,0.7,0.6785714285714286,0.64,0.5714285714285714,0.6037735849056604,0.6811971372804164,0.7772108843537415,0.7045260272971855,family_alignment_cid_group_cv,wt_mut_site,7,2,NA
69,42,27,0.6956521739130435,0.7037037037037037,0.5882352941176471,0.7407407407407407,0.6557377049180327,0.6915052160953801,0.8342151675485009,0.8092552804486177,family_alignment_cid_group_cv,wt_mut_site,7,3,NA
69,42,27,0.6956521739130435,0.683862433862434,0.6071428571428571,0.6296296296296297,0.6181818181818182,0.6825848849945235,0.7310405643738977,0.6398431941754451,family_alignment_cid_group_cv,wt_mut_site,7,4,NA
70,42,28,0.6428571428571429,0.6309523809523809,0.5517241379310345,0.5714285714285714,0.5614035087719298,0.6300993447474107,0.7108843537414966,0.6166200572483668,family_alignment_cid_group_cv,wt_mut_site,8,0,NA
70,42,28,0.7142857142857143,0.7142857142857143,0.625,0.7142857142857143,0.6666666666666666,0.7083333333333333,0.8044217687074829,0.7669264172949418,family_alignment_cid_group_cv,wt_mut_site,8,1,NA
70,42,28,0.5857142857142857,0.5714285714285714,0.4827586206896552,0.5,0.49122807017543857,0.5709152399069963,0.7363945578231292,0.6580343369052019,family_alignment_cid_group_cv,wt_mut_site,8,2,NA
69,42,27,0.6666666666666666,0.6534391534391535,0.5714285714285714,0.5925925925925926,0.5818181818181818,0.652354874041621,0.7663139329805996,0.7070613108518393,family_alignment_cid_group_cv,wt_mut_site,8,3,NA
69,42,27,0.6666666666666666,0.6402116402116402,0.5833333333333334,0.5185185185185185,0.5490196078431373,0.6423258958755916,0.7001763668430335,0.6674382965871024,family_alignment_cid_group_cv,wt_mut_site,8,4,NA
70,42,28,0.7,0.7083333333333333,0.6,0.75,0.6666666666666666,0.696969696969697,0.7933673469387754,0.7923742761365924,family_alignment_cid_group_cv,wt_mut_site,9,0,NA
70,42,28,0.4857142857142857,0.47619047619047616,0.375,0.42857142857142855,0.4,0.47500000000000003,0.5595238095238095,0.4433061495138277,family_alignment_cid_group_cv,wt_mut_site,9,1,NA
70,42,28,0.8142857142857143,0.7916666666666667,0.8260869565217391,0.6785714285714286,0.7450980392156863,0.7995153117426745,0.9081632653061225,0.8140779200255291,family_alignment_cid_group_cv,wt_mut_site,9,2,NA
69,42,27,0.6811594202898551,0.6455026455026455,0.6190476190476191,0.48148148148148145,0.5416666666666666,0.648611111111111,0.7645502645502645,0.6966429640989427,family_alignment_cid_group_cv,wt_mut_site,9,3,NA
69,42,27,0.6376811594202898,0.6296296296296295,0.5333333333333333,0.5925925925925926,0.5614035087719298,0.6263807667316439,0.691358024691358,0.5915904766233606,family_alignment_cid_group_cv,wt_mut_site,9,4,NA
16,7,9,0.625,0.6349206349206349,0.7142857142857143,0.5555555555555556,0.625,0.625,0.6349206349206349,0.7773869648869649,leave_one_gene_out,wt_mut_site,0,0,SCN10A
61,49,12,0.6885245901639344,0.6802721088435374,0.34782608695652173,0.6666666666666666,0.45714285714285713,0.619376026272578,0.7857142857142856,0.5827711373251103,leave_one_gene_out,wt_mut_site,0,0,SCN1A
32,14,18,0.6875,0.6746031746031746,0.7,0.7777777777777778,0.7368421052631579,0.6761133603238867,0.7103174603174603,0.7573555789011174,leave_one_gene_out,wt_mut_site,0,0,SCN2A
12,2,10,0.5833333333333334,0.55,0.8571428571428571,0.6,0.7058823529411765,0.4957983193277311,0.7,0.9354365079365078,leave_one_gene_out,wt_mut_site,0,0,SCN3A
31,13,18,0.7096774193548387,0.6965811965811965,0.7368421052631579,0.7777777777777778,0.7567567567567568,0.6983783783783784,0.8247863247863247,0.8874753745662043,leave_one_gene_out,wt_mut_site,0,0,SCN4A
157,117,40,0.6878980891719745,0.6425213675213676,0.41509433962264153,0.55,0.4731182795698925,0.6256994112781589,0.7427350427350428,0.5929731088069014,leave_one_gene_out,wt_mut_site,0,0,SCN5A
22,8,14,0.6363636363636364,0.6339285714285714,0.75,0.6428571428571429,0.6923076923076923,0.6239316239316239,0.7410714285714286,0.8476207149526476,leave_one_gene_out,wt_mut_site,0,0,SCN8A
70,42,28,0.7857142857142857,0.7916666666666666,0.696969696969697,0.8214285714285714,0.7540983606557377,0.7821124714671093,0.8375850340136054,0.7801479161552293,random_stratified_cv,full_site,0,0,NA
70,42,28,0.7571428571428571,0.7559523809523809,0.6774193548387096,0.75,0.711864406779661,0.7509939317848922,0.8061224489795917,0.772614452520255,random_stratified_cv,full_site,0,1,NA
70,42,28,0.6428571428571429,0.6369047619047619,0.5483870967741935,0.6071428571428571,0.576271186440678,0.633814605566018,0.6624149659863945,0.5108458534282531,random_stratified_cv,full_site,0,2,NA
69,42,27,0.7681159420289855,0.7764550264550265,0.6666666666666666,0.8148148148148148,0.7333333333333333,0.764102564102564,0.8421516754850088,0.7399844461320708,random_stratified_cv,full_site,0,3,NA
69,42,27,0.782608695652174,0.7751322751322751,0.7142857142857143,0.7407407407407407,0.7272727272727273,0.7732749178532311,0.8227513227513228,0.8239008666411631,random_stratified_cv,full_site,0,4,NA
70,42,28,0.7428571428571429,0.7440476190476191,0.65625,0.75,0.7,0.7375,0.7806122448979592,0.6441112401231021,random_stratified_cv,full_site,1,0,NA
70,42,28,0.7142857142857143,0.6904761904761905,0.6666666666666666,0.5714285714285714,0.6153846153846154,0.6940559440559441,0.7542517006802721,0.7073755117535309,random_stratified_cv,full_site,1,1,NA
70,42,28,0.7142857142857143,0.7142857142857143,0.625,0.7142857142857143,0.6666666666666666,0.7083333333333333,0.7848639455782314,0.7483305314884634,random_stratified_cv,full_site,1,2,NA
69,42,27,0.7681159420289855,0.7764550264550265,0.6666666666666666,0.8148148148148148,0.7333333333333333,0.764102564102564,0.855379188712522,0.8314291036165267,random_stratified_cv,full_site,1,3,NA
69,42,27,0.7681159420289855,0.7896825396825397,0.6486486486486487,0.8888888888888888,0.75,0.7668918918918919,0.845679012345679,0.7622703763562133,random_stratified_cv,full_site,1,4,NA
70,42,28,0.7142857142857143,0.7202380952380952,0.6176470588235294,0.75,0.6774193548387096,0.7105045492142266,0.846938775510204,0.785347913779154,random_stratified_cv,full_site,2,0,NA
70,42,28,0.6285714285714286,0.6428571428571428,0.5263157894736842,0.7142857142857143,0.6060606060606061,0.6273546273546273,0.7517006802721088,0.7243861818024073,random_stratified_cv,full_site,2,1,NA
70,42,28,0.8428571428571429,0.8511904761904763,0.7575757575757576,0.8928571428571429,0.819672131147541,0.8402158124092136,0.9183673469387755,0.8879229719624223,random_stratified_cv,full_site,2,2,NA
69,42,27,0.782608695652174,0.7685185185185186,0.7307692307692307,0.7037037037037037,0.7169811320754716,0.7702552719200888,0.7539682539682541,0.6657850462335695,random_stratified_cv,full_site,2,3,NA
69,42,27,0.6956521739130435,0.6904761904761905,0.6,0.6666666666666666,0.631578947368421,0.6861598440545809,0.7716049382716049,0.7530648554452621,random_stratified_cv,full_site,2,4,NA
70,42,28,0.8,0.7797619047619048,0.7916666666666666,0.6785714285714286,0.7307692307692307,0.7858391608391608,0.8639455782312925,0.8090942419403541,random_stratified_cv,full_site,3,0,NA
70,42,28,0.7571428571428571,0.7380952380952381,0.72,0.6428571428571429,0.6792452830188679,0.7419214920841466,0.7738095238095238,0.7913816923556504,random_stratified_cv,full_site,3,1,NA
70,42,28,0.7285714285714285,0.7380952380952381,0.6285714285714286,0.7857142857142857,0.6984126984126984,0.7258297258297258,0.8035714285714286,0.6645029428479201,random_stratified_cv,full_site,3,2,NA
69,42,27,0.7391304347826086,0.7658730158730158,0.6153846153846154,0.8888888888888888,0.7272727272727273,0.7386363636363636,0.8880070546737214,0.8548571736274881,random_stratified_cv,full_site,3,3,NA
69,42,27,0.5942028985507246,0.6005291005291005,0.4857142857142857,0.6296296296296297,0.5483870967741935,0.5899830220713073,0.6234567901234568,0.5141221602803576,random_stratified_cv,full_site,3,4,NA
70,42,28,0.6714285714285714,0.6904761904761905,0.5641025641025641,0.7857142857142857,0.6567164179104478,0.6708239623798814,0.770408163265306,0.6907217454672215,random_stratified_cv,full_site,4,0,NA
70,42,28,0.7,0.6904761904761905,0.6206896551724138,0.6428571428571429,0.631578947368421,0.689283449587825,0.7755102040816326,0.7070530339530008,random_stratified_cv,full_site,4,1,NA
70,42,28,0.8,0.7916666666666667,0.75,0.75,0.75,0.7916666666666667,0.8443877551020409,0.7828972815527181,random_stratified_cv,full_site,4,2,NA
69,42,27,0.7681159420289855,0.7698412698412698,0.6774193548387096,0.7777777777777778,0.7241379310344828,0.7620689655172415,0.8659611992945326,0.8226034844825678,random_stratified_cv,full_site,4,3,NA
69,42,27,0.7246376811594203,0.6878306878306878,0.7,0.5185185185185185,0.5957446808510638,0.6934767360299274,0.7089947089947091,0.6977201464171681,random_stratified_cv,full_site,4,4,NA
70,42,28,0.7285714285714285,0.7321428571428572,0.6363636363636364,0.75,0.6885245901639344,0.7240091305250052,0.7746598639455783,0.7452912441441352,random_stratified_cv,full_site,5,0,NA
70,42,28,0.7428571428571429,0.7321428571428572,0.6785714285714286,0.6785714285714286,0.6785714285714286,0.7321428571428572,0.760204081632653,0.7377550275124198,random_stratified_cv,full_site,5,1,NA
70,42,28,0.7142857142857143,0.7023809523809523,0.6428571428571429,0.6428571428571429,0.6428571428571429,0.7023809523809523,0.8018707482993197,0.7264531095638489,random_stratified_cv,full_site,5,2,NA
69,42,27,0.782608695652174,0.794973544973545,0.6764705882352942,0.8518518518518519,0.7540983606557377,0.7796465829252714,0.8712522045855378,0.7924733763079879,random_stratified_cv,full_site,5,3,NA
69,42,27,0.6666666666666666,0.6534391534391535,0.5714285714285714,0.5925925925925926,0.5818181818181818,0.652354874041621,0.7213403880070547,0.5979057068301812,random_stratified_cv,full_site,5,4,NA
70,42,28,0.7142857142857143,0.7083333333333334,0.6333333333333333,0.6785714285714286,0.6551724137931034,0.7056349873843566,0.7423469387755102,0.6858432755497282,random_stratified_cv,full_site,6,0,NA
70,42,28,0.7714285714285715,0.7678571428571428,0.7,0.75,0.7241379310344828,0.7645079899074854,0.8511904761904762,0.8414857680849213,random_stratified_cv,full_site,6,1,NA
70,42,28,0.7857142857142857,0.7916666666666666,0.696969696969697,0.8214285714285714,0.7540983606557377,0.7821124714671093,0.8409863945578231,0.8458308938816933,random_stratified_cv,full_site,6,2,NA
69,42,27,0.7101449275362319,0.7156084656084656,0.6060606060606061,0.7407407407407407,0.6666666666666666,0.7051282051282051,0.7663139329805996,0.6944118774810135,random_stratified_cv,full_site,6,3,NA
69,42,27,0.6666666666666666,0.6468253968253969,0.5769230769230769,0.5555555555555556,0.5660377358490566,0.6477247502774695,0.7169312169312169,0.5636129995500385,random_stratified_cv,full_site,6,4,NA
70,42,28,0.7571428571428571,0.75,0.6896551724137931,0.7142857142857143,0.7017543859649122,0.7484675544282393,0.8681972789115646,0.7905683730822748,random_stratified_cv,full_site,7,0,NA
70,42,28,0.6857142857142857,0.6845238095238095,0.59375,0.6785714285714286,0.6333333333333333,0.6791666666666667,0.7193877551020408,0.6417597547779503,random_stratified_cv,full_site,7,1,NA
70,42,28,0.6571428571428571,0.6488095238095237,0.5666666666666667,0.6071428571428571,0.5862068965517241,0.6467619848612278,0.7346938775510204,0.737380691306857,random_stratified_cv,full_site,7,2,NA
69,42,27,0.6811594202898551,0.6785714285714286,0.5806451612903226,0.6666666666666666,0.6206896551724138,0.6728448275862069,0.7345679012345679,0.7015156835141776,random_stratified_cv,full_site,7,3,NA
69,42,27,0.5942028985507246,0.5674603174603174,0.48,0.4444444444444444,0.46153846153846156,0.5679785330948122,0.7345679012345679,0.6271125896541894,random_stratified_cv,full_site,7,4,NA
70,42,28,0.6571428571428571,0.6488095238095237,0.5666666666666667,0.6071428571428571,0.5862068965517241,0.6467619848612278,0.7202380952380952,0.7155884778760255,random_stratified_cv,full_site,8,0,NA
70,42,28,0.7,0.7083333333333333,0.6,0.75,0.6666666666666666,0.696969696969697,0.7525510204081634,0.7190943227419458,random_stratified_cv,full_site,8,1,NA
70,42,28,0.6857142857142857,0.6785714285714286,0.6,0.6428571428571429,0.6206896551724138,0.6761984861227923,0.7482993197278911,0.686994982651393,random_stratified_cv,full_site,8,2,NA
69,42,27,0.7246376811594203,0.7076719576719577,0.6538461538461539,0.6296296296296297,0.6415094339622641,0.7089900110987791,0.7954144620811288,0.7517204450505932,random_stratified_cv,full_site,8,3,NA
69,42,27,0.8260869565217391,0.8042328042328042,0.8260869565217391,0.7037037037037037,0.76,0.8118181818181818,0.8597883597883598,0.7356229110787619,random_stratified_cv,full_site,8,4,NA
70,42,28,0.6571428571428571,0.6488095238095237,0.5666666666666667,0.6071428571428571,0.5862068965517241,0.6467619848612278,0.7032312925170068,0.6676895333571475,random_stratified_cv,full_site,9,0,NA
70,42,28,0.6571428571428571,0.6488095238095237,0.5666666666666667,0.6071428571428571,0.5862068965517241,0.6467619848612278,0.6598639455782312,0.5554139998804815,random_stratified_cv,full_site,9,1,NA
70,42,28,0.7571428571428571,0.7619047619047619,0.6666666666666666,0.7857142857142857,0.7213114754098361,0.7530608009960573,0.8401360544217686,0.7353130618836324,random_stratified_cv,full_site,9,2,NA
69,42,27,0.8260869565217391,0.8108465608465608,0.8,0.7407407407407407,0.7692307692307693,0.8148479427549196,0.8641975308641975,0.8391665198886031,random_stratified_cv,full_site,9,3,NA
69,42,27,0.7536231884057971,0.7513227513227513,0.6666666666666666,0.7407407407407407,0.7017543859649122,0.7459389213775178,0.8677248677248677,0.8227245690331668,random_stratified_cv,full_site,9,4,NA
70,42,28,0.8142857142857143,0.8333333333333334,0.7027027027027027,0.9285714285714286,0.8,0.8133333333333334,0.8579931972789115,0.7964225390175381,family_alignment_cid_group_cv,full_site,0,0,NA
69,42,27,0.6086956521739131,0.5925925925925926,0.5,0.5185185185185185,0.509090909090909,0.5918948521358159,0.6428571428571429,0.5464034938901692,family_alignment_cid_group_cv,full_site,0,1,NA
70,42,28,0.6714285714285714,0.6428571428571428,0.6086956521739131,0.5,0.5490196078431373,0.6452963207755013,0.6641156462585034,0.6290453217788544,family_alignment_cid_group_cv,full_site,0,2,NA
69,42,27,0.6956521739130435,0.6772486772486772,0.6153846153846154,0.5925925925925926,0.6037735849056604,0.6783573806881242,0.7689594356261023,0.6910753135628144,family_alignment_cid_group_cv,full_site,0,3,NA
70,42,28,0.6285714285714286,0.6071428571428572,0.5384615384615384,0.5,0.5185185185185185,0.6080964685615848,0.7372448979591837,0.6151195179191725,family_alignment_cid_group_cv,full_site,0,4,NA
70,42,28,0.6571428571428571,0.6369047619047619,0.5769230769230769,0.5357142857142857,0.5555555555555556,0.6382428940568475,0.7431972789115646,0.655602852222452,family_alignment_cid_group_cv,full_site,1,0,NA
70,42,28,0.6714285714285714,0.6488095238095237,0.6,0.5357142857142857,0.5660377358490566,0.6508349598785512,0.6930272108843538,0.6357450110841892,family_alignment_cid_group_cv,full_site,1,1,NA
69,42,27,0.6956521739130435,0.6772486772486772,0.6153846153846154,0.5925925925925926,0.6037735849056604,0.6783573806881242,0.708994708994709,0.6442147758827219,family_alignment_cid_group_cv,full_site,1,2,NA
70,42,28,0.7285714285714285,0.7321428571428572,0.6363636363636364,0.75,0.6885245901639344,0.7240091305250052,0.7857142857142857,0.6612827842368164,family_alignment_cid_group_cv,full_site,1,3,NA
69,42,27,0.6956521739130435,0.6904761904761905,0.6,0.6666666666666666,0.631578947368421,0.6861598440545809,0.7477954144620811,0.6726748541631322,family_alignment_cid_group_cv,full_site,1,4,NA
70,42,28,0.7428571428571429,0.7202380952380952,0.7083333333333334,0.6071428571428571,0.6538461538461539,0.7246503496503496,0.814625850340136,0.7999665314099529,family_alignment_cid_group_cv,full_site,2,0,NA
70,42,28,0.7285714285714285,0.7202380952380952,0.6551724137931034,0.6785714285714286,0.6666666666666666,0.7188755020080322,0.7670068027210886,0.6500119133247463,family_alignment_cid_group_cv,full_site,2,1,NA
70,42,28,0.7,0.6904761904761905,0.6206896551724138,0.6428571428571429,0.631578947368421,0.689283449587825,0.761904761904762,0.7345837580397946,family_alignment_cid_group_cv,full_site,2,2,NA
69,42,27,0.6376811594202898,0.623015873015873,0.5357142857142857,0.5555555555555556,0.5454545454545454,0.6221248630887185,0.6957671957671958,0.6241738661126452,family_alignment_cid_group_cv,full_site,2,3,NA
69,42,27,0.6811594202898551,0.671957671957672,0.5862068965517241,0.6296296296296297,0.6071428571428571,0.6694250871080138,0.7231040564373897,0.5794242293107237,family_alignment_cid_group_cv,full_site,2,4,NA
70,42,28,0.7285714285714285,0.7261904761904763,0.6451612903225806,0.7142857142857143,0.6779661016949152,0.7216991002301736,0.7925170068027211,0.7334870151113855,family_alignment_cid_group_cv,full_site,3,0,NA
70,42,28,0.5285714285714286,0.5059523809523809,0.4074074074074074,0.39285714285714285,0.4,0.5058823529411764,0.5782312925170069,0.5175187852007364,family_alignment_cid_group_cv,full_site,3,1,NA
70,42,28,0.6285714285714286,0.6190476190476191,0.5333333333333333,0.5714285714285714,0.5517241379310345,0.6173254835996635,0.717687074829932,0.6739234751095171,family_alignment_cid_group_cv,full_site,3,2,NA
69,42,27,0.7101449275362319,0.6891534391534391,0.64,0.5925925925925926,0.6153846153846154,0.6914132379248659,0.7081128747795414,0.5987381907820433,family_alignment_cid_group_cv,full_site,3,3,NA
69,42,27,0.7536231884057971,0.7314814814814815,0.7083333333333334,0.6296296296296297,0.6666666666666666,0.735632183908046,0.8051146384479718,0.7239369410259455,family_alignment_cid_group_cv,full_site,3,4,NA
70,42,28,0.7571428571428571,0.7261904761904762,0.7619047619047619,0.5714285714285714,0.6530612244897959,0.7331240188383046,0.767857142857143,0.7169938498074032,family_alignment_cid_group_cv,full_site,4,0,NA
70,42,28,0.7142857142857143,0.7202380952380952,0.6176470588235294,0.75,0.6774193548387096,0.7105045492142266,0.846938775510204,0.813710783031733,family_alignment_cid_group_cv,full_site,4,1,NA
70,42,28,0.7,0.6845238095238095,0.6296296296296297,0.6071428571428571,0.6181818181818182,0.6855614973262032,0.7465986394557822,0.5861463214231536,family_alignment_cid_group_cv,full_site,4,2,NA
69,42,27,0.6666666666666666,0.66005291005291,0.5666666666666667,0.6296296296296297,0.5964912280701754,0.6562703053931124,0.7530864197530864,0.7303978004505036,family_alignment_cid_group_cv,full_site,4,3,NA
69,42,27,0.6231884057971014,0.5912698412698413,0.5217391304347826,0.4444444444444444,0.48,0.5922727272727273,0.644620811287478,0.5307508872549191,family_alignment_cid_group_cv,full_site,4,4,NA
70,42,28,0.6714285714285714,0.6785714285714286,0.5714285714285714,0.7142857142857143,0.6349206349206349,0.6681096681096681,0.7568027210884354,0.6966076940093305,family_alignment_cid_group_cv,full_site,5,0,NA
70,42,28,0.7142857142857143,0.6726190476190477,0.7222222222222222,0.4642857142857143,0.5652173913043478,0.6762257169287696,0.7431972789115646,0.7055173124430463,family_alignment_cid_group_cv,full_site,5,1,NA
69,42,27,0.6811594202898551,0.6917989417989419,0.5714285714285714,0.7407407407407407,0.6451612903225806,0.6778438030560272,0.791005291005291,0.6678209289632535,family_alignment_cid_group_cv,full_site,5,2,NA
69,42,27,0.6956521739130435,0.6772486772486772,0.6153846153846154,0.5925925925925926,0.6037735849056604,0.6783573806881242,0.7680776014109347,0.7170961850228332,family_alignment_cid_group_cv,full_site,5,3,NA
70,42,28,0.7,0.6666666666666667,0.6666666666666666,0.5,0.5714285714285714,0.6703296703296704,0.6624149659863945,0.6328534631999216,family_alignment_cid_group_cv,full_site,5,4,NA
69,42,27,0.5942028985507246,0.5410052910052909,0.47058823529411764,0.2962962962962963,0.36363636363636365,0.5328820116054158,0.6234567901234568,0.5025397904821335,family_alignment_cid_group_cv,full_site,6,0,NA
70,42,28,0.7285714285714285,0.7261904761904763,0.6451612903225806,0.7142857142857143,0.6779661016949152,0.7216991002301736,0.8520408163265305,0.7896289399558559,family_alignment_cid_group_cv,full_site,6,1,NA
71,42,29,0.704225352112676,0.6699507389162561,0.7,0.4827586206896552,0.5714285714285714,0.6728110599078341,0.715927750410509,0.6420596090784887,family_alignment_cid_group_cv,full_site,6,2,NA
69,42,27,0.6376811594202898,0.6428571428571428,0.5294117647058824,0.6666666666666666,0.5901639344262295,0.6327443048754524,0.7425044091710757,0.6925905992067578,family_alignment_cid_group_cv,full_site,6,3,NA
69,42,27,0.6811594202898551,0.6653439153439153,0.5925925925925926,0.5925925925925926,0.5925925925925926,0.6653439153439153,0.7081128747795413,0.5806531765258485,family_alignment_cid_group_cv,full_site,6,4,NA
70,42,28,0.7285714285714285,0.6964285714285714,0.7142857142857143,0.5357142857142857,0.6122448979591837,0.7017268445839875,0.7627551020408163,0.7326777408599926,family_alignment_cid_group_cv,full_site,7,0,NA
70,42,28,0.6428571428571429,0.6547619047619048,0.5405405405405406,0.7142857142857143,0.6153846153846154,0.641025641025641,0.7704081632653063,0.67664773568225,family_alignment_cid_group_cv,full_site,7,1,NA
70,42,28,0.7285714285714285,0.7083333333333333,0.68,0.6071428571428571,0.6415094339622641,0.7115593146822815,0.7933673469387754,0.6455417337337297,family_alignment_cid_group_cv,full_site,7,2,NA
69,42,27,0.6811594202898551,0.705026455026455,0.5641025641025641,0.8148148148148148,0.6666666666666666,0.6805555555555556,0.8174603174603176,0.7674497921172632,family_alignment_cid_group_cv,full_site,7,3,NA
69,42,27,0.6811594202898551,0.671957671957672,0.5862068965517241,0.6296296296296297,0.6071428571428571,0.6694250871080138,0.7037037037037037,0.6701271165571574,family_alignment_cid_group_cv,full_site,7,4,NA
70,42,28,0.6428571428571429,0.625,0.5555555555555556,0.5357142857142857,0.5454545454545454,0.625668449197861,0.6836734693877551,0.602969152271801,family_alignment_cid_group_cv,full_site,8,0,NA
70,42,28,0.7285714285714285,0.7142857142857143,0.6666666666666666,0.6428571428571429,0.6545454545454545,0.7155080213903744,0.7551020408163265,0.7165216441068875,family_alignment_cid_group_cv,full_site,8,1,NA
70,42,28,0.6714285714285714,0.6785714285714286,0.5714285714285714,0.7142857142857143,0.6349206349206349,0.6681096681096681,0.7525510204081634,0.6586465258415537,family_alignment_cid_group_cv,full_site,8,2,NA
69,42,27,0.782608695652174,0.7817460317460317,0.7,0.7777777777777778,0.7368421052631579,0.7758284600389863,0.8201058201058201,0.7336234775422519,family_alignment_cid_group_cv,full_site,8,3,NA
69,42,27,0.7246376811594203,0.6944444444444444,0.6818181818181818,0.5555555555555556,0.6122448979591837,0.6993808759458839,0.6843033509700176,0.6460293584503274,family_alignment_cid_group_cv,full_site,8,4,NA
70,42,28,0.6857142857142857,0.7023809523809523,0.5789473684210527,0.7857142857142857,0.6666666666666666,0.6846846846846847,0.7891156462585034,0.7448389134021901,family_alignment_cid_group_cv,full_site,9,0,NA
70,42,28,0.6,0.5892857142857143,0.5,0.5357142857142857,0.5172413793103449,0.5878889823380993,0.6079931972789115,0.4968037180936706,family_alignment_cid_group_cv,full_site,9,1,NA
70,42,28,0.8428571428571429,0.8333333333333333,0.8148148148148148,0.7857142857142857,0.8,0.8352941176470589,0.8877551020408163,0.7907228607219867,family_alignment_cid_group_cv,full_site,9,2,NA
69,42,27,0.6956521739130435,0.6574074074074074,0.65,0.48148148148148145,0.5531914893617021,0.6612111292962357,0.7425044091710759,0.7044947808221966,family_alignment_cid_group_cv,full_site,9,3,NA
69,42,27,0.6811594202898551,0.6851851851851851,0.5757575757575758,0.7037037037037037,0.6333333333333333,0.6756410256410257,0.6975308641975309,0.5643053053058867,family_alignment_cid_group_cv,full_site,9,4,NA
16,7,9,0.6875,0.6904761904761905,0.75,0.6666666666666666,0.7058823529411765,0.6862745098039216,0.6825396825396826,0.836614774114774,leave_one_gene_out,full_site,0,0,SCN10A
61,49,12,0.639344262295082,0.5867346938775511,0.2727272727272727,0.5,0.35294117647058826,0.5514705882352942,0.727891156462585,0.5275507851361888,leave_one_gene_out,full_site,0,0,SCN1A
32,14,18,0.65625,0.6547619047619048,0.7058823529411765,0.6666666666666666,0.6857142857142857,0.6532019704433498,0.7936507936507937,0.8469401282590585,leave_one_gene_out,full_site,0,0,SCN2A
12,2,10,0.75,0.65,0.8888888888888888,0.8,0.8421052631578947,0.6210526315789473,0.7,0.941540404040404,leave_one_gene_out,full_site,0,0,SCN3A
31,13,18,0.7419354838709677,0.7350427350427351,0.7777777777777778,0.7777777777777778,0.7777777777777778,0.7350427350427351,0.8846153846153846,0.9346829874536418,leave_one_gene_out,full_site,0,0,SCN4A
157,117,40,0.6878980891719745,0.6918803418803419,0.4307692307692308,0.7,0.5333333333333333,0.6494417862838915,0.7356837606837606,0.5574053328187699,leave_one_gene_out,full_site,0,0,SCN5A
22,8,14,0.7727272727272727,0.7946428571428572,0.9090909090909091,0.7142857142857143,0.8,0.7684210526315789,0.7678571428571429,0.789178480249909,leave_one_gene_out,full_site,0,0,SCN8A
