Index,Functional_Effects,SCN1A,SCN2A,SCN3A,SCN4A,SCN5A,SCN7A,SCN8A,SCN9A,SCN10A,SCN11A,ClinVar phenotype reports,References Function,DOI/PMID Function,N_GoF,N_LoF,N_Mixed,Primary Disease,References Phenotype,DOI/PMID Phenotype,gnomAD frequency,Domains
1,,-,-,-,M_1,-,-,-,-,-,-,N/A,,,0,0,0,,,,,N-terminal
2,,-,-,-,A_2,-,-,-,-,-,M_1,N/A,,,0,0,0,,,,,N-terminal
3,,-,-,-,R_3,-,-,-,-,-,D_2,N/A,,,0,0,0,,,,,N-terminal
4,,M_1,M_1,M_1,P_4,-,-,M_1,-,-,D_3,N/A,,,0,0,0,,,,,N-terminal
5,,E_2,A_2,A_2,S_5,M_1,-,A_2,-,M_1,R_4,N/A,,,0,0,0,,,,,N-terminal
6,,Q_3,Q_3,Q_3,L_6,A_2,-,A_3,M_1,E_2,C_5,SCN5A:Brugada syndrome,,,0,0,0,,,,,N-terminal
7,,T_4,S_4,A_4,C_7,N_3,-,R_4,A_2,F_3,Y_6,N/A,,,0,0,0,,,,,N-terminal
8,,V_5,V_5,L_5,T_8,F_4,M_1,L_5,M_3,P_4,P_7,N/A,,,0,0,0,,,,,N-terminal
9,,L_6,L_6,L_6,L_9,L_5,L_2,L_6,L_4,I_5,V_8,SCN1A:Generalized epilepsy with febrile seizures plus,,,0,0,0,,,,,N-terminal
10,,V_7,V_7,V_7,V_10,L_6,A_3,A_7,P_5,G_6,I_9,N/A,,,0,0,0,,,,,N-terminal
11,,P_8,P_8,P_8,P_11,P_7,S_4,P_8,P_6,S_7,F_10,N/A,,,0,0,0,,,,,N-terminal
12,,P_9,P_9,P_9,L_12,R_8,P_5,P_9,P_7,L_8,P_11,N/A,,,0,0,0,,,,,N-terminal
13,,G_10,G_10,G_10,G_13,G_9,E_6,G_10,G_8,E_9,D_12,SCN5A:Long QT syndrome,,,0,0,0,,,,,N-terminal
14,,P_11,P_11,P_11,P_14,T_10,P_7,P_11,P_9,T_10,E_13,N/A,,,0,0,0,,,,,N-terminal
15,,D_12,D_12,E_12,E_15,S_11,K_8,D_12,Q_10,N_11,R_14,"SCN9A:Erythromelalgia- primary,Erythromelalgia- primary",,,0,0,0,,,,,N-terminal
,LoF variants:,,D12N,,,,,,,,,,Ben-Shalom(2017),10.1016/j.biopsych.2017.01.009,0,1,0,ASD,Ben-Shalom(2017),10.1016/j.biopsych.2017.01.009,-,N-terminal
16,,S_13,S_13,S_13,C_16,S_12,G_9,S_13,S_11,N_12,N_15,N/A,,,0,0,0,,,,,N-terminal
17,,F_14,F_14,F_14,L_17,F_13,L_10,F_14,F_12,F_13,F_16,N/A,,,0,0,0,,,,,N-terminal
18,,N_15,R_15,R_15,R_18,R_14,V_11,K_15,V_13,R_14,R_17,SCN10A:Brugada syndrome,,,0,0,0,,,,,N-terminal
19,,F_16,F_16,L_16,P_19,R_15,P_12,P_16,H_14,R_15,P_18,SCN5A:Sudden unexplained death,,,0,0,0,,,,,N-terminal
20,,F_17,F_17,F_17,F_20,F_16,F_13,F_17,F_15,F_16,F_19,N/A,,,0,0,0,,,,,N-terminal
21,,T_18,T_18,T_18,T_21,T_17,T_14,T_18,T_16,T_17,T_20,N/A,,,0,0,0,,,,,N-terminal
22,,R_19,R_19,R_19,R_22,R_18,K_15,P_19,K_17,P_18,S_21,"SCN5A:Long QT syndrome,Long QT syndrome",,,0,0,0,,,,,N-terminal
23,,E_20,E_20,E_20,E_23,E_19,E_16,E_20,Q_18,E_19,D_22,N/A,,,0,0,0,,,,,N-terminal
24,,S_21,S_21,S_21,S_24,S_20,S_17,S_21,S_19,S_20,S_23,N/A,,,0,0,0,,,,,N-terminal
25,,L_22,L_22,L_22,L_25,L_21,F_18,L_22,L_20,L_21,L_24,N/A,,,0,0,0,,,,,N-terminal
26,,A_23,A_23,A_23,A_26,A_22,E_19,A_23,A_21,V_22,A_25,N/A,,,0,0,0,,,,,N-terminal
27,,A_24,A_24,A_24,A_27,A_23,L_20,N_24,L_22,E_23,A_26,"SCN1A:Severe myoclonic epilepsy in infancy,Dravet syndrome",,,0,0,0,,,,,N-terminal
28,,I_25,I_25,I_25,I_28,I_24,I_21,I_25,I_23,I_24,I_27,N/A,,,0,0,0,,,,,N-terminal
29,,E_26,E_26,E_26,E_29,E_25,K_22,E_26,E_24,E_25,E_28,N/A,,,0,0,0,,,,,N-terminal
30,,R_27,Q_27,K_27,Q_30,K_26,Q_23,R_27,Q_25,K_26,K_29,N/A,,,0,0,0,,,,,N-terminal
31,,R_28,R_28,R_28,R_31,R_27,H_24,R_28,R_26,Q_27,R_30,"SCN1A:not provided,Generalized epilepsy with febrile seizures plus;SCN2A:Autism spectrum disorder;SCN5A:Brugada syndrome",,,0,0,0,,,,,N-terminal
32,,I_29,I_29,A_29,A_32,M_28,I_25,I_29,I_27,I_28,I_31,N/A,,,0,0,0,,,,,N-terminal
33,,A_30,A_30,A_30,V_33,A_29,A_26,A_30,A_28,A_29,A_32,SCN5A:Long QT syndrome,,,0,0,0,,,,,N-terminal
34,,E_31,E_31,E_31,E_34,E_30,K_27,E_31,E_29,A_30,I_33,SCN5A:Long QT syndrome,,,0,0,0,,,,,N-terminal
35,,E_32,E_32,E_32,E_35,K_31,T_28,S_32,R_30,K_31,Q_34,N/A,,,0,0,0,,,,,N-terminal
36,,K_33,K_33,K_33,E_36,Q_32,-,K_33,K_31,Q_32,K_35,SCN1A:Generalized epilepsy with febrile seizures plus,,,0,0,0,,,,,N-terminal
37,,A_34,A_34,A_34,A_37,A_33,-,L_34,S_32,G_33,E_36,N/A,,,0,0,0,,,,,N-terminal
38,,K_35,K_35,K_35,R_38,R_34,-,K_35,K_33,T_34,K_37,SCN5A:Congenital complete heart block,,,0,0,0,,,,,N-terminal
39,,N_36,R_36,K_36,L_39,G_35,-,K_36,E_34,K_35,K_38,SCN2A:Seizures- benign infantile,,,0,0,0,,,,,N-terminal
40,,P_37,P_37,P_37,Q_40,S_36,-,P_37,P_35,K_36,K_39,N/A,,,0,0,0,,,,,N-terminal
41,,K_38,K_38,K_38,R_41,T_37,-,P_38,K_36,A_37,-,N/A,,,0,0,0,,,,,N-terminal
42,,P_39,Q_39,K_39,N_42,T_38,-,K_39,E_37,R_38,-,N/A,,,0,0,0,,,,,N-terminal
43,,-,-,-,-,L_39,-,A_40,-,E_39,-,N/A,,,0,0,0,,,,,N-terminal
44,,-,-,-,-,Q_40,-,D_41,-,K_40,-,N/A,,,0,0,0,,,,,N-terminal
45,,-,-,-,-,E_41,-,G_42,-,-,-,N/A,,,0,0,0,,,,,N-terminal
46,,-,-,-,-,-,-,S_43,-,-,-,N/A,,,0,0,0,,,,,N-terminal
47,,D_40,E_40,E_40,K_43,S_42,H_29,H_44,E_38,H_41,S_40,N/A,,,0,0,0,,,,,N-terminal
48,,K_41,R_41,Q_41,Q_44,R_43,N_30,R_45,K_39,R_42,K_41,SCN5A:Arrhythmia- lidocaine-induced,,,0,0,0,,,,,N-terminal
49,,K_42,K_42,D_42,M_45,E_44,E_31,E_46,K_40,E_43,D_42,N/A,,,0,0,0,,,,,N-terminal
50,,D_43,D_43,N_43,E_46,G_45,D_32,D_47,D_41,Q_44,Q_43,SCN9A:Childhood absence epilepsy,,,0,0,0,,,,,N-terminal
51,,-,E_44,-,-,L_46,-,-,-,K_45,T_44,N/A,,,0,0,0,,,,,N-terminal
52,,D_44,D_45,D_44,I_47,P_47,H_33,D_48,D_42,D_46,G_45,N/A,,,0,0,0,,,,,N-terminal
53,,D_45,D_46,D_45,E_48,E_48,E_34,E_49,D_43,Q_47,E_46,SCN1A:Dravet syndrome;SCN5A:Long QT syndrome,,,0,0,0,,,,,N-terminal
54,,E_46,E_47,E_46,E_49,E_49,E_35,D_50,E_44,E_48,V_47,N/A,,,0,0,0,,,,,N-terminal
55,,N_47,N_48,N_47,P_50,E_50,E_36,S_51,E_45,E_49,P_48,N/A,,,0,0,0,,,,,N-terminal
56,,G_48,G_49,K_48,E_51,A_51,D_37,K_52,A_46,K_50,Q_49,N/A,,,0,0,0,,,,,N-terminal
57,,P_49,P_50,P_49,R_52,P_52,L_38,P_53,P_47,P_51,P_50,SCN5A:Long QT syndrome,,,0,0,0,,,,,N-terminal
58,,K_50,K_51,K_50,K_53,R_53,K_39,K_54,K_48,R_52,R_51,SCN5A:Long QT syndrome,,,0,0,0,,,,,N-terminal
59,,P_51,P_52,P_51,P_54,P_54,P_40,P_55,P_49,P_53,P_52,N/A,,,0,0,0,,,,,N-terminal
60,,N_52,N_53,N_52,R_55,Q_55,T_41,N_56,S_50,Q_54,Q_53,N/A,,,0,0,0,,,,,N-terminal
61,,S_53,S_54,S_53,S_56,L_56,P_42,S_57,S_51,L_55,L_54,N/A,,,0,0,0,,,,,N-terminal
62,,D_54,D_55,D_54,D_57,D_57,D_43,D_58,D_52,D_56,D_55,N/A,,,0,0,0,,,,,N-terminal
63,,L_55,L_56,L_55,L_58,L_58,L_44,L_59,L_53,L_57,L_56,N/A,,,0,0,0,,,,,N-terminal
64,,E_56,E_57,E_56,E_59,Q_59,E_45,E_60,E_54,K_58,K_57,N/A,,,0,0,0,,,,,N-terminal
65,,A_57,A_58,A_57,A_60,A_60,V_46,A_61,A_55,A_59,A_58,N/A,,,0,0,0,,,,,N-terminal
66,,G_58,G_59,G_58,G_61,S_61,G_47,G_62,G_56,C_60,S_59,"SCN1A:Dravet syndrome,Epilepsy",,,0,0,0,,,,,N-terminal
67,,K_59,K_60,K_59,K_62,K_62,K_48,K_63,K_57,N_61,R_60,N/A,,,0,0,0,,,,,N-terminal
68,,N_60,S_61,N_60,N_63,K_63,K_49,S_64,Q_58,Q_62,K_61,N/A,,,0,0,0,,,,,N-terminal
69,,L_61,L_62,L_61,L_64,L_64,L_50,L_65,L_59,L_63,L_62,SCN1A:Dravet syndrome,,,0,0,0,,,,,N-terminal
70,,P_62,P_63,P_62,P_65,P_65,P_51,P_66,P_60,P_64,P_63,N/A,,,0,0,0,,,,,N-terminal
71,,F_63,F_64,F_63,M_66,D_66,F_52,F_67,F_61,K_65,K_64,SCN1A:Dravet syndrome,,,0,0,0,,,,,N-terminal
72,,I_64,I_65,I_64,I_67,L_67,I_53,I_68,I_62,F_66,L_65,SCN9A:Febrile seizures,,,0,0,0,,,,,N-terminal
73,,Y_65,Y_66,Y_65,Y_68,Y_68,Y_54,Y_69,Y_63,Y_67,Y_66,N/A,,,0,0,0,,,,,N-terminal
74,,G_66,G_67,G_66,G_69,G_69,G_55,G_70,G_64,G_68,G_67,N/A,,,0,0,0,,,,,N-terminal
75,,D_67,D_68,D_67,D_70,N_70,N_56,D_71,D_65,E_69,D_68,SCN5A:Brugada syndrome,,,0,0,0,,,,,N-terminal
76,,I_68,I_69,I_68,P_71,P_71,L_57,I_72,I_66,L_70,I_69,SCN1A:not provided,,,0,0,0,,,,,N-terminal
77,,P_69,P_70,P_69,P_72,P_72,S_58,P_73,P_67,P_71,P_70,SCN4A:Myotonic dystrophy- type 2,,,0,0,0,,,,,N-terminal
78,,P_70,P_71,P_70,P_73,Q_73,Q_59,Q_74,P_68,A_72,R_71,N/A,,,0,0,0,,,,,N-terminal
79,,E_71,E_72,E_71,E_74,E_74,G_60,G_75,G_69,E_73,E_72,N/A,,,0,0,0,,,,,N-terminal
80,,M_72,M_73,M_72,V_75,L_75,M_61,L_76,M_70,L_74,L_73,N/A,,,0,0,0,,,,,N-terminal
81,,V_73,V_74,V_73,I_76,I_76,V_62,V_77,V_71,I_75,I_74,N/A,,,0,0,0,,,,,N-terminal
82,,S_74,S_75,S_74,G_77,G_77,S_63,A_78,S_72,G_76,G_75,SCN1A:Severe myoclonic epilepsy of infancy,,,0,0,0,,,,,N-terminal
83,,E_75,V_76,E_75,I_78,E_78,E_64,V_79,E_73,E_77,K_76,SCN1A:Dravet syndrome,,,0,0,0,,,,,N-terminal
84,,P_76,P_77,P_76,P_79,P_79,P_65,P_80,P_74,P_78,P_77,SCN1A:Dravet syndrome,,,0,0,0,,,,,N-terminal
85,,L_77,L_78,L_77,L_80,L_80,L_66,L_81,L_75,L_79,L_78,SCN1A:Dravet syndrome,,,0,0,0,,,,,N-terminal
86,,E_78,E_79,E_78,E_81,E_81,E_67,E_82,E_76,E_80,E_79,SCN1A:Severe myoclonic epilepsy of infancy,,,0,0,0,,,,,N-terminal
,LoF variants:,E78D,,,,,,,,,,,Kluckova(2020),10.1038/s41598-020-67215-y,0,1,0,EPI,Mancardi(2006),10.1111/j.1528-1167.2006.00641.x,-,N-terminal
87,,D_79,D_80,D_79,D_82,D_82,D_68,D_83,D_77,D_81,D_80,"SCN1A:not provided,Dravet syndrome,Severe myoclonic epilepsy of infancy",,,0,0,0,,,,,N-terminal
88,,L_80,L_81,L_80,L_83,L_83,V_69,F_84,L_78,L_82,L_81,N/A,,,0,0,0,,,,,N-terminal
89,,D_81,D_82,D_81,D_84,D_84,D_70,D_85,D_79,D_83,D_82,"SCN1A:not provided,Dravet syndrome,Epilepsy and/or neurodevelopmental disorders,Dravet syndrome;SCN5A:Brugada syndrome",,,0,0,0,,,,,N-terminal
,LoF variants:,,D82G,,,D84N,,,,,,,"Glazer(2020),Ben-Shalom(2017)","10.1016/j.ajhg.2020.05.015,10.1016/j.biopsych.2017.01.009",0,2,0,"ASD, BrS","Ben-Shalom(2017),Kapplinger(2010)","10.1016/j.biopsych.2017.01.009,10.1016/j.hrthm.2009.09.069",-,N-terminal
90,,P_82,P_83,P_82,P_85,P_85,P_71,P_86,P_80,P_84,P_83,N/A,,,0,0,0,,,,,N-terminal
91,,Y_83,Y_84,Y_83,Y_86,F_86,Y_72,Y_87,Y_81,F_85,F_84,N/A,,,0,0,0,,,,,N-terminal
92,,Y_84,Y_85,Y_84,Y_87,Y_87,Y_73,Y_88,Y_82,Y_86,Y_85,"SCN1A:Early infantile epileptic encephalopathy;Familial hemiplegic migraine type 3;Generalized epilepsy with febrile seizures plus- type 2;Severe myoclonic epilepsy in infancy;Severe myoclonic epilepsy in infancy;not provided,Severe myoclonic epilepsy of infancy;SCN5A:Brugada syndrome",,,0,0,0,,,,,N-terminal
93,,I_85,I_86,I_85,S_88,S_88,Y_74,L_89,A_83,S_87,R_86,N/A,,,0,0,0,,,,,N-terminal
94,,N_86,N_87,N_86,N_89,T_89,K_75,T_90,D_84,T_88,N_87,N/A,,,0,0,0,,,,,N-terminal
95,,K_87,K_88,K_87,K_90,Q_90,K_76,Q_91,K_85,H_89,H_88,N/A,,,0,0,0,,,,,N-terminal
96,,K_88,K_89,K_88,K_91,K_91,K_77,K_92,K_86,R_90,K_89,N/A,,,0,0,0,,,,,N-terminal
97,,-,-,-,-,-,N_78,-,-,-,-,N/A,,,0,0,0,,,,,N-terminal
98,,T_89,T_90,T_89,T_92,T_92,T_79,T_93,T_87,T_91,T_90,N/A,,,0,0,0,,,,,N-terminal
99,,F_90,F_91,F_90,F_93,F_93,F_80,F_94,F_88,F_92,F_91,"SCN1A:Severe myoclonic epilepsy in infancy;not provided,Severe myoclonic epilepsy of infancy;SCN5A:Brugada syndrome",,,0,0,0,,,,,N-terminal
,LoF variants:,,,,,F93S,,,,,,,Glazer(2020),10.1016/j.ajhg.2020.05.015,0,1,0,BrS,Kapplinger(2010),10.1016/j.hrthm.2009.09.069,-,N-terminal
100,,I_91,I_92,I_91,I_94,I_94,I_81,V_95,I_89,M_93,M_92,SCN1A:Severe myoclonic epilepsy of infancy;SCN5A:Brugada syndrome,,,0,0,0,,,,,N-terminal
101,,V_92,V_93,V_92,V_95,V_95,V_82,V_96,V_90,V_94,V_93,SCN1A:Febrile seizures plus;SCN5A:Brugada syndrome;SCN10A:Atrial fibrillation,,,0,0,0,,,,,N-terminal
,LoF variants:,,,,,,,,,V94G,,,Jabbari(2015),doi:10.1161/CIRCGENETICS.113.000442,0,1,0,AF,Jabbari(2015),doi:10.1161/CIRCGENETICS.113.000442,-,N-terminal
102,,L_93,L_94,M_93,L_96,L_96,L_83,L_97,L_91,L_95,L_94,SCN1A:Dravet syndrome,,,0,0,0,,,,,N-terminal
103,,N_94,N_95,N_94,N_97,N_97,N_84,N_98,N_92,N_96,N_95,SCN1A:Dravet syndrome,,,0,0,0,,,,,N-terminal
104,,K_95,K_96,K_95,K_98,K_98,K_85,R_99,K_93,K_97,R_96,N/A,,,0,0,0,,,,,N-terminal
105,,G_96,G_97,G_96,G_99,G_99,N_86,G_100,G_94,G_98,K_97,N/A,,,0,0,0,,,,,N-terminal
106,,K_97,K_98,K_97,K_100,K_100,R_87,K_101,K_95,R_99,R_98,N/A,,,0,0,0,,,,,N-terminal
107,,A_98,A_99,A_98,A_101,T_101,T_88,T_102,T_96,T_100,T_99,N/A,,,0,0,0,,,,,N-terminal
108,,I_99,I_100,I_99,I_102,I_102,I_89,L_103,I_97,I_101,I_100,SCN5A:Long QT syndrome and generalized epilepsy,,,0,0,0,,,,,N-terminal
109,,F_100,S_101,F_100,F_103,F_103,F_90,F_104,F_98,S_102,Y_101,N/A,,,0,0,0,,,,,N-terminal
110,,R_101,R_102,R_101,R_104,R_104,R_91,R_105,R_99,R_103,R_102,"SCN1A:Early infantile epileptic encephalopathy;Severe myoclonic epilepsy in infancy;not provided,not provided,Severe myoclonic epilepsy of infancy,Early infantile epileptic encephalopathy;Severe myoclonic epilepsy in infancy;not provided,Severe myoclonic epilepsy of infancy;SCN2A:not provided;SCN4A:Myopathy- congenital;SCN5A:Brugada syndrome;not provided,Left ventricular dysfunction,Brugada syndrome,Brugada syndrome;Cardiovascular phenotype;not provided,Long QT syndrome,Brugada syndrome",,,0,0,0,,,,,N-terminal
,LoF variants:,,,,R104H,"R104Q, R104W",,,,,,,"Zaharieva(2016),Gutter(2013),Clatot(2012)","10.1093/brain/awv352,10.3389/fphys.2013.00153,10.1093/cvr/cvs211",0,3,0,"CMS, BrS, BrS","Zaharieva(2016),Levy-Nissenbaum(2001),Clatot(2012)","10.1093/brain/awv352,10.1089/109065701753617480,10.1093/cvr/cvs211",0.00000401,N-terminal
111,,F_102,F_103,F_102,F_105,F_105,F_92,F_106,F_100,F_104,F_103,N/A,,,0,0,0,,,,,N-terminal
112,,S_103,S_104,S_103,S_106,S_106,N_93,S_107,N_101,S_105,S_104,"SCN1A:Severe myoclonic epilepsy in infancy,Dravet syndrome,Severe myoclonic epilepsy of infancy",,,0,0,0,,,,,N-terminal
113,,A_104,A_105,A_104,A_107,A_107,A_94,A_108,A_102,A_106,A_105,N/A,,,0,0,0,,,,,N-terminal
114,,T_105,T_106,T_105,T_108,T_108,A_95,T_109,T_103,T_107,K_106,"SCN1A:not provided,Severe myoclonic epilepsy of infancy",,,0,0,0,,,,,N-terminal
115,,S_106,P_107,S_106,P_109,N_109,S_96,P_110,P_104,R_108,H_107,SCN1A:Dravet syndrome;SCN5A:Brugada syndrome,,,0,0,0,,,,,N-terminal
116,,A_107,A_108,A_107,A_110,A_110,I_97,A_111,A_105,A_109,A_108,SCN1A:Dravet syndrome;SCN5A:Long QT syndrome,,,0,0,0,,,,,N-terminal
117,,L_108,L_109,L_108,L_111,L_111,L_98,L_112,L_106,L_110,L_109,"SCN1A:Severe myoclonic epilepsy in infancy,Dravet syndrome",,,0,0,0,,,,,N-terminal
118,,Y_109,Y_110,Y_109,Y_112,Y_112,C_99,Y_113,Y_107,W_111,F_110,N/A,,,0,0,0,,,,,N-terminal
119,,I_110,I_111,I_110,L_113,V_113,T_100,I_114,M_108,L_112,I_111,SCN5A:Long QT syndrome,,,0,0,0,,,,,N-terminal
120,,L_111,L_112,L_111,L_114,L_114,L_101,L_115,L_109,F_113,F_112,N/A,,,0,0,0,,,,,N-terminal
121,,T_112,T_113,T_112,S_115,S_115,S_102,S_116,S_110,S_114,G_113,"SCN1A:Severe myoclonic epilepsy in infancy;not provided,Severe myoclonic epilepsy of infancy;SCN5A:Long QT syndrome",,,0,0,0,,,,,N-terminal
122,,P_113,P_114,P_113,P_116,P_116,P_103,P_117,P_111,P_115,P_114,"SCN1A:Severe myoclonic epilepsy in infancy,Epilepsy and/or neurodevelopmental disorders,Early infantile epileptic encephalopathy;Severe myoclonic epilepsy in infancy;not provided,Dravet syndrome",,,0,0,0,,,,,N-terminal
123,,F_114,F_115,L_114,F_117,F_117,F_104,F_118,F_112,F_116,F_115,N/A,,,0,0,0,,,,,N-terminal
124,,N_115,N_116,N_115,S_118,H_118,N_105,N_119,S_113,N_117,N_116,SCN1A:Dravet syndrome,,,0,0,0,,,,,N-terminal
125,,P_116,P_117,P_116,V_119,P_119,C_106,L_120,P_114,L_118,S_117,N/A,,,0,0,0,,,,,N-terminal
126,,L_117,I_118,V_117,V_120,I_120,I_107,I_121,L_115,I_119,I_118,SCN1A:not provided,,,0,0,0,,,,,N-terminal
127,,R_118,R_119,R_118,R_121,R_121,R_108,R_122,R_116,R_120,R_119,"SCN1A:not provided,Severe myoclonic epilepsy of infancy;SCN5A:Brugada syndrome,Brugada syndrome,Brugada syndrome;Brugada syndrome 1;Cardiovascular phenotype;not provided,Brugada syndrome",,,0,0,0,,,,,N-terminal
,LoF variants:,,,,,R121W,,,,,,,"Clatot(2012),Glazer(2020)","10.1093/cvr/cvs211,10.1016/j.ajhg.2020.05.015",0,1,0,BrS,"Kapplinger(2010),Holst(2010)","10.1016/j.hrthm.2009.09.069,10.1159/000312747",-,N-terminal
128,,K_119,K_120,K_119,R_122,R_122,R_109,R_123,R_117,R_121,S_120,N/A,,,0,0,0,,,,,N-terminal
129,,I_120,L_121,I_120,G_123,A_123,T_110,I_124,I_118,T_122,L_121,N/A,,,0,0,0,,,,,N-terminal
130,,A_121,A_122,A_121,A_124,A_124,T_111,A_125,S_119,A_123,A_122,SCN5A:Brugada syndrome,,,0,0,0,,,,,N-terminal
,LoF variants:,,,,,A124D,,,,,,,Moreau(2012),10.3389/fphar.2012.00062,0,1,0,BrS,Moreau(2012),10.3389/fphar.2012.00062,-,N-terminal
131,,I_122,I_123,I_122,I_125,V_125,I_112,I_126,I_120,I_124,I_123,SCN1A:not provided;SCN9A:Dravet syndrome;SCN5A:Long QT syndrome,,,0,0,0,,,,,N-terminal
132,,K_123,K_124,K_123,K_126,K_126,K_113,K_127,K_121,K_125,R_124,SCN5A:Brugada syndrome,,,0,0,0,,,,,N-terminal
,LoF variants:,,,,,K126E,,,,,,,Gutter(2013),10.3389/fphys.2013.00153,0,1,0,BrS,Gutter(2013),10.3389/fphys.2013.00153,-,N-terminal
133,,I_124,I_125,I_124,V_127,I_127,V_114,I_128,I_122,V_126,V_125,SCN1A:Dravet syndrome,,,0,0,0,,,,,N-terminal
134,,L_125,L_126,L_125,L_128,L_128,L_115,L_129,L_123,S_127,S_126,N/A,,,0,0,0,,,,,N-terminal
135,,V_126,V_127,V_126,I_129,V_129,V_116,I_130,V_124,V_128,V_127,N/A,,,0,0,0,,,,,N-terminal
136,,H_127,H_128,H_127,H_130,H_130,H_117,H_131,H_125,H_129,H_128,"SCN1A:Severe myoclonic epilepsy in infancy,Dravet syndrome,Early infantile epileptic encephalopathy,Epilepsy with febrile seizures plus",,,0,0,0,,,,,N-terminal
137,,S_128,S_129,S_128,A_131,S_131,P_118,S_132,S_126,S_130,S_129,N/A,,,0,0,0,,,,,N-terminal
138,,L_129,L_130,L_129,L_132,L_132,F_119,V_133,L_127,W_131,L_130,N/A,,,0,0,0,,,,,D1S1
139,,F_130,F_131,F_130,F_133,F_133,F_120,F_134,F_128,F_132,F_131,N/A,,,0,0,0,,,,,D1S1
140,,S_131,N_132,S_131,S_134,N_134,Q_121,S_135,S_129,S_133,S_132,SCN1A:Intellectual disability- ataxia- stroke-like episodes & seizures;SCN2A:Epileptic encephalopathy- early onset,,,0,0,0,,,,,D1S1
141,,M_132,M_133,M_132,M_135,M_135,L_122,M_136,M_130,L_134,M_133,SCN8A:Neuralgia- trigeminal,,,0,0,0,,,,,D1S1
142,,L_133,L_134,L_133,F_136,L_136,F_123,I_137,L_131,F_135,F_134,SCN5A:Brugada syndrome,,,0,0,0,,,,,D1S1
,LoF variants:,,,,,L136P,,,,,,,Glazer(2020),10.1016/j.ajhg.2020.05.015,0,1,0,BrS,"Yokokawa(2007),Yamagata(2017)","https://doi.org/10.1016/j.amjcard.2007.03.078,10.1161/circulationaha.117.027983",-,D1S1
143,,I_134,I_135,I_134,I_137,I_137,I_124,I_138,I_132,I_136,I_135,SCN5A:Arrhythmogenic right ventricular dysplasia,,,0,0,0,,,,,D1S1
144,,M_135,M_136,M_135,M_138,M_138,L_125,M_139,M_133,T_137,I_136,"SCN2A:Epileptic encephalopathy- early onset,Ohtahara syndrome- early infantile;SCN5A:Atrial fibrillation",,,0,0,0,,,,,D1S1
,GoF variants:,,,,,,,M139I,,,,,Zaman(2019),10.1002/acn3.50839,1,0,0,EPI,Zaman(2019),10.1002/acn3.50839,-,D1S1
145,,C_136,C_137,C_136,I_139,C_139,I_126,C_140,C_134,V_138,G_137,N/A,,,0,0,0,,,,,D1S1
146,,T_137,T_138,T_137,T_140,T_140,S_127,T_141,T_135,T_139,T_138,N/A,,,0,0,0,,,,,D1S1
147,,I_138,I_139,I_138,I_141,I_141,V_128,I_142,I_136,I_140,V_139,"SCN1A:not provided,Dravet syndrome;SCN9A:Primary erythromelalgia,Erythromelalgia- primary;SCN4A:Paramyotonia congenita of von Eulenburg,Myotonia;SCN5A:Ventricular arrhythmia- exercise-induced",,,0,0,0,,,,,D1S1
,GoF variants:,,,,I141V,,,,I136V,,,,"Petitprez(2008),Cheng(2008)","10.1212/01.wnl.0000335168.86248.55,10.1186/1744-8069-4-1",2,0,0,"PMC, IEM","Petitprez(2008),Lee(2007)","10.1212/01.wnl.0000335168.86248.55,10.1007/s00415-006-0328-3",-,D1S1
148,,L_139,L_140,L_139,L_142,L_142,L_129,L_143,L_137,L_141,I_140,N/A,,,0,0,0,,,,,D1S1
149,,T_140,T_141,T_140,T_143,T_143,I_130,T_144,T_138,V_142,I_141,SCN1A:Dravet syndrome,,,0,0,0,,,,,D1S1
150,,N_141,N_142,N_141,N_144,N_144,D_131,N_145,N_139,N_143,N_142,SCN1A:Early infantile epileptic encephalopathy,,,0,0,0,,,,,D1S1
151,,C_142,C_143,C_142,C_145,C_145,C_132,C_146,C_140,C_144,C_143,N/A,,,0,0,0,,,,,D1S1
152,,V_143,V_144,V_143,V_146,V_146,V_133,V_147,I_141,V_145,V_144,SCN1A:Dravet syndrome;SCN5A:Brugada syndrome,,,0,0,0,,,,,D1S1
153,,F_144,F_145,F_144,F_147,F_147,F_134,F_148,F_142,C_146,F_145,N/A,,,0,0,0,,,,,D1S1
154,,M_145,M_146,M_145,M_148,M_148,M_135,M_149,M_143,M_147,M_146,"SCN1A:Generalized epilepsy with febrile seizures plus- type 2;not provided,not provided,Febrile seizures,Epilepsy and/or neurodevelopmental disorders,Severe myoclonic epilepsy in infancy,Dravet syndrome",,,0,0,0,,,,,D1S1
,LoF variants:,M145T,,,,,,,,,,,Mantegazza(2005),10.1523/jneurosci.0104-05.2005,0,1,0,EPI,Mantegazza(2005),10.1523/jneurosci.0104-05.2005,-,D1S1
155,,-,-,-,-,-,-,-,-,-,A_147,N/A,,,0,0,0,,,,,D1S1
156,,-,-,-,-,-,-,-,-,-,T_148,N/A,,,0,0,0,,,,,D1S1
157,,-,-,-,-,-,-,-,-,-,G_149,N/A,,,0,0,0,,,,,D1S1
158,,-,-,-,-,-,-,-,-,-,P_150,N/A,,,0,0,0,,,,,D1S1
159,,T_146,T_147,T_146,T_149,A_149,S_136,T_150,T_144,T_148,A_151,SCN1A:Epilepsy;SCN5A:Sudden unexplained death,,,0,0,0,,,,,D1S1
160,,M_147,M_148,L_147,M_150,Q_150,L_137,F_151,M_145,R_149,K_152,N/A,,,0,0,0,,,,,D1S1
161,,S_148,S_149,S_148,S_151,H_151,T_138,S_152,N_146,T_150,N_153,N/A,,,0,0,0,,,,,D1S1-2 linker
162,,N_149,N_150,N_149,D_152,D_152,N_139,N_153,N_147,D_151,S_154,N/A,,,0,0,0,,,,,D1S1-2 linker
163,,P_150,P_151,P_150,P_153,P_153,L_140,P_154,P_148,L_152,N_155,N/A,,,0,0,0,,,,,D1S1-2 linker
164,,P_151,P_152,P_151,P_154,P_154,P_141,P_155,P_149,P_153,S_156,"SCN9A:Febrile seizures- familial- 3b,Febrile seizures",,,0,0,0,,,,,D1S1-2 linker
165,,D_152,D_153,D_152,P_155,P_155,K_142,D_156,D_150,E_154,N_157,N/A,,,0,0,0,,,,,D1S1-2 linker
166,,W_153,W_154,W_153,W_156,W_156,W_143,W_157,W_151,-,N_158,N/A,,,0,0,0,,,,,D1S1-2 linker
167,,T_154,T_155,T_154,S_157,T_157,R_144,S_158,T_152,-,T_159,N/A,,,0,0,0,,,,,D1S1-2 linker
168,,K_155,K_156,K_155,K_158,K_158,P_145,K_159,K_153,-,D_160,N/A,,,0,0,0,,,,,D1S2
169,,N_156,N_157,N_156,N_159,Y_159,V_146,N_160,N_154,K_155,I_161,N/A,,,0,0,0,,,,,D1S2
170,,V_157,V_158,V_157,V_160,V_160,L_147,V_161,V_155,I_156,A_162,N/A,,,0,0,0,,,,,D1S2
171,,E_158,E_159,E_158,E_161,E_161,E_148,E_162,E_156,E_157,E_163,"SCN1A:Epilepsy and/or neurodevelopmental disorders;SCN5A:Brugada syndrome,Brugada syndrome,Brugada syndrome",,,0,0,0,,,,,D1S2
,LoF variants:,,,,,E161K,,,,,,,Smits(2005a),10.1016/j.yjmcc.2005.02.024,0,1,0,BrS,Smits(2005a),10.1016/j.yjmcc.2005.02.024,0.00000415,D1S2
172,,Y_159,Y_160,Y_159,Y_162,Y_162,N_149,Y_163,Y_157,Y_158,C_164,SCN10A:Atrial fibrillation- early-onset,,,0,0,0,,,,,D1S2
173,,T_160,T_161,T_160,T_163,T_163,T_150,T_164,T_158,V_159,V_165,N/A,,,0,0,0,,,,,D1S2
174,,F_161,F_162,F_161,F_164,F_164,L_151,F_165,F_159,F_160,F_166,N/A,,,0,0,0,,,,,D1S2
175,,T_162,T_163,T_162,T_165,T_165,L_152,T_166,T_160,T_161,T_167,"SCN1A:Dravet syndrome,Severe myoclonic epilepsy of infancy;SCN8A:not provided",,,0,0,0,,,,,D1S2
176,,G_163,G_164,G_163,G_166,A_166,G_153,G_167,G_161,V_162,G_168,SCN1A:Dravet syndrome,,,0,0,0,,,,,D1S2
177,,I_164,I_165,I_164,I_167,I_167,I_154,I_168,I_162,I_163,I_169,N/A,,,0,0,0,,,,,D1S2
178,,Y_165,Y_166,Y_165,Y_168,Y_168,Y_155,Y_169,Y_163,Y_164,Y_170,SCN1A:Severe myoclonic epilepsy in infancy,,,0,0,0,,,,,D1S2
179,,T_166,T_167,T_166,T_169,T_169,T_156,T_170,T_164,T_165,I_171,N/A,,,0,0,0,,,,,D1S2
180,,F_167,F_168,F_167,F_170,F_170,F_157,F_171,F_165,F_166,F_172,N/A,,,0,0,0,,,,,D1S2
181,,E_168,E_169,E_168,E_171,E_171,E_158,E_172,E_166,E_167,E_173,SCN2A:Epileptic encephalopathy- early onset,,,0,0,0,,,,,D1S2
182,,S_169,S_170,S_169,S_172,S_172,I_159,S_173,S_167,A_168,A_174,"SCN1A:Severe myoclonic epilepsy in infancy;not provided,Dravet syndrome",,,0,0,0,,,,,D1S2
183,,L_170,L_171,L_170,L_173,L_173,L_160,L_174,L_168,L_169,L_175,SCN1A:not provided,,,0,0,0,,,,,D1S2
184,,I_171,I_172,I_171,I_174,V_174,V_161,V_175,V_169,I_170,I_176,"SCN1A:Severe myoclonic epilepsy of infancy,Dravet syndrome",,,0,0,0,,,,,D1S2
185,,K_172,K_173,K_172,K_175,K_175,K_162,K_176,K_170,K_171,K_177,SCN5A:Brugada syndrome,,,0,0,0,,,,,D1S2
,LoF variants:,,,,,K175N,,,,,,,Glazer(2020),10.1016/j.ajhg.2020.05.015,0,1,0,BrS,Kapplinger(2010),10.1016/j.hrthm.2009.09.069,-,D1S2
186,,I_173,I_174,I_173,I_176,I_176,L_163,I_177,I_171,I_172,I_178,SCN5A:Long QT syndrome,,,0,0,0,,,,,D1S2
187,,I_174,L_175,L_174,L_177,L_177,F_164,I_178,L_172,L_173,L_179,N/A,,,0,0,0,,,,,D1S2
188,,A_175,A_176,A_175,A_178,A_178,A_165,A_179,A_173,A_174,A_180,"SCN1A:Dravet syndrome,Severe myoclonic epilepsy of infancy;SCN5A:Brugada syndrome",,,0,0,0,,,,,D1S2
,LoF variants:,,,,,A178G,,,,,,,Glazer(2020),10.1016/j.ajhg.2020.05.015,0,1,0,BrS,Kapplinger(2010),10.1016/j.hrthm.2009.09.069,-,D1S2-3 linker
189,,R_176,R_177,R_176,R_179,R_179,R_166,R_180,R_174,R_175,R_181,N/A,,,0,0,0,,,,,D1S2-3 linker
190,,G_177,G_178,G_177,G_180,G_180,G_167,G_181,G_175,G_176,G_182,"SCN1A:Severe myoclonic epilepsy in infancy,Dravet syndrome,Severe myoclonic epilepsy of infancy,Dravet syndrome,Dravet syndrome;SCN5A:not provided",,,0,0,0,,,,,D1S2-3 linker
,LoF variants:,"G177A, G177E",,,,,,,,,,,"Nissenkorn(2019),Ohmori(2006)","10.1371/journal.pone.0211901,10.1111/j.1528-1167.2006.00643.x",0,2,0,"EPI,EPI","Nissenkorn(2019),Ohmori(2006)","10.1371/journal.pone.0211901,10.1111/j.1528-1167.2006.00643.x",-,D1S2-3 linker
191,,F_178,F_179,F_178,F_181,F_181,V_168,F_182,F_176,F_177,F_183,SCN1A:Intractable epilepsy,,,0,0,0,,,,,D1S2-3 linker
192,,C_179,C_180,C_179,C_182,C_182,W_169,C_183,C_177,C_178,I_184,SCN1A:Severe myoclonic epilepsy of infancy;SCN5A:Brugada syndrome,,,0,0,0,,,,,D1S2-3 linker
193,,L_180,L_181,L_180,V_183,L_183,A_170,I_184,V_178,L_179,L_185,N/A,,,0,0,0,,,,,D1S2-3 linker
194,,E_181,E_182,E_181,D_184,H_184,G_171,D_185,G_179,N_180,D_186,N/A,,,0,0,0,,,,,D1S2-3 linker
195,,D_182,D_183,D_182,D_185,A_185,S_172,G_186,E_180,E_181,E_187,"SCN5A:Brugada syndrome,Long QT syndrome",,,0,0,0,,,,,D1S2-3 linker
196,,F_183,F_184,F_183,F_186,F_186,F_173,F_187,F_181,F_182,F_188,N/A,,,0,0,0,,,,,D1S2-3 linker
197,,T_184,T_185,T_184,T_187,T_187,S_174,T_188,T_182,T_183,S_189,SCN2A:not provided;SCN5A:Brugada syndrome,,,0,0,0,,,,,D1S2-3 linker
,LoF variants:,,,,,T187I,,,,,,,Makiyama(2005),10.1016/j.jacc.2005.08.043,0,1,0,BrS,Makiyama(2005),10.1016/j.jacc.2005.08.043,-,D1S2-3 linker
198,,F_185,F_186,F_185,F_188,F_188,F_175,F_189,F_183,Y_184,F_190,N/A,,,0,0,0,,,,,D1S2-3 linker
199,,L_186,L_187,L_186,L_189,L_189,L_176,L_190,L_184,L_185,L_191,SCN1A:Early infantile epileptic encephalopathy,,,0,0,0,,,,,D1S2-3 linker
200,,R_187,R_188,R_187,R_190,R_190,G_177,R_191,R_185,R_186,R_192,"SCN2A:Benign familial neonatal-infantile seizures,Febrile and afebrile seizures;SCN9A:Small fibre neuropathy;SCN5A:Long QT syndrome,Long QT syndrome",,,0,0,0,,,,,D1S2-3 linker
,Mixed variants:,,R188W,,,,,,,,,,Sugawara(2001),10.1212/wnl.57.4.703,0,0,1,EPI,Sugawara(2001),10.1212/wnl.57.4.703,0.0000199,D1S2-3 linker
201,,D_188,D_189,D_188,D_191,D_191,D_178,D_192,D_186,D_187,D_193,"SCN1A:Early infantile epileptic encephalopathy;Generalized epilepsy with febrile seizures plus- type 1;Generalized epilepsy with febrile seizures plus- type 2,Generalized epilepsy with febrile seizures plus",,,0,0,0,,,,,D1S2-3 linker
202,,P_189,P_190,P_189,P_192,P_192,P_179,P_193,P_187,P_188,P_194,N/A,,,0,0,0,,,,,D1S2-3 linker
203,,W_190,W_191,W_190,W_193,W_193,W_180,W_194,W_188,W_189,W_195,"SCN1A:Severe myoclonic epilepsy in infancy,Severe myoclonic epilepsy of infancy;SCN2A:Focal epilepsy,Focal epilepsy- drug-resistant,Epilepsy of infancy with migrating focal seizures",,,0,0,0,,,,,D1S3
204,,N_191,N_192,N_191,N_194,N_194,N_181,N_195,N_189,N_190,N_196,"SCN1A:Dravet syndrome,Dravet syndrome,Dravet syndrome",,,0,0,0,,,,,D1S3
205,,W_192,W_193,W_192,W_195,W_195,W_182,W_196,W_190,W_191,W_197,N/A,,,0,0,0,,,,,D1S3
206,,L_193,L_194,L_193,L_196,L_196,L_183,L_197,L_191,L_192,L_198,SCN1A:Generalized epilepsy with febrile seizures plus,,,0,0,0,,,,,D1S3
207,,D_194,D_195,D_194,D_197,D_197,D_184,D_198,D_192,D_193,D_199,"SCN1A:Dravet syndrome,Dravet syndrome,Early infantile epileptic encephalopathy;Severe myoclonic epilepsy in infancy;not provided,Early infantile epileptic encephalopathy,Severe myoclonic epilepsy of infancy",,,0,0,0,,,,,D1S3
208,,F_195,F_196,F_195,F_198,F_198,F_185,F_199,F_193,F_194,S_200,N/A,,,0,0,0,,,,,D1S3
209,,T_196,T_197,S_196,S_199,S_199,S_186,S_200,V_194,S_195,I_201,N/A,,,0,0,0,,,,,D1S3
210,,V_197,V_198,V_197,V_200,V_200,V_187,V_201,V_195,V_196,V_202,N/A,,,0,0,0,,,,,D1S3
211,,I_198,I_199,I_198,I_201,I_201,T_188,I_202,I_196,I_197,I_203,N/A,,,0,0,0,,,,,D1S3
212,,T_199,T_200,V_199,M_202,I_202,V_189,M_203,V_197,T_198,G_204,SCN1A:Severe myoclonic epilepsy of infancy,,,0,0,0,,,,,D1S3
213,,F_200,F_201,M_200,M_203,M_203,F_190,M_204,F_198,L_199,I_205,SCN4A:Myopathy- congenital,,,0,0,0,,,,,D1S3
214,,A_201,A_202,A_201,A_204,A_204,E_191,A_205,A_199,A_200,A_206,"SCN1A:Dravet syndrome,Dravet syndrome,Dravet syndrome;SCN2A:Seizures- benign neonatal;SCN8A:not provided,not provided,Epilepsy and/or neurodevelopmental disorders;SCN4A:Periodic paralysis;SCN5A:not provided,Brugada syndrome;SCN10A:Brugada syndrome",,,0,0,0,,,,,D1S3
215,,Y_202,Y_203,Y_202,Y_205,Y_205,V_192,Y_206,Y_200,Y_201,I_207,N/A,,,0,0,0,,,,,D1S3
216,,V_203,V_204,V_203,L_206,V_206,I_193,I_207,L_201,V_202,V_208,N/A,,,0,0,0,,,,,D1S3
217,,T_204,T_205,T_204,T_207,S_207,I_194,T_208,T_202,G_203,S_209,N/A,,,0,0,0,,,,,D1S3
218,,E_205,E_206,E_205,E_208,E_208,R_195,E_209,E_203,T_204,Y_210,N/A,,,0,0,0,,,,,D1S3
219,,F_206,F_207,F_206,F_209,N_209,Y_196,F_210,F_204,A_205,I_211,"SCN2A:not provided,Seizures- benign neonatal;SCN8A:Epileptic encephalopathy,Early infantile epileptic encephalopathy 13",,,0,0,0,,,,,D1S3
220,,V_207,V_208,V_207,V_210,I_210,S_197,V_211,V_205,I_206,P_212,SCN1A:Epileptic encephalopathy- early infantile;SCN2A:Seizures- benign infantile,,,0,0,0,,,,,D1S3
,GoF variants:,,V208E,,,,,,,,,,Lauxmann(2018),10.1002/humu.23619,1,0,0,EPI,"Lauxmann(2018),Lemke(2012)","10.1002/humu.23619,10.1111/j.1528-1167.2012.03516.x",-,D1S3-4 linker
221,,D_208,N_209,D_208,D_211,K_211,P_198,N_212,N_206,D_207,G_213,N/A,,,0,0,0,,,,,D1S3-4 linker
222,,L_209,L_210,L_209,L_212,L_212,L_199,L_213,L_207,L_208,I_214,SCN3A:atypical cerebral palsy;SCN5A:Brugada syndrome,,,0,0,0,,,,,D1S3-4 linker
223,,G_210,G_211,G_210,G_213,G_213,D_200,G_214,G_208,R_209,T_215,"SCN1A:Dravet syndrome;SCN2A:West syndrome with hypotonia;SCN8A:Early infantile epileptic encephalopathy 13,Infantile spasms",,,0,0,0,,,,,D1S3-4 linker
224,,-,-,-,-,-,-,-,-,-,I_216,N/A,,,0,0,0,,,,,D1S3-4 linker
225,,N_211,N_212,N_211,N_214,N_214,F_201,N_215,N_209,G_210,K_217,"SCN1A:not provided;SCN2A:Ohtahara syndrome;SCN8A:Early infantile epileptic encephalopathy 13,Epileptic encephalopathy",,,0,0,0,,,,,D1S3-4 linker
226,,V_212,V_213,V_212,I_215,L_215,I_202,V_216,V_210,I_211,L_218,"SCN1A:Dravet syndrome;SCN2A:Epileptic encephalopathy- early onset;SCN8A:Early infantile epileptic encephalopathy 13,Early infantile epileptic encephalopathy 13,Epileptic encephalopathy- infantile",,,0,0,0,,,,,D1S3-4 linker
227,,S_213,S_214,S_213,S_216,S_216,P_203,S_217,S_211,S_212,L_219,"SCN2A:not provided,Malignant migrating partial seizures of infancy;SCN9A:Erythromelalgia- primary;SCN8A:not provided",,,0,0,0,,,,,D1S3-4 linker
,GoF variants:,,,,,,,,S211P,,,,Estacion(2010),10.1186/1744-8069-6-35,1,0,0,IEM,Estacion(2010),10.1186/1744-8069-6-35,-,D1S3-4 linker
228,,A_214,A_215,A_214,A_217,A_217,T_204,A_218,A_212,G_213,P_220,"SCN2A:not provided,Epilepsy and/or neurodevelopmental disorders",,,0,0,0,,,,,D1S4
229,,L_215,L_216,L_215,L_218,L_218,L_205,L_219,L_213,L_214,L_221,"SCN2A:not provided,Epileptic encephalopathy- early infantile",,,0,0,0,,,,,D1S4
230,,R_216,R_217,R_216,R_219,R_219,Q_206,R_220,R_214,R_215,R_222,"SCN5A:Cardiomyopathy- dilated;SCN11A:Episodic pain syndrome,Episodic pain syndrome",,,0,0,0,,,,,D1S4
,GoF variants:,,,,,,,,,,R222H,,Han(2017),10.1136/jnnp-2016-313804,1,0,0,PPN,"Han(2017),Okuda(2016)","10.1136/jnnp-2016-313804,10.1371/journal.pone.0154827",-,D1S4
231,,T_217,T_218,T_217,T_220,T_220,T_207,T_221,T_215,T_216,T_223,SCN1A:Severe myoclonic epilepsy of infancy;SCN2A:Epilepsy of infancy with migrating focal seizures;SCN5A:Nodal rhythm,,,0,0,0,,,,,D1S4
232,,F_218,F_219,F_218,F_221,F_221,A_208,F_222,F_216,F_217,F_224,"SCN1A:History of neurodevelopmental disorder,Generalized epilepsy with febrile seizures plus 2;SCN9A:Primary erythromelalgia,Erythromelalgia- primary",,,0,0,0,,,,,D1S4
,GoF variants:,,,,,,,,F216S,,,,"Choi(2006),Sheets(2007)","10.1212/01.wnl.0000231514.33603.1e,10.1113/jphysiol.2006.127027",1,0,0,IEM,"Drenth(2005),Kim(2013)","10.1111/j.0022-202X.2005.23737.x,10.1007/s10286-012-0181-7",-,D1S4
233,,R_219,R_220,R_219,R_222,R_222,R_209,R_223,R_217,R_218,R_225,"SCN1A:not provided,not provided,Epilepsy and/or neurodevelopmental disorders,Dravet syndrome;SCN2A:Benign familial neonatal-infantile seizures;Early infantile epileptic encephalopathy 11,Epileptic encephalopathy;SCN8A:Early infantile epileptic encephalopathy 13,Epileptic encephalopathy,Epileptic encephalopathy- infantile;SCN4A:Congenital myasthenic syndrome- acetazolamide-responsive;Hyperkalemic Periodic Paralysis Type 1;Hyperkalemic Periodic Paralysis Type 1;Hypokalemic periodic paralysis 1;Hypokalemic periodic paralysis- type 2;Hypokalemic periodic paralysis- type 2;Paramyotonia congenita of von Eulenburg;Potassium aggravated myotonia,Hypokalaemic periodic paralysis;SCN5A:Atrial fibrillation- familial- 10;Brugada syndrome;Brugada syndrome 1;Congenital long QT syndrome;Dilated cardiomyopathy 1E;Dilated cardiomyopathy 1E;Long QT syndrome 3;Long QT syndrome 3;Paroxysmal familial ventricular fibrillation 1;Primary dilated cardiomyopathy;Progressive familial heart block type 1A;SUDDEN INFANT DEATH SYNDROME;Sick sinus syndrome 1- autosomal recessive;not provided,Cardiomyopathy- dilated,not provided,Atrial standstill;SCN11A:Episodic pain syndrome- familial- 3,Episodic pain syndrome",,,0,0,0,,,,,D1S4
,LoF variants:,,,,,,,R223G,,,,,DeKovel(2014),10.1016/j.eplepsyres.2014.08.020,0,1,0,EPI,DeKovel(2014),10.1016/j.eplepsyres.2014.08.020,-,D1S4
234,,V_220,V_221,V_220,V_223,V_223,T_210,V_224,V_218,V_219,V_226,"SCN1A:Malignant migrating partial seizures in infancy;SCN5A:Sudden unexpected death in epilepsy,Brugada syndrome",,,0,0,0,,,,,D1S4
,LoF variants:,,,,,V223L,,,,,,,Glazer(2020),10.1016/j.ajhg.2020.05.015,0,1,0,BrS,Kapplinger(2010),10.1016/j.hrthm.2009.09.069,-,D1S4
235,,L_221,L_222,L_221,L_224,L_224,L_211,L_225,L_219,L_220,F_227,"SCN1A:not provided,Epilepsy and/or neurodevelopmental disorders,Familial hemiplegic migraine type 3;Generalized epilepsy with febrile seizures plus- type 2;Severe myoclonic epilepsy in infancy;not provided",,,0,0,0,,,,,D1S4
236,,R_222,R_223,R_222,R_225,R_225,R_212,R_226,R_220,R_221,R_228,"SCN2A:Benign familial neonatal-infantile seizures;Benign familial neonatal-infantile seizures;Early infantile epileptic encephalopathy 11,Neonatal-infantile seizures;SCN8A:Cognitive impairment with or without cerebellar ataxia;Early infantile epileptic encephalopathy 13;Seizures- benign familial infantile- 5;SCN4A:Myotonia- non-dystrophic;SCN5A:Long QT syndrome,Cardiomyopathy- multifocal ventricular ectopy-associated,Brugada syndrome;Cardiac conduction defect- nonspecific;Cardiovascular phenotype;Congenital long QT syndrome;Long QT syndrome 3;not provided,Cardiac conduction disease",,,0,0,0,,,,,D1S4
,LoF variants:,,,,R225W,R225W,,,,,,,"Zaharieva(2016),Bezzina(2003)","10.1093/brain/awv352,10.1161/01.res.0000052672.97759.36",0,2,0,"CMS, LQT3, BrS","Zaharieva(2016),Kapplinger(2009),Kapplinger(2010)","10.1093/brain/awv352,10.1016/j.hrthm.2009.05.021,10.1016/j.hrthm.2009.09.069",-,D1S4
,GoF variants:,,,,,R225P,,,,,,,Beckermann(2014),10.1016/j.hrthm.2014.04.042,1,0,0,LQT3,Beckermann(2014),10.1016/j.hrthm.2014.04.042,-,D1S4
237,,A_223,A_224,A_223,A_226,A_226,I_213,A_227,A_221,A_222,A_229,"SCN1A:Dravet syndrome,not provided;SCN5A:Brugada syndrome,Ventricular fibrillation- idiopathic",,,0,0,0,,,,,D1S4
,LoF variants:,,,,,A226V,,,,,,,Tan(2016),10.1093/europace/euv058,0,1,0,BrS,Tan(2016),10.1093/europace/euv058,-,D1S4
238,,L_224,L_225,L_224,L_227,L_227,L_214,L_228,L_222,L_223,L_230,"SCN1A:not provided,Epilepsy and/or neurodevelopmental disorders",,,0,0,0,,,,,D1S4
239,,K_225,K_226,K_225,K_228,K_228,K_215,K_229,K_223,K_224,K_231,"SCN1A:Severe myoclonic epilepsy in infancy;not provided,Dravet syndrome,Early infantile epileptic encephalopathy",,,0,0,0,,,,,D1S4
240,,T_226,T_227,T_226,T_229,T_229,I_216,T_230,T_224,T_225,A_232,"SCN1A:Early infantile epileptic encephalopathy;Familial hemiplegic migraine type 3;Generalized epilepsy with febrile seizures plus- type 2;Severe myoclonic epilepsy in infancy;Severe myoclonic epilepsy in infancy;not provided,not provided,Dravet syndrome,Severe myoclonic epilepsy of infancy,Severe myoclonic epilepsy of infancy;SCN2A:Encephalopathy with late-onset epilepsy",,,0,0,0,,,,,D1S4
,Mixed variants:,T226M,,,,,,,,,,,Berecki(2019),10.1002/ana.25438,0,0,1,EPI,Sadleir(2017),10.1212/wnl.0000000000004331,-,D1S4
241,,I_227,I_228,I_227,I_230,I_230,I_217,I_231,I_225,V_226,I_233,"SCN1A:Early infantile epileptic encephalopathy;Severe myoclonic epilepsy in infancy;not provided,Severe myoclonic epilepsy of infancy;SCN5A:Cardiac conduction disease,Brugada syndrome",,,0,0,0,,,,,D1S4
,LoF variants:,I227S,,,,,,,,,,,Ohmori(2006),10.1111/j.1528-1167.2006.00643.x,0,1,0,EPI,Nabbout(2003),10.1212/01.wnl.0000069463.41870.2f,-,D1S4
242,,S_228,S_229,S_228,T_231,S_231,P_218,S_232,S_226,S_227,S_234,"SCN1A:Severe myoclonic epilepsy in infancy,Dravet syndrome;SCN2A:Benign familial neonatal-infantile seizures;Early infantile epileptic encephalopathy 11;SCN8A:Epileptic encephalopathy;SCN4A:Inborn genetic diseases",,,0,0,0,,,,,D1S4
243,,V_229,V_230,V_229,V_232,V_232,L_219,V_233,V_227,V_228,V_235,"SCN8A:Cognitive impairment with or without cerebellar ataxia;Early infantile epileptic encephalopathy 13;Seizures- benign familial infantile- 5,Epilepsy & intellectual disability,Epilepsy & intellectual disability",,,0,0,0,,,,,D1S4
244,,I_230,I_231,I_230,I_233,I_233,N_220,I_234,I_228,I_229,V_236,SCN9A:Dravet syndrome,,,0,0,0,,,,,D1S4
245,,P_231,P_232,P_231,P_234,P_234,Q_221,P_235,P_229,P_230,S_237,SCN1A:Dravet syndrome- atypical,,,0,0,0,,,,,D1S4-5 linker
246,,G_232,G_233,G_232,G_235,G_235,G_222,G_236,G_230,G_231,R_238,SCN1A:Dravet syndrome,,,0,0,0,,,,,D1S4-5 linker
247,,L_233,L_234,L_233,L_236,L_236,L_223,L_237,L_231,L_232,L_239,N/A,,,0,0,0,,,,,D1S4-5 linker
248,,K_234,K_235,K_234,K_237,K_237,K_224,K_238,K_232,K_233,K_240,N/A,,,0,0,0,,,,,D1S4-5 linker
249,,T_235,T_236,T_235,T_238,T_238,S_225,T_239,T_233,V_234,V_241,SCN1A:Generalized epilepsy with febrile seizures plus;SCN2A:Ohtahara syndrome;SCN8A:Epileptic encephalopathy- early onset,,,0,0,0,,,,,D1S4-5 linker
250,,I_236,I_237,I_236,I_239,I_239,L_226,I_240,I_234,I_235,I_242,"SCN1A:not provided;SCN2A:Encephalopathy with early-onset epilepsy;SCN9A:Erythromelalgia- primary;SCN8A:not provided,not provided,Epileptic encephalopathy;SCN5A:Long QT syndrome,Congenital long QT syndrome",,,0,0,0,,,,,D1S4-5 linker
,GoF variants:,,,,,,,,I234T,,,,Ahn(2010),10.1016/j.ejpain.2010.03.007,1,0,0,IEM,Ahn(2010),10.1016/j.ejpain.2010.03.007,-,D1S4-5 linker
251,,V_237,V_238,V_237,V_240,V_240,V_227,V_241,V_235,V_236,V_243,SCN5A:Long QT syndrome,,,0,0,0,,,,,D1S4-5 linker
252,,G_238,G_239,G_238,G_241,G_241,G_228,G_242,G_236,G_237,G_244,N/A,,,0,0,0,,,,,D1S4-5 linker
253,,A_239,A_240,A_239,A_242,A_242,V_229,A_243,A_237,A_238,A_245,"SCN1A:Severe myoclonic epilepsy of infancy,Severe myoclonic epilepsy in infancy,Severe myoclonic epilepsy of infancy;SCN2A:not provided,Epilepsy of infancy with migrating focal seizures,not provided",,,0,0,0,,,,,D1S4-5 linker
254,,L_240,L_241,L_240,L_243,L_243,L_230,L_244,L_238,L_239,L_246,"SCN1A:Seizures,Generalized epilepsy with febrile seizures plus",,,0,0,0,,,,,D1S4-5 linker
255,,I_241,I_242,I_241,I_244,I_244,I_231,I_245,I_239,I_240,L_247,N/A,,,0,0,0,,,,,D1S4-5 linker
256,,Q_242,Q_243,Q_242,Q_245,Q_245,H_232,Q_246,Q_240,H_241,R_248,SCN5A:Long QT syndrome,,,0,0,0,,,,,D1S4-5 linker
257,,S_243,S_244,S_243,S_246,S_246,C_233,S_247,S_241,S_242,S_249,"SCN1A:Severe myoclonic epilepsy in infancy,Dravet syndrome,Dravet syndrome;SCN9A:Erythromelalgia- primary",,,0,0,0,,,,,D1S4-5 linker
,GoF variants:,,,,,,,,S241T,S242T,,,"Lampert(2006),Han(2018)","10.1007/s00221-006-0511-x,10.1124/mol.118.113076",2,0,0,"IEM, PPN","Lampert(2006),Michiels(2005),Han(2018)","10.1007/s00221-006-0511-x,10.1001/archneur.62.10.1587,10.1124/mol.118.113076",-; 0.000191,D1S4-5 linker
258,,V_244,V_245,V_244,V_247,V_247,L_234,V_248,V_242,V_243,V_250,SCN1A:not provided;SCN5A:Long QT syndrome,,,0,0,0,,,,,D1S4-5 linker
259,,K_245,K_246,K_245,K_248,K_248,K_235,K_249,K_243,K_244,K_251,N/A,,,0,0,0,,,,,D1S4-5 linker
260,,K_246,K_247,K_246,K_249,K_249,Q_236,K_250,K_244,K_245,K_252,N/A,,,0,0,0,,,,,D1S4-5 linker
261,,L_247,L_248,L_247,L_250,L_250,L_237,L_251,L_245,L_246,L_253,"SCN1A:not provided;SCN2A:PEHO syndrome;SCN3A:Epilepsy- focal;SCN9A:Erythromelalgia- primary;SCN8A:Epileptic encephalopathy- early infantile;SCN4A:not provided,Isolated eyelid closure myotonia;SCN5A:Brugada syndrome",,,0,0,0,,,,,D1S4-5 linker
,LoF variants:,,,L247P,,,,,,,,,Lamar(2017),10.1016/j.nbd.2017.02.006,0,1,0,EPI,Lamar(2017),10.1016/j.nbd.2017.02.006,-,D1S4-5 linker
262,,S_248,S_249,S_248,S_251,A_251,I_238,S_252,S_246,A_247,V_254,N/A,,,0,0,0,,,,,D1S4-5 linker
263,,D_249,D_250,D_249,D_252,D_252,G_239,D_253,D_247,D_248,N_255,SCN1A:Severe myoclonic epilepsy in infancy,,,0,0,0,,,,,D1S4-5 linker
,LoF variants:,D249E,,,,,,,,,,,Kluckova(2020),10.1038/s41598-020-67215-y,0,1,0,EPI,Kluckova(2020),10.1038/s41598-020-67215-y,-,D1S4-5 linker
264,,V_250,V_251,V_250,V_253,V_253,V_240,V_254,V_248,V_249,V_256,"SCN1A:not provided,not provided,Abnormality of the nervous system;SCN2A:Epileptic encephalopathy,Epileptic encephalopathy- neonatal,Epilepsy- benign infantile",,,0,0,0,,,,,D1S5
265,,M_251,M_252,M_251,M_254,M_254,I_241,M_255,M_249,T_250,I_257,"SCN1A:Early infantile epileptic encephalopathy;SCN2A:Benign familial neonatal-infantile seizures,Neonatal-infantile seizures",,,0,0,0,,,,,D1S5
266,,I_252,I_253,I_252,I_255,V_255,I_242,I_256,I_250,I_251,I_258,"SCN1A:Intractable epilepsy,Severe myoclonic epilepsy of infancy",,,0,0,0,,,,,D1S5
267,,L_253,L_254,L_253,L_256,L_256,L_243,L_257,L_251,L_252,L_259,SCN8A:not provided,,,0,0,0,,,,,D1S5
268,,T_254,T_255,T_254,T_257,T_257,T_244,T_258,T_252,T_253,T_260,SCN1A:Febrile seizures plus;SCN8A:SCN8A-related epileptic disorder,,,0,0,0,,,,,D1S5
269,,V_255,V_256,V_255,V_258,V_258,L_245,V_259,V_253,I_254,F_261,SCN5A:Long QT syndrome,,,0,0,0,,,,,D1S5
270,,F_256,F_257,F_256,F_259,F_259,F_246,F_260,F_254,F_255,F_262,"SCN8A:Early infantile epileptic encephalopathy 13,Epileptic encephalopathy",,,0,0,0,,,,,D1S5
271,,C_257,C_258,C_257,C_260,C_260,F_247,C_261,C_255,C_256,C_263,"SCN1A:Severe myoclonic epilepsy in infancy;not provided,Dravet syndrome;SCN8A:Epilepsy- early-onset",,,0,0,0,,,,,D1S5
272,,L_258,L_259,L_258,L_261,L_261,L_248,L_262,L_256,L_257,L_264,SCN2A:not provided,,,0,0,0,,,,,D1S5
273,,S_259,S_260,S_259,S_262,S_262,S_249,S_263,S_257,S_258,S_265,"SCN1A:Seizures;Severe myoclonic epilepsy in infancy,Dravet syndrome;SCN5A:Brugada syndrome",,,0,0,0,,,,,D1S5
,LoF variants:,S259R,,,,,,,,,,,Nissenkorn(2019),10.1371/journal.pone.0211901,0,1,0,EPI,Nissenkorn(2019),10.1371/journal.pone.0211901,-,D1S5
274,,V_260,V_261,V_260,V_263,V_263,I_250,V_264,V_258,V_259,I_266,"SCN2A:not provided,Neonatal-infantile seizures",,,0,0,0,,,,,D1S5
275,,F_261,F_262,F_261,F_264,F_264,F_251,F_265,F_259,F_260,F_267,SCN2A:Epileptic encephalopathy,,,0,0,0,,,,,D1S5
276,,A_262,A_263,A_262,A_265,A_265,S_252,A_266,A_260,A_261,A_268,"SCN2A:Epileptic encephalopathy- early onset,Benign familial neonatal-infantile seizures;Early infantile epileptic encephalopathy 11;Epileptic encephalopathy;SCN2A-related condition;not provided,Early infantile epileptic encephalopathy 11,Neonatal epilepsy- late-onset ataxia- myoclonus & pain",,,0,0,0,,,,,D1S5
,GoF variants:,,A263V,,,,,,,,,,Liao(2010a),10.1212/WNL.0b013e3181f8812e,1,0,0,EPI,"Liao(2010a),Schwarz(2016)","10.1212/WNL.0b013e3181f8812e,10.1007/s00415-015-7984-0",-,D1S5
277,,L_263,L_264,L_263,L_266,L_266,L_253,L_267,L_261,L_262,L_269,"SCN1A:Hemiplegic migraine and epilepsy;SCN2A:Abnormality of the nervous system;SCN8A:Developmental regression;Developmental stagnation at onset of seizures;Epileptic encephalopathy;Generalized tonic seizures;Global developmental delay;Intellectual disability- severe,Seizures & developmental delay;SCN4A:Myotonia",,,0,0,0,,,,,D1S5
,GoF variants:,L263V,,,,,,,,,,,Kahlig(2008),10.1073/pnas.0711717105,1,0,0,FHM,Kahlig(2008),10.1073/pnas.0711717105,-,D1S5
278,,I_264,I_265,I_264,V_267,I_267,I_254,I_268,I_262,V_263,V_270,SCN1A:Epilepsy and/or neurodevelopmental disorders;SCN8A:not provided,,,0,0,0,,,,,D1S5
279,,G_265,G_266,G_265,G_268,G_268,G_255,G_269,G_263,G_264,G_271,SCN1A:Severe myoclonic epilepsy of infancy,,,0,0,0,,,,,D1S5
,LoF variants:,,,,,,,G269R,,,,,Wengert(2019),10.1111/epi.16371,0,1,0,NDD without epilepsy,Wengert(2019),10.1111/epi.16371,-,D1S5
280,,L_266,L_267,L_266,L_269,L_269,M_256,L_270,L_264,L_265,Q_272,SCN1A:Early infantile epileptic encephalopathy,,,0,0,0,,,,,D1S5
281,,Q_267,Q_268,Q_267,Q_270,Q_270,G_257,Q_271,Q_265,Q_266,Q_273,SCN1A:not provided;SCN4A:Hyperkalemic Periodic Paralysis Type 1;SCN5A:Brugada syndrome,,,0,0,0,,,,,D1S5
,Mixed variants:,,,,Q270K,Q270K,,,,,,,"Carle(2009),Calloe(2011)","10.1113/jphysiol.2008.165787,10.1139/y11-070",2,0,0,"PMC, LQT3","Carle(2009),Calloe(2011)","10.1113/jphysiol.2008.165787,10.1139/y11-070",-,D1S5
282,,L_268,L_269,L_268,L_271,L_271,L_258,L_272,L_266,L_267,L_274,SCN9A:Febrile seizures,,,0,0,0,,,,,D1S5
283,,F_269,F_270,F_269,F_272,F_272,F_259,F_273,F_267,F_268,F_275,N/A,,,0,0,0,,,,,D1S5
284,,M_270,M_271,M_270,M_273,M_273,M_260,M_274,M_268,K_269,M_276,N/A,,,0,0,0,,,,,D1S5-6 linker
285,,G_271,G_272,G_271,G_274,G_274,G_261,G_275,G_269,G_270,G_277,"SCN1A:Severe myoclonic epilepsy of infancy- borderline,Dravet syndrome",,,0,0,0,,,,,D1S5-6 linker
286,,N_272,N_273,N_272,N_275,N_275,N_262,N_276,N_270,N_271,S_278,SCN5A:Long QT syndrome & atrial fibrillation,,,0,0,0,,,,,D1S5-6 linker
287,,L_273,L_274,L_273,L_276,L_276,L_263,L_277,L_271,L_272,L_279,"SCN1A:not provided,Epilepsy and/or neurodevelopmental disorders;SCN5A:Brugada syndrome,Brugada syndrome",,,0,0,0,,,,,D1S5-6 linker
,LoF variants:,,,,,L276Q,,,,,,,Glazer(2020),10.1016/j.ajhg.2020.05.015,0,1,0,BrS,"Sommariva(2013),Yamagata(2017)","10.1038/ejhg.2012.289,10.1161/circulationaha.117.027983",-,D1S5-6 linker
288,,R_274,R_275,R_274,R_277,R_277,K_264,R_278,K_272,K_273,N_280,N/A,,,0,0,0,,,,,D1S5-6 linker
289,,N_275,N_276,N_275,Q_278,H_278,H_265,N_279,H_273,N_274,L_281,"SCN5A:Brugada syndrome,Brugada syndrome",,,0,0,0,,,,,D1S5-6 linker
290,,K_276,K_277,K_276,K_279,K_279,K_266,K_280,K_274,K_275,K_282,"SCN1A:not provided,Epilepsy and/or neurodevelopmental disorders,Severe myoclonic epilepsy in infancy,Dravet syndrome",,,0,0,0,,,,,D1S5-6 linker
291,,C_277,C_278,C_277,C_280,C_280,C_267,C_281,C_275,C_276,C_283,"SCN1A:Dravet syndrome,Dravet syndrome;SCN5A:Brugada syndrome",,,0,0,0,,,,,D1S5-6 linker
292,,I_278,L_279,L_278,V_281,V_281,F_268,V_282,F_276,V_277,I_284,SCN5A:Brugada syndrome,,,0,0,0,,,,,D1S5-6 linker
293,,Q_279,Q_280,Q_279,R_282,R_282,R_269,V_283,R_277,K_278,-,"SCN5A:Brugada syndrome;Brugada syndrome 1,Brugada syndrome,Brugada syndrome",,,0,0,0,,,,,D1S5-6 linker
,LoF variants:,,,,,R282C,,,,,,,Glazer(2020),10.1016/j.ajhg.2020.05.015,0,1,0,BrS,Andorin(2016),10.1016/j.hrthm.2016.02.013,-,D1S5-6 linker
294,,W_280,W_281,W_280,W_283,-,W_270,W_284,-,-,-,"SCN1A:Severe myoclonic epilepsy of infancy,Dravet syndrome,Severe myoclonic epilepsy in infancy,Severe myoclonic epilepsy of infancy",,,0,0,0,,,,,D1S5-6 linker
295,,P_281,P_282,P_281,P_284,-,P_271,P_285,-,-,-,"SCN1A:not provided,Dravet syndrome,Inborn genetic diseases,Severe myoclonic epilepsy of infancy,Dravet syndrome",,,0,0,0,,,,,D1S5-6 linker
296,,P_282,P_283,P_282,P_285,-,-,-,-,-,-,N/A,,,0,0,0,,,,,D1S5-6 linker
297,,T_283,D_284,S_283,P_286,-,-,-,-,-,-,SCN2A:Autism spectrum disorder,,,0,0,0,,,,,D1S5-6 linker
298,,N_284,N_285,D_284,F_287,-,-,-,-,-,-,N/A,,,0,0,0,,,,,D1S5-6 linker
299,,A_285,S_286,S_285,N_288,-,-,-,-,-,-,N/A,,,0,0,0,,,,,D1S5-6 linker
300,,S_286,S_287,A_286,-,-,-,-,-,-,-,N/A,,,0,0,0,,,,,D1S5-6 linker
301,,L_287,F_288,F_287,-,-,-,-,-,-,-,N/A,,,0,0,0,,,,,D1S5-6 linker
302,,E_288,E_289,E_288,D_289,-,-,-,-,-,-,N/A,,,0,0,0,,,,,D1S5-6 linker
303,,E_289,I_290,T_289,T_290,-,-,-,-,-,-,SCN1A:Dravet syndrome,,,0,0,0,,,,,D1S5-6 linker
304,,H_290,N_291,N_290,N_291,-,-,-,-,-,-,SCN1A:Intractable epilepsy,,,0,0,0,,,,,D1S5-6 linker
305,,S_291,I_292,T_291,T_292,-,-,-,-,-,-,N/A,,,0,0,0,,,,,D1S5-6 linker
306,,I_292,T_293,T_292,T_293,-,-,-,-,-,-,N/A,,,0,0,0,,,,,D1S5-6 linker
307,,E_293,S_294,S_293,W_294,-,-,-,-,-,-,N/A,,,0,0,0,,,,,D1S5-6 linker
308,,-,F_295,Y_294,Y_295,-,-,-,-,-,-,N/A,,,0,0,0,,,,,D1S5-6 linker
309,,K_294,F_296,F_295,S_296,-,-,-,-,-,-,N/A,,,0,0,0,,,,,D1S5-6 linker
310,,N_295,N_297,N_296,N_297,-,-,-,-,-,-,N/A,,,0,0,0,,,,,D1S5-6 linker
311,,I_296,N_298,G_297,D_298,N_283,-,-,N_278,-,-,N/A,,,0,0,0,,,,,D1S5-6 linker
312,,T_297,S_299,T_298,T_299,F_284,Q_272,-,S_279,-,-,N/A,,,0,0,0,,,,,D1S5-6 linker
,LoF variants:,T297I,,,,,,,,,,,Binini(2017),10.1016/j.brainres.2017.09.023,0,1,0,EPI,Binini(2017),10.1016/j.brainres.2017.09.023,-,D1S5-6 linker
313,,V_298,L_300,M_299,W_300,T_285,E_273,I_286,L_280,-,-,N/A,,,0,0,0,,,,,D1S5-6 linker
314,,N_299,D_301,D_300,Y_301,A_286,N_274,N_287,E_281,-,-,N/A,,,0,0,0,,,,,D1S5-6 linker
315,,Y_300,G_302,S_301,G_302,L_287,E_275,F_288,N_282,-,-,N/A,,,0,0,0,,,,,D1S5-6 linker
316,,N_301,N_303,N_302,N_303,N_288,N_276,N_289,N_283,N_279,-,SCN3A:Epilepsy,,,0,0,0,,,,,D1S5-6 linker
317,,G_302,G_304,G_303,D_304,G_289,E_277,E_290,E_284,D_280,-,SCN5A:Long QT syndrome,,,0,0,0,,,,,D1S5-6 linker
318,,T_303,T_305,T_304,T_305,T_290,T_278,S_291,T_285,M_281,-,N/A,,,0,0,0,,,,,D1S5-6 linker
319,,L_304,T_306,F_305,W_306,N_291,L_279,Y_292,L_286,A_282,-,N/A,,,0,0,0,,,,,D1S5-6 linker
320,,I_305,F_307,V_306,Y_307,G_292,H_280,L_293,E_287,V_283,-,SCN5A:Brugada syndrome,,,0,0,0,,,,,D1S5-6 linker
321,,N_306,N_308,N_307,G_308,S_293,N_281,E_294,S_288,N_284,-,N/A,,,0,0,0,,,,,D1S5-6 linker
322,,E_307,R_309,V_308,N_309,V_294,R_282,N_295,I_289,E_285,-,SCN5A:Brugada syndrome,,,0,0,0,,,,,D1S5-6 linker
323,,-,-,-,E_310,-,-,-,-,-,-,N/A,,,0,0,0,,,,,D1S5-6 linker
324,,-,-,-,M_311,-,-,-,-,-,-,N/A,,,0,0,0,,,,,D1S5-6 linker
325,,-,-,-,W_312,-,-,-,-,-,-,N/A,,,0,0,0,,,,,D1S5-6 linker
326,,-,-,-,Y_313,-,-,-,-,-,-,N/A,,,0,0,0,,,,,D1S5-6 linker
327,,-,-,-,G_314,-,-,-,-,-,-,N/A,,,0,0,0,,,,,D1S5-6 linker
328,,-,-,-,N_315,-,-,-,-,-,-,N/A,,,0,0,0,,,,,D1S5-6 linker
329,,-,-,-,D_316,-,-,-,-,-,-,N/A,,,0,0,0,,,,,D1S5-6 linker
330,,-,-,-,S_317,-,-,-,-,-,-,N/A,,,0,0,0,,,,,D1S5-6 linker
331,,-,-,-,W_318,-,-,-,-,-,-,N/A,,,0,0,0,,,,,D1S5-6 linker
332,,-,-,-,Y_319,-,-,-,-,-,-,N/A,,,0,0,0,,,,,D1S5-6 linker
333,,-,-,-,A_320,-,-,-,-,-,-,N/A,,,0,0,0,,,,,D1S5-6 linker
334,,-,-,-,N_321,-,-,-,-,-,-,N/A,,,0,0,0,,,,,D1S5-6 linker
335,,-,-,-,D_322,-,-,-,-,-,-,N/A,,,0,0,0,,,,,D1S5-6 linker
336,,-,-,-,T_323,-,-,-,-,-,-,N/A,,,0,0,0,,,,,D1S5-6 linker
337,,-,-,-,W_324,-,-,-,-,-,-,N/A,,,0,0,0,,,,,D1S5-6 linker
338,,-,-,-,N_325,-,-,-,-,-,-,N/A,,,0,0,0,,,,,D1S5-6 linker
339,,-,-,-,S_326,-,-,-,-,-,-,N/A,,,0,0,0,,,,,D1S5-6 linker
340,,-,-,-,H_327,-,-,-,-,-,-,N/A,,,0,0,0,,,,,D1S5-6 linker
341,,-,-,-,A_328,-,-,-,-,-,-,N/A,,,0,0,0,,,,,D1S5-6 linker
342,,-,-,-,S_329,-,-,-,-,-,-,N/A,,,0,0,0,,,,,D1S5-6 linker
343,,-,-,-,W_330,-,-,-,-,-,-,N/A,,,0,0,0,,,,,D1S5-6 linker
344,,-,-,-,A_331,-,-,-,-,-,-,N/A,,,0,0,0,,,,,D1S5-6 linker
345,,T_308,T_310,T_309,T_332,E_295,T_283,G_296,-,T_286,S_285,N/A,,,0,0,0,,,,,D1S5-6 linker
346,,V_309,V_311,M_310,N_333,A_296,G_284,T_297,M_290,T_287,R_286,N/A,,,0,0,0,,,,,D1S5-6 linker
347,,F_310,S_312,S_311,D_334,D_297,N_285,K_298,N_291,N_288,D_287,N/A,,,0,0,0,,,,,D1S5-6 linker
348,,E_311,I_313,T_312,T_335,G_298,P_286,G_299,T_292,Y_289,C_288,SCN5A:Atrioventricular conduction block,,,0,0,0,,,,,D1S5-6 linker
349,,F_312,F_314,F_313,F_336,L_299,Y_287,F_300,L_293,S_290,K_289,SCN1A:Dravet syndrome,,,0,0,0,,,,,D1S5-6 linker
350,,D_313,N_315,N_314,D_337,V_300,-,D_301,E_294,S_291,N_290,SCN5A:Brugada syndrome,,,0,0,0,,,,,D1S5-6 linker
351,,W_314,W_316,W_315,W_338,W_301,-,W_302,S_295,H_292,I_291,SCN1A:Early infantile epileptic encephalopathy,,,0,0,0,,,,,D1S5-6 linker
352,,K_315,D_317,K_316,D_339,E_302,-,E_303,E_296,R_293,S_292,N/A,,,0,0,0,,,,,D1S5-6 linker
353,,S_316,E_318,D_317,A_340,S_303,-,E_304,E_297,K_294,N_293,N/A,,,0,0,0,,,,,D1S5-6 linker
354,,-,-,-,-,L_304,-,-,-,P_295,P_294,N/A,,,0,0,0,,,,,D1S5-6 linker
355,,-,-,-,-,D_305,-,-,-,D_296,E_295,N/A,,,0,0,0,,,,,D1S5-6 linker
356,,-,-,-,-,L_306,-,-,-,I_297,A_296,N/A,,,0,0,0,,,,,D1S5-6 linker
357,,Y_317,Y_319,Y_318,Y_341,Y_307,Y_288,Y_305,-,Y_298,Y_297,"SCN1A:Dravet syndrome,Dravet syndrome",,,0,0,0,,,,,D1S5-6 linker
358,,I_318,I_320,I_319,I_342,L_308,I_289,I_306,-,I_299,-,N/A,,,0,0,0,,,,,D1S5-6 linker
359,,Q_319,E_321,G_320,S_343,S_309,R_290,N_307,D_298,N_300,-,N/A,,,0,0,0,,,,,D1S5-6 linker
360,,D_320,D_322,D_321,D_344,D_310,E_291,N_308,F_299,K_301,-,SCN2A:Neonatal-infantile seizures,,,0,0,0,,,,,D1S5-6 linker
361,,S_321,K_323,D_322,E_345,P_311,T_292,K_309,R_300,R_302,D_298,N/A,,,0,0,0,,,,,D1S5-6 linker
362,,R_322,S_324,S_323,G_346,E_312,E_293,T_310,K_301,-,H_299,"SCN1A:Early infantile epileptic encephalopathy;Severe myoclonic epilepsy in infancy,Severe myoclonic epilepsy of infancy",,,0,0,0,,,,,D1S5-6 linker
363,,Y_323,H_325,H_324,N_347,N_313,N_294,N_311,Y_302,-,C_300,N/A,,,0,0,0,,,,,D1S5-6 linker
364,,H_324,F_326,F_325,F_348,Y_314,F_295,F_312,F_303,-,F_301,"SCN1A:not provided,Dravet syndrome,Dravet syndrome",,,0,0,0,,,,,D1S5-6 linker
365,,Y_325,Y_327,Y_326,Y_349,L_315,Y_296,Y_313,Y_304,-,E_302,SCN1A:Severe myoclonic epilepsy of infancy;SCN5A:Brugada syndrome,,,0,0,0,,,,,D1S5-6 linker
366,,F_326,F_328,V_327,F_350,L_316,Y_297,T_314,Y_305,-,K_303,SCN2A:Neonatal-infantile seizures,,,0,0,0,,,,,D1S5-6 linker
367,,L_327,L_329,L_328,L_351,K_317,L_298,V_315,L_306,-,K_304,SCN1A:Dravet syndrome;SCN5A:Brugada syndrome,,,0,0,0,,,,,D1S5-6 linker
368,,E_328,E_330,D_329,E_352,N_318,E_299,P_316,E_307,-,E_305,N/A,,,0,0,0,,,,,D1S5-6 linker
369,,G_329,G_331,G_330,G_353,G_319,G_300,G_317,G_308,G_303,N_306,"SCN1A:Generalized epilepsy with febrile seizures plus,not provided,Epilepsy and/or neurodevelopmental disorders;SCN5A:Brugada syndrome",,,0,0,0,,,,,D1S5-6 linker
370,,F_330,Q_332,Q_331,S_354,T_320,E_301,M_318,S_309,T_304,S_307,SCN5A:Brugada syndrome,,,0,0,0,,,,,D1S5-6 linker
371,,L_331,N_333,K_332,N_355,S_321,R_302,L_319,K_310,S_305,P_308,N/A,,,0,0,0,,,,,D1S5-6 linker
372,,D_332,D_334,D_333,D_356,D_322,Y_303,E_320,D_311,D_306,E_309,"SCN1A:not provided,Epilepsy and/or neurodevelopmental disorders",,,0,0,0,,,,,D1S5-6 linker
373,,A_333,A_335,P_334,A_357,V_323,A_304,P_321,A_312,P_307,F_310,N/A,,,0,0,0,,,,,D1S5-6 linker
374,,L_334,L_336,L_335,L_358,L_324,L_305,L_322,L_313,L_308,K_311,N/A,,,0,0,0,,,,,D1S5-6 linker
,LoF variants:,,,,,W324G,,,,,,,Nakajima(2021),10.1111/anec.12828,0,1,0,BrS,"Kapplinger(2010),Nakajima(2021)","10.1016/j.hrthm.2009.09.069,10.1111/anec.12828",-,D1S5-6 linker
375,,L_335,L_337,L_336,L_359,L_325,L_306,L_323,L_314,L_309,M_312,SCN5A:Brugada syndrome,,,0,0,0,,,,,D1S5-6 linker
,LoF variants:,,,,,L325R,,,,,,,Keller(2005),10.1016/j.cardiores.2005.03.024,0,1,0,BrS,Keller(2005),10.1016/j.cardiores.2005.03.024,-,D1S5-6 linker
376,,C_336,C_338,C_337,C_360,C_326,C_307,C_324,C_315,C_310,C_313,"SCN1A:Early infantile epileptic encephalopathy,Severe myoclonic epilepsy in infancy,Dravet syndrome,Developmental and epileptic encephalopathy",,,0,0,0,,,,,D1S5-6 linker
377,,G_337,G_339,G_338,G_361,G_327,G_308,G_325,G_316,G_311,G_314,SCN1A:Dravet syndrome,,,0,0,0,,,,,D1S5-6 linker
378,,N_338,N_340,N_339,N_362,N_328,N_309,N_326,F_317,N_312,I_315,N/A,,,0,0,0,,,,,D1S5-6 linker
379,,S_339,S_341,G_340,S_363,S_329,R_310,S_327,S_318,G_313,W_316,N/A,,,0,0,0,,,,,D1S5-6 linker
380,,S_340,S_342,S_341,S_364,S_330,T_311,S_328,T_319,S_314,M_317,SCN1A:Dravet syndrome,,,0,0,0,,,,,D1S5-6 linker
381,,D_341,D_343,D_342,D_365,D_331,D_312,D_329,D_320,D_315,G_318,"SCN2A:not provided,not provided,not provided,Seizures- benign neonatal",,,0,0,0,,,,,D1S5-6 linker
382,,A_342,A_344,A_343,A_366,A_332,A_313,A_330,S_321,S_316,N_319,"SCN1A:Severe myoclonic epilepsy in infancy,Severe myoclonic epilepsy in infancy,Severe myoclonic epilepsy in infancy,Dravet syndrome",,,0,0,0,,,,,D1S5-6 linker
383,,G_343,G_345,G_344,G_367,G_333,G_314,G_331,G_322,G_317,S_320,"SCN1A:Early infantile epileptic encephalopathy,Severe myoclonic epilepsy of infancy,not provided,Dravet syndrome,Dravet syndrome",,,0,0,0,,,,,D1S5-6 linker
384,,Q_344,Q_346,Q_345,H_368,T_334,Q_315,Q_332,Q_323,H_318,A_321,N/A,,,0,0,0,,,,,D1S5-6 linker
385,,C_345,C_347,C_346,C_369,C_335,C_316,C_333,C_324,C_319,C_322,"SCN1A:not provided,Severe myoclonic epilepsy in infancy,Dravet syndrome;SCN5A:Arrhythmia",,,0,0,0,,,,,D1S5-6 linker
,LoF variants:,,,,,C335R,,,,,,,Glazer(2020),10.1016/j.ajhg.2020.05.015,0,1,0,BrS,VanMalderen(2017),10.1253/circj.CJ-16-1279,-,D1S5-6 linker
386,,P_346,P_348,P_347,P_370,P_336,P_317,P_334,P_325,P_320,S_323,SCN5A:Brugada syndrome,,,0,0,0,,,,,D1S5-6 linker
,LoF variants:,,,,,P336L,,,,,,,Cordeiro(2006),10.1161/circulationaha.106.627489,0,1,0,BrS,Cordeiro(2006),10.1161/circulationaha.106.627489,-,D1S5-6 linker
387,,E_347,E_349,E_348,E_371,E_337,E_318,E_335,E_326,D_321,I_324,N/A,,,0,0,0,,,,,D1S5-6 linker
388,,G_348,G_350,G_349,G_372,G_338,G_319,G_336,G_327,G_322,Q_325,SCN1A:Epilepsy;SCN9A:Epilepsy,,,0,0,0,,,,,D1S5-6 linker
389,,Y_349,Y_351,Y_350,Y_373,Y_339,Y_320,Y_337,Y_328,Y_323,Y_326,"SCN1A:Severe myoclonic epilepsy in infancy,Dravet syndrome",,,0,0,0,,,,,D1S5-6 linker
390,,M_350,I_352,I_351,E_374,R_340,V_321,Q_338,T_329,I_324,E_327,"SCN1A:Severe myoclonic epilepsy in infancy,Dravet syndrome;SCN5A:Long QT syndrome,Long QT syndrome",,,0,0,0,,,,,D1S5-6 linker
391,,C_351,C_353,C_352,C_375,C_341,C_322,C_339,C_330,C_325,C_328,SCN1A:Dravet syndrome;SCN4A:Myopathy- congenital with corona fibres- muscle atrophy & craniosynostosis,,,0,0,0,,,,,D1S5-6 linker
392,,V_352,V_354,V_353,I_376,L_342,V_323,M_340,V_331,L_326,K_329,N/A,,,0,0,0,,,,,D1S5-6 linker
393,,K_353,K_355,K_354,K_377,K_343,K_324,K_341,K_332,K_327,H_330,SCN3A:Epilepsy- cryptogenic pediatric partial,,,0,0,0,,,,,D1S5-6 linker
,GoF variants:,,,K354Q,,,,,,,,,Estacion(2010),10.1186/1744-8069-6-35,1,0,0,EPI,Holland(2008),10.1016/j.neulet.2007.12.064,-,D1S5-6 linker
394,,A_354,A_356,A_355,T_378,A_344,A_325,A_342,I_333,T_328,T_331,N/A,,,0,0,0,,,,,D1S5-6 linker
395,,G_355,G_357,G_356,G_379,G_345,G_326,G_343,G_334,S_329,K_332,SCN1A:Dravet syndrome,,,0,0,0,,,,,D1S5-6 linker
396,,R_356,R_358,R_357,R_380,E_346,I_327,R_344,R_335,D_330,I_333,SCN1A:Severe myoclonic epilepsy of infancy;SCN3A:Epilepsy- focal,,,0,0,0,,,,,D1S5-6 linker
,Mixed variants:,,,,,E346D,,,,,,,Glazer(2020),10.1016/j.ajhg.2020.05.015,0,0,1,BrS,Probst(2006),10.1111/j.1540-8167.2006.00349.x,,D1S5-6 linker
397,,N_357,N_359,N_358,N_381,N_347,N_328,N_345,N_336,N_331,N_334,"SCN1A:Dravet syndrome,not provided",,,0,0,0,,,,,D1S5-6 linker
398,,P_358,P_360,P_359,P_382,P_348,P_329,P_346,P_337,P_332,P_335,"SCN1A:Severe myoclonic epilepsy in infancy,Dravet syndrome,Severe myoclonic epilepsy of infancy;SCN4A:Myopathy- congenital",,,0,0,0,,,,,D1S5-6 linker
,LoF variants:,,,,P382T,,,,,,,,Zaharieva(2016),10.1093/brain/awv352,0,1,0,CMS,Zaharieva(2016),10.1093/brain/awv352,-,D1S5-6 linker
399,,N_359,N_361,N_360,N_383,D_349,D_330,N_347,D_338,D_333,D_336,"SCN1A:Dravet syndrome,not provided,Dravet syndrome,Dravet syndrome;SCN5A:Sick sinus syndrome- autosomal recessive",,,0,0,0,,,,,D1S5-6 linker
400,,Y_360,Y_362,Y_361,Y_384,H_350,Q_331,Y_348,Y_339,F_334,Y_337,N/A,,,0,0,0,,,,,D1S5-6 linker
401,,G_361,G_363,G_362,G_385,G_351,G_332,G_349,G_340,N_335,N_338,"SCN5A:Brugada syndrome,Brugada syndrome",,,0,0,0,,,,,D1S5-6 linker
402,,Y_362,Y_364,Y_363,Y_386,Y_352,F_333,Y_350,Y_341,Y_336,Y_339,SCN5A:Early repolarization syndrome,,,0,0,0,,,,,D1S5-6 linker
403,,T_363,T_365,T_364,T_387,T_353,T_334,T_351,T_342,T_337,T_340,"SCN1A:not provided,Severe myoclonic epilepsy of infancy;SCN5A:Brugada syndrome,Brugada syndrome",,,0,0,0,,,,,D1S5-6 linker
,LoF variants:,,,,,T353I,,,,,,,"Pfahnl(2007),Zhang(2015),Glazer(2020)","10.1016/j.hrthm.2006.09.031,10.1016/j.toxicon.2014.11.220,10.1016/j.ajhg.2020.05.015",0,1,0,BrS,Pfahnl(2007),10.1016/j.hrthm.2006.09.031,-,D1S5-6 linker
404,,S_364,S_366,S_365,S_388,S_354,N_335,S_352,S_343,S_338,N_341,SCN1A:not provided,,,0,0,0,,,,,D1S5-6 linker
405,,F_365,F_367,F_366,Y_389,F_355,F_336,F_353,F_344,F_339,F_342,SCN1A:Abnormality of the mitochondrion;SCN5A:Brugada syndrome,,,0,0,0,,,,,D1S5-6 linker
406,,D_366,D_368,D_367,D_390,D_356,D_337,D_354,D_345,D_340,D_343,"SCN1A:Severe myoclonic epilepsy of infancy,not provided;SCN5A:Brugada syndrome;Brugada syndrome (shorter-than-normal QT interval);Brugada syndrome 1;not provided,Brugada syndrome 1,Brugada syndrome",,,0,0,0,,,,,D1S5-6 linker
,LoF variants:,,,,,D356N,,,,,,,Makiyama(2005),10.1016/j.jacc.2005.08.043,0,1,0,BrS,Makiyama(2005),10.1016/j.jacc.2005.08.043,0.00000402,D1S5-6 linker
407,,T_367,T_369,T_368,T_391,S_357,S_338,T_355,T_346,S_341,N_344,N/A,,,0,0,0,,,,,D1-Pore
408,,F_368,F_370,F_369,F_392,F_358,F_339,F_356,F_347,F_342,F_345,N/A,,,0,0,0,,,,,D1-Pore
409,,S_369,S_371,S_370,S_393,A_359,G_340,S_357,S_348,A_343,G_346,N/A,,,0,0,0,,,,,D1-Pore
410,,W_370,W_372,W_371,W_394,W_360,W_341,W_358,W_349,W_344,W_347,N/A,,,0,0,0,,,,,D1-Pore
411,,A_371,A_373,A_372,A_395,A_361,A_342,A_359,A_350,A_345,S_348,"SCN1A:not provided,Epilepsy and/or neurodevelopmental disorders",,,0,0,0,,,,,D1-Pore
412,,F_372,F_374,F_373,F_396,F_362,L_343,F_360,F_351,F_346,F_349,N/A,,,0,0,0,,,,,D1-Pore
413,,L_373,L_375,L_374,L_397,L_363,F_344,L_361,L_352,L_347,L_350,SCN1A:Dravet syndrome,,,0,0,0,,,,,D1-Pore
414,,S_374,S_376,S_375,A_398,A_364,A_345,A_362,A_353,S_348,A_351,SCN1A:Dravet syndrome,,,0,0,0,,,,,D1-Pore
415,,L_375,L_377,L_376,L_399,L_365,L_346,L_363,L_354,L_349,M_352,SCN1A:Epileptic encephalopathy- early infantile,,,0,0,0,,,,,D1-Pore
416,,F_376,F_378,F_377,F_400,F_366,F_347,F_364,F_355,F_350,F_353,N/A,,,0,0,0,,,,,D1-Pore
417,,R_377,R_379,R_378,R_401,R_367,R_348,R_365,R_356,R_351,R_354,"SCN1A:Generalized epilepsy with febrile seizures plus- type 1;Severe myoclonic epilepsy in infancy;not provided,Dravet syndrome,Generalized epilepsy with febrile seizures plus;SCN5A:Brugada syndrome;Brugada syndrome 1,Sudden unexplained nocturnal death syndrome,Brugada syndrome,Atrial fibrillation- familial- 10;Brugada syndrome;Brugada syndrome 1;Congenital long QT syndrome;Dilated cardiomyopathy 1E;Long QT syndrome 3;Paroxysmal familial ventricular fibrillation 1;Progressive familial heart block type 1A;SUDDEN INFANT DEATH SYNDROME;Sick sinus syndrome 1- autosomal recessive;not provided,Brugada syndrome,Cardiac conduction disease",,,0,0,0,,,,,D1-Pore
,LoF variants:,,R379H,,,"R367C, R367H, R367L",,,,,,,"Glazer(2020),Ben-Shalom(2017),Hong(2004),Glazer(2020)","10.1016/j.ajhg.2020.05.015,10.1016/j.biopsych.2017.01.009,10.1046/j.1540-8167.2004.03341.x,10.1016/j.ajhg.2020.05.015",0,4,0,"ASD, BrS, BrS, BrS","Ben-Shalom(2017),Kapplinger(2010),Amin(2011),Hong(2004),Kapplinger(2010)","10.1016/j.biopsych.2017.01.009,10.1016/j.hrthm.2009.09.069,10.1093/europace/eur011,10.1046/j.1540-8167.2004.03341.x,10.1016/j.hrthm.2009.09.069",-;0.0000107;-;-,D1-Pore
418,,L_378,L_380,L_379,L_402,L_368,L_349,L_366,L_357,L_352,L_355,SCN1A:Dravet syndrome,,,0,0,0,,,,,D1-Pore
419,,M_379,M_381,M_380,M_403,M_369,M_350,M_367,M_358,M_353,M_356,"SCN1A:Severe myoclonic epilepsy in infancy,Dravet syndrome,Dravet syndrome;SCN8A:not provided,Epilepsy and/or neurodevelopmental disorders;SCN5A:Brugada syndrome",,,0,0,0,,,,,D1-Pore
,LoF variants:,,,,,M369K,,,,,,,Glazer(2020),10.1016/j.ajhg.2020.05.015,0,1,0,BrS,"Probst(2006),Probst(2007),Andorin(2016)","10.1111/j.1540-8167.2006.00349.x,10.1161/circulationaha.106.664219,10.1016/j.hrthm.2016.02.013",-,D1-Pore
420,,T_380,T_382,T_381,T_404,T_370,A_351,T_368,T_359,T_354,T_357,SCN5A:Sudden adult death syndrome,,,0,0,0,,,,,D1-Pore
421,,Q_381,Q_383,Q_382,Q_405,Q_371,Q_352,Q_369,Q_360,Q_355,Q_358,"SCN2A:Benign familial neonatal-infantile seizures;Early infantile epileptic encephalopathy 11;not provided,Epilepsy",,,0,0,0,,,,,D1-Pore
422,,D_382,D_384,D_383,D_406,D_372,D_353,D_370,D_361,D_356,D_359,"SCN1A:Severe myoclonic epilepsy in infancy,Dravet syndrome",,,0,0,0,,,,,D1-Pore
423,,F_383,F_385,Y_384,Y_407,C_373,Y_354,Y_371,Y_362,S_357,S_360,SCN1A:Severe myoclonic epilepsy of infancy,,,0,0,0,,,,,D1-Pore
424,,W_384,W_386,W_385,W_408,W_374,P_355,W_372,W_363,W_358,W_361,"SCN1A:Early infantile epileptic encephalopathy;not provided,Epilepsy;SCN5A:Brugada syndrome",,,0,0,0,,,,,D1-Pore
425,,E_385,E_387,E_386,E_409,E_375,E_356,E_373,E_364,E_359,E_362,"SCN1A:Dravet syndrome,Dravet syndrome,Early infantile epileptic encephalopathy,Epilepsy and/or neurodevelopmental disorders",,,0,0,0,,,,,D1-Pore
426,,N_386,N_388,N_387,N_410,R_376,V_357,N_374,N_365,R_360,K_363,"SCN5A:Brugada syndrome;Cardiovascular phenotype;not provided,Sick sinus syndrome",,,0,0,0,,,,,D1-Pore
,GoF variants:,,,,,,,N374K,,,,,Zaman(2019),10.1002/acn3.50839,1,0,0,EPI,Zaman(2019),10.1002/acn3.50839,-,D1-Pore
427,,L_387,L_389,L_388,L_411,L_377,L_358,L_375,L_366,L_361,L_364,N/A,,,0,0,0,,,,,D1-Pore
428,,Y_388,Y_390,Y_389,F_412,Y_378,Y_359,Y_376,Y_367,Y_362,Y_365,"SCN1A:Generalized epilepsy with febrile seizures plus- type 1;not provided,Generalized epilepsy with febrile seizures plus",,,0,0,0,,,,,D1-Pore
429,,Q_389,Q_391,Q_390,Q_413,Q_379,H_360,Q_377,Q_368,Q_363,Q_366,N/A,,,0,0,0,,,,,D1-Pore
430,,L_390,L_392,L_391,L_414,Q_380,Q_361,L_378,Q_369,Q_364,Q_367,N/A,,,0,0,0,,,,,D1-Pore
431,,T_391,T_393,T_392,T_415,T_381,I_362,T_379,T_370,T_365,T_368,"SCN1A:Dravet syndrome;SCN2A:not provided,Seizures & developmental regression",,,0,0,0,,,,,D1-Pore
432,,L_392,L_394,L_393,L_416,L_382,L_363,L_380,L_371,L_366,L_369,SCN1A:Dravet syndrome,,,0,0,0,,,,,D1S5-6 linker
433,,R_393,R_395,R_394,R_417,R_383,Y_364,R_381,R_372,R_367,R_370,"SCN1A:Early infantile epileptic encephalopathy;Severe myoclonic epilepsy in infancy;not provided,Early infantile epileptic encephalopathy,Dravet syndrome,Severe myoclonic epilepsy of infancy,Early infantile epileptic encephalopathy;Severe myoclonic epilepsy in infancy;not provided,Severe myoclonic epilepsy of infancy,Severe myoclonic epilepsy of infancy;SCN2A:Epilepsy and/or neurodevelopmental disorders",,,0,0,0,,,,,D1S5-6 linker
,LoF variants:,R393H,,,,,,,,,,,Ohmori(2006),10.1111/j.1528-1167.2006.00643.x,0,1,0,EPI,Claes(2003),10.1002/humu.10217,-,D1S5-6 linker
434,,A_394,A_396,A_395,A_418,S_384,A_365,A_382,A_373,T_368,T_371,SCN1A:Generalized epilepsy with febrile seizures plus,,,0,0,0,,,,,D1S5-6 linker
435,,A_395,A_397,A_396,A_419,A_385,S_366,A_383,A_374,S_369,T_372,SCN1A:Cryptogenic generalised epilepsy;SCN5A:Long QT syndrome,,,0,0,0,,,,,D1S5-6 linker
436,,G_396,G_398,G_397,G_420,G_386,G_367,G_384,G_375,G_370,G_373,"SCN1A:Dravet syndrome;SCN5A:Brugada syndrome,Brugada syndrome",,,0,0,0,,,,,D1S5-6 linker
,LoF variants:,,,,,G386R,,,,,,,Glazer(2020),10.1016/j.ajhg.2020.05.015,0,1,0,BrS,Kapplinger(2010),10.1016/j.hrthm.2009.09.069,-,D1S5-6 linker
437,,K_397,K_399,K_398,K_421,K_387,K_368,K_385,K_376,K_371,L_374,N/A,,,0,0,0,,,,,D1S5-6 linker
438,,T_398,T_400,T_399,T_422,I_388,V_369,T_386,T_377,I_372,Y_375,SCN8A:Epilepsy and/or neurodevelopmental disorders,,,0,0,0,,,,,D1S5-6 linker
439,,Y_399,Y_401,Y_400,Y_423,Y_389,Y_370,Y_387,Y_378,Y_373,S_376,"SCN1A:Generalized epilepsy with febrile seizures plus,not provided,Epilepsy and/or neurodevelopmental disorders",,,0,0,0,,,,,D1S6
440,,M_400,M_402,M_401,M_424,M_390,M_371,M_388,M_379,M_374,V_377,"SCN1A:Severe myoclonic epilepsy in infancy,Dravet syndrome",,,0,0,0,,,,,D1S6
441,,I_401,I_403,I_402,I_425,I_391,I_372,I_389,I_380,I_375,F_378,N/A,,,0,0,0,,,,,D1S6
442,,F_402,F_404,F_403,F_426,F_392,F_373,F_390,F_381,F_376,F_379,"SCN1A:not provided,Neurodevelopmental disorder- epilepsy-related",,,0,0,0,,,,,D1S6
443,,F_403,F_405,F_404,F_427,F_393,F_374,F_391,F_382,F_377,F_380,SCN1A:Severe myoclonic epilepsy of infancy,,,0,0,0,,,,,D1S6
444,,V_404,V_406,V_405,V_428,M_394,V_375,V_392,V_383,V_378,I_381,"SCN11A:Episodic pain syndrome- familial- 3,Painful peripheral neuropathy",,,0,0,0,,,,,D1S6
445,,L_405,L_407,L_406,V_429,L_395,V_376,L_393,V_384,L_379,V_382,N/A,,,0,0,0,,,,,D1S6
446,,V_406,V_408,V_407,I_430,V_396,V_377,V_394,V_385,V_380,V_383,"SCN1A:Dravet syndrome;SCN5A:Brugada syndrome,Brugada syndrome",,,0,0,0,,,,,D1S6
,LoF variants:,,,,,V396L,,,,,,,Glazer(2020),10.1016/j.ajhg.2020.05.015,0,1,0,BrS,Kapplinger(2010),10.1016/j.hrthm.2009.09.069,-,D1S6
447,,I_407,I_409,I_408,I_431,I_397,S_378,I_395,I_386,I_381,I_384,"SCN5A:Congenital long QT syndrome;not provided,Long QT syndrome,Sudden unexpected death in epilepsy,Brugada syndrome",,,0,0,0,,,,,D1S6
448,,F_408,F_410,F_409,F_432,F_398,F_379,F_396,F_387,F_382,F_385,SCN1A:Epilepsy- idiopathic,,,0,0,0,,,,,D1S6
449,,L_409,L_411,L_410,L_433,L_399,L_380,V_397,L_388,L_383,L_386,SCN1A:Severe myoclonic epilepsy of infancy,,,0,0,0,,,,,D1S6
450,,G_410,G_412,G_411,G_434,G_400,F_381,G_398,G_389,G_384,G_387,"SCN5A:Ventricular fibrillation during acute myocardial infarction,Brugada 1 syndrome",,,0,0,0,,,,,D1S6
451,,S_411,S_413,S_412,S_435,S_401,S_382,S_399,S_390,S_385,S_388,N/A,,,0,0,0,,,,,D1S6
452,,F_412,F_414,F_413,F_436,F_402,F_383,F_400,F_391,F_386,F_389,SCN1A:Generalized epilepsy with febrile seizures plus;SCN2A:Epileptic encephalopathy- early infantile,,,0,0,0,,,,,D1S6
453,,Y_413,Y_415,Y_414,Y_437,Y_403,Y_384,Y_401,Y_392,Y_387,Y_390,SCN1A:Severe myoclonic epilepsy of infancy;SCN8A:Developmental and epileptic encephalopathy,,,0,0,0,,,,,D1S6
454,,L_414,L_416,L_415,L_438,L_404,M_385,L_402,L_393,L_388,L_391,SCN5A:Long QT syndrome,,,0,0,0,,,,,D1S6
,LoF variants:,,,,,,,,,L388M,,,Gando(2020),10.1016/j.yjmcc.2020.04.027,0,1,0,SUD,Gando(2020),10.1016/j.yjmcc.2020.04.027,-,D1S6
455,,I_415,I_417,V_416,I_439,V_405,A_386,V_403,I_394,V_389,I_392,SCN1A:Epilepsy- early-onset,,,0,0,0,,,,,D1S6
456,,N_416,N_418,N_417,N_440,N_406,S_387,N_404,N_395,N_390,N_393,"SCN1A:Early infantile epileptic encephalopathy;SCN9A:Primary erythromelalgia,not provided,Erythromelalgia- primary,Erythromelalgia- primary;SCN4A:Hyperkalemic Periodic Paralysis Type 1,Myotonia;SCN5A:Congenital long QT syndrome;not provided,Long QT syndrome,Long QT syndrome,Brugada syndrome",,,0,0,0,,,,,D1S6
,LoF variants:,,,,,N406S,,,,,,,Itoh(2007),10.1016/j.ijcard.2007.02.007,0,1,0,BrS,Itoh(2007),10.1016/j.ijcard.2007.02.007,-,D1S6
,GoF variants:,,,,N440K,,,,N395K,,,,"Lossin(2012b),Sheets(2007)","10.1212/WNL.0b013e3182684683,10.1113/jphysiol.2006.127027",2,0,0,"PMC, PAM, IEM","Lossin(2012b),Drenth(2005)","10.1212/WNL.0b013e3182684683,10.1111/j.0022-202X.2005.23737.x",-,D1S6
,Mixed variants:,,,,,N406K,,,,,,,"Hu(2018),Kato(2014)","10.1080/19336950.2018.1475794,10.1111/jce.12270",0,0,1,LQT3,"Hu(2018),Kato(2014)","10.1080/19336950.2018.1475794,10.1111/jce.12270",-,D1S6
457,,L_417,L_419,L_418,L_441,L_407,L_388,L_405,L_396,L_391,L_394,N/A,,,0,0,0,,,,,D1S6
458,,I_418,I_420,I_419,I_442,I_408,F_389,I_406,I_397,I_392,T_395,SCN1A:PEHO-like syndrome,,,0,0,0,,,,,D1S6
459,,L_419,L_421,L_420,L_443,L_409,L_390,L_407,L_398,L_393,L_396,"SCN2A:Epileptic encephalopathy- early onset- with bronchopulmonary dysplasia & adrenal hypofunction;SCN8A:not provided,Epileptic encephalopathy- early infantile,Early infantile epileptic encephalopathy 13,Intellectual disability and epilepsy;SCN5A:Long QT syndrome,Long QT syndrome;SCN11A:Neuropathy- hereditary sensory and autonomic- type VII;not provided",,,0,0,0,,,,,D1-D2 linker
460,,A_420,A_422,A_421,A_444,A_410,G_391,A_408,A_399,A_394,A_397,"SCN1A:Severe myoclonic epilepsy in infancy,Epilepsy,Generalized epilepsy with febrile seizures plus;SCN8A:Epileptic encephalopathy- early infantile with movement disorder",,,0,0,0,,,,,D1-D2 linker
461,,V_421,V_423,V_422,V_445,V_411,I_392,V_409,V_400,V_395,V_398,"SCN1A:not provided,Dravet syndrome;SCN2A:Early infantile epileptic encephalopathy 11;not provided,Encephalopathy with early-onset epilepsy;SCN9A:Generalized epilepsy with febrile seizures plus- type 7;Hereditary sensory and autonomic neuropathy type IIA,Erythromelalgia- primary;SCN4A:Congenital myasthenic syndrome- acetazolamide-responsive;Hyperkalemic Periodic Paralysis Type 1;Hyperkalemic Periodic Paralysis Type 1;Hypokalemic periodic paralysis 1;Hypokalemic periodic paralysis- type 2;Paramyotonia congenita of von Eulenburg;Potassium aggravated myotonia;Potassium aggravated myotonia;not provided,Myotonia;SCN5A:Brugada syndrome;Cardiovascular phenotype;Congenital long QT syndrome;Long QT syndrome;Long QT syndrome 3;not provided,Long QT syndrome",,,0,0,0,,,,,D1-D2 linker
,GoF variants:,,V423L,,V445M,V411M,,,V400M,,,,"Wolff(2017),Wang(1999),Huang(2020),Horne(2011),Zhou(2015),Fischer(2009)","10.1093/brain/awx054,10.1016/s0014-5793(99)00338-5,10.3390/ijms21072593,10.1016/j.hrthm.2010.12.041,PMID:26888838,10.1002/ana.21678",4,0,0,"EPI, PMC, LQT3, IEM","Wolff(2017),Liu(2015),Huang(2020),Horne(2011),Zhou(2015),Fischer(2009)","10.1093/brain/awx054,10.1016/j.hrthm.2015.01.029,10.3390/ijms21072593,10.1016/j.hrthm.2010.12.041,PMID:26888838,10.1002/ana.21678",-,D1-D2 linker
462,,V_422,V_424,V_423,V_446,V_412,L_393,V_410,V_401,V_396,V_399,"SCN1A:Severe myoclonic epilepsy in infancy,Dravet syndrome,Cryptogenic generalised epilepsy,Epileptic encephalopathy- infantile;SCN2A:Epileptic encephalopathy- early infantile,not provided,Epilepsy and/or neurodevelopmental disorders;SCN8A:Early infantile epileptic encephalopathy 13,Epileptic encephalopathy,Epileptic encephalopathy- infantile",,,0,0,0,,,,,D1-D2 linker
463,,A_423,A_425,A_424,A_447,A_413,A_394,A_411,A_402,T_397,T_400,"SCN5A:Long QT syndrome,Long QT syndrome",,,0,0,0,,,,,D1-D2 linker
464,,M_424,M_426,M_425,M_448,M_414,M_395,M_412,M_403,M_398,M_401,N/A,,,0,0,0,,,,,D1-D2 linker
465,,A_425,A_427,A_426,A_449,A_415,A_396,A_413,A_404,A_399,A_402,N/A,,,0,0,0,,,,,D1-D2 linker
466,,Y_426,Y_428,Y_427,Y_450,Y_416,Y_397,Y_414,Y_405,Y_400,Y_403,"SCN1A:not provided,Dravet syndrome,Severe myoclonic epilepsy of infancy;SCN2A:not provided,Epilepsy and/or neurodevelopmental disorders;SCN5A:Arrhythmogenic right ventricular dysplasia/cardiomyopathy",,,0,0,0,,,,,D1-D2 linker
,LoF variants:,Y426N,,,,,,,,,,,Ohmori(2006),10.1111/j.1528-1167.2006.00643.x,0,1,0,EPI,Nabbout(2003),10.1212/01.wnl.0000069463.41870.2f,-,D1-D2 linker
467,,E_427,E_429,E_428,A_451,E_417,E_398,E_415,E_406,E_401,E_404,N/A,,,0,0,0,,,,,D1-D2 linker
468,,E_428,E_430,E_429,E_452,E_418,E_399,E_416,E_407,E_402,E_405,"SCN2A:not provided,not provided,Epileptic encephalopathy- early onset,Encephalopathy with early-onset epilepsy;SCN4A:Myotonia- non-dystrophic",,,0,0,0,,,,,D1-D2 linker
469,,Q_429,Q_431,Q_430,Q_453,Q_419,E_400,Q_417,Q_408,Q_403,Q_406,N/A,,,0,0,0,,,,,D1-D2 linker
470,,N_430,N_432,N_431,N_454,N_420,K_401,N_418,N_409,N_404,N_407,N/A,,,0,0,0,,,,,D1-D2 linker
471,,Q_431,Q_433,Q_432,E_455,Q_421,Q_402,Q_419,Q_410,Q_405,K_408,N/A,,,0,0,0,,,,,D1-D2 linker
472,,A_432,A_434,A_433,A_456,A_422,R_403,A_420,A_411,A_406,N_409,"SCN1A:Dravet syndrome;SCN2A:not provided,Epilepsy and/or neurodevelopmental disorders;SCN8A:Intellectual disability;Seizures",,,0,0,0,,,,,D1-D2 linker
473,,T_433,T_435,T_434,T_457,T_423,V_404,T_421,N_412,T_407,V_410,SCN2A:not provided,,,0,0,0,,,,,D1-D2 linker
474,,L_434,L_436,L_435,L_458,I_424,G_405,L_422,I_413,T_408,A_411,SCN2A:Epilepsy- benign infantile,,,0,0,0,,,,,D1-D2 linker
475,,E_435,E_437,E_436,A_459,A_425,E_406,E_423,E_414,D_409,A_412,N/A,,,0,0,0,,,,,D1-D2 linker
476,,E_436,E_438,E_437,E_460,E_426,I_407,E_424,E_415,E_410,E_413,SCN2A:not provided,,,0,0,0,,,,,D1-D2 linker
477,,A_437,A_439,A_438,D_461,T_427,S_408,A_425,A_416,I_411,I_414,N/A,,,0,0,0,,,,,D1-D2 linker
478,,E_438,E_440,E_439,K_462,E_428,K_409,E_426,K_417,E_412,E_415,N/A,,,0,0,0,,,,,D1-D2 linker
479,,Q_439,Q_441,Q_440,E_463,E_429,K_410,Q_427,Q_418,A_413,A_416,N/A,,,0,0,0,,,,,D1-D2 linker
480,,K_440,K_442,K_441,K_464,K_430,I_411,K_428,K_419,K_414,K_417,N/A,,,0,0,0,,,,,D1-D2 linker
481,,E_441,E_443,E_442,E_465,E_431,E_412,E_429,E_420,E_415,E_418,N/A,,,0,0,0,,,,,D1-D2 linker
482,,A_442,A_444,A_443,E_466,K_432,P_413,A_430,L_421,K_416,K_419,N/A,,,0,0,0,,,,,D1-D2 linker
483,,E_443,E_445,E_444,E_467,R_433,K_414,E_431,E_422,K_417,M_420,SCN5A:Irritable bowel syndrome,,,0,0,0,,,,,D1-D2 linker
484,,F_444,F_446,F_445,F_468,F_434,F_415,F_432,F_423,F_418,F_421,N/A,,,0,0,0,,,,,D1-D2 linker
485,,Q_445,Q_447,Q_446,Q_469,Q_435,Q_416,K_433,Q_424,Q_419,Q_422,N/A,,,0,0,0,,,,,D1-D2 linker
486,,Q_446,Q_448,Q_447,Q_470,E_436,Q_417,A_434,Q_425,E_420,E_423,N/A,,,0,0,0,,,,,D1-D2 linker
487,,M_447,M_449,M_448,M_471,A_437,T_418,M_435,M_426,A_421,A_424,N/A,,,0,0,0,,,,,D1-D2 linker
488,,I_448,L_450,L_449,L_472,M_438,G_419,L_436,L_427,L_422,Q_425,N/A,,,0,0,0,,,,,D1-D2 linker
489,,E_449,E_451,E_450,E_473,E_439,K_420,E_437,D_428,E_423,Q_426,SCN5A:Brugada syndrome,,,0,0,0,,,,,D1-D2 linker
490,,Q_450,Q_452,Q_451,K_474,M_440,E_421,Q_438,R_429,M_424,L_427,N/A,,,0,0,0,,,,,D1-D2 linker
491,,L_451,L_453,L_452,F_475,L_441,L_422,L_439,L_430,L_425,L_428,N/A,,,0,0,0,,,,,D1-D2 linker
492,,K_452,K_454,K_453,K_476,K_442,Q_423,K_440,K_431,R_426,K_429,N/A,,,0,0,0,,,,,D1-D2 linker
493,,K_453,K_455,K_454,K_477,K_443,E_424,K_441,K_432,K_427,E_430,N/A,,,0,0,0,,,,,D1-D2 linker
494,,Q_454,Q_456,Q_455,H_478,E_444,G_425,Q_442,E_433,E_428,E_431,N/A,,,0,0,0,,,,,D1-D2 linker
495,,Q_455,Q_457,Q_456,Q_479,H_445,N_426,Q_443,Q_434,Q_429,K_432,SCN5A:Atrial fibrillation,,,0,0,0,,,,,D1-D2 linker
496,,E_456,E_458,E_457,E_480,E_446,E_427,E_444,E_435,E_430,E_433,SCN5A:Cardiomyopathy- dilated,,,0,0,0,,,,,D1-D2 linker
497,,A_457,E_459,E_458,E_481,A_447,T_428,E_445,E_436,V_431,A_434,N/A,,,0,0,0,,,,,D1-D2 linker
498,,A_458,A_460,A_459,L_482,L_448,D_429,A_446,A_437,L_432,L_435,N/A,,,0,0,0,,,,,D1-D2 linker
499,,Q_459,Q_461,Q_460,E_483,T_449,E_430,Q_447,E_438,A_433,V_436,SCN1A:Dravet syndrome and generalised epilepsy with febrile seizures,,,0,0,0,,,,,D1-D2 linker
500,,Q_460,A_462,A_461,K_484,I_450,A_431,A_448,A_439,A_434,A_437,N/A,,,0,0,0,,,,,D1-D2 linker
501,,A_461,A_463,V_462,A_485,R_451,K_432,A_449,I_440,L_435,M_438,N/A,,,0,0,0,,,,,D1-D2 linker
502,,A_462,A_464,A_463,K_486,G_452,T_433,A_450,A_441,G_436,G_439,N/A,,,0,0,0,,,,,D1-D2 linker
503,,T_463,A_465,A_464,A_487,V_453,I_434,M_451,A_442,I_437,I_440,N/A,,,0,0,0,,,,,D1-D2 linker
504,,A_464,A_466,A_465,A_488,D_454,-,A_452,A_443,D_438,D_441,N/A,,,0,0,0,,,,,D1-D2 linker
505,,T_465,A_467,S_466,Q_489,T_455,-,T_453,A_444,T_439,R_442,SCN2A:Epilepsy with febrile seizures plus,,,0,0,0,,,,,D1-D2 linker
506,,A_466,S_468,A_467,A_490,V_456,-,S_454,A_445,T_440,S_443,N/A,,,0,0,0,,,,,D1-D2 linker
507,,S_467,A_469,A_468,L_491,S_457,-,A_455,E_446,S_441,S_444,N/A,,,0,0,0,,,,,D1-D2 linker
508,,-,-,-,-,-,-,G_456,-,-,-,N/A,,,0,0,0,,,,,D1-D2 linker
509,,-,-,-,-,-,-,T_457,-,-,-,N/A,,,0,0,0,,,,,D1-D2 linker
510,,-,-,-,-,-,-,V_458,-,-,-,N/A,,,0,0,0,,,,,D1-D2 linker
511,,-,-,-,-,-,-,S_459,-,-,-,N/A,,,0,0,0,,,,,D1-D2 linker
512,,E_468,E_470,-,-,-,-,E_460,Y_447,-,-,N/A,,,0,0,0,,,,,D1-D2 linker
513,,H_469,-,-,-,-,-,D_461,T_448,-,-,N/A,,,0,0,0,,,,,D1-D2 linker
514,,S_470,S_471,S_469,-,-,-,A_462,S_449,-,-,N/A,,,0,0,0,,,,,D1-D2 linker
515,,R_471,R_472,R_470,-,-,-,I_463,I_450,-,-,N/A,,,0,0,0,,,,,D1-D2 linker
516,,E_472,D_473,D_471,-,-,-,E_464,R_451,-,-,N/A,,,0,0,0,,,,,D1-D2 linker
517,,P_473,F_474,F_472,-,-,-,E_465,R_452,-,-,N/A,,,0,0,0,,,,,D1-D2 linker
518,,S_474,S_475,S_473,-,-,-,E_466,S_453,-,-,N/A,,,0,0,0,,,,,D1-D2 linker
519,,A_475,G_476,G_474,-,-,-,G_467,R_454,-,-,N/A,,,0,0,0,,,,,D1-D2 linker
520,,A_476,A_477,I_475,-,-,-,E_468,I_455,-,-,N/A,,,0,0,0,,,,,D1-D2 linker
521,,G_477,G_478,G_476,-,-,-,E_469,M_456,-,-,N/A,,,0,0,0,,,,,D1-D2 linker
522,,R_478,G_479,G_477,-,-,-,G_470,G_457,-,-,N/A,,,0,0,0,,,,,D1-D2 linker
523,,L_479,I_480,L_478,-,-,-,G_471,L_458,-,-,N/A,,,0,0,0,,,,,D1-D2 linker
524,,-,G_481,G_479,-,-,-,G_472,-,-,-,N/A,,,0,0,0,,,,,D1-D2 linker
525,,-,V_482,E_480,-,-,-,S_473,-,-,-,N/A,,,0,0,0,,,,,D1-D2 linker
526,,-,F_483,L_481,-,-,-,-,-,-,-,N/A,,,0,0,0,,,,,D1-D2 linker
527,,S_480,S_484,L_482,-,-,-,P_474,S_459,-,-,N/A,,,0,0,0,,,,,D1-D2 linker
528,,D_481,E_485,E_483,-,R_458,-,R_475,E_460,L_442,L_445,SCN5A:Sudden infant death syndrome,,,0,0,0,,,,,D1-D2 linker
529,,S_482,S_486,S_484,-,S_459,-,S_476,S_461,H_443,T_446,N/A,,,0,0,0,,,,,D1-D2 linker
530,,S_483,S_487,S_485,-,S_460,-,S_477,S_462,S_444,S_447,N/A,,,0,0,0,,,,,D1-D2 linker
531,,S_484,S_488,S_486,-,L_461,-,S_478,S_463,H_445,L_448,N/A,,,0,0,0,,,,,D1-D2 linker
532,,E_485,V_489,E_487,-,E_462,-,E_479,E_464,N_446,E_449,"SCN5A:Long QT syndrome,Long QT syndrome",,,0,0,0,,,,,D1-D2 linker
533,,A_486,A_490,A_488,-,M_463,-,I_480,T_465,G_447,T_450,N/A,,,0,0,0,,,,,D1-D2 linker
534,,S_487,S_491,S_489,-,S_464,-,S_481,S_466,S_448,S_451,N/A,,,0,0,0,,,,,D1-D2 linker
535,,K_488,K_492,K_490,-,P_465,-,K_482,K_467,P_449,Y_452,N/A,,,0,0,0,,,,,D1-D2 linker
536,,L_489,L_493,L_491,-,L_466,-,L_483,L_468,L_450,F_453,SCN5A:Brugada syndrome,,,0,0,0,,,,,D1-D2 linker
537,,S_490,S_494,S_492,-,A_467,-,S_484,S_469,T_451,T_454,N/A,,,0,0,0,,,,,D1-D2 linker
538,,S_491,S_495,S_493,-,P_468,-,S_485,S_470,S_452,P_455,N/A,,,0,0,0,,,,,D1-D2 linker
539,,K_492,K_496,K_494,-,V_469,-,K_486,K_471,K_453,K_456,N/A,,,0,0,0,,,,,D1-D2 linker
540,,S_493,S_497,S_495,-,N_470,-,S_487,S_472,N_454,K_457,"SCN2A:Epilepsy;SCN5A:Atrial fibrillation;Atrial fibrillation- familial- 10,Atrial fibrillation",,,0,0,0,,,,,D1-D2 linker
541,,A_494,E_498,A_496,-,S_471,-,A_488,A_473,A_455,R_458,N/A,,,0,0,0,,,,,D1-D2 linker
542,,K_495,K_499,K_497,-,H_472,-,K_489,K_474,S_456,K_459,N/A,,,0,0,0,,,,,D1-D2 linker
543,,E_496,E_500,E_498,-,E_473,-,E_490,E_475,E_457,L_460,N/A,,,0,0,0,,,,,D1-D2 linker
544,,R_497,L_501,W_499,-,R_474,-,R_491,R_476,R_458,F_461,N/A,,,0,0,0,,,,,D1-D2 linker
545,,R_498,K_502,R_500,-,R_475,-,R_492,R_477,R_459,G_462,N/A,,,0,0,0,,,,,D1-D2 linker
546,,N_499,N_503,N_501,-,S_476,-,N_493,N_478,H_460,N_463,N/A,,,0,0,0,,,,,D1-D2 linker
547,,R_500,R_504,R_502,-,K_477,-,R_494,R_479,R_461,K_464,SCN1A:Dravet syndrome,,,0,0,0,,,,,D1-D2 linker
548,,R_501,R_505,R_503,-,R_478,-,R_495,R_480,I_462,K_465,N/A,,,0,0,0,,,,,D1-D2 linker
549,,K_502,K_506,K_504,-,R_479,-,K_496,K_481,K_463,R_466,N/A,,,0,0,0,,,,,D1-D2 linker
550,,K_503,K_507,K_505,-,K_480,-,K_497,K_482,P_464,K_467,N/A,,,0,0,0,,,,,D1-D2 linker
551,,R_504,K_508,R_506,-,R_481,-,R_498,K_483,R_465,S_468,N/A,,,0,0,0,,,,,D1-D2 linker
552,,K_505,K_509,R_507,-,-,-,K_499,N_484,-,-,SCN2A:Epileptic encephalopathy- early infantile 11,,,0,0,0,,,,,D1-D2 linker
553,,Q_506,Q_510,Q_508,-,-,-,Q_500,Q_485,-,-,N/A,,,0,0,0,,,,,D1-D2 linker
554,,K_507,K_511,R_509,-,-,-,K_501,K_486,-,-,N/A,,,0,0,0,,,,,D1-D2 linker
555,,E_508,E_512,E_510,-,-,-,E_502,K_487,-,-,N/A,,,0,0,0,,,,,D1-D2 linker
556,,Q_509,Q_513,H_511,-,M_482,-,L_503,L_488,V_466,-,N/A,,,0,0,0,,,,,D1-D2 linker
557,,S_510,-,L_512,E_492,S_483,-,S_504,S_489,S_467,-,N/A,,,0,0,0,,,,,D1-D2 linker
558,,G_511,S_514,E_513,G_493,S_484,-,E_505,S_490,E_468,-,N/A,,,0,0,0,,,,,D1-D2 linker
559,,G_512,G_515,G_514,G_494,G_485,-,G_506,G_491,G_469,-,N/A,,,0,0,0,,,,,D1-D2 linker
560,,E_513,E_516,N_515,E_495,T_486,-,E_507,E_492,S_470,-,N/A,,,0,0,0,,,,,D1-D2 linker
561,,E_514,E_517,N_516,A_496,E_487,-,E_508,E_493,T_471,-,N/A,,,0,0,0,,,,,D1-D2 linker
562,,K_515,E_518,K_517,D_497,E_488,-,K_509,K_494,E_472,-,N/A,,,0,0,0,,,,,D1-D2 linker
563,,D_516,K_519,G_518,G_498,C_489,-,G_510,G_495,D_473,-,N/A,,,0,0,0,,,,,D1-D2 linker
564,,E_517,N_520,E_519,D_499,G_490,-,D_511,D_496,N_474,-,N/A,,,0,0,0,,,,,D1-D2 linker
565,,-,-,R_520,-,E_491,-,P_512,A_497,-,-,N/A,,,0,0,0,,,,,D1-D2 linker
566,,D_518,D_521,D_521,-,D_492,-,E_513,E_498,-,-,N/A,,,0,0,0,,,,,D1-D2 linker
567,,E_519,R_522,S_522,-,R_493,-,K_514,K_499,K_475,-,N/A,,,0,0,0,,,,,D1-D2 linker
568,,F_520,V_523,F_523,-,L_494,-,V_515,L_500,S_476,-,N/A,,,0,0,0,,,,,D1-D2 linker
569,,Q_521,R_524,P_524,-,P_495,-,F_516,S_501,P_477,-,N/A,,,0,0,0,,,,,D1-D2 linker
570,,K_522,K_525,K_525,-,K_496,-,K_517,K_502,R_478,-,N/A,,,0,0,0,,,,,D1-D2 linker
571,,S_523,S_526,S_526,-,S_497,-,S_518,S_503,S_479,-,N/A,,,0,0,0,,,,,D1-D2 linker
572,,E_524,E_527,E_527,-,D_498,-,E_519,E_504,D_480,-,N/A,,,0,0,0,,,,,D1-D2 linker
573,,S_525,S_528,S_528,-,S_499,-,S_520,S_505,P_481,-,SCN1A:Dravet syndrome,,,0,0,0,,,,,D1-D2 linker
574,,E_526,E_529,E_529,-,E_500,-,E_521,E_506,Y_482,-,N/A,,,0,0,0,,,,,D1-D2 linker
575,,D_527,D_530,D_530,-,D_501,-,D_522,D_507,N_483,-,SCN5A:Brugada syndrome,,,0,0,0,,,,,D1-D2 linker
576,,S_528,S_531,S_531,-,G_502,-,G_523,S_508,Q_484,-,N/A,,,0,0,0,,,,,D1-D2 linker
577,,I_529,I_532,V_532,-,P_503,-,M_524,I_509,R_485,-,SCN10A:Infantile spasms,,,0,0,0,,,,,D1-D2 linker
578,,R_530,R_533,K_533,-,R_504,-,R_525,R_510,R_486,-,SCN5A:Long QT syndrome,,,0,0,0,,,,,D1-D2 linker
579,,R_531,R_534,R_534,-,A_505,-,R_526,R_511,-,-,N/A,,,0,0,0,,,,,D1-D2 linker
580,,K_532,K_535,S_535,-,M_506,-,K_527,K_512,-,-,SCN5A:Long QT syndrome,,,0,0,0,,,,,D1-D2 linker
581,,G_533,G_536,S_536,-,-,-,A_528,S_513,-,-,N/A,,,0,0,0,,,,,D1-D2 linker
582,,F_534,F_537,F_537,-,-,-,F_529,F_514,-,-,N/A,,,0,0,0,,,,,D1-D2 linker
583,,R_535,R_538,L_538,-,-,-,R_530,H_515,-,-,SCN8A:Rett syndrome features,,,0,0,0,,,,,D1-D2 linker
584,,F_536,F_539,F_539,-,-,-,L_531,L_516,-,-,N/A,,,0,0,0,,,,,D1-D2 linker
585,,S_537,S_540,S_540,-,-,-,P_532,G_517,-,-,N/A,,,0,0,0,,,,,D1-D2 linker
586,,I_538,L_541,M_541,-,-,-,-,V_518,-,-,N/A,,,0,0,0,,,,,D1-D2 linker
587,,E_539,E_542,D_542,-,-,-,-,E_519,-,-,N/A,,,0,0,0,,,,,D1-D2 linker
588,,G_540,G_543,G_543,-,-,-,D_533,G_520,-,-,N/A,,,0,0,0,,,,,D1-D2 linker
589,,N_541,S_544,N_544,-,N_507,-,N_534,H_521,-,-,N/A,,,0,0,0,,,,,D1-D2 linker
590,,R_542,R_545,R_545,-,H_508,-,R_535,R_522,-,-,N/A,,,0,0,0,,,,,D1-D2 linker
591,,L_543,L_546,L_546,-,L_509,-,I_536,R_523,-,-,N/A,,,0,0,0,,,,,D1-D2 linker
592,,T_544,T_547,T_547,-,S_510,-,G_537,A_524,-,-,N/A,,,0,0,0,,,,,D1-D2 linker
593,,Y_545,Y_548,S_548,-,L_511,-,-,H_525,-,-,SCN1A:not provided,,,0,0,0,,,,,D1-D2 linker
594,,E_546,E_549,D_549,-,T_512,-,-,E_526,-,-,SCN5A:Cardiac conduction disease,,,0,0,0,,,,,D1-D2 linker
595,,K_547,K_550,K_550,-,R_513,-,R_538,K_527,-,-,N/A,,,0,0,0,,,,,D1-D2 linker
596,,R_548,R_551,K_551,-,G_514,-,K_539,R_528,-,-,"SCN5A:Cardiac conduction defect- nonprogressive;Cardiac conduction defect- nonspecific,Cardiac conduction disease",,,0,0,0,,,,,D1-D2 linker
597,,Y_549,F_552,F_552,-,L_515,-,F_540,L_529,-,-,N/A,,,0,0,0,,,,,D1-D2 linker
598,,S_550,S_553,C_553,-,S_516,-,S_541,S_530,-,-,N/A,,,0,0,0,,,,,D1-D2 linker
599,,S_551,S_554,S_554,-,R_517,-,I_542,T_531,-,-,N/A,,,0,0,0,,,,,D1-D2 linker
600,,P_552,P_555,P_555,-,T_518,-,M_543,P_532,-,-,N/A,,,0,0,0,,,,,D1-D2 linker
601,,H_553,H_556,H_556,-,S_519,-,N_544,N_533,-,-,N/A,,,0,0,0,,,,,D1-D2 linker
602,,Q_554,Q_557,Q_557,-,M_520,-,Q_545,Q_534,-,-,"SCN1A:not provided,Dravet syndrome,Dravet syndrome,Dravet syndrome",,,0,0,0,,,,,D1-D2 linker
603,,S_555,S_558,S_558,-,K_521,-,S_546,S_535,-,-,N/A,,,0,0,0,,,,,D1-D2 linker
604,,L_556,L_559,L_559,-,P_522,-,L_547,P_536,-,-,N/A,,,0,0,0,,,,,D1-D2 linker
605,,L_557,L_560,L_560,-,R_523,-,L_548,L_537,M_487,-,SCN5A:Long QT syndrome,,,0,0,0,,,,,D1-D2 linker
606,,S_558,S_561,S_561,-,S_524,-,S_549,S_538,S_488,-,SCN5A:Sudden infant death syndrome,,,0,0,0,,,,,D1-D2 linker
607,,I_559,I_562,I_562,-,S_525,-,I_550,I_539,F_489,-,N/A,,,0,0,0,,,,,D1-D2 linker
608,,R_560,R_563,R_563,-,R_526,-,P_551,R_540,L_490,-,SCN1A:Epilepsy,,,0,0,0,,,,,D1-D2 linker
609,,G_561,G_564,G_564,-,G_527,-,G_552,G_541,G_491,-,N/A,,,0,0,0,,,,,D1-D2 linker
610,,S_562,S_565,S_565,-,S_528,-,S_553,S_542,L_492,-,N/A,,,0,0,0,,,,,D1-D2 linker
611,,L_563,L_566,L_566,-,I_529,-,P_554,L_543,A_493,-,N/A,,,0,0,0,,,,,D1-D2 linker
612,,F_564,F_567,F_567,-,F_530,-,F_555,F_544,S_494,-,SCN5A:Long QT syndrome,,,0,0,0,,,,,D1-D2 linker
613,,S_565,S_568,S_568,-,T_531,-,L_556,S_545,G_495,-,N/A,,,0,0,0,,,,,D1-D2 linker
614,,P_566,P_569,P_569,-,F_532,-,S_557,A_546,K_496,-,SCN1A:Dravet syndrome,,,0,0,0,,,,,D1-D2 linker
615,,R_567,R_570,R_570,-,R_533,-,R_558,R_547,R_497,-,N/A,,,0,0,0,,,,,D1-D2 linker
616,,R_568,R_571,R_571,-,R_534,-,H_559,R_548,R_498,-,SCN1A:Epileptic encephalopathy- early infantile,,,0,0,0,,,,,D1-D2 linker
617,,N_569,N_572,N_572,-,-,-,N_560,S_549,A_499,-,N/A,,,0,0,0,,,,,D1-D2 linker
618,,S_570,S_573,S_573,-,-,-,S_561,S_550,S_500,-,SCN1A:Generalized epilepsy with febrile seizures plus,,,0,0,0,,,,,D1-D2 linker
619,,R_571,R_574,K_574,-,-,-,K_562,R_551,H_501,-,N/A,,,0,0,0,,,,,D1-D2 linker
620,,T_572,A_575,T_575,-,-,-,S_563,T_552,G_502,-,SCN2A:Neonatal-infantile seizures,,,0,0,0,,,,,D1-D2 linker
621,,S_573,S_576,S_576,-,-,-,S_564,S_553,S_503,-,N/A,,,0,0,0,,,,,D1-D2 linker
622,,L_574,L_577,I_577,-,-,-,I_565,L_554,V_504,-,N/A,,,0,0,0,,,,,D1-D2 linker
623,,F_575,F_578,F_578,-,-,-,F_566,F_555,F_505,F_469,N/A,,,0,0,0,,,,,D1-D2 linker
624,,S_576,S_579,S_579,-,-,-,S_567,S_556,H_506,F_470,SCN2A:Epilepsy- benign infantile,,,0,0,0,,,,,D1-D2 linker
625,,F_577,F_580,F_580,-,-,-,F_568,F_557,F_507,L_471,N/A,,,0,0,0,,,,,D1-D2 linker
626,,R_578,R_581,R_581,-,-,-,R_569,K_558,R_508,R_472,N/A,,,0,0,0,,,,,D1-D2 linker
627,,-,-,-,-,-,-,G_570,-,-,E_473,N/A,,,0,0,0,,,,,D1-D2 linker
628,,-,-,-,-,-,-,P_571,-,-,S_474,N/A,,,0,0,0,,,,,D1-D2 linker
629,,G_579,G_582,G_582,-,-,-,G_572,G_559,S_509,G_475,N/A,,,0,0,0,,,,,D1-D2 linker
630,,R_580,R_583,R_583,-,-,-,R_573,R_560,P_510,K_476,N/A,,,0,0,0,,,,,D1-D2 linker
631,,A_581,A_584,A_584,-,-,-,F_574,G_561,G_511,D_477,N/A,,,0,0,0,,,,,D1-D2 linker
632,,K_582,K_585,K_585,-,R_535,-,R_575,R_562,R_512,Q_478,SCN5A:Long QT syndrome,,,0,0,0,,,,,D1-D2 linker
633,,D_583,D_586,D_586,-,D_536,-,D_576,D_563,D_513,P_479,SCN5A:Long QT syndrome,,,0,0,0,,,,,D1-D2 linker
634,,V_584,I_587,V_587,-,L_537,-,P_577,I_564,I_514,P_480,SCN9A:Neuropathic pain- in diabetic peripheral neuropathy,,,0,0,0,,,,,D1-D2 linker
635,,G_585,G_588,G_588,-,G_538,-,G_578,G_565,S_515,G_481,N/A,,,0,0,0,,,,,D1-D2 linker
636,,S_586,S_589,S_589,-,S_539,-,S_579,S_566,L_516,S_482,N/A,,,0,0,0,,,,,D1-D2 linker
637,,E_587,E_590,E_590,-,E_540,-,E_580,E_567,P_517,D_483,N/A,,,0,0,0,,,,,D1-D2 linker
638,,N_588,N_591,N_591,-,A_541,-,N_581,T_568,E_518,S_484,N/A,,,0,0,0,,,,,D1-D2 linker
639,,D_589,D_592,D_592,-,D_542,-,E_582,E_569,G_519,D_485,SCN1A:not provided,,,0,0,0,,,,,D1-D2 linker
640,,F_590,F_593,F_593,-,F_543,-,F_583,F_570,V_520,-,SCN5A:Brugada syndrome,,,0,0,0,,,,,D1-D2 linker
641,,A_591,A_594,A_594,-,A_544,-,A_584,A_571,T_521,-,N/A,,,0,0,0,,,,,D1-D2 linker
642,,D_592,D_595,D_595,-,D_545,-,D_585,D_572,D_522,-,N/A,,,0,0,0,,,,,D1-D2 linker
643,,D_593,D_596,D_596,-,D_546,-,D_586,D_573,D_523,-,N/A,,,0,0,0,,,,,D1-D2 linker
644,,E_594,E_597,E_597,-,E_547,-,E_587,E_574,G_524,-,N/A,,,0,0,0,,,,,D1-D2 linker
645,,H_595,H_598,H_598,-,N_548,-,H_588,H_575,-,-,N/A,,,0,0,0,,,,,D1-D2 linker
646,,S_596,S_599,S_599,-,S_549,-,S_589,S_576,V_525,-,N/A,,,0,0,0,,,,,D1-D2 linker
647,,T_597,T_600,T_600,-,T_550,-,T_590,I_577,F_526,-,N/A,,,0,0,0,,,,,D1-D2 linker
648,,F_598,F_601,F_601,-,A_551,-,V_591,F_578,P_527,-,SCN5A:Brugada syndrome,,,0,0,0,,,,,D1-D2 linker
,LoF variants:,,,,,A551T,,,,,,,"Chiang(2009),Juang(2014)","10.1186/1423-0127-16-76,10.1038/srep03850",0,1,0,BrS,"Chiang(2009),Juang(2014)","10.1186/1423-0127-16-76,10.1038/srep03850",-,D1-D2 linker
649,,E_599,E_602,E_602,-,G_552,-,E_592,G_579,G_528,-,SCN5A:Brugada syndrome,,,0,0,0,,,,,D1-D2 linker
650,,D_600,D_603,D_603,-,E_553,-,E_593,D_580,D_529,-,N/A,,,0,0,0,,,,,D1-D2 linker
651,,N_601,N_604,S_604,-,S_554,-,S_594,N_581,H_530,-,N/A,,,0,0,0,,,,,D1-D2 linker
652,,E_602,D_605,E_605,-,E_555,-,E_595,E_582,E_531,-,N/A,,,0,0,0,,,,,D1-D2 linker
653,,S_603,S_606,S_606,-,S_556,-,G_596,S_583,S_532,-,N/A,,,0,0,0,,,,,D1-D2 linker
654,,R_604,R_607,R_607,-,H_557,-,R_597,R_584,H_533,-,SCN2A:Early infantile epileptic encephalopathy 11,,,0,0,0,,,,,D1-D2 linker
655,,R_605,R_608,R_608,-,H_558,-,R_598,R_585,R_534,-,N/A,,,0,0,0,,,,,D1-D2 linker
656,,D_606,D_609,D_609,-,T_559,-,D_599,G_586,G_535,-,N/A,,,0,0,0,,,,,D1-D2 linker
657,,S_607,S_610,S_610,-,S_560,-,S_600,S_587,S_536,-,N/A,,,0,0,0,,,,,D1-D2 linker
658,,L_608,L_611,L_611,-,L_561,-,L_601,L_588,L_537,-,N/A,,,0,0,0,,,,,D1-D2 linker
659,,F_609,F_612,F_612,-,L_562,-,F_602,F_589,L_538,-,SCN2A:Encephalopathy with late-onset epilepsy,,,0,0,0,,,,,D1-D2 linker
660,,V_610,V_613,V_613,-,V_563,-,I_603,V_590,L_539,-,N/A,,,0,0,0,,,,,D1-D2 linker
661,,P_611,P_614,P_614,-,P_564,-,P_604,P_591,G_540,-,N/A,,,0,0,0,,,,,D1-D2 linker
662,,R_612,H_615,H_615,-,W_565,-,I_605,H_592,G_541,-,N/A,,,0,0,0,,,,,D1-D2 linker
663,,R_613,R_616,R_616,-,P_566,-,R_606,R_593,G_542,-,N/A,,,0,0,0,,,,,D1-D2 linker
664,,H_614,H_617,H_617,-,L_567,-,A_607,P_594,A_543,-,SCN5A:Brugada syndrome,,,0,0,0,,,,,D1-D2 linker
,LoF variants:,,,,,L567Q,,,,,,,Wan(2001),10.1152/ajpheart.2001.280.1.H354,0,1,0,BrS,Priori(2000),10.1016/S0140-6736(99)05277-0,-,D1-D2 linker
665,,G_615,G_618,G_618,-,R_568,-,R_608,Q_595,G_544,-,SCN5A:Long QT syndrome 3,,,0,0,0,,,,,D1-D2 linker
666,,E_616,E_619,E_619,-,R_569,-,E_609,E_596,Q_545,-,"SCN1A:Epileptic encephalopathy,Epilepsy- drug-resistant;SCN5A:Brugada syndrome,Long QT syndrome",,,0,0,0,,,,,D1-D2 linker
667,,R_617,R_620,R_620,-,T_570,-,R_610,R_597,Q_546,-,N/A,,,0,0,0,,,,,D1-D2 linker
668,,R_618,R_621,R_621,-,S_571,-,R_611,R_598,G_547,-,SCN1A:Epilepsy with febrile seizures plus & Dravet syndrome;SCN5A:Long QT syndrome,,,0,0,0,,,,,D1-D2 linker
669,,N_619,H_622,N_622,-,A_572,-,S_612,S_599,P_548,-,"SCN5A:Long QT syndrome,Long QT syndrome",,,0,0,0,,,,,D1-D2 linker
670,,-,-,-,-,-,-,S_613,-,-,-,N/A,,,0,0,0,,,,,D1-D2 linker
671,,-,-,-,-,-,-,Y_614,-,-,-,N/A,,,0,0,0,,,,,D1-D2 linker
672,,-,-,-,-,-,-,S_615,-,-,-,N/A,,,0,0,0,,,,,D1-D2 linker
673,,-,-,-,-,-,-,G_616,-,-,-,N/A,,,0,0,0,,,,,D1-D2 linker
674,,-,-,-,-,-,-,Y_617,-,-,-,N/A,,,0,0,0,,,,,D1-D2 linker
675,,S_620,S_623,S_623,-,Q_573,-,S_618,S_600,-,-,SCN5A:Long QT syndrome,,,0,0,0,,,,,D1-D2 linker
676,,N_621,N_624,N_624,-,G_574,-,G_619,N_601,-,-,N/A,,,0,0,0,,,,,D1-D2 linker
677,,L_622,V_625,V_625,-,Q_575,-,Y_620,I_602,-,-,N/A,,,0,0,0,,,,,D1-D2 linker
678,,S_623,S_626,S_626,-,P_576,-,S_621,S_603,-,-,N/A,,,0,0,0,,,,,D1-D2 linker
679,,Q_624,Q_627,Q_627,-,S_577,-,Q_622,Q_604,-,-,N/A,,,0,0,0,,,,,D1-D2 linker
680,,T_625,A_628,A_628,-,P_578,-,G_623,A_605,L_549,-,N/A,,,0,0,0,,,,,D1-D2 linker
681,,S_626,S_629,S_629,-,G_579,-,S_624,S_606,P_550,-,"SCN1A:Generalized epilepsy;Severe myoclonic epilepsy in infancy,Cryptogenic generalised epilepsy;SCN5A:Long QT syndrome",,,0,0,0,,,,,D1-D2 linker
682,,R_627,R_630,M_630,-,T_580,-,R_625,R_607,R_551,-,SCN1A:Generalized epilepsy with febrile seizures plus,,,0,0,0,,,,,D1-D2 linker
683,,S_628,A_631,S_631,-,S_581,-,S_626,S_608,S_552,-,N/A,,,0,0,0,,,,,D1-D2 linker
684,,S_629,S_632,S_632,-,A_582,-,S_627,P_609,P_553,-,N/A,,,0,0,0,,,,,D1-D2 linker
685,,R_630,R_633,R_633,-,-,-,R_628,-,L_554,-,SCN10A:Peripheral neuropathy- painful,,,0,0,0,,,,,D1-D2 linker
686,,M_631,V_634,M_634,-,-,-,I_629,-,P_555,-,N/A,,,0,0,0,,,,,D1-D2 linker
687,,L_632,L_635,V_635,-,-,-,F_630,-,Q_556,-,N/A,,,0,0,0,,,,,D1-D2 linker
688,,A_633,P_636,P_636,-,P_583,-,P_631,P_610,P_557,-,N/A,,,0,0,0,,,,,D1-D2 linker
689,,V_634,I_637,G_637,-,G_584,-,S_632,M_611,S_558,-,N/A,,,0,0,0,,,,,D1-D2 linker
690,,F_635,L_638,L_638,-,H_585,-,L_633,L_612,N_559,-,N/A,,,0,0,0,,,,,D1-D2 linker
691,,P_636,P_639,P_639,P_500,A_586,-,R_634,P_613,P_560,-,SCN5A:Brugada syndrome,,,0,0,0,,,,,D1-D2 linker
692,,A_637,M_640,A_640,A_501,L_587,-,R_635,V_614,D_561,-,N/A,,,0,0,0,,,,,D1-D2 linker
693,,N_638,N_641,N_641,H_502,H_588,-,S_636,N_615,S_562,-,N/A,,,0,0,0,,,,,D1-D2 linker
694,,G_639,G_642,G_642,G_503,G_589,-,V_637,G_616,R_563,-,SCN9A:Erythromelalgia- late-onset,,,0,0,0,,,,,D1-D2 linker
695,,K_640,K_643,K_643,K_504,K_590,-,K_638,K_617,H_564,-,N/A,,,0,0,0,,,,,D1-D2 linker
696,,M_641,M_644,M_644,-,K_591,-,R_639,M_618,-,-,N/A,,,0,0,0,,,,,D1-D2 linker
697,,H_642,H_645,H_645,-,N_592,-,N_640,H_619,-,-,SCN5A:Brugada syndrome,,,0,0,0,,,,,D1-D2 linker
698,,S_643,S_646,S_646,-,S_593,-,S_641,S_620,-,-,N/A,,,0,0,0,,,,,D1-D2 linker
699,,T_644,A_647,T_647,-,T_594,-,T_642,A_621,-,-,N/A,,,0,0,0,,,,,D1-D2 linker
700,,V_645,V_648,V_648,-,V_595,-,V_643,V_622,-,E_486,N/A,,,0,0,0,,,,,D1-D2 linker
701,,D_646,D_649,D_649,D_505,D_596,-,D_644,D_623,-,D_487,"SCN2A:Dravet syndrome;SCN9A:Small fiber neuropathy,Small fibre neuropathy",,,0,0,0,,,,,D1-D2 linker
,GoF variants:,,,,,,,,D623N,,,,Ahn(2013),10.1016/j.brainres.2013.07.005,1,0,0,SFN,Faber(2012),10.1073/pnas.1216080109,-,D1-D2 linker
702,,C_647,C_650,C_650,C_506,C_597,-,C_645,C_624,-,C_488,N/A,,,0,0,0,,,,,D1-D2 linker
703,,N_648,N_651,N_651,N_507,N_598,-,N_646,N_625,-,Q_489,N/A,,,0,0,0,,,,,D1-D2 linker
704,,G_649,G_652,G_652,G_508,G_599,-,G_647,G_626,-,K_490,N/A,,,0,0,0,,,,,D1-D2 linker
705,,V_650,V_653,V_653,S_509,V_600,-,V_648,V_627,-,K_491,N/A,,,0,0,0,,,,,D1-D2 linker
706,,V_651,V_654,V_654,L_510,V_601,-,V_649,V_628,-,P_492,N/A,,,0,0,0,,,,,D1-D2 linker
707,,S_652,S_655,S_655,D_511,S_602,-,S_650,S_629,-,Q_493,N/A,,,0,0,0,,,,,D1-D2 linker
708,,L_653,L_656,L_656,T_512,L_603,-,L_651,L_630,-,L_494,N/A,,,0,0,0,,,,,D1-D2 linker
709,,V_654,V_657,V_657,S_513,L_604,-,I_652,V_631,-,L_495,N/A,,,0,0,0,,,,,D1-D2 linker
710,,G_655,G_658,G_658,Q_514,G_605,-,G_653,D_632,-,E_496,N/A,,,0,0,0,,,,,D1-D2 linker
711,,-,-,-,-,A_606,-,-,-,-,-,N/A,,,0,0,0,,,,,D1-D2 linker
712,,G_656,G_659,G_659,G_515,G_607,-,G_654,G_633,G_565,-,N/A,,,0,0,0,,,,,D1-D2 linker
713,,P_657,P_660,P_660,-,D_608,-,P_655,R_634,E_566,-,"SCN1A:Severe myoclonic epilepsy in infancy,Dravet syndrome",,,0,0,0,,,,,D1-D2 linker
714,,S_658,S_661,S_661,-,P_609,-,G_656,S_635,D_567,-,N/A,,,0,0,0,,,,,D1-D2 linker
715,,V_659,T_662,A_662,-,E_610,-,S_657,A_636,E_568,-,N/A,,,0,0,0,,,,,D1-D2 linker
716,,P_660,L_663,L_663,-,A_611,-,H_658,L_637,H_569,-,SCN1A:Neonatal seizures,,,0,0,0,,,,,D1-D2 linker
717,,T_661,T_664,T_664,-,T_612,-,I_659,M_638,Q_570,-,N/A,,,0,0,0,,,,,D1-D2 linker
718,,S_662,S_665,S_665,-,S_613,-,G_660,L_639,P_571,-,N/A,,,0,0,0,,,,,D1-D2 linker
719,,P_663,-,P_666,-,P_614,-,-,P_640,P_572,-,N/A,,,0,0,0,,,,,D1-D2 linker
720,,V_664,A_666,T_667,-,G_615,-,-,N_641,P_573,-,SCN9A:Febrile seizures,,,0,0,0,,,,,D1-D2 linker
721,,G_665,G_667,G_668,-,S_616,-,G_661,G_642,T_574,-,N/A,,,0,0,0,,,,,D1-D2 linker
722,,Q_666,Q_668,Q_669,-,H_617,-,R_662,Q_643,S_575,-,N/A,,,0,0,0,,,,,D1-D2 linker
723,,L_667,L_669,L_670,-,L_618,-,L_663,L_644,E_576,-,N/A,,,0,0,0,,,,,D1-D2 linker
724,,L_668,L_670,P_671,-,L_619,-,L_664,L_645,L_577,-,SCN5A:Long QT syndrome,,,0,0,0,,,,,D1-D2 linker
725,,P_669,P_671,P_672,-,R_620,-,P_665,P_646,A_578,-,SCN5A:Brugada syndrome,,,0,0,0,,,,,D1-D2 linker
726,,E_670,E_672,E_673,-,P_621,-,E_666,E_647,P_579,-,N/A,,,0,0,0,,,,,D1-D2 linker
727,,V_671,-,-,-,V_622,-,-,-,-,-,N/A,,,0,0,0,,,,,D1-D2 linker
728,,I_672,-,-,-,M_623,-,-,-,-,-,N/A,,,0,0,0,,,,,D1-D2 linker
729,,I_673,-,-,-,L_624,-,-,-,-,-,N/A,,,0,0,0,,,,,D1-D2 linker
730,,D_674,-,-,-,E_625,-,-,-,-,-,SCN1A:Severe myoclonic epilepsy of infancy,,,0,0,0,,,,,D1-D2 linker
731,,K_675,-,-,-,H_626,-,-,-,-,-,N/A,,,0,0,0,,,,,D1-D2 linker
732,,P_676,-,-,-,P_627,-,-,-,-,-,N/A,,,0,0,0,,,,,D1-D2 linker
733,,A_677,-,-,-,P_628,-,-,-,-,-,N/A,,,0,0,0,,,,,D1-D2 linker
734,,T_678,-,-,-,-,-,-,-,-,-,N/A,,,0,0,0,,,,,D1-D2 linker
735,,D_679,-,-,-,-,-,-,-,-,-,N/A,,,0,0,0,,,,,D1-D2 linker
736,,D_680,-,-,-,D_629,-,-,-,-,-,SCN1A:Epilepsy,,,0,0,0,,,,,D1-D2 linker
737,,N_681,-,-,-,T_630,-,-,-,-,-,SCN5A:Brugada syndrome,,,0,0,0,,,,,D1-D2 linker
738,,G_682,G_673,G_674,-,T_631,-,-,G_648,-,-,N/A,,,0,0,0,,,,,D1-D2 linker
739,,T_683,T_674,T_675,-,T_632,-,A_667,T_649,G_580,-,SCN5A:Brugada syndrome,,,0,0,0,,,,,D1-D2 linker
740,,T_684,T_675,T_676,-,P_633,-,T_668,T_650,A_581,-,SCN8A:Early infantile epileptic encephalopathy 13,,,0,0,0,,,,,D1-D2 linker
741,,T_685,T_676,T_677,-,S_634,-,T_669,N_651,V_582,-,N/A,,,0,0,0,,,,,D1-D2 linker
742,,E_686,E_677,E_678,-,E_635,Q_435,E_670,Q_652,D_583,-,SCN2A:Epileptic encephalopathy- early infantile,,,0,0,0,,,,,D1-D2 linker
743,,T_687,T_678,T_679,-,E_636,I_436,V_671,I_653,V_584,-,N/A,,,0,0,0,,,,,D1-D2 linker
744,,E_688,E_679,E_680,-,P_637,E_437,E_672,H_654,S_585,-,SCN5A:Long QT syndrome,,,0,0,0,,,,,D1-D2 linker
745,,M_689,I_680,V_681,-,G_638,M_438,I_673,-,A_586,-,N/A,,,0,0,0,,,,,D1-D2 linker
746,,R_690,R_681,R_682,-,G_639,K_439,K_674,K_655,F_587,-,"SCN9A:Febrile seizures;SCN5A:Long QT syndrome,Long QT syndrome",,,0,0,0,,,,,D1-D2 linker
747,,K_691,K_682,K_683,-,P_640,K_440,K_675,K_656,D_588,Q_497,SCN5A:Brugada syndrome,,,0,0,0,,,,,D1-D2 linker
748,,R_692,R_683,R_684,-,Q_641,R_441,K_676,R_657,A_589,T_498,N/A,,,0,0,0,,,,,D1-D2 linker
749,,R_693,R_684,R_685,-,M_642,S_442,G_677,R_658,G_590,K_499,N/A,,,0,0,0,,,,,D1-D2 linker
750,,S_694,S_685,L_686,-,L_643,P_443,P_678,C_659,Q_591,R_500,N/A,,,0,0,0,,,,,D1-D2 linker
751,,S_695,S_686,S_687,-,T_644,I_444,G_679,S_660,K_592,L_501,N/A,,,0,0,0,,,,,D1-D2 linker
752,,S_696,S_687,S_688,-,S_645,S_445,S_680,S_661,K_593,S_502,N/A,,,0,0,0,,,,,D1-D2 linker
753,,F_697,Y_688,Y_689,-,Q_646,T_446,L_681,Y_662,T_594,Q_503,N/A,,,0,0,0,,,,,D1-D2 linker
754,,H_698,H_689,Q_690,-,A_647,D_447,L_682,L_663,F_595,N_504,SCN1A:Dravet syndrome;SCN5A:Brugada syndrome,,,0,0,0,,,,,D1-D2 linker
755,,V_699,V_690,I_691,-,P_648,T_448,V_683,L_664,L_596,L_505,SCN5A:Long QT syndrome,,,0,0,0,,,,,D1-D2 linker
756,,S_700,S_691,S_692,-,C_649,S_449,S_684,S_665,S_597,S_506,N/A,,,0,0,0,,,,,D1-D2 linker
757,,M_701,M_692,M_693,-,V_650,L_450,M_685,E_666,A_598,L_507,N/A,,,0,0,0,,,,,D1-D2 linker
758,,D_702,D_693,E_694,-,D_651,D_451,D_686,D_667,E_599,D_508,N/A,,,0,0,0,,,,,D1-D2 linker
759,,F_703,L_694,M_695,-,G_652,V_452,Q_687,M_668,Y_600,H_509,N/A,,,0,0,0,,,,,D1-D2 linker
760,,L_704,L_695,L_696,-,F_653,L_453,L_688,L_669,L_601,F_510,N/A,,,0,0,0,,,,,D1-D2 linker
761,,E_705,E_696,E_697,-,E_654,E_454,A_689,N_670,D_602,D_511,SCN5A:Long QT syndrome,,,0,0,0,,,,,D1-D2 linker
762,,-,-,-,-,-,-,-,-,-,E_512,N/A,,,0,0,0,,,,,D1-D2 linker
763,,-,-,-,-,-,-,-,-,-,H_513,N/A,,,0,0,0,,,,,D1-D2 linker
764,,-,-,-,-,-,-,-,-,-,G_514,N/A,,,0,0,0,,,,,D1-D2 linker
765,,D_706,D_697,D_698,E_516,E_655,D_455,S_690,D_671,E_603,D_515,"SCN5A:Atrial fibrillation;Atrial fibrillation- familial- 10;not provided,Atrial fibrillation",,,0,0,0,,,,,D1-D2 linker
766,,P_707,P_698,S_699,K_517,P_656,A_456,Y_691,P_672,P_604,P_516,N/A,,,0,0,0,,,,,D1-D2 linker
767,,S_708,T_699,S_700,G_518,G_657,T_457,G_692,N_673,F_605,L_517,N/A,,,0,0,0,,,,,D1-D2 linker
768,,Q_709,S_700,G_701,A_519,A_658,L_458,R_693,L_674,R_606,Q_518,N/A,,,0,0,0,,,,,D1-D2 linker
769,,R_710,R_701,R_702,P_520,R_659,R_459,K_694,R_675,A_607,R_519,N/A,,,0,0,0,,,,,D1-D2 linker
770,,Q_711,Q_702,Q_703,R_521,Q_660,H_460,D_695,Q_676,Q_608,Q_520,N/A,,,0,0,0,,,,,D1-D2 linker
771,,R_712,R_703,R_704,Q_522,R_661,K_461,R_696,R_677,R_609,R_521,N/A,,,0,0,0,,,,,D1-D2 linker
772,,A_713,A_704,A_705,S_523,A_662,-,I_697,A_678,A_610,A_522,SCN5A:Sudden unexplained death,,,0,0,0,,,,,D1-D2 linker
773,,M_714,M_705,V_706,S_524,L_663,-,N_698,M_679,M_611,L_523,N/A,,,0,0,0,,,,,D1-D2 linker
774,,S_715,S_706,S_707,S_525,S_664,-,S_699,S_680,S_612,S_524,N/A,,,0,0,0,,,,,D1-D2 linker
775,,I_716,I_707,I_708,G_526,A_665,-,I_700,R_681,V_613,A_525,SCN5A:Long QT syndrome,,,0,0,0,,,,,D1-D2 linker
776,,A_717,A_708,A_709,D_527,V_666,-,M_701,A_682,V_614,V_526,N/A,,,0,0,0,,,,,D1-D2 linker
777,,S_718,S_709,S_710,S_528,S_667,-,S_702,S_683,S_615,S_527,N/A,,,0,0,0,,,,,D1-D2 linker
778,,I_719,I_710,I_711,G_529,V_668,-,V_703,I_684,I_616,I_528,N/A,,,0,0,0,,,,,D1-D2 linker
779,,L_720,L_711,L_712,I_530,L_669,-,V_704,L_685,I_617,L_529,N/A,,,0,0,0,,,,,D1-D2 linker
780,,T_721,T_712,T_713,S_531,T_670,-,T_705,T_686,T_618,T_530,N/A,,,0,0,0,,,,,D1-D2 linker
781,,N_722,N_713,N_714,D_532,S_671,-,N_706,N_687,S_619,I_531,N/A,,,0,0,0,,,,,D1-D2 linker
782,,T_723,T_714,T_715,A_533,A_672,-,T_707,T_688,V_620,T_532,N/A,,,0,0,0,,,,,D1-D2 linker
783,,-,-,-,-,-,-,L_708,-,-,-,N/A,,,0,0,0,,,,,D1-D2 linker
784,,V_724,M_715,M_716,M_534,L_673,-,V_709,V_689,L_621,M_533,SCN5A:Long QT syndrome,,,0,0,0,,,,,D1-D2 linker
785,,E_725,E_716,E_717,E_535,E_674,E_462,E_710,E_690,E_622,K_534,N/A,,,0,0,0,,,,,D1-D2 linker
786,,E_726,E_717,E_718,E_536,E_675,E_463,E_711,E_691,E_623,E_535,N/A,,,0,0,0,,,,,D1-D2 linker
787,,L_727,L_718,L_719,L_537,L_676,L_464,L_712,L_692,L_624,Q_536,N/A,,,0,0,0,,,,,D1-D2 linker
788,,E_728,E_719,E_720,E_538,E_677,E_465,E_713,E_693,E_625,E_537,N/A,,,0,0,0,,,,,D1-D2 linker
789,,E_729,E_720,E_721,E_539,E_678,K_466,E_714,E_694,E_626,K_538,N/A,,,0,0,0,,,,,D1-D2 linker
790,,S_730,S_721,S_722,A_540,S_679,S_467,S_715,S_695,S_627,S_539,N/A,,,0,0,0,,,,,D1-D2 linker
791,,R_731,R_722,R_723,H_541,R_680,K_468,Q_716,R_696,E_628,Q_540,SCN5A:Sudden infant death syndrome,,,0,0,0,,,,,D1-D2 linker
792,,Q_732,Q_723,Q_724,Q_542,H_681,K_469,R_717,Q_697,Q_629,E_541,SCN5A:Brugada syndrome,,,0,0,0,,,,,D1-D2 linker
793,,K_733,K_724,K_725,K_543,K_682,I_470,K_718,K_698,K_630,P_542,N/A,,,0,0,0,,,,,D1-D2 linker
794,,C_734,C_725,C_726,C_544,C_683,C_471,C_719,C_699,C_631,C_543,"SCN5A:Brugada syndrome,Cardiac conduction disorder",,,0,0,0,,,,,D1-D2 linker
795,,P_735,P_726,P_727,P_545,P_684,P_472,P_720,P_700,P_632,L_544,N/A,,,0,0,0,,,,,D1-D2 linker
796,,P_736,P_727,P_728,P_546,P_685,L_473,P_721,P_701,P_633,P_545,N/A,,,0,0,0,,,,,D1-D2 linker
797,,C_737,C_728,C_729,W_547,C_686,Y_474,C_722,W_702,C_634,C_546,SCN2A:Rolandic epilepsy,,,0,0,0,,,,,D1-D2 linker
798,,W_738,W_729,W_730,W_548,W_687,W_475,W_723,W_703,L_635,G_547,SCN1A:Dravet syndrome,,,0,0,0,,,,,D1-D2 linker
799,,Y_739,Y_730,Y_731,Y_549,N_688,Y_476,Y_724,Y_704,T_636,E_548,N/A,,,0,0,0,,,,,D1-D2 linker
800,,K_740,K_731,R_732,K_550,R_689,K_477,K_725,R_705,S_637,N_549,SCN5A:Long QT syndrome,,,0,0,0,,,,,D1-D2 linker
801,,F_741,F_732,F_733,C_551,L_690,F_478,F_726,F_706,L_638,L_550,N/A,,,0,0,0,,,,,D1-D2 linker
802,,S_742,A_733,A_734,A_552,A_691,A_479,A_727,A_707,S_639,A_551,SCN2A:Encephalopathy with late-onset epilepsy;SCN5A:Long QT syndrome,,,0,0,0,,,,,D1-D2 linker
803,,N_743,N_734,N_735,H_553,Q_692,K_480,N_728,H_708,Q_640,S_552,N/A,,,0,0,0,,,,,D1-D2 linker
804,,I_744,M_735,V_736,K_554,R_693,T_481,T_729,K_709,K_641,K_553,N/A,,,0,0,0,,,,,D1-D2 linker
805,,F_745,C_736,F_737,V_555,Y_694,F_482,F_730,F_710,Y_642,Y_554,SCN9A:Genetic epilepsy with febrile seizures plus,,,0,0,0,,,,,D1-D2 linker
806,,L_746,L_737,L_738,L_556,L_695,L_483,L_731,L_711,L_643,L_555,N/A,,,0,0,0,,,,,D1-D2 linker
807,,I_747,I_738,I_739,I_557,I_696,I_484,I_732,I_712,I_644,V_556,N/A,,,0,0,0,,,,,D1-D2 linker
808,,W_748,W_739,W_740,W_558,W_697,W_485,W_733,W_713,W_645,W_557,N/A,,,0,0,0,,,,,D1-D2 linker
809,,D_749,D_740,D_741,N_559,E_698,N_486,E_734,N_714,D_646,N_558,N/A,,,0,0,0,,,,,D1-D2 linker
810,,C_750,C_741,C_742,C_560,C_699,C_487,C_735,C_715,C_647,C_559,N/A,,,0,0,0,,,,,D1-D2 linker
811,,S_751,C_742,C_743,C_561,C_700,S_488,H_736,S_716,C_648,C_560,N/A,,,0,0,0,,,,,D1-D2 linker
812,,P_752,K_743,D_744,A_562,P_701,P_489,P_737,P_717,P_649,P_561,SCN5A:Long QT syndrome,,,0,0,0,,,,,D1-D2 linker
813,,Y_753,P_744,A_745,P_563,L_702,C_490,Y_738,Y_718,M_650,Q_562,SCN10A:Erythromelalgia,,,0,0,0,,,,,D1-D2 linker
814,,W_754,W_745,W_746,W_564,W_703,W_491,W_739,W_719,W_651,W_563,SCN1A:Dravet syndrome,,,0,0,0,,,,,D1-D2 linker
815,,L_755,L_746,L_747,L_565,M_704,L_492,I_740,I_720,V_652,L_564,SCN9A:Small fibre neuropathy,,,0,0,0,,,,,D1-D2 linker
816,,K_756,K_747,K_748,K_566,S_705,K_493,K_741,K_721,K_653,C_565,N/A,,,0,0,0,,,,,D1-D2 linker
817,,V_757,V_748,V_749,F_567,I_706,L_494,L_742,F_722,L_654,V_566,N/A,,,0,0,0,,,,,D1-D2 linker
818,,K_758,K_749,K_750,K_568,K_707,K_495,K_743,K_723,K_655,K_567,N/A,,,0,0,0,,,,,D1-D2 linker
819,,H_759,H_750,H_751,N_569,Q_708,E_496,E_744,K_724,T_656,K_568,N/A,,,0,0,0,,,,,D1-D2 linker
820,,V_760,L_751,L_752,I_570,G_709,F_497,I_745,C_725,I_657,V_569,SCN5A:Long QT syndrome,,,0,0,0,,,,,D1-D2 linker
821,,V_761,V_752,V_753,I_571,V_710,V_498,V_746,I_726,L_658,L_570,N/A,,,0,0,0,,,,,D1-D2 linker
822,,N_762,N_753,N_754,H_572,K_711,H_499,N_747,Y_727,F_659,R_571,N/A,,,0,0,0,,,,,D1-D2 linker
823,,L_763,L_754,L_755,L_573,L_712,R_500,L_748,F_728,G_660,T_572,N/A,,,0,0,0,,,,,D1-D2 linker
824,,V_764,V_755,I_756,I_574,V_713,I_501,I_749,I_729,L_661,V_573,SCN11A:not provided,,,0,0,0,,,,,D1-D2 linker
825,,V_765,V_756,V_757,V_575,V_714,I_502,V_750,V_730,V_662,M_574,N/A,,,0,0,0,,,,,D1-D2 linker
826,,M_766,M_757,M_758,M_576,M_715,M_503,M_751,M_731,T_663,T_575,N/A,,,0,0,0,,,,,D1-D2 linker
827,,D_767,D_758,D_759,D_577,D_716,A_504,D_752,D_732,D_664,D_576,N/A,,,0,0,0,,,,,D2S1
828,,P_768,P_759,P_760,P_578,P_717,P_505,P_753,P_733,P_665,P_577,SCN1A:Severe myoclonic epilepsy of infancy,,,0,0,0,,,,,D2S1
829,,F_769,F_760,F_761,F_579,F_718,F_506,F_754,F_734,F_666,F_578,SCN1A:Generalized epilepsy with febrile seizures plus,,,0,0,0,,,,,D2S1
830,,V_770,V_761,V_762,V_580,T_719,T_507,V_755,V_735,A_667,T_579,N/A,,,0,0,0,,,,,D2S1
831,,D_771,D_762,D_763,D_581,D_720,D_508,D_756,D_736,E_668,E_580,N/A,,,0,0,0,,,,,D2S1
832,,L_772,L_763,L_764,L_582,L_721,L_509,L_757,L_737,L_669,L_581,N/A,,,0,0,0,,,,,D2S1
833,,A_773,A_764,A_765,G_583,T_722,F_510,A_758,A_738,T_670,A_582,N/A,,,0,0,0,,,,,D2S1
834,,I_774,I_765,I_766,I_584,I_723,L_511,I_759,I_739,I_671,I_583,SCN10A:Brugada syndrome,,,0,0,0,,,,,D2S1
,GoF variants:,,,,,,,,I739V,,,,Han(2012),10.1212/WNL.0b013e3182574f12,1,0,0,SFN,"Faber(2012),Han(2012)","10.1073/pnas.1216080109,10.1212/WNL.0b013e3182574f12",0.00247,D2S1
835,,T_775,T_766,T_767,T_585,T_724,I_512,T_760,T_740,T_672,T_584,N/A,,,0,0,0,,,,,D2S1
836,,I_776,I_767,I_768,I_586,M_725,I_513,I_761,I_741,L_673,I_585,N/A,,,0,0,0,,,,,D2S1
837,,C_777,C_768,C_769,C_587,C_726,C_514,C_762,C_742,C_674,C_586,N/A,,,0,0,0,,,,,D2S1
838,,I_778,I_769,I_770,I_588,I_727,I_515,I_763,I_743,I_675,I_587,"SCN2A:Abnormality of the nervous system;SCN8A:SCN8A-related disorder;not provided,Epilepsy;SCN4A:Myotonia & periodic paralysis",,,0,0,0,,,,,D2S1
839,,V_779,V_770,V_771,V_589,V_728,I_516,V_764,V_744,V_676,I_588,SCN5A:Brugada syndrome,,,0,0,0,,,,,D2S1
840,,L_780,L_771,L_772,L_590,L_729,L_517,L_765,L_745,V_677,I_589,N/A,,,0,0,0,,,,,D2S1
841,,N_781,N_772,N_773,N_591,N_730,N_518,N_766,N_746,N_678,N_590,N/A,,,0,0,0,,,,,D2S1
842,,T_782,T_773,T_774,T_592,T_731,V_519,T_767,T_747,T_679,T_591,"SCN2A:Developmental & epileptic encephalopathy;SCN8A:Early infantile epileptic encephalopathy 13;Early infantile epileptic encephalopathy 13;Seizures- benign familial infantile- 5,Epileptic encephalopathy;SCN5A:Long QT syndrome",,,0,0,0,,,,,D2S1
,GoF variants:,,T773I,,,,,T767I,,,,,"Lauxmann(2018),Estacion(2014)","10.1002/humu.23619,10.1016/j.nbd.2014.05.017",2,0,0,"EPI, EPI","Lauxmann(2018),Estacion(2014)","10.1002/humu.23619,10.1016/j.nbd.2014.05.017",-,D2S1
843,,L_783,L_774,L_775,L_593,L_732,C_520,L_768,L_748,I_680,V_592,SCN1A:Severe myoclonic epilepsy of infancy,,,0,0,0,,,,,D2S1
844,,F_784,F_775,F_776,F_594,F_733,F_521,F_769,F_749,F_681,F_593,N/A,,,0,0,0,,,,,D2S1
845,,M_785,M_776,M_777,M_595,M_734,L_522,M_770,M_750,M_682,L_594,SCN1A:Dravet syndrome,,,0,0,0,,,,,D2S1
,LoF variants:,,,,,M734V,,,,,,,Glazer(2020),10.1016/j.ajhg.2020.05.015,0,1,0,BrS,LeScouarnec(2015),10.1093/hmg/ddv036,-,D2S1
846,,A_786,A_777,A_778,A_596,A_735,T_523,A_771,A_751,A_683,A_595,"SCN1A:Dravet syndrome;SCN5A:Brugada syndrome;Brugada syndrome 1,Brugada syndrome,Sudden unexplained nocturnal death syndrome,Brugada syndrome,Brugada syndrome",,,0,0,0,,,,,D2S1
,LoF variants:,,,,,"A735E, A735T, A735V",,,,,,,"Glazer(2020),Glazer(2020),DelaRoche(2019)","10.1016/j.ajhg.2020.05.015,10.1016/j.ajhg.2020.05.015,10.1038/s41598-019-47632-4",0,3,0,BrS,"Priori(2002),Nakajima(2011),García-Castro(2010),DelaRoche(2019)","10.1161/hc1102.105288,10.1536/ihj.52.27,10.1016/s1885-5857(10)70171-7,10.1038/s41598-019-47632-4",-;-;0.00000401,D2S1-2 linker
847,,M_787,M_778,M_779,M_597,L_736,L_524,M_772,M_752,M_684,M_596,SCN1A:Dravet syndrome;SCN10A:Autism spectrum disorder,,,0,0,0,,,,,D2S1-2 linker
848,,E_788,E_779,E_780,E_598,E_737,E_525,E_773,E_753,E_685,E_597,SCN1A:Dravet syndrome,,,0,0,0,,,,,D2S1-2 linker
,LoF variants:,E788K,,,,,,,,,,,Kluckova(2020),10.1038/s41598-020-67215-y,0,1,0,EPI,Kluckova(2020),10.1038/s41598-020-67215-y,-,D2S1-2 linker
849,,H_789,H_780,H_781,H_599,H_738,H_526,H_774,H_754,H_686,H_598,N/A,,,0,0,0,,,,,D2S1-2 linker
850,,Y_790,Y_781,Y_782,Y_600,Y_739,Y_527,H_775,H_755,H_687,H_599,"SCN1A:Generalized epilepsy with febrile seizures plus,Panayiotopoulos syndrome",,,0,0,0,,,,,D2S1-2 linker
,LoF variants:,Y790C,,,,,,,,,,,Bechi(2015),10.1016/j.nbd.2014.12.028,0,1,0,EPI,Annesi(2003),10.1046/j.1528-1157.2003.22503.x,-,D2S1-2 linker
851,,P_791,P_782,P_783,P_601,N_740,P_528,P_776,P_756,G_688,K_600,N/A,,,0,0,0,,,,,D2S1-2 linker
852,,M_792,M_783,M_784,M_602,M_741,M_529,M_777,M_757,M_689,M_601,N/A,,,0,0,0,,,,,D2S1-2 linker
853,,T_793,T_784,T_785,T_603,T_742,S_530,T_778,T_758,S_690,E_602,N/A,,,0,0,0,,,,,D2S1-2 linker
854,,D_794,E_785,E_786,E_604,S_743,K_531,P_779,E_759,P_691,A_603,N/A,,,0,0,0,,,,,D2S1-2 linker
855,,H_795,Q_786,Q_787,H_605,E_744,Q_532,Q_780,E_760,T_692,S_604,N/A,,,0,0,0,,,,,D2S1-2 linker
856,,F_796,F_787,F_788,F_606,F_745,T_533,F_781,F_761,F_693,F_605,N/A,,,0,0,0,,,,,D2S1-2 linker
857,,N_797,S_788,S_789,D_607,E_746,N_534,E_782,K_762,E_694,E_606,SCN5A:Brugada syndrome,,,0,0,0,,,,,D2S2
858,,N_798,S_789,S_790,N_608,E_747,T_535,H_783,N_763,A_695,K_607,N/A,,,0,0,0,,,,,D2S2
859,,V_799,V_790,V_791,V_609,M_748,L_536,V_784,V_764,M_696,M_608,N/A,,,0,0,0,,,,,D2S2
860,,L_800,L_791,L_792,L_610,L_749,L_537,L_785,L_765,L_697,L_609,N/A,,,0,0,0,,,,,D2S2
861,,T_801,S_792,T_793,T_611,Q_750,N_538,A_786,A_766,Q_698,N_610,SCN5A:Long QT syndrome,,,0,0,0,,,,,D2S2
862,,V_802,V_793,V_794,V_612,V_751,I_539,V_787,I_767,I_699,I_611,N/A,,,0,0,0,,,,,D2S2
863,,G_803,G_794,G_795,G_613,G_752,G_540,G_788,G_768,G_700,G_612,"SCN5A:Brugada syndrome;Cardiovascular phenotype;not provided,Brugada syndrome",,,0,0,0,,,,,D2S2
,LoF variants:,,,,,G752R,,,,,,,Glazer(2020),10.1016/j.ajhg.2020.05.015,0,1,0,BrS,"Smits(2002),Probst(2006),Probst(2009),Hoogendijk(2010)","10.1016/s0735-1097(02)01962-9,10.1111/j.1540-8167.2006.00349.x,10.1161/circgenetics.109.853374,10.1016/j.hrthm.2009.10.007",0.00000403,D2S2
864,,N_804,N_795,N_796,N_614,N_753,N_541,N_789,N_769,N_701,N_613,SCN1A:Dravet syndrome,,,0,0,0,,,,,D2S2
865,,L_805,L_796,L_797,L_615,L_754,L_542,L_790,L_770,I_702,L_614,SCN1A:Severe myoclonic epilepsy of infancy,,,0,0,0,,,,,D2S2
866,,V_806,V_797,V_798,V_616,V_755,V_543,V_791,V_771,V_703,V_615,N/A,,,0,0,0,,,,,D2S2
867,,F_807,F_798,F_799,F_617,F_756,F_544,F_792,F_772,F_704,F_616,N/A,,,0,0,0,,,,,D2S2
868,,T_808,T_799,T_800,T_618,T_757,I_545,T_793,T_773,T_705,T_617,SCN1A:Severe myoclonic epilepsy of infancy,,,0,0,0,,,,,D2S2
,Mixed variants:,T808S,,,,,,,,,,,Rhodes(2005),10.1113/jphysiol.2005.094326,0,0,1,EPI,Fujiwara(2003),10.1093/brain/awg053,-,D2S2
869,,G_809,G_800,G_801,G_619,G_758,G_546,G_794,G_774,I_706,S_618,SCN5A:Brugada syndrome,,,0,0,0,,,,,D2S2
870,,I_810,I_801,I_802,I_620,I_759,I_547,I_795,I_775,F_707,I_619,SCN5A:Long QT syndrome,,,0,0,0,,,,,D2S2
871,,F_811,F_802,F_803,F_621,F_760,F_548,F_796,F_776,F_708,F_620,N/A,,,0,0,0,,,,,D2S2
872,,T_812,T_803,T_804,T_622,T_761,T_549,T_797,A_777,T_709,I_621,SCN1A:Severe myoclonic epilepsy of infancy,,,0,0,0,,,,,D2S2
873,,A_813,A_804,A_805,A_623,A_762,A_550,A_798,A_778,A_710,A_622,N/A,,,0,0,0,,,,,D2S2
874,,E_814,E_805,E_806,E_624,E_763,E_551,E_799,E_779,E_711,E_623,N/A,,,0,0,0,,,,,D2S2
875,,M_815,M_806,M_807,M_625,M_764,M_552,M_800,M_780,M_712,M_624,"SCN5A:not provided,Brugada syndrome",,,0,0,0,,,,,D2S2
876,,F_816,F_807,V_808,V_626,T_765,I_553,F_801,V_781,V_713,C_625,N/A,,,0,0,0,,,,,D2S2
877,,L_817,L_808,L_809,L_627,F_766,F_554,L_802,L_782,F_714,L_626,N/A,,,0,0,0,,,,,D2S2-3 linker
878,,K_818,K_809,K_810,K_628,K_767,K_555,K_803,K_783,K_715,K_627,N/A,,,0,0,0,,,,,D2S2-3 linker
879,,I_819,I_810,I_811,L_629,I_768,I_556,L_804,L_784,I_716,I_628,N/A,,,0,0,0,,,,,D2S2-3 linker
880,,I_820,I_811,I_812,I_630,I_769,I_557,I_805,I_785,I_717,I_629,N/A,,,0,0,0,,,,,D2S2-3 linker
881,,A_821,A_812,A_813,A_631,A_770,A_558,A_806,A_786,A_718,A_630,N/A,,,0,0,0,,,,,D2S2-3 linker
882,,M_822,M_813,M_814,M_632,L_771,M_559,M_807,M_787,F_719,L_631,N/A,,,0,0,0,,,,,D2S2-3 linker
883,,D_823,D_814,D_815,D_633,D_772,H_560,D_808,D_788,D_720,D_632,"SCN3A:EPILEPSY- FAMILIAL FOCAL- WITH VARIABLE FOCI 4,Epilepsy- focal",,,0,0,0,,,,,D2S2-3 linker
,Mixed variants:,,,,,D772N,,,,,,,Glazer(2020),10.1016/j.ajhg.2020.05.015,0,0,1,"LQT3, BrS","Kapplinger(2009),Kapplinger(2010)","10.1016/j.hrthm.2009.05.021,10.1016/j.hrthm.2009.09.069",0.0000201,D2S2-3 linker
884,,P_824,P_815,P_816,P_634,P_773,P_561,P_809,P_789,P_721,P_633,SCN5A:Brugada syndrome,,,0,0,0,,,,,D2S2-3 linker
885,,Y_825,Y_816,Y_817,Y_635,Y_774,Y_562,Y_810,Y_790,Y_722,Y_634,N/A,,,0,0,0,,,,,D2S2-3 linker
886,,Y_826,Y_817,Y_818,E_636,Y_775,G_563,Y_811,E_791,Y_723,H_635,N/A,,,0,0,0,,,,,D2S2-3 linker
887,,Y_827,Y_818,Y_819,Y_637,Y_776,Y_564,Y_812,Y_792,Y_724,Y_636,SCN1A:Dravet syndrome,,,0,0,0,,,,,D2S2-3 linker
888,,F_828,F_819,F_820,F_638,F_777,F_565,F_813,F_793,F_725,F_637,SCN5A:Heart block type 1,,,0,0,0,,,,,D2S2-3 linker
889,,Q_829,Q_820,Q_821,Q_639,Q_778,Q_566,Q_814,Q_794,Q_726,R_638,N/A,,,0,0,0,,,,,D2S2-3 linker
890,,E_830,E_821,E_822,Q_640,Q_779,V_567,E_815,V_795,K_727,R_639,SCN5A:Long QT syndrome,,,0,0,0,,,,,D2S2-3 linker
891,,G_831,G_822,G_823,G_641,G_780,G_568,G_816,G_796,K_728,G_640,N/A,,,0,0,0,,,,,D2S3
892,,W_832,W_823,W_824,W_642,W_781,W_569,W_817,W_797,W_729,W_641,N/A,,,0,0,0,,,,,D2S3
893,,N_833,N_824,N_825,N_643,N_782,N_570,N_818,N_798,N_730,N_642,SCN5A:Brugada syndrome,,,0,0,0,,,,,D2S3
894,,I_834,I_825,I_826,I_644,I_783,I_571,I_819,I_799,I_731,I_643,SCN3A:Neurodevelopmental disorder,,,0,0,0,,,,,D2S3
895,,F_835,F_826,F_827,F_645,F_784,F_572,F_820,F_800,F_732,F_644,SCN1A:Epilepsy and/or neurodevelopmental disorders,,,0,0,0,,,,,D2S3
896,,D_836,D_827,D_828,D_646,D_785,D_573,D_821,D_801,D_733,D_645,SCN2A:Epilepsy and/or neurodevelopmental disorders;SCN5A:Brugada syndrome,,,0,0,0,,,,,D2S3
,LoF variants:,,,,,D785N,,,,,,,Glazer(2020),10.1016/j.ajhg.2020.05.015,0,1,0,BrS,Sayeed(2014),10.1016/j.ihj.2013.12.003,-,D2S3
897,,G_837,G_828,G_829,S_647,S_786,S_574,G_822,S_802,C_734,S_646,SCN2A:Seizures- benign neonatal;SCN9A:Neuropathic pain- in diabetic peripheral neuropathy,,,0,0,0,,,,,D2S3
,LoF variants:,,,,,,,G822R,,,,,Wengert(2019),10.1111/epi.16371,0,1,0,NDD without epilepsy,Wengert(2019),10.1111/epi.16371,-,D2S3
898,,F_838,F_829,I_830,I_648,I_787,M_575,F_823,L_803,I_735,I_647,N/A,,,0,0,0,,,,,D2S3
899,,I_839,I_830,I_831,I_649,I_788,I_576,I_824,I_804,I_736,V_648,N/A,,,0,0,0,,,,,D2S3
900,,V_840,V_831,V_832,V_650,V_789,V_577,V_825,V_805,V_737,A_649,SCN5A:Brugada syndrome,,,0,0,0,,,,,D2S3
901,,T_841,S_832,S_833,T_651,I_790,F_578,S_826,T_806,T_738,L_650,N/A,,,0,0,0,,,,,D2S3
902,,L_842,L_833,L_834,L_652,L_791,H_579,L_827,L_807,V_739,L_651,N/A,,,0,0,0,,,,,D2S3
903,,S_843,S_834,S_835,S_653,S_792,G_580,S_828,S_808,S_740,S_652,"SCN1A:Dravet syndrome,Dravet syndrome",,,0,0,0,,,,,D2S3
904,,L_844,L_835,L_836,L_654,L_793,L_581,L_829,L_809,L_741,F_653,SCN2A:Epileptic encephalopathy- early onset,,,0,0,0,,,,,D2S3
905,,V_845,M_836,M_837,V_655,M_794,I_582,M_830,V_810,L_742,A_654,SCN9A:Painful peripheral neuropathy- adult-onset,,,0,0,0,,,,,D2S3
906,,E_846,E_837,E_838,E_656,E_795,E_583,E_831,E_811,E_743,D_655,SCN1A:Dravet syndrome,,,0,0,0,,,,,D2S3
907,,L_847,L_838,L_839,L_657,L_796,L_584,L_832,L_812,L_744,V_656,N/A,,,0,0,0,,,,,D2S3
908,,-,-,-,-,-,-,-,-,-,M_657,N/A,,,0,0,0,,,,,D2S3
909,,-,-,-,-,-,-,-,-,-,N_658,N/A,,,0,0,0,,,,,D2S3
910,,G_848,G_839,G_840,G_658,G_797,C_585,S_833,F_813,G_745,C_659,N/A,,,0,0,0,,,,,D2S3
911,,L_849,L_840,L_841,L_659,L_798,L_586,L_834,L_814,V_746,V_660,SCN1A:Generalized epilepsy with febrile seizures plus,,,0,0,0,,,,,D2S3
912,,A_850,A_841,S_842,A_660,S_799,A_587,A_835,A_815,A_747,L_661,N/A,,,0,0,0,,,,,D2S3
913,,N_851,N_842,N_843,N_661,R_800,N_588,D_836,D_816,K_748,Q_662,SCN5A:Long QT syndrome,,,0,0,0,,,,,D2S3-4 linker
914,,V_852,V_843,V_844,V_662,M_801,V_589,V_837,V_817,K_749,K_663,SCN2A:Benign familial neonatal-infantile seizures;Early infantile epileptic encephalopathy 11,,,0,0,0,,,,,D2S3-4 linker
915,,E_853,E_844,E_845,Q_663,S_802,A_590,E_838,E_818,G_750,R_664,SCN1A:Severe myoclonic epilepsy of infancy,,,0,0,0,,,,,D2S4
916,,G_854,G_845,G_846,G_664,N_803,G_591,G_839,G_819,S_751,S_665,N/A,,,0,0,0,,,,,D2S4
917,,L_855,L_846,L_847,L_665,L_804,M_592,L_840,L_820,L_752,W_666,N/A,,,0,0,0,,,,,D2S4
918,,S_856,S_847,S_848,S_666,S_805,A_593,S_841,S_821,S_753,P_667,N/A,,,0,0,0,,,,,D2S4
919,,V_857,V_848,V_849,V_667,V_806,L_594,V_842,V_822,V_754,F_668,"SCN1A:Epilepsy and/or neurodevelopmental disorders;SCN8A:not provided,Epilepsy and/or neurodevelopmental disorders",,,0,0,0,,,,,D2S4
920,,L_858,L_849,L_850,L_668,L_807,L_595,L_843,L_823,L_755,L_669,"SCN1A:Dravet syndrome;SCN9A:Primary erythromelalgia,Erythromelalgia- primary with wintry hypothermia & encephalopathy",,,0,0,0,,,,,D2S4
,Mixed variants:,,,,,,,,L823R,,,,Lampert(2009),https://doi.org/10.1016/j.bbrc.2009.09.121,1,0,0,IEM,Lampert(2009),https://doi.org/10.1016/j.bbrc.2009.09.121,-,D2S4
921,,R_859,R_850,R_851,R_669,R_808,R_596,R_844,R_824,R_756,R_670,"SCN1A:Generalized epilepsy with febrile seizures plus;SCN4A:Hyperkalemic Periodic Paralysis Type 1;Hypokalemic periodic paralysis 1;Hypokalemic periodic paralysis- type 2,Hypokalaemic periodic paralysis,Hyperkalaemic periodic paralysis;SCN5A:Long QT syndrome,Brugada syndrome",,,0,0,0,,,,,D2S4
,LoF variants:,"R859H,  R859C",,,R669H,R808C,,,,R756W,,,"Gando(2020),Volkers(2011),Kuzmenkin(2002),Bechi(2015),Glazer(2020)","10.1016/j.yjmcc.2020.04.027,10.1111/j.1460-9568.2011.07826.x,10.1093/brain/awf071,10.1016/j.nbd.2014.12.028,10.1016/j.ajhg.2020.05.015",0,5,0,"EPI, EPI, HypoPP, BrS, SUD","Volkers(2011),Depienne(2009),Bulman(1999),Kotta(2010),Gando(2020)","10.1111/j.1460-9568.2011.07826.x,10.1136/jmg.2008.062323,10.1212/wnl.53.9.1932,10.1016/j.ijcard.2009.03.134,10.1016/j.yjmcc.2020.04.027","0.00000799,-;0.00000805; 0.00000807; 0.0000568",D2S4
922,,S_860,S_851,S_852,S_670,S_809,L_597,S_845,S_825,S_757,S_671,"SCN8A:not provided,not provided,Epilepsy and/or neurodevelopmental disorders;SCN4A:Potassium aggravated myotonia",,,0,0,0,,,,,D2S4
923,,F_861,F_852,F_853,F_671,F_810,F_598,F_846,F_826,F_758,F_672,"SCN9A:Erythromelalgia- primary;SCN8A:Early infantile epileptic encephalopathy 13,Migrating partial seizures of infancy;SCN4A:Myotonia- non-dystrophic,not provided",,,0,0,0,,,,,D2S4
,GoF variants:,,,,,,,,F826Y,,,,Wu(2017),10.2174/1566524017666171009105029,1,0,0,IEM,Wu(2017),10.2174/1566524017666171009105029,-,D2S4
924,,R_862,R_853,R_854,R_672,R_811,R_599,R_847,R_827,R_759,R_673,"SCN1A:Migrating partial seizures of infancy;SCN2A:Benign familial neonatal-infantile seizures;Early infantile epileptic encephalopathy 11;Early infantile epileptic encephalopathy 11;not provided,West syndrome;SCN4A:Hyperkalemic Periodic Paralysis Type 1;Hypokalemic periodic paralysis 1;Hypokalemic periodic paralysis- type 2,Hypokalaemic periodic paralysis,Hyperkalemic Periodic Paralysis Type 1;Hypokalemic periodic paralysis 1;Hypokalemic periodic paralysis- type 2,Hyperkalemic Periodic Paralysis Type 1;Hypokalemic periodic paralysis 1;Hypokalemic periodic paralysis- type 2,Hyperkalemic Periodic Paralysis Type 1;Hypokalemic periodic paralysis 1,Hypokalaemic periodic paralysis,Hypokalaemic periodic paralysis,Hypokalaemic periodic paralysis;SCN5A:Brugada syndrome",,,0,0,0,,,,,D2S4
,Mixed variants:,,R853Q,,,,,,,,,,"Berecki(2018),Mason(2019)","10.1073/pnas.1800077115,10.1523/eneuro.0141-19.2019",0,1,0,EPI,"Nakamura(2013),Epi(2013),Samanta(2015),Kobayashi(2016),Li(2016),Wolff(2017),Berecki(2018)","10.1212/WNL.0b013e3182a43e57,10.1038/nature12439,10.1007/s13760-015-0454-8,10.1016/j.braindev.2015.09.011,10.1038/mp.2015.58,10.1093/brain/awx054,10.1073/pnas.1800077115",-,D2S4
,LoF variants:,,,,"R672G, R672H",R811H,,,,,,,"JurkatRott(2000),Kuzmenkin(2002),JurkatRott(2000),Kuzmenkin(2002),Calloe(2013)","10.1073/pnas.97.17.9549,10.1093/brain/awf071,10.1073/pnas.97.17.9549,10.1093/brain/awf071,10.1161/circep.112.974220",0,3,0,"HypoPP, HypoPP, BrS","JurkatRott(2000),JurkatRott(2000),Calloe(2013)","10.1073/pnas.97.17.9549,10.1073/pnas.97.17.9549,10.1161/circep.112.974220",-;0.0000121; 0.0000122,D2S4
925,,L_863,L_854,L_855,L_673,L_812,M_600,L_848,L_828,L_760,V_674,SCN1A:Dravet syndrome;SCN5A:Brugada syndrome,,,0,0,0,,,,,D2S4
,GoF variants:,,,L855P,,,,,,,,,Zaman(2020),10.1002/ana.25809,1,0,0,Fetal Akinesia,"Zaman(2020),Zaman(2020)","10.1002/ana.25809,10.1002/ana.25809",-,D2S4
,LoF variants:,,,,,L812Q,,,,,,,Wang(2015),10.1038/aps.2015.26,0,1,0,BrS,Wang(2015),10.1038/aps.2015.26,-,D2S4
926,,L_864,L_855,L_856,L_674,L_813,L_601,L_849,L_829,L_761,L_675,N/A,,,0,0,0,,,,,D2S4
927,,R_865,R_856,R_857,R_675,R_814,R_602,R_850,R_830,R_762,R_676,"SCN1A:Dravet syndrome;SCN2A:Seizures;not provided,Epilepsy of infancy with migrating focal seizures,Ohtahara syndrome;SCN8A:Epilepsy- drug-resistant,Developmental and epileptic encephalopathy,Intellectual disability and epilepsy;SCN4A:Hyperkalemic Periodic Paralysis Type 1;Muscular Diseases;Normokalemic periodic paralysis- potassium-sensitive;not provided,Normokalaemic periodic paralysis,Hyperkalemic Periodic Paralysis Type 1;Normokalemic periodic paralysis- potassium-sensitive;not provided,Hyperkalemic Periodic Paralysis Type 1;Normokalemic periodic paralysis- potassium-sensitive,Normokalaemic periodic paralysis,Normokalaemic periodic paralysis;SCN5A:Brugada syndrome,Brugada syndrome;Cardiovascular phenotype;Primary dilated cardiomyopathy;not provided,Cardiomyopathy- dilated",,,0,0,0,,,,,D2S4
,GoF variants:,R865G,,,R675Q,R814Q,,,,,,,"Volkers(2011),Wu(2014),Glazer(2020)","10.1111/j.1460-9568.2011.07826.x,10.1007/s10571-014-0052-y,10.1016/j.ajhg.2020.05.015",0,0,3,"EPI, NormoPP, LQT3, BrS","Volkers(2011),Wu(2014),Frigo(2007),Sommariva(2013),Itoh(2016),Yamagata(2017)","10.1111/j.1460-9568.2011.07826.x,10.1007/s10571-014-0052-y,10.1093/europace/eum053,10.1038/ejhg.2012.289,10.1038/ejhg.2015.257,10.1161/circulationaha.117.027983",-;0.00000819; 0.0000251,D2S4
928,,V_866,V_857,V_858,V_676,V_815,I_603,V_851,V_831,V_763,V_677,N/A,,,0,0,0,,,,,D2S4
929,,F_867,F_858,F_859,F_677,F_816,F_604,F_852,F_832,F_764,F_678,SCN5A:Long QT syndrome,,,0,0,0,,,,,D2S4
930,,K_868,K_859,K_860,K_678,K_817,K_605,K_853,K_833,K_765,K_679,"SCN1A:Generalized epilepsy with febrile seizures plus,Dravet syndrome;SCN5A:Brugada syndrome",,,0,0,0,,,,,D2S4
,LoF variants:,,,,,K817E,,,,,,,Kinoshita(2016),10.1016/j.hrthm.2016.01.008,0,1,0,BrS,Kinoshita(2016),10.1016/j.hrthm.2016.01.008,-,D2S4
931,,L_869,L_860,L_861,L_679,L_818,L_606,L_854,L_834,L_766,L_680,N/A,,,0,0,0,,,,,D2S4
932,,A_870,A_861,A_862,A_680,A_819,G_607,A_855,A_835,A_767,A_681,N/A,,,0,0,0,,,,,D2S4
933,,K_871,K_862,K_863,K_681,K_820,K_608,K_856,K_836,K_768,K_682,N/A,,,0,0,0,,,,,D2S4-5 linker
934,,S_872,S_863,S_864,S_682,S_821,Y_609,S_857,S_837,S_769,S_683,SCN1A:Dravet syndrome;SCN2A:Seizures- benign neonatal;SCN4A:Sudden infant death syndrome,,,0,0,0,,,,,D2S4-5 linker
935,,W_873,W_864,W_865,W_683,W_822,W_610,W_858,W_838,W_770,W_684,SCN5A:Brugada syndrome,,,0,0,0,,,,,D2S4-5 linker
936,,P_874,P_865,P_866,P_684,P_823,P_611,P_859,P_839,P_771,P_685,N/A,,,0,0,0,,,,,D2S4-5 linker
937,,T_875,T_866,T_867,T_685,T_824,T_612,T_860,T_840,T_772,T_686,"SCN1A:Generalized epilepsy with febrile seizures plus 2,Dravet syndrome",,,0,0,0,,,,,D2S4-5 linker
,LoF variants:,T875M,,,,,,,,,,,Lossin(2002),10.1016/s0896-6273(02)00714-6,0,1,0,EPI,Escayg(2000),10.1038/74159,-,D2S4-5 linker
938,,L_876,L_867,L_868,L_686,L_825,F_613,L_861,L_841,L_773,L_687,SCN1A:Severe myoclonic epilepsy of infancy,,,0,0,0,,,,,D2S4-5 linker
939,,N_877,N_868,N_869,N_687,N_826,Q_614,N_862,N_842,N_774,N_688,"SCN2A:not provided,Epilepsy and/or neurodevelopmental disorders",,,0,0,0,,,,,D2S4-5 linker
940,,M_878,M_869,M_870,M_688,T_827,I_615,M_863,M_843,T_775,T_689,N/A,,,0,0,0,,,,,D2S4-5 linker
941,,L_879,L_870,L_871,L_689,L_828,L_616,L_864,L_844,L_776,L_690,"SCN1A:Dravet syndrome;SCN8A:Developmental and epileptic encephalopathy;SCN4A:Hyperkalemic Periodic Paralysis Type 1,Hyperkalaemic periodic paralysis,Paramyotonia congenita / sodium channel myotonia,Hyperkalaemic periodic paralysis;SCN5A:Long QT syndrome,Cardiomyopathy- dilated",,,0,0,0,,,,,D2S4-5 linker
942,,I_880,I_871,I_872,I_690,I_829,M_617,I_865,I_845,I_777,I_691,N/A,,,0,0,0,,,,,D2S4-5 linker
943,,K_881,K_872,K_873,K_691,K_830,W_618,K_866,K_846,K_778,K_692,N/A,,,0,0,0,,,,,D2S4-5 linker
944,,I_882,I_873,I_874,I_692,I_831,S_619,I_867,I_847,I_779,I_693,SCN1A:Dravet syndrome;SCN2A:Epileptic encephalopathy- early infantile with movement disorder;SCN4A:Hyperkalaemic periodic paralysis,,,0,0,0,,,,,D2S4-5 linker
945,,I_883,I_874,I_875,I_693,I_832,L_620,I_868,I_848,I_780,I_694,"SCN3A:Developmental delay;Early infantile epileptic encephalopathy 62;Polymicrogyria;not provided,Epilepsy- syndromic;SCN9A:Primary erythromelalgia,Erythromelalgia- primary;SCN8A:Early infantile epileptic encephalopathy 13;SCN4A:Myotonia,Hyperkalemic Periodic Paralysis Type 1;Paramyotonia congenita of von Eulenburg;not provided,Paramyotonia congenita,Myotonia & periodic paralysis",,,0,0,0,,,,,D2S4-5 linker
,GoF variants:,,,I875T,,,,,I848T,,,,"Zaman(2018),Zaman(2020),Cummins(2004),Namer(2015),Theile(2011)","10.1002/ana.25188,10.1002/ana.25809,10.1523/jneurosci.2695-04.2004,10.1097/j.pain.0000000000000229,10.1113/jphysiol.2010.200915",2,0,0,"EPI,PMG, IEM","Zaman(2018),Miyatake(2018),Zaman(2020),Yang(2004),Drenth(2005),Namer(2015)","10.1002/ana.25188,10.1002/ana.25256,10.1002/ana.25809,10.1136/jmg.2003.012153,10.1111/j.0022-202X.2005.23737.x,10.1097/j.pain.0000000000000229",-,D2S4-5 linker
946,,G_884,G_875,G_876,G_694,G_833,S_621,G_869,G_849,G_781,G_695,SCN1A:Dravet syndrome;SCN5A:Long QT syndrome,,,0,0,0,,,,,D2S4-5 linker
947,,N_885,N_876,N_877,N_695,N_834,N_622,N_870,N_850,N_782,N_696,"SCN2A:not provided,Ohtahara syndrome,Epilepsy- benign neonatal-infantile;SCN5A:Long QT syndrome",,,0,0,0,,,,,D2S4-5 linker
948,,S_886,S_877,S_878,S_696,S_835,S_623,S_871,S_851,S_783,S_697,SCN1A:Dravet syndrome;SCN5A:Brugada syndrome,,,0,0,0,,,,,D2S4-5 linker
949,,V_887,V_878,V_879,V_697,V_836,W_624,V_872,V_852,V_784,V_698,N/A,,,0,0,0,,,,,D2S4-5 linker
950,,G_888,G_879,G_880,G_698,G_837,V_625,G_873,G_853,G_785,G_699,"SCN2A:Early infantile epileptic encephalopathy 11,Epileptic encephalopathy- early infantile,History of neurodevelopmental disorder;SCN11A:Painful peripheral neuropathy",,,0,0,0,,,,,D2S5
,GoF variants:,,,,,,,,,,G699R,,Han(2015),10.1007/s12017-015-8347-9,1,0,0,SFN,Han(2015),10.1007/s12017-015-8347-9,0.000163,D2S5
951,,A_889,A_880,A_881,A_699,A_838,A_626,A_874,A_854,A_786,A_700,"SCN2A:Benign familial neonatal-infantile seizures;Early infantile epileptic encephalopathy 11;SCN8A:not provided,Early infantile epileptic encephalopathy 13",,,0,0,0,,,,,D2S5
952,,L_890,L_881,L_882,L_700,L_839,L_627,L_875,L_855,L_787,L_701,"SCN2A:not provided,Epilepsy and/or neurodevelopmental disorders,Encephalopathy with late-onset epilepsy;SCN8A:Early infantile epileptic encephalopathy 13,Lennox-Gastaut syndrome;SCN5A:Brugada syndrome",,,0,0,0,,,,,D2S5
,LoF variants:,,,,,L839P,,,,,,,Glazer(2020),10.1016/j.ajhg.2020.05.015,0,1,0,BrS,Kapplinger(2010),10.1016/j.hrthm.2009.09.069,-,D2S5
953,,G_891,G_882,G_883,G_701,G_840,K_628,G_876,G_856,G_788,G_702,"SCN2A:Inborn genetic diseases,Encephalopathy with early-onset epilepsy;SCN9A:not provided,Pain- dysautonomia & acromesomelia,Erythromelalgia- primary;SCN5A:Long QT syndrome",,,0,0,0,,,,,D2S5
,GoF variants:,,,,,,,,"G856D, G856R",,,,"Hoeijmakers(2012),Tanaka(2017)","10.1093/brain/awr349,10.1074/jbc.M117.778779",2,0,0,"IEM, SFN, IEM","Hoeijmakers(2012),Tanaka(2017)","10.1093/brain/awr349,10.1074/jbc.M117.778779",-,D2S5
954,,N_892,N_883,N_884,N_702,N_841,D_629,N_877,N_857,N_789,S_703,N/A,,,0,0,0,,,,,D2S5
955,,L_893,L_884,L_885,L_703,L_842,L_630,L_878,L_858,L_790,L_704,"SCN2A:Neurodevelopmental disorder- epilepsy-related;SCN9A:Primary erythromelalgia,Erythromelalgia- primary,Primary erythromelalgia,Erythromelalgia- primary",,,0,0,0,,,,,D2S5
,GoF variants:,,,,,,,,"L858F, L858H",,,,"Han(2006),Han(2007),Cregg(2014),Cummins(2004),Estacion(2010),Theile(2011),Vasylyev(2014)","10.1002/ana.20776,10.1186/1744-8069-3-3,10.1111/bph.12788,10.1523/jneurosci.2695-04.2004,10.1186/1744-8069-6-35,10.1113/jphysiol.2010.200915,10.1152/jn.00763.2013",2,0,0,"IEM, IEM","Han(2006),Drenth(2005),Yang(2004)","10.1002/ana.20776,10.1111/j.0022-202X.2005.23737.x,10.1136/jmg.2003.012153",-,D2S5
956,,T_894,T_885,T_886,T_704,T_843,V_631,T_879,T_859,T_791,T_705,"SCN1A:Epilepsy and/or neurodevelopmental disorders;SCN4A:Congenital myasthenic syndrome- acetazolamide-responsive;Familial hyperkalemic periodic paralysis;Hyperkalemic Periodic Paralysis Type 1;Hyperkalemic Periodic Paralysis Type 1;Hypokalemic periodic paralysis 1;Hypokalemic periodic paralysis- type 2;Paramyotonia congenita of von Eulenburg;Paramyotonia congenita/hyperkalemic periodic paralysis;Potassium aggravated myotonia;not provided,Hyperkalaemic periodic paralysis;SCN5A:Congenital long QT syndrome;not provided,Long QT syndrome",,,0,0,0,,,,,D2S5
,GoF variants:,,,,T704M,,,,,,,,Bendahhou(1999),10.1111/j.1469-7793.1999.0337p.x,1,0,0,"HyperPP, PMC",Huang(2019),10.1080/19336950.2019.1600967,-,D2S5
957,,L_895,L_886,L_887,L_705,L_844,L_632,L_880,L_860,I_792,V_706,SCN2A:Epilepsy and/or neurodevelopmental disorders,,,0,0,0,,,,,D2S5
958,,V_896,V_887,V_888,V_706,V_845,L_633,V_881,V_861,I_793,V_707,"SCN1A:Myoclonic epilepsy- borderline,Dravet syndrome,Dravet syndrome;SCN2A:Encephalopathy with early-onset epilepsy;SCN8A:Abnormality of the nervous system",,,0,0,0,,,,,D2S5
959,,L_897,L_888,L_889,L_707,L_846,L_634,L_882,L_862,L_794,L_708,SCN1A:Dravet syndrome;SCN5A:Ventricular fibrillation- idiopathic,,,0,0,0,,,,,D2S5
960,,A_898,A_889,A_890,A_708,A_847,F_635,A_883,A_863,A_795,V_709,"SCN9A:Primary erythromelalgia,Erythromelalgia- primary",,,0,0,0,,,,,D2S5
,GoF variants:,,,,,,,,A863P,,,,Harty(2006),10.1523/jneurosci.3424-06.2006,1,0,0,IEM,Harty(2006),10.1523/jneurosci.3424-06.2006,-,D2S5
961,,I_899,I_890,I_891,I_709,I_848,T_636,I_884,I_864,I_796,I_710,SCN1A:Generalized epilepsy with febrile seizures plus;SCN2A:Neonatal seizures;SCN5A:Long QT syndrome,,,0,0,0,,,,,D2S5
962,,I_900,I_891,I_892,I_710,I_849,F_637,I_885,I_865,I_797,V_711,SCN2A:Encephalopathy with early-onset epilepsy;SCN5A:Sudden unexplained death,,,0,0,0,,,,,D2S5
963,,V_901,V_892,V_893,V_711,V_850,I_638,V_886,V_866,V_798,I_712,"SCN2A:Benign familial neonatal-infantile seizures;Benign familial neonatal-infantile seizures;Early infantile epileptic encephalopathy 11;not provided,Neonatal-infantile seizures",,,0,0,0,,,,,D2S5
964,,F_902,F_893,F_894,F_712,F_851,F_639,F_887,F_867,F_799,F_713,"SCN1A:Severe myoclonic epilepsy of infancy;SCN5A:Brugada syndrome,Brugada syndrome",,,0,0,0,,,,,D2S5
,LoF variants:,F902C,,,,F851L,,,,,,,"Rhodes(2004),Glazer(2020)","10.1073/pnas.0402482101,10.1016/j.ajhg.2020.05.015",0,2,0,"EPI, BrS","Ohmori(2002),Priori(2002)","10.1016/s0006-291x(02)00617-4,10.1161/hc1102.105288",-;0.00000707,D2S5
965,,I_903,I_894,I_895,I_713,I_852,F_640,I_888,I_868,V_800,I_714,N/A,,,0,0,0,,,,,D2S5
966,,F_904,F_895,F_896,F_714,F_853,S_641,F_889,F_869,F_801,F_715,SCN2A:Encephalopathy with early-onset epilepsy,,,0,0,0,,,,,D2S5
967,,A_905,A_896,A_897,A_715,A_854,A_642,A_890,A_870,A_802,S_716,"SCN1A:Dravet syndrome,Developmental and epileptic encephalopathy,Dravet syndrome;SCN2A:Early infantile epileptic encephalopathy 11;Epileptic encephalopathy,Epileptic encephalopathy- neonatal;SCN8A:Early infantile epileptic encephalopathy 13,Epileptic encephalopathy;SCN4A:Myotonia",,,0,0,0,,,,,D2S5
968,,V_906,V_897,V_898,V_716,V_855,A_643,V_891,V_871,L_803,V_717,SCN8A:Epilepsy,,,0,0,0,,,,,D2S5-6 linker
969,,V_907,V_898,V_899,V_717,V_856,F_644,V_892,V_872,V_804,V_718,SCN1A:Focal epilepsy;SCN9A:Erythromelalgia- primary;SCN8A:Early infantile epileptic encephalopathy 13;SCN4A:Myotonia- non-dystrophic,,,0,0,0,,,,,D2S5-6 linker
,GoF variants:,,,,,,,,V872G,,,,Choi(2009),10.1016/j.expneurol.2008.12.012,1,0,0,IEM,Choi(2009),10.1016/j.expneurol.2008.12.012,-,D2S5-6 linker
970,,G_908,G_899,G_900,G_718,G_857,G_645,G_893,G_873,G_805,G_719,"SCN1A:Epilepsy and/or neurodevelopmental disorders;SCN2A:not provided,Encephalopathy with late-onset epilepsy,Epilepsy and/or neurodevelopmental disorders;SCN10A:Sudden cardiac death in J wave syndrome",,,0,0,0,,,,,D2S5-6 linker
,LoF variants:,,G899S,,,,,,,,,,Wolff(2017),10.1093/brain/awx054,0,1,0,EPI,Wolff(2017),10.1093/brain/awx054,-,D2S5-6 linker
971,,M_909,M_900,M_901,M_719,M_858,M_646,M_894,M_874,K_806,M_720,SCN5A:Phenotype modifier,,,0,0,0,,,,,D2S5-6 linker
,LoF variants:,M909K,,,,,,,,,,,Kluckova(2020),10.1038/s41598-020-67215-y,0,1,0,EPI,Kluckova(2020),10.1038/s41598-020-67215-y,-,D2S5-6 linker
972,,Q_910,Q_901,Q_902,Q_720,Q_859,K_647,Q_895,Q_875,Q_807,Q_721,"SCN1A:Dravet syndrome;SCN2A:not provided,Neurodevelopmental disorder- epilepsy-related;SCN9A:Erythromelalgia- primary",,,0,0,0,,,,,D2S5-6 linker
,GoF variants:,,,,,,,,Q875E,,,,Stadler(2015),10.1074/jbc.M114.605899,1,0,0,IEM,Skeik(2012),10.1177/1358863X11422584,-,D2S5-6 linker
973,,L_911,L_902,L_903,L_721,L_860,L_648,L_896,L_876,L_808,L_722,N/A,,,0,0,0,,,,,D2S5-6 linker
974,,F_912,F_903,F_904,F_722,F_861,F_649,F_897,F_877,L_809,F_723,N/A,,,0,0,0,,,,,D2S5-6 linker
975,,G_913,G_904,G_905,G_723,G_862,G_650,G_898,G_878,G_810,G_724,N/A,,,0,0,0,,,,,D2S5-6 linker
976,,K_914,K_905,K_906,K_724,K_863,K_651,K_899,K_879,E_811,R_725,"SCN2A:not provided,Epileptic encephalopathy,not provided,Epileptic encephalopathy",,,0,0,0,,,,,D2S5-6 linker
977,,S_915,S_906,S_907,S_725,N_864,N_652,S_900,S_880,N_812,S_726,N/A,,,0,0,0,,,,,D2S5-6 linker
978,,Y_916,Y_907,Y_908,Y_726,Y_865,Y_653,Y_901,Y_881,Y_813,F_727,N/A,,,0,0,0,,,,,D2S5-6 linker
979,,K_917,K_908,K_909,K_727,S_866,E_654,K_902,K_882,R_814,N_728,"SCN2A:not provided,Encephalopathy with early-onset epilepsy;SCN10A:Atrial fibrillation & slow ventricular rates",,,0,0,0,,,,,D2S5-6 linker
,GoF variants:,,K908E,,,,,,,,,,Lauxmann(2018),10.1002/humu.23619,1,0,0,EPI,"Wolff(2017),Lauxmann(2018)","10.1093/brain/awx054,10.1002/humu.23619",-,D2S5-6 linker
980,,D_918,E_909,E_910,E_728,E_867,E_655,E_903,E_883,N_815,S_729,SCN5A:Brugada syndrome,,,0,0,0,,,,,D2S5-6 linker
981,,C_919,C_910,C_911,C_729,-,F_656,C_904,C_884,N_816,Q_730,N/A,,,0,0,0,,,,,D2S5-6 linker
982,,-,-,-,-,-,-,-,-,-,K_731,N/A,,,0,0,0,,,,,D2S5-6 linker
983,,-,-,-,-,-,-,-,-,-,S_732,N/A,,,0,0,0,,,,,D2S5-6 linker
984,,-,-,-,-,-,-,-,-,-,P_733,N/A,,,0,0,0,,,,,D2S5-6 linker
985,,-,-,-,-,-,-,-,-,-,K_734,N/A,,,0,0,0,,,,,D2S5-6 linker
986,,V_920,V_911,V_912,V_730,-,V_657,V_905,V_885,R_817,L_735,N/A,,,0,0,0,,,,,D2S5-6 linker
987,,C_921,C_912,C_913,C_731,L_868,C_658,C_906,C_886,K_818,C_736,N/A,,,0,0,0,,,,,D2S5-6 linker
988,,K_922,K_913,K_914,K_732,R_869,H_659,K_907,K_887,N_819,N_737,N/A,,,0,0,0,,,,,D2S5-6 linker
989,,I_923,I_914,I_915,I_733,D_870,I_660,I_908,I_888,I_820,P_738,N/A,,,0,0,0,,,,,D2S5-6 linker
990,,A_924,S_915,N_916,A_734,S_871,D_661,N_909,N_889,S_821,T_739,N/A,,,0,0,0,,,,,D2S5-6 linker
991,,S_925,N_916,D_917,L_735,D_872,K_662,Q_910,D_890,A_822,G_740,N/A,,,0,0,0,,,,,D2S5-6 linker
992,,D_926,D_917,D_918,D_736,S_873,D_663,D_911,D_891,P_823,P_741,N/A,,,0,0,0,,,,,D2S5-6 linker
993,,-,-,-,-,-,-,-,-,-,T_742,N/A,,,0,0,0,,,,,D2S5-6 linker
994,,-,-,-,-,-,-,-,-,-,V_743,N/A,,,0,0,0,,,,,D2S5-6 linker
995,,-,-,-,-,-,-,-,-,-,S_744,N/A,,,0,0,0,,,,,D2S5-6 linker
996,,C_927,C_918,C_919,C_737,G_874,C_664,C_912,C_892,H_824,C_745,SCN1A:Dravet syndrome,,,0,0,0,,,,,D2S5-6 linker
997,,Q_928,E_919,T_920,N_738,L_875,Q_665,E_913,T_893,E_825,-,N/A,,,0,0,0,,,,,D2S5-6 linker
998,,-,-,-,-,-,-,-,-,D_826,-,N/A,,,0,0,0,,,,,D2S5-6 linker
999,,L_929,L_920,L_921,L_739,L_876,L_666,L_914,L_894,W_827,L_746,N/A,,,0,0,0,,,,,D2S5-6 linker
1000,,P_930,P_921,P_922,P_740,P_877,P_667,P_915,P_895,P_828,R_747,N/A,,,0,0,0,,,,,D2S5-6 linker
1001,,R_931,R_922,R_923,R_741,R_878,R_668,R_916,R_896,R_829,H_748,"SCN1A:Severe myoclonic epilepsy of infancy;SCN2A:not provided;SCN9A:Congenital indifference to pain,Congenital indifference to pain;SCN5A:Brugada syndrome,Brugada syndrome;Cardiovascular phenotype;not provided,Brugada syndrome",,,0,0,0,,,,,D2S5-6 linker
1002,,W_932,W_923,W_924,W_742,W_879,W_669,W_917,W_897,W_830,W_749,SCN1A:Dravet syndrome;SCN2A:not provided;SCN5A:Unexplained cardiac arrest,,,0,0,0,,,,,D2S5-6 linker
,LoF variants:,,,,,W879R,,,,,,,Glazer(2020),10.1016/j.ajhg.2020.05.015,0,1,0,BrS,Glazer(2020),10.1016/j.ajhg.2020.05.015,-,D2S5-6 linker
1003,,H_933,H_924,H_925,H_743,H_880,H_670,H_918,H_898,H_831,H_750,N/A,,,0,0,0,,,,,D2S5-6 linker
1004,,M_934,M_925,M_926,M_744,M_881,M_671,M_919,M_899,M_832,M_751,"SCN1A:Severe myoclonic epilepsy of infancy,Severe myoclonic epilepsy of infancy,Epilepsy and/or neurodevelopmental disorders;SCN2A:not provided,Epilepsy- early-onset;SCN9A:Congenital indifference to pain- partial",,,0,0,0,,,,,D2S5-6 linker
1005,,N_935,H_926,N_927,H_745,M_882,H_672,H_920,N_900,H_833,G_752,SCN1A:Generalized epilepsy with febrile seizures plus;SCN2A:Epilepsy and/or neurodevelopmental disorders,,,0,0,0,,,,,D2-Pore
1006,,D_936,D_927,D_928,D_746,D_883,D_673,D_921,D_901,D_834,D_753,SCN1A:Epilepsy and/or neurodevelopmental disorders,,,0,0,0,,,,,D2-Pore
1007,,F_937,F_928,F_929,F_747,F_884,F_674,F_922,F_902,F_835,F_754,SCN2A:Epileptic encephalopathy,,,0,0,0,,,,,D2-Pore
1008,,F_938,F_929,F_930,F_748,F_885,F_675,F_923,F_903,F_836,W_755,N/A,,,0,0,0,,,,,D2-Pore
1009,,H_939,H_930,H_931,H_749,H_886,H_676,H_924,H_904,H_837,H_756,"SCN1A:Dravet syndrome;SCN2A:Encephalopathy with late-onset epilepsy;SCN5A:Brugada syndrome,Brugada syndrome",,,0,0,0,,,,,D2-Pore
,LoF variants:,H939Q,,,,,,,,,,,Ohmori(2006),10.1111/j.1528-1167.2006.00643.x,0,1,0,EPI,Ohmori(2006),10.1111/j.1528-1167.2006.00643.x,-,D2-Pore
1010,,S_940,S_931,S_932,S_750,A_887,S_677,S_925,S_905,S_838,S_757,SCN1A:Severe myoclonic epilepsy of infancy;SCN2A:not provided,,,0,0,0,,,,,D2-Pore
1011,,F_941,F_932,F_933,F_751,F_888,F_678,F_926,F_906,F_839,F_758,N/A,,,0,0,0,,,,,D2-Pore
1012,,L_942,L_933,L_934,L_752,L_889,L_679,L_927,L_907,L_840,L_759,"SCN1A:Severe myoclonic epilepsy of infancy,Dravet syndrome",,,0,0,0,,,,,D2-Pore
1013,,I_943,I_934,I_935,I_753,I_890,N_680,I_928,I_908,I_841,V_760,SCN1A:Dravet syndrome;SCN5A:Brugada syndrome,,,0,0,0,,,,,D2-Pore
,LoF variants:,,,,,I890T,,,,,,,Tarradas(2013),10.1371/journal.pone.0053220,0,1,0,BrS,Tarradas(2013),10.1371/journal.pone.0053220,-,D2-Pore
1014,,V_944,V_935,V_936,V_754,I_891,V_681,V_929,V_909,V_842,V_761,"SCN1A:Severe myoclonic epilepsy of infancy,Severe myoclonic epilepsy of infancy",,,0,0,0,,,,,D2-Pore
1015,,F_945,F_936,F_937,F_755,F_892,F_682,F_930,F_910,F_843,F_762,"SCN1A:Dravet syndrome,Severe myoclonic epilepsy of infancy;SCN5A:Brugada syndrome",,,0,0,0,,,,,D2-Pore
,LoF variants:,,,,,F892I,,,,,,,Glazer(2020),10.1016/j.ajhg.2020.05.015,0,1,0,BrS,Savastano(2014),https://doi.org/10.1016/j.hrthm.2014.04.010,-,D2-Pore
1016,,R_946,R_937,R_938,R_756,R_893,R_683,R_931,R_911,R_844,R_763,"SCN1A:Generalized epilepsy of infancy,Severe myoclonic epilepsy of infancy;SCN2A:Benign familial neonatal-infantile seizures;Early infantile epileptic encephalopathy 11;not provided,Intellectual disability- nonsyndromic,not provided;SCN5A:Brugada syndrome,Brugada syndrome",,,0,0,0,,,,,D2-Pore
,LoF variants:,"R946C, R946H","R937C, R937H",,,,,,,,,,"Volkers(2011),Begemann(2019),Liao(2010b),Volkers(2011),Ben-Shalom(2017)","10.1111/j.1460-9568.2011.07826.x,10.1186/s10020-019-0073-6,10.1111/j.1528-1167.2010.02645.x,10.1111/j.1460-9568.2011.07826.x,10.1016/j.biopsych.2017.01.009",0,4,0,"EPI, EPI, ASD, ASD","Volkers(2011),Liao(2010b),Ben-Shalom(2017),Begemann(2019),Rauch(2012)","10.1111/j.1460-9568.2011.07826.x,10.1111/j.1528-1167.2010.02645.x,10.1016/j.biopsych.2017.01.009,10.1186/s10020-019-0073-6,10.1016/S0140-6736(12)61480-9",-,D2-Pore
1017,,V_947,V_938,V_939,I_757,I_894,I_684,V_932,V_912,I_845,I_764,SCN1A:Febrile seizures plus,,,0,0,0,,,,,D2-Pore
1018,,L_948,L_939,L_940,L_758,L_895,L_685,L_933,L_913,L_846,L_765,N/A,,,0,0,0,,,,,D2-Pore
1019,,C_949,C_940,C_941,C_759,C_896,C_686,C_934,C_914,C_847,C_766,"SCN1A:Dravet syndrome,Dravet syndrome;SCN4A:Myotonia;SCN5A:Brugada syndrome",,,0,0,0,,,,,D2-Pore
1020,,G_950,G_941,G_942,G_760,G_897,G_687,G_935,G_915,G_848,G_767,SCN1A:Severe myoclonic epilepsy of infancy;SCN5A:Brugada syndrome,,,0,0,0,,,,,D2-Pore
1021,,E_951,E_942,E_943,E_761,E_898,E_688,E_936,E_916,E_849,E_768,N/A,,,0,0,0,,,,,D2-Pore
1022,,W_952,W_943,W_944,W_762,W_899,W_689,W_937,W_917,W_850,W_769,"SCN1A:Severe myoclonic epilepsy of infancy,Dravet syndrome;SCN8A:Cerebellar ataxia;Intellectual disability",,,0,0,0,,,,,D2-Pore
1023,,I_953,I_944,I_945,I_763,I_900,V_690,I_938,I_918,I_851,I_770,N/A,,,0,0,0,,,,,D2-Pore
1024,,E_954,E_945,E_946,E_764,E_901,E_691,E_939,E_919,E_852,E_771,SCN5A:Brugada syndrome,,,0,0,0,,,,,D2-Pore
,LoF variants:,,,,,E901K,,,,,,,Glazer(2020),10.1016/j.ajhg.2020.05.015,0,1,0,BrS,Kapplinger(2010),10.1016/j.hrthm.2009.09.069,-,D2-Pore
1025,,T_955,T_946,T_947,T_765,T_902,T_692,T_940,T_920,N_853,N_772,SCN1A:Dravet syndrome,,,0,0,0,,,,,D2-Pore
1026,,M_956,M_947,M_948,M_766,M_903,L_693,M_941,M_921,M_854,M_773,SCN1A:Febrile seizures plus,,,0,0,0,,,,,D2-Pore
,LoF variants:,M956T,,,,,,,,,,,Bechi(2015),10.1016/j.nbd.2014.12.028,0,1,0,EPI,Bechi(2015),10.1016/j.nbd.2014.12.028,-,D2S5-6 linker
1027,,W_957,W_948,W_949,W_767,W_904,W_694,W_942,W_922,W_855,W_774,"SCN1A:Severe myoclonic epilepsy of infancy,Severe myoclonic epilepsy of infancy",,,0,0,0,,,,,D2S5-6 linker
1028,,D_958,D_949,D_950,D_768,D_905,D_695,D_943,D_923,A_856,E_775,N/A,,,0,0,0,,,,,D2S5-6 linker
1029,,C_959,C_950,C_951,C_769,C_906,C_696,C_944,C_924,C_857,C_776,"SCN1A:Dravet syndrome,Dravet syndrome,Severe myoclonic epilepsy of infancy",,,0,0,0,,,,,D2S5-6 linker
,LoF variants:,C959R,,,,,,,,,,,Ohmori(2006),10.1111/j.1528-1167.2006.00643.x,0,1,0,EPI,Ohmori(2006),10.1111/j.1528-1167.2006.00643.x,-,D2S5-6 linker
1030,,M_960,M_951,M_952,M_770,M_907,M_697,M_945,M_925,M_858,M_777,"SCN1A:Dravet syndrome,Severe myoclonic epilepsy of infancy",,,0,0,0,,,,,D2S5-6 linker
1031,,E_961,E_952,E_953,E_771,E_908,E_698,E_946,E_926,E_859,Q_778,N/A,,,0,0,0,,,,,D2S5-6 linker
1032,,V_962,V_953,V_954,V_772,V_909,V_699,V_947,V_927,V_860,E_779,N/A,,,0,0,0,,,,,D2S5-6 linker
1033,,-,-,-,-,-,-,-,-,-,A_780,N/A,,,0,0,0,,,,,D2S5-6 linker
1034,,-,-,-,-,-,-,-,-,-,N_781,N/A,,,0,0,0,,,,,D2S5-6 linker
1035,,A_963,A_954,A_955,A_773,S_910,A_700,A_948,A_928,G_861,A_782,"SCN5A:Brugada syndrome;Cardiovascular phenotype;Inborn genetic diseases,Brugada syndrome",,,0,0,0,,,,,D2S5-6 linker
1036,,G_964,G_955,G_956,G_774,G_911,G_701,G_949,G_929,Q_862,S_783,N/A,,,0,0,0,,,,,D2S5-6 linker
1037,,Q_965,Q_956,Q_957,Q_775,Q_912,Q_702,Q_950,Q_930,K_863,S_784,SCN5A:Long QT syndrome,,,0,0,0,,,,,D2S5-6 linker
1038,,A_966,T_957,T_958,A_776,S_913,S_703,A_951,A_931,S_864,S_785,N/A,,,0,0,0,,,,,D2S5-6 linker
1039,,M_967,M_958,M_959,M_777,L_914,W_704,M_952,M_932,I_865,L_786,SCN2A:Epilepsy- benign neonatal-infantile,,,0,0,0,,,,,D2S5-6 linker
1040,,C_968,C_959,C_960,C_778,C_915,C_705,C_953,C_933,C_866,C_787,"SCN1A:Dravet syndrome,Epileptic encephalopathy;SCN2A:not provided;SCN5A:Brugada syndrome",,,0,0,0,,,,,D2S5-6 linker
1041,,L_969,L_960,L_961,L_779,L_916,I_706,L_954,L_934,L_867,V_788,SCN1A:Dravet syndrome,,,0,0,0,,,,,D2S6
1042,,T_970,T_961,I_962,T_780,L_917,P_707,I_955,I_935,I_868,I_789,SCN5A:Brugada syndrome,,,0,0,0,,,,,D2S6
1043,,V_971,V_962,V_963,V_781,V_918,F_708,V_956,V_936,L_869,V_790,"SCN1A:Dravet syndrome,Dravet syndrome",,,0,0,0,,,,,D2S6
1044,,F_972,F_963,F_964,F_782,F_919,Y_709,F_957,Y_937,F_870,F_791,SCN5A:not provided,,,0,0,0,,,,,D2S6
1045,,M_973,M_964,M_965,L_783,L_920,L_710,M_958,M_938,L_871,I_792,"SCN1A:Dravet syndrome,Cryptogenic generalised epilepsy",,,0,0,0,,,,,D2S6
1046,,M_974,M_965,L_966,M_784,L_921,M_711,M_959,M_939,T_872,L_793,N/A,,,0,0,0,,,,,D2S6
1047,,V_975,V_966,V_967,V_785,V_922,V_712,V_960,V_940,V_873,I_794,"SCN8A:Early infantile epileptic encephalopathy 13,Epileptic encephalopathy",,,0,0,0,,,,,D2S6
1048,,M_976,M_967,M_968,M_786,M_923,I_713,M_961,M_941,M_874,T_795,SCN1A:Dravet syndrome,,,0,0,0,,,,,D2S6
1049,,V_977,V_968,V_969,V_787,V_924,L_714,V_962,V_942,V_875,V_796,SCN1A:Dravet syndrome,,,0,0,0,,,,,D2S6
1050,,I_978,I_969,I_970,I_788,I_925,I_715,I_963,I_943,L_876,I_797,N/A,,,0,0,0,,,,,D2S6
1051,,G_979,G_970,G_971,G_789,G_926,G_716,G_964,G_944,G_877,G_798,"SCN1A:Severe myoclonic epilepsy of infancy;SCN8A:COGNITIVE IMPAIRMENT WITHOUT CEREBELLAR ATAXIA;not provided,Intellectual disability",,,0,0,0,,,,,D2S6
,LoF variants:,G979R,,,,,,G964R,,,,,"Sugawara(2003),Rhodes(2005),Wagnon(2017),Liu(2019)","10.1016/s0920-1211(03)00084-6,10.1113/jphysiol.2005.094326,10.1212/nxg.0000000000000170,10.1093/brain/awy326",0,2,0,"EPI, NDD without EPI","Fujiwara(2003),Wagnon(2017)","10.1093/brain/awg053,10.1212/nxg.0000000000000170",-,D2S6
1052,,N_980,N_971,N_972,N_790,N_927,N_717,N_965,N_945,N_878,K_799,SCN1A:Epilepsy and/or neurodevelopmental disorders;SCN5A:Brugada syndrome,,,0,0,0,,,,,D2S6
,LoF variants:,,,,,N927S,,,,,,,Glazer(2020),10.1016/j.ajhg.2020.05.015,0,1,0,BrS,Kapplinger(2010),10.1016/j.hrthm.2009.09.069,-,D2S6
1053,,L_981,L_972,L_973,L_791,L_928,L_718,L_966,L_946,L_879,L_800,SCN1A:Dravet syndrome;SCN5A:Brugada syndrome,,,0,0,0,,,,,D2S6
,LoF variants:,,,,,L928P,,,,,,,Glazer(2020),10.1016/j.ajhg.2020.05.015,0,1,0,BrS,Kapplinger(2010),10.1016/j.hrthm.2009.09.069,-,D2S6
1054,,V_982,V_973,V_974,V_792,V_929,L_719,V_967,V_947,V_880,V_801,SCN1A:Dravet syndrome,,,0,0,0,,,,,D2S6
1055,,V_983,V_974,V_975,V_793,V_930,V_720,V_968,V_948,V_881,V_802,SCN1A:Severe myoclonic epilepsy of infancy,,,0,0,0,,,,,D2S6
,LoF variants:,V983A,,,,,,,,,,,Rhodes(2005),10.1113/jphysiol.2005.094326,0,1,0,EPI,Fujiwara(2003),10.1093/brain/awg053,-,D2S6
1056,,L_984,L_975,L_976,L_794,L_931,L_721,L_969,L_949,L_882,L_803,SCN1A:Dravet syndrome,,,0,0,0,,,,,D2S6
1057,,N_985,N_976,N_977,N_795,N_932,Y_722,N_970,N_950,N_883,N_804,"SCN1A:Severe myoclonic epilepsy of infancy,Dravet syndrome;SCN2A:Epileptic encephalopathy",,,0,0,0,,,,,D2S6
,LoF variants:,N985I,,,,,,,,,,,Sugawara(2003),10.1016/s0920-1211(03)00084-6,0,1,0,EPI,Fujiwara(2003),10.1093/brain/awg053,-,D2S6
1058,,L_986,L_977,L_978,L_796,L_933,L_723,L_971,L_951,L_884,L_805,SCN1A:Severe myoclonic epilepsy of infancy,,,0,0,0,,,,,D2S6
,LoF variants:,L986F,,,,,,,,,,,"Lossin(2003),Thompson(2012)","10.1523/jneurosci.23-36-11289.2003,10.1074/jbc.M112.421883",0,1,0,EPI,Claes(2001),10.1086/320609,-,D2S6
,GoF variants:,,,,L796V,,,,,,,,Elia(2020),10.3389/fneur.2020.00077,1,0,0,PMC,Elia(2020),10.3389/fneur.2020.00077,-,D2S6
1059,,F_987,F_978,F_979,F_797,F_934,F_724,F_972,F_952,F_885,F_806,SCN1A:Severe myoclonic epilepsy of infancy,,,0,0,0,,,,,D2S6
1060,,L_988,L_979,L_980,L_798,L_935,L_725,L_973,L_953,I_886,I_807,SCN5A:Brugada syndrome,,,0,0,0,,,,,D2S6
1061,,A_989,A_980,A_981,A_799,A_936,A_726,A_974,A_954,A_887,A_808,"SCN1A:Epilepsy and/or neurodevelopmental disorders;SCN4A:Episodic laryngospasm- severe neonatal;SCN11A:Episodic pain syndrome- familial- 3,Episodic pain syndrome",,,0,0,0,,,,,D2S6
1062,,L_990,L_981,L_982,L_800,L_937,-,L_975,L_955,L_888,L_809,SCN1A:Dravet syndrome,,,0,0,0,,,,,D2-D3 linker
1063,,L_991,L_982,L_983,L_801,L_938,L_727,L_976,L_956,L_889,L_810,N/A,,,0,0,0,,,,,D2-D3 linker
1064,,L_992,L_983,L_984,L_802,L_939,V_728,L_977,L_957,L_890,L_811,"SCN2A:Early infantile epileptic encephalopathy- hypsarythmia- and refux;SCN8A:not provided;SCN11A:Neuropathy- hereditary sensory and autonomic- type VII,Congenital indifference to pain",,,0,0,0,,,,,D2-D3 linker
1065,,S_993,S_984,S_985,S_803,S_940,S_729,S_978,S_958,N_891,N_812,"SCN8A:Epileptic encephalopathy,Epileptic encephalopathy- infantile",,,0,0,0,,,,,D2-D3 linker
1066,,S_994,S_985,S_986,S_804,S_941,S_730,S_979,S_959,S_892,S_813,"SCN8A:Inborn genetic diseases;SCN4A:Paramyotonia congenita/myotonia congenita;Potassium aggravated myotonia;not provided,Paramyotonia congenita;SCN5A:Cardiac conduction disorder",,,0,0,0,,,,,D2-D3 linker
,GoF variants:,,,,,S941N,,,,,,,Ruan(2007),10.1161/circulationaha.107.707877,1,0,0,LQT3,Schwartz(2000),10.1056/nejm200007273430405,-,D2-D3 linker
1067,,F_995,F_986,F_987,F_805,F_942,F_731,F_980,F_960,F_893,F_814,"SCN1A:Dravet syndrome,Dravet syndrome",,,0,0,0,,,,,D2-D3 linker
1068,,S_996,S_987,S_988,S_806,S_943,S_732,S_981,S_961,S_894,S_815,"SCN2A:Early infantile epileptic encephalopathy 11;Episodic ataxia;Seizures;Vertigo;not provided,Epileptic encephalopathy- early infantile",,,0,0,0,,,,,D2-D3 linker
1069,,A_997,S_988,S_989,A_807,A_944,S_733,A_982,S_962,A_895,N_816,N/A,,,0,0,0,,,,,D2-D3 linker
1070,,D_998,D_989,D_990,D_808,D_945,C_734,D_983,D_963,D_896,E_817,"SCN1A:Epilepsy and/or neurodevelopmental disorders,Dravet syndrome",,,0,0,0,,,,,D2-D3 linker
1071,,N_999,N_990,N_991,S_809,N_946,K_735,N_984,N_964,N_897,E_818,"SCN8A:Early infantile epileptic encephalopathy 13,Intellectual disability and epilepsy",,,0,0,0,,,,,D2-D3 linker
1072,,L_1000,L_991,L_992,L_810,L_947,D_736,L_985,L_965,L_898,R_819,N/A,,,0,0,0,,,,,D2-D3 linker
1073,,A_1001,A_992,A_993,A_811,T_948,V_737,A_986,T_966,T_899,N_820,N/A,,,0,0,0,,,,,D2-D3 linker
1074,,A_1002,A_993,A_994,A_812,A_949,T_738,A_987,A_967,A_900,G_821,N/A,,,0,0,0,,,,,D2-D3 linker
1075,,T_1003,T_994,T_995,S_813,P_950,A_739,T_988,I_968,P_901,N_822,N/A,,,0,0,0,,,,,D2-D3 linker
1076,,-,-,-,-,-,-,-,-,-,L_823,N/A,,,0,0,0,,,,,D2-D3 linker
1077,,D_1004,D_995,D_996,D_814,D_951,E_740,D_989,E_969,E_902,E_824,N/A,,,0,0,0,,,,,D2-D3 linker
1078,,D_1005,D_996,D_997,E_815,E_952,E_741,D_990,E_970,D_903,G_825,N/A,,,0,0,0,,,,,D2-D3 linker
1079,,D_1006,D_997,D_998,D_816,D_953,N_742,D_991,D_971,D_904,E_826,"SCN2A:Epilepsy,not provided",,,0,0,0,,,,,D2-D3 linker
1080,,N_1007,N_998,N_999,G_817,R_954,N_743,G_992,P_972,G_905,A_827,N/A,,,0,0,0,,,,,D2-D3 linker
1081,,E_1008,E_999,E_1000,E_818,E_955,E_744,E_993,D_973,E_906,R_828,"SCN2A:Benign familial neonatal-infantile seizures;Early infantile epileptic encephalopathy 11;Early infantile epileptic encephalopathy 11;not provided,Ohtahara syndrome,Epileptic encephalopathy- early infantile",,,0,0,0,,,,,D2-D3 linker
,GoF variants:,,E999K,,,,,,,,,,"Miao(2020),Thompson(2020)","10.1002/mgg3.1250,10.1085/jgp.201912442",1,0,0,EPI,"Nakamura(2013),Miao(2020)","10.1212/WNL.0b013e3182a43e57,10.1002/mgg3.1250",-,D2-D3 linker
1082,,M_1009,M_1000,M_1001,M_819,M_956,A_745,M_994,A_974,V_907,K_829,N/A,,,0,0,0,,,,,D2-D3 linker
1083,,N_1010,N_1001,N_1002,N_820,N_957,K_746,N_995,N_975,N_908,T_830,SCN2A:Neonatal-infantile seizures,,,0,0,0,,,,,D2-D3 linker
1084,,N_1011,N_1002,N_1003,N_821,N_958,N_747,N_996,N_976,N_909,K_831,SCN1A:Severe myoclonic epilepsy of infancy;SCN10A:Kidney stone disease,,,0,0,0,,,,,D2-D3 linker
,LoF variants:,N1011I,,,,,,,,,,,Rhodes(2005),10.1113/jphysiol.2005.094326,0,1,0,EPI,Fujiwara(2003),10.1093/brain/awg053,-,D2-D3 linker
1085,,L_1012,L_1003,L_1004,L_822,L_959,L_748,L_997,L_977,L_910,V_832,"SCN2A:Benign familial neonatal-infantile seizures,Neonatal-infantile seizures",,,0,0,0,,,,,D2-D3 linker
1086,,Q_1013,Q_1004,Q_1005,Q_823,Q_960,Q_749,Q_998,Q_978,Q_911,Q_833,SCN5A:Long QT syndrome,,,0,0,0,,,,,D2-D3 linker
1087,,I_1014,I_1005,I_1006,I_824,L_961,L_750,I_999,I_979,V_912,L_834,N/A,,,0,0,0,,,,,D2-D3 linker
1088,,A_1015,A_1006,A_1007,A_825,A_962,A_751,S_1000,A_980,A_913,A_835,N/A,,,0,0,0,,,,,D2-D3 linker
1089,,V_1016,V_1007,V_1008,I_826,L_963,V_752,V_1001,V_981,L_914,L_836,N/A,,,0,0,0,,,,,D2-D3 linker
1090,,D_1017,G_1008,G_1009,G_827,A_964,A_753,I_1002,T_982,A_915,D_837,N/A,,,0,0,0,,,,,D2-D3 linker
1091,,R_1018,R_1009,R_1010,R_828,R_965,R_754,R_1003,R_983,R_916,R_838,"SCN5A:Brugada syndrome,Long QT syndrome,Brugada syndrome",,,0,0,0,,,,,D2-D3 linker
,LoF variants:,,,,,R965C,,,,,,,Hsueh(2009),10.1186/1423-0127-16-23,0,1,0,BrS,Hsueh(2009),10.1186/1423-0127-16-23,0.0000649,D2-D3 linker
1092,,M_1019,M_1010,M_1011,I_829,I_966,I_755,I_1004,I_984,I_917,F_839,N/A,,,0,0,0,,,,,D2-D3 linker
1093,,H_1020,Q_1011,Q_1012,K_830,Q_967,K_756,K_1005,K_985,Q_918,R_840,N/A,,,0,0,0,,,,,D2-D3 linker
1094,,K_1021,K_1012,K_1013,L_831,R_968,K_757,K_1006,K_986,V_919,R_841,N/A,,,0,0,0,,,,,D2-D3 linker
1095,,G_1022,G_1013,G_1014,G_832,G_969,G_758,G_1007,G_987,F_920,A_842,N/A,,,0,0,0,,,,,D2-D3 linker
1096,,V_1023,I_1014,I_1015,I_833,L_970,I_759,V_1008,I_988,G_921,F_843,N/A,,,0,0,0,,,,,D2-D3 linker
1097,,A_1024,D_1015,D_1016,G_834,R_971,N_760,A_1009,N_989,H_922,C_844,SCN5A:Long QT syndrome,,,0,0,0,,,,,D2-D3 linker
1098,,Y_1025,F_1016,Y_1017,F_835,F_972,Y_761,W_1010,Y_990,R_923,F_845,N/A,,,0,0,0,,,,,D2-D3 linker
1099,,V_1026,V_1017,V_1018,A_836,V_973,V_762,T_1011,V_991,T_924,V_846,N/A,,,0,0,0,,,,,D2-D3 linker
1100,,K_1027,K_1018,K_1019,K_837,K_974,L_763,K_1012,K_992,K_925,R_847,N/A,,,0,0,0,,,,,D2-D3 linker
1101,,R_1028,R_1019,N_1020,A_838,R_975,L_764,L_1013,Q_993,Q_926,H_848,SCN5A:Long QT syndrome,,,0,0,0,,,,,D2-D3 linker
1102,,K_1029,K_1020,K_1021,F_839,T_976,K_765,K_1014,T_994,A_927,T_849,N/A,,,0,0,0,,,,,D2-D3 linker
1103,,I_1030,I_1021,M_1022,L_840,T_977,I_766,V_1015,L_995,L_928,L_850,N/A,,,0,0,0,,,,,D2-D3 linker
1104,,Y_1031,R_1022,R_1023,L_841,W_978,-,H_1016,R_996,C_929,E_851,"SCN9A:Generalized epilepsy with febrile seizures plus- type 7;Hereditary sensory and autonomic neuropathy type IIA;Paroxysmal extreme pain disorder,Paroxysmal extreme pain disorder",,,0,0,0,,,,,D2-D3 linker
1105,,E_1032,E_1023,E_1024,G_842,D_979,-,A_1017,E_997,S_930,H_852,N/A,,,0,0,0,,,,,D2-D3 linker
1106,,F_1033,F_1024,C_1025,L_843,F_980,-,F_1018,F_998,F_931,F_853,N/A,,,0,0,0,,,,,D2-D3 linker
1107,,I_1034,I_1025,F_1026,L_844,C_981,-,M_1019,I_999,F_932,C_854,SCN5A:Long QT syndrome,,,0,0,0,,,,,D2-D3 linker
1108,,Q_1035,Q_1026,Q_1027,H_845,C_982,-,Q_1020,L_1000,S_933,H_855,SCN5A:Sudden adult death syndrome,,,0,0,0,,,,,D2-D3 linker
1109,,Q_1036,K_1027,K_1028,G_846,G_983,-,A_1021,K_1001,R_934,K_856,N/A,,,0,0,0,,,,,D2-D3 linker
1110,,S_1037,A_1028,A_1029,K_847,L_984,-,H_1022,A_1002,S_935,-,N/A,,,0,0,0,,,,,D2-D3 linker
1111,,-,-,-,-,-,-,-,-,C_936,-,N/A,,,0,0,0,,,,,D2-D3 linker
1112,,-,-,-,-,-,-,-,-,P_937,-,N/A,,,0,0,0,,,,,D2-D3 linker
1113,,F_1038,F_1029,F_1030,I_848,L_985,L_767,F_1023,F_1003,F_938,W_857,N/A,,,0,0,0,,,,,D2-D3 linker
1114,,I_1039,V_1030,F_1031,L_849,R_986,C_768,K_1024,S_1004,P_939,C_858,N/A,,,0,0,0,,,,,D2-D3 linker
1115,,R_1040,R_1031,R_1032,S_850,Q_987,K_769,Q_1025,K_1005,Q_940,R_859,N/A,,,0,0,0,,,,,D2-D3 linker
1116,,K_1041,K_1032,K_1033,P_851,R_988,T_770,R_1026,K_1006,P_941,K_860,SCN5A:Brugada syndrome,,,0,0,0,,,,,D2-D3 linker
1117,,Q_1042,Q_1033,P_1034,K_852,P_989,Q_771,E_1027,P_1007,K_942,Q_861,N/A,,,0,0,0,,,,,D2-D3 linker
1118,,K_1043,K_1034,K_1035,D_853,Q_990,N_772,A_1028,K_1008,A_943,N_862,N/A,,,0,0,0,,,,,D2-D3 linker
1119,,I_1044,A_1035,V_1036,I_854,K_991,V_773,-,I_1009,E_944,L_863,N/A,,,0,0,0,,,,,D2-D3 linker
1120,,L_1045,L_1036,I_1037,M_855,P_992,P_774,-,S_1010,P_945,P_864,N/A,,,0,0,0,,,,,D2-D3 linker
1121,,-,-,-,-,-,K_775,-,-,-,-,N/A,,,0,0,0,,,,,D2-D3 linker
1122,,D_1046,D_1037,-,L_856,A_993,D_776,D_1029,R_1011,E_946,-,SCN5A:Long QT syndrome 3,,,0,0,0,,,,,D2-D3 linker
1123,,E_1047,E_1038,E_1038,S_857,A_994,T_777,E_1030,E_1012,L_947,-,N/A,,,0,0,0,,,,,D2-D3 linker
1124,,I_1048,I_1039,I_1039,L_858,L_995,M_778,V_1031,I_1013,V_948,-,N/A,,,0,0,0,,,,,D2-D3 linker
1125,,K_1049,K_1040,H_1040,G_859,A_996,D_779,K_1032,R_1014,V_949,-,N/A,,,0,0,0,,,,,D2-D3 linker
1126,,P_1050,P_1041,E_1041,E_860,A_997,H_780,P_1033,Q_1015,K_950,-,"SCN5A:Sudden unexplained death,Congenital long QT syndrome;Long QT syndrome 3;not provided,Sudden infant death syndrome,Brugada syndrome",,,0,0,0,,,,,D2-D3 linker
1127,,L_1051,L_1042,G_1042,A_861,Q_998,V_781,L_1034,A_1016,L_951,-,N/A,,,0,0,0,,,,,D2-D3 linker
1128,,D_1052,E_1043,N_1043,D_862,G_999,N_782,D_1035,E_1017,P_952,-,N/A,,,0,0,0,,,,,D2-D3 linker
1129,,D_1053,D_1044,K_1044,G_863,Q_1000,E_783,E_1036,D_1018,L_953,Q_865,N/A,,,0,0,0,,,,,D2-D3 linker
1130,,L_1054,L_1045,I_1045,A_864,L_1001,V_784,L_1037,L_1019,S_954,Q_866,N/A,,,0,0,0,,,,,D2-D3 linker
1131,,N_1055,N_1046,-,G_865,-,Y_785,Y_1038,N_1020,S_955,K_867,N/A,,,0,0,0,,,,,D2-D3 linker
1132,,N_1056,N_1047,-,E_866,-,V_786,E_1039,T_1021,S_956,E_868,N/A,,,0,0,0,,,,,D2-D3 linker
1133,,K_1057,K_1048,-,A_867,-,K_787,K_1040,K_1022,K_957,V_869,N/A,,,0,0,0,,,,,D2-D3 linker
1134,,K_1058,K_1049,-,G_868,-,E_788,K_1041,K_1023,A_958,A_870,N/A,,,0,0,0,,,,,D2-D3 linker
1135,,D_1059,D_1050,D_1046,E_869,P_1002,D_789,A_1042,E_1024,E_959,G_871,SCN1A:Dravet syndrome,,,0,0,0,,,,,D2-D3 linker
1136,,S_1060,S_1051,S_1047,A_870,S_1003,-,N_1043,N_1025,N_960,G_872,N/A,,,0,0,0,,,,,D2-D3 linker
1137,,C_1061,C_1052,C_1048,G_871,C_1004,-,C_1044,Y_1026,H_961,C_873,SCN5A:Long QT syndrome,,,0,0,0,,,,,D2-D3 linker
1138,,M_1062,I_1053,M_1049,E_872,I_1005,I_790,I_1045,I_1027,I_962,A_874,N/A,,,0,0,0,,,,,D2-D3 linker
1139,,S_1063,S_1054,S_1050,T_873,A_1006,S_791,A_1046,S_1028,A_963,A_875,N/A,,,0,0,0,,,,,D2-D3 linker
1140,,N_1064,N_1055,N_1051,A_874,T_1007,D_792,N_1047,N_1029,A_964,Q_876,N/A,,,0,0,0,,,,,D2-D3 linker
1141,,-,-,-,-,P_1008,-,-,-,-,-,SCN5A:Cardiac conduction disease,,,0,0,0,,,,,D2-D3 linker
1142,,-,-,-,-,Y_1009,-,-,-,-,-,N/A,,,0,0,0,,,,,D2-D3 linker
1143,,-,-,-,-,S_1010,-,-,-,-,-,N/A,,,0,0,0,,,,,D2-D3 linker
1144,,-,-,-,-,P_1011,-,-,-,-,-,SCN5A:Sudden unexplained death,,,0,0,0,,,,,D2-D3 linker
1145,,-,-,-,-,P_1012,-,-,-,-,-,N/A,,,0,0,0,,,,,D2-D3 linker
1146,,-,-,-,-,P_1013,-,-,-,-,-,N/A,,,0,0,0,,,,,D2-D3 linker
1147,,H_1065,H_1056,N_1052,P_875,P_1014,H_793,H_1048,H_1030,-,-,SCN5A:Brugada syndrome,,,0,0,0,,,,,D2-D3 linker
1148,,T_1066,T_1057,T_1053,E_876,E_1015,T_794,T_1049,T_1031,-,-,SCN1A:Dravet syndrome,,,0,0,0,,,,,D2-D3 linker
1149,,A_1067,T_1058,G_1054,D_877,T_1016,L_795,G_1050,L_1032,-,S_877,SCN8A:Cerebral palsy,,,0,0,0,,,,,D2-D3 linker
1150,,-,I_1059,I_1055,E_878,E_1017,S_796,A_1051,A_1033,-,K_878,N/A,,,0,0,0,,,,,D2-D3 linker
1151,,E_1068,E_1060,E_1056,K_879,K_1018,E_797,D_1052,E_1034,-,D_879,SCN1A:Dravet syndrome,,,0,0,0,,,,,D2-D3 linker
1152,,I_1069,I_1061,I_1057,K_880,V_1019,L_798,I_1053,M_1035,-,I_880,N/A,,,0,0,0,,,,,D2-D3 linker
1153,,G_1070,G_1062,S_1058,E_881,P_1020,S_799,H_1054,S_1036,-,I_881,N/A,,,0,0,0,,,,,D2-D3 linker
1154,,K_1071,K_1063,K_1059,P_882,P_1021,N_800,R_1055,K_1037,-,P_882,SCN5A:Long QT syndrome,,,0,0,0,,,,,D2-D3 linker
1155,,D_1072,D_1064,E_1060,P_883,T_1022,T_801,N_1056,G_1038,-,L_883,N/A,,,0,0,0,,,,,D2-D3 linker
1156,,L_1073,L_1065,L_1061,E_884,R_1023,Q_802,G_1057,H_1039,-,V_884,"SCN5A:Brugada syndrome,Ventricular fibrillation- idiopathic",,,0,0,0,,,,,D2-D3 linker
1157,,D_1074,N_1066,N_1062,E_885,K_1024,D_803,D_1058,N_1040,-,M_885,N/A,,,0,0,0,,,,,D2-D3 linker
1158,,Y_1075,Y_1067,Y_1063,D_886,E_1025,F_804,F_1059,F_1041,-,E_886,N/A,,,0,0,0,,,,,D2-D3 linker
1159,,L_1076,L_1068,L_1064,L_887,T_1026,L_805,Q_1060,L_1042,-,M_887,N/A,,,0,0,0,,,,,D2-D3 linker
1160,,K_1077,K_1069,R_1065,K_888,R_1027,K_806,K_1061,K_1043,N_965,K_888,N/A,,,0,0,0,,,,,D2-D3 linker
1161,,D_1078,D_1070,D_1066,K_889,F_1028,D_807,N_1062,E_1044,T_966,R_889,N/A,,,0,0,0,,,,,D2-D3 linker
1162,,V_1079,G_1071,G_1067,D_890,E_1029,K_808,G_1063,K_1045,A_967,G_890,N/A,,,0,0,0,,,,,D2-D3 linker
1163,,N_1080,N_1072,N_1068,N_891,E_1030,E_809,N_1064,D_1046,R_968,S_891,N/A,,,0,0,0,,,,,D2-D3 linker
1164,,G_1081,G_1073,G_1069,H_892,G_1031,K_810,G_1065,K_1047,G_969,E_892,N/A,,,0,0,0,,,,,D2-D3 linker
1165,,T_1082,T_1074,T_1070,I_893,E_1032,S_811,T_1066,I_1048,S_970,T_893,N/A,,,0,0,0,,,,,D2-D3 linker
1166,,T_1083,T_1075,T_1071,L_894,Q_1033,S_812,T_1067,S_1049,S_971,Q_894,N/A,,,0,0,0,,,,,D2-D3 linker
1167,,S_1084,S_1076,S_1072,N_895,P_1034,G_813,S_1068,-,G_972,E_895,SCN1A:Intractable epilepsy,,,0,0,0,,,,,D2-D3 linker
1168,,G_1085,-,G_1073,H_896,G_1035,T_814,G_1069,-,G_973,E_896,N/A,,,0,0,0,,,,,D2-D3 linker
1169,,I_1086,-,V_1074,M_897,Q_1036,E_815,I_1070,-,L_974,L_897,N/A,,,0,0,0,,,,,D2-D3 linker
1170,,G_1087,G_1077,G_1075,G_898,G_1037,K_816,-,G_1050,Q_975,G_898,SCN1A:Generalized epilepsy with febrile seizures plus;SCN5A:Irritable bowel syndrome,,,0,0,0,,,,,D2-D3 linker
1171,,T_1088,I_1078,T_1076,L_899,T_1038,N_817,-,F_1051,A_976,I_899,N/A,,,0,0,0,,,,,D2-D3 linker
1172,,G_1089,G_1079,G_1077,A_900,P_1039,A_818,G_1071,G_1052,P_977,L_900,N/A,,,0,0,0,,,,,D2-D3 linker
1173,,S_1090,S_1080,S_1078,D_901,G_1040,T_819,S_1072,S_1053,R_978,T_901,N/A,,,0,0,0,,,,,D2-D3 linker
1174,,S_1091,S_1081,S_1079,G_902,D_1041,-,S_1073,S_1054,G_979,S_902,SCN8A:Epilepsy and/or neurodevelopmental disorders,,,0,0,0,,,,,D2-D3 linker
1175,,V_1092,V_1082,V_1080,P_903,P_1042,-,V_1074,V_1055,P_980,V_903,N/A,,,0,0,0,,,,,D2-D3 linker
1176,,E_1093,E_1083,E_1081,P_904,E_1043,-,E_1075,D_1056,R_981,P_904,N/A,,,0,0,0,,,,,D2-D3 linker
1177,,K_1094,K_1084,K_1082,S_905,P_1044,-,K_1076,K_1057,D_982,K_905,N/A,,,0,0,0,,,,,D2-D3 linker
1178,,Y_1095,Y_1085,Y_1083,S_906,-,-,Y_1077,H_1058,-,T_906,N/A,,,0,0,0,,,,,D2-D3 linker
1179,,I_1096,V_1086,V_1084,L_907,-,-,I_1078,L_1059,-,L_907,N/A,,,0,0,0,,,,,D2-D3 linker
1180,,I_1097,V_1087,I_1085,-,-,-,I_1079,M_1060,-,G_908,N/A,,,0,0,0,,,,,D2-D3 linker
1181,,D_1098,D_1088,D_1086,-,-,-,D_1080,E_1061,-,V_909,N/A,,,0,0,0,,,,,D2-D3 linker
1182,,E_1099,E_1089,E_1087,E_908,-,E_820,E_1081,D_1062,-,R_910,N/A,,,0,0,0,,,,,D2-D3 linker
1183,,S_1100,S_1090,N_1088,L_909,-,N_821,-,S_1063,-,H_911,N/A,,,0,0,0,,,,,D2-D3 linker
1184,,D_1101,D_1091,D_1089,D_910,-,E_822,D_1082,D_1064,E_983,D_912,N/A,,,0,0,0,,,,,D2-D3 linker
1185,,Y_1102,Y_1092,Y_1090,H_911,-,S_823,H_1083,G_1065,H_984,W_913,N/A,,,0,0,0,,,,,D2-D3 linker
1186,,M_1103,M_1093,M_1091,L_912,-,Q_824,M_1084,Q_1066,S_985,T_914,N/A,,,0,0,0,,,,,D2-D3 linker
1187,,S_1104,S_1094,S_1092,N_913,-,S_825,S_1085,S_1067,D_986,W_915,N/A,,,0,0,0,,,,,D2-D3 linker
1188,,F_1105,F_1095,F_1093,F_914,-,L_826,F_1086,F_1068,F_987,L_916,N/A,,,0,0,0,,,,,D2-D3 linker
1189,,I_1106,I_1096,I_1094,I_915,-,I_827,I_1087,I_1069,I_988,A_917,N/A,,,0,0,0,,,,,D2-D3 linker
1190,,N_1107,N_1097,N_1095,N_916,-,P_828,N_1088,H_1070,A_989,-,N/A,,,0,0,0,,,,,D2-D3 linker
1191,,N_1108,N_1098,N_1096,N_917,-,S_829,N_1089,N_1071,N_990,-,SCN8A:Early infantile epileptic encephalopathy 13,,,0,0,0,,,,,D2-D3 linker
1192,,P_1109,P_1099,P_1097,P_918,-,P_830,P_1090,P_1072,P_991,-,SCN10A:Autism spectrum disorder,,,0,0,0,,,,,D2-D3 linker
1193,,S_1110,S_1100,S_1098,Y_919,-,S_831,N_1091,S_1073,T_992,-,N/A,,,0,0,0,,,,,D2-D3 linker
1194,,L_1111,L_1101,L_1099,L_920,-,V_832,L_1092,L_1074,V_993,-,N/A,,,0,0,0,,,,,D2-D3 linker
1195,,T_1112,T_1102,T_1100,T_921,-,S_833,T_1093,T_1075,W_994,-,N/A,,,0,0,0,,,,,D2-D3 linker
1196,,V_1113,V_1103,V_1101,I_922,V_1045,E_834,V_1094,V_1076,V_995,-,N/A,,,0,0,0,,,,,D2-D3 linker
1197,,T_1114,T_1104,T_1102,Q_923,C_1046,T_835,R_1095,T_1077,S_996,-,N/A,,,0,0,0,,,,,D2-D3 linker
1198,,V_1115,V_1105,V_1103,V_924,V_1047,V_836,V_1096,V_1078,V_997,-,N/A,,,0,0,0,,,,,D2-D3 linker
1199,,P_1116,P_1106,P_1104,P_925,P_1048,P_837,P_1097,P_1079,P_998,P_918,N/A,,,0,0,0,,,,,D2-D3 linker
1200,,I_1117,I_1107,I_1105,I_926,I_1049,I_838,I_1098,I_1080,I_999,L_919,N/A,,,0,0,0,,,,,D2-D3 linker
1201,,A_1118,A_1108,A_1106,A_927,A_1050,A_839,A_1099,A_1081,A_1000,A_920,N/A,,,0,0,0,,,,,D2-D3 linker
1202,,V_1119,V_1109,V_1107,S_928,V_1051,S_840,V_1100,P_1082,E_1001,E_921,N/A,,,0,0,0,,,,,D2-D3 linker
1203,,G_1120,G_1110,G_1108,E_929,A_1052,G_841,G_1101,G_1083,G_1002,E_922,N/A,,,0,0,0,,,,,D2-D3 linker
1204,,E_1121,E_1111,E_1109,E_930,E_1053,E_842,E_1102,E_1084,E_1003,E_923,SCN5A:Brugada syndrome,,,0,0,0,,,,,D2-D3 linker
1205,,S_1122,S_1112,S_1110,S_931,S_1054,S_843,S_1103,S_1085,S_1004,D_924,N/A,,,0,0,0,,,,,D2-D3 linker
1206,,D_1123,D_1113,D_1111,D_932,D_1055,D_844,D_1104,D_1086,D_1005,D_925,SCN5A:Brugada syndrome,,,0,0,0,,,,,D2-D3 linker
1207,,F_1124,F_1114,F_1112,L_933,T_1056,I_845,F_1105,L_1087,L_1006,V_926,N/A,,,0,0,0,,,,,D2-D3 linker
1208,,E_1125,E_1115,E_1113,E_934,D_1057,E_846,E_1106,E_1088,D_1007,E_927,N/A,,,0,0,0,,,,,D2-D3 linker
1209,,N_1126,N_1116,N_1114,M_935,D_1058,N_847,N_1107,N_1089,D_1008,F_928,N/A,,,0,0,0,,,,,D2-D3 linker
1210,,L_1127,L_1117,L_1115,P_936,Q_1059,L_848,L_1108,M_1090,L_1009,S_929,N/A,,,0,0,0,,,,,D2-D3 linker
1211,,N_1128,N_1118,N_1116,T_937,E_1060,D_849,N_1109,N_1091,E_1010,G_930,N/A,,,0,0,0,,,,,D2-D3 linker
1212,,T_1129,T_1119,T_1117,E_938,E_1061,N_850,T_1110,A_1092,D_1011,E_931,N/A,,,0,0,0,,,,,D2-D3 linker
1213,,E_1130,E_1120,E_1118,E_939,D_1062,K_851,E_1111,E_1093,D_1012,D_932,N/A,,,0,0,0,,,,,D2-D3 linker
1214,,-,-,-,-,-,-,-,-,G_1013,-,N/A,,,0,0,0,,,,,D2-D3 linker
1215,,-,-,-,-,-,-,-,-,G_1014,-,N/A,,,0,0,0,,,,,D2-D3 linker
1216,,-,-,-,-,-,-,-,-,E_1015,-,N/A,,,0,0,0,,,,,D2-D3 linker
1217,,-,-,-,-,-,-,-,-,D_1016,-,N/A,,,0,0,0,,,,,D2-D3 linker
1218,,-,-,-,-,-,-,-,-,A_1017,-,N/A,,,0,0,0,,,,,D2-D3 linker
1219,,-,-,-,-,-,-,-,-,Q_1018,-,N/A,,,0,0,0,,,,,D2-D3 linker
1220,,D_1131,E_1121,E_1119,E_940,E_1063,E_852,D_1112,E_1094,S_1019,N_933,N/A,,,0,0,0,,,,,D2-D3 linker
1221,,F_1132,F_1122,F_1120,T_941,E_1064,I_853,V_1113,L_1095,F_1020,A_934,N/A,,,0,0,0,,,,,D2-D3 linker
1222,,S_1133,S_1123,S_1121,D_942,N_1065,Q_854,S_1114,S_1096,Q_1021,Q_935,N/A,,,0,0,0,,,,,D2-D3 linker
1223,,S_1134,S_1124,S_1122,T_943,S_1066,S_855,S_1115,S_1097,Q_1022,R_936,N/A,,,0,0,0,,,,,D2-D3 linker
1224,,E_1135,E_1125,E_1123,F_944,L_1067,K_856,E_1116,D_1098,E_1023,I_937,N/A,,,0,0,0,,,,,D2-D3 linker
1225,,S_1136,S_1126,S_1124,S_945,G_1068,S_857,S_1117,S_1099,V_1024,T_938,N/A,,,0,0,0,,,,,D2-D3 linker
1226,,D_1137,D_1127,E_1125,E_946,T_1069,G_858,D_1118,D_1100,I_1025,Q_939,SCN5A:Long QT syndrome,,,0,0,0,,,,,D2-D3 linker
1227,,L_1138,M_1128,L_1126,P_947,E_1070,D_859,P_1119,S_1101,P_1026,P_940,SCN2A:Acute encephalitis with refractory- repetitive partial seizures,,,0,0,0,,,,,D2-D3 linker
1228,,E_1139,E_1129,E_1127,E_948,E_1071,G_860,E_1120,E_1102,K_1027,E_941,N/A,,,0,0,0,,,,,D2-D3 linker
1229,,E_1140,E_1130,E_1128,D_949,E_1072,G_861,G_1121,Y_1103,G_1028,P_942,N/A,,,0,0,0,,,,,D2-D3 linker
1230,,S_1141,S_1131,S_1129,S_950,S_1073,S_862,S_1122,S_1104,Q_1029,E_943,N/A,,,0,0,0,,,,,D2-D3 linker
1231,,K_1142,K_1132,K_1130,K_951,S_1074,K_863,K_1123,K_1105,Q_1030,Q_944,N/A,,,0,0,0,,,,,D2-D3 linker
1232,,-,-,-,K_952,K_1075,-,-,-,E_1031,Q_945,N/A,,,0,0,0,,,,,D2-D3 linker
1233,,-,-,-,P_953,Q_1076,-,-,-,Q_1032,A_946,N/A,,,0,0,0,,,,,D2-D3 linker
1234,,-,-,-,P_954,Q_1077,-,-,-,L_1033,Y_947,N/A,,,0,0,0,,,,,D2-D3 linker
1235,,E_1143,E_1133,E_1131,Q_955,E_1078,E_864,D_1124,V_1106,Q_1034,E_948,N/A,,,0,0,0,,,,,D2-D3 linker
1236,,K_1144,K_1134,K_1132,P_956,S_1079,K_865,K_1125,R_1107,Q_1035,L_949,"SCN5A:Brugada syndrome,Long QT syndrome",,,0,0,0,,,,,D2-D3 linker
1237,,L_1145,L_1135,L_1133,L_957,Q_1080,I_866,L_1126,L_1108,V_1036,H_950,N/A,,,0,0,0,,,,,D2-D3 linker
1238,,N_1146,N_1136,N_1134,Y_958,P_1081,K_867,D_1127,N_1109,E_1037,Q_951,SCN8A:Epileptic encephalopathy- early infantile,,,0,0,0,,,,,D2-D3 linker
1239,,E_1147,-,-,-,V_1082,-,-,-,R_1038,E_952,N/A,,,0,0,0,,,,,D2-D3 linker
1240,,S_1148,A_1137,A_1135,D_959,S_1083,Q_868,D_1128,R_1110,C_1039,N_953,N/A,,,0,0,0,,,,,D2-D3 linker
1241,,S_1149,T_1138,T_1136,G_960,G_1084,S_869,T_1129,S_1111,G_1040,K_954,SCN5A:Sudden infant death syndrome,,,0,0,0,,,,,D2-D3 linker
1242,,-,-,-,-,G_1085,-,-,-,-,-,N/A,,,0,0,0,,,,,D2-D3 linker
1243,,-,-,-,-,P_1086,-,-,-,-,-,N/A,,,0,0,0,,,,,D2-D3 linker
1244,,-,-,-,-,E_1087,-,-,-,-,-,N/A,,,0,0,0,,,,,D2-D3 linker
1245,,-,-,-,-,A_1088,-,-,-,-,-,N/A,,,0,0,0,,,,,D2-D3 linker
1246,,-,-,-,-,P_1089,-,-,-,-,-,N/A,,,0,0,0,,,,,D2-D3 linker
1247,,-,-,-,-,P_1090,-,-,-,-,-,N/A,,,0,0,0,,,,,D2-D3 linker
1248,,-,-,-,-,D_1091,-,-,-,D_1041,-,N/A,,,0,0,0,,,,,D2-D3 linker
1249,,-,-,-,-,S_1092,-,-,-,H_1042,-,N/A,,,0,0,0,,,,,D2-D3 linker
1250,,-,-,-,-,R_1093,-,-,-,L_1043,-,N/A,,,0,0,0,,,,,D2-D3 linker
1251,,-,-,-,-,T_1094,-,-,-,T_1044,-,N/A,,,0,0,0,,,,,D2-D3 linker
1252,,-,-,-,-,W_1095,-,-,-,P_1045,-,N/A,,,0,0,0,,,,,D2-D3 linker
1253,,-,-,-,-,S_1096,-,-,-,R_1046,-,N/A,,,0,0,0,,,,,D2-D3 linker
1254,,-,-,-,-,Q_1097,-,-,-,S_1047,-,N/A,,,0,0,0,,,,,D2-D3 linker
1255,,-,-,-,-,V_1098,-,-,-,P_1048,-,N/A,,,0,0,0,,,,,D2-D3 linker
1256,,-,-,-,-,S_1099,-,-,-,G_1049,-,N/A,,,0,0,0,,,,,D2-D3 linker
1257,,-,-,-,-,A_1100,-,-,-,T_1050,K_955,SCN5A:Long QT syndrome,,,0,0,0,,,,,D2-D3 linker
1258,,-,-,-,-,T_1101,-,-,-,G_1051,P_956,N/A,,,0,0,0,,,,,D2-D3 linker
1259,,-,-,-,-,A_1102,-,-,-,T_1052,T_957,N/A,,,0,0,0,,,,,D2-D3 linker
1260,,-,-,-,-,S_1103,-,-,-,S_1053,S_958,N/A,,,0,0,0,,,,,D2-D3 linker
1261,,-,-,-,-,S_1104,-,-,-,S_1054,Q_959,N/A,,,0,0,0,,,,,D2-D3 linker
1262,,-,-,-,-,E_1105,-,-,-,E_1055,R_960,N/A,,,0,0,0,,,,,D2-D3 linker
1263,,-,-,-,-,A_1106,-,-,-,D_1056,V_961,SCN5A:Sudden unexplained death,,,0,0,0,,,,,D2-D3 linker
1264,,-,-,-,-,E_1107,-,-,-,L_1057,Q_962,SCN5A:Sudden infant death syndrome,,,0,0,0,,,,,D2-D3 linker
1265,,-,-,-,-,A_1108,-,-,-,A_1058,S_963,N/A,,,0,0,0,,,,,D2-D3 linker
1266,,-,-,-,-,S_1109,-,-,-,P_1059,V_964,N/A,,,0,0,0,,,,,D2-D3 linker
1267,,-,-,-,-,A_1110,-,-,-,S_1060,E_965,N/A,,,0,0,0,,,,,D2-D3 linker
1268,,-,-,-,-,S_1111,-,-,-,L_1061,I_966,N/A,,,0,0,0,,,,,D2-D3 linker
1269,,-,-,-,-,Q_1112,-,-,-,G_1062,D_967,N/A,,,0,0,0,,,,,D2-D3 linker
1270,,-,-,-,-,A_1113,-,-,-,E_1063,M_968,SCN5A:Brugada syndrome,,,0,0,0,,,,,D2-D3 linker
1271,,-,-,-,-,D_1114,-,-,-,T_1064,F_969,SCN5A:Long QT syndrome,,,0,0,0,,,,,D2-D3 linker
1272,,-,-,-,-,W_1115,-,-,-,W_1065,S_970,N/A,,,0,0,0,,,,,D2-D3 linker
1273,,-,-,-,-,R_1116,-,-,-,K_1066,E_971,N/A,,,0,0,0,,,,,D2-D3 linker
1274,,-,-,-,-,Q_1117,-,-,-,D_1067,D_972,N/A,,,0,0,0,,,,,D2-D3 linker
1275,,-,-,-,-,Q_1118,-,-,-,E_1068,E_973,N/A,,,0,0,0,,,,,D2-D3 linker
1276,,-,-,-,-,W_1119,-,-,-,S_1069,P_974,N/A,,,0,0,0,,,,,D2-D3 linker
1277,,-,-,-,-,K_1120,-,-,-,V_1070,H_975,N/A,,,0,0,0,,,,,D2-D3 linker
1278,,-,-,-,-,A_1121,-,-,-,P_1071,L_976,N/A,,,0,0,0,,,,,D2-D3 linker
1279,,-,-,-,-,E_1122,-,-,-,Q_1072,T_977,N/A,,,0,0,0,,,,,D2-D3 linker
1280,,-,-,-,-,P_1123,-,-,-,V_1073,I_978,N/A,,,0,0,0,,,,,D2-D3 linker
1281,,-,-,-,-,Q_1124,-,-,-,P_1074,Q_979,N/A,,,0,0,0,,,,,D2-D3 linker
1282,,-,-,-,-,A_1125,-,-,-,A_1075,D_980,N/A,,,0,0,0,,,,,D2-D3 linker
1283,,-,-,-,-,P_1126,-,-,-,E_1076,P_981,N/A,,,0,0,0,,,,,D2-D3 linker
1284,,-,-,-,-,G_1127,-,-,-,G_1077,R_982,N/A,,,0,0,0,,,,,D2-D3 linker
1285,,-,-,-,-,C_1128,-,-,-,V_1078,K_983,N/A,,,0,0,0,,,,,D2-D3 linker
1286,,-,-,-,-,G_1129,-,-,-,D_1079,K_984,N/A,,,0,0,0,,,,,D2-D3 linker
1287,,-,-,-,-,E_1130,-,-,-,D_1080,S_985,N/A,,,0,0,0,,,,,D2-D3 linker
1288,,-,-,-,-,T_1131,-,-,-,T_1081,D_986,N/A,,,0,0,0,,,,,D2-D3 linker
1289,,-,-,-,-,P_1132,-,-,-,-,V_987,N/A,,,0,0,0,,,,,D2-D3 linker
1290,,-,-,-,-,E_1133,-,-,-,-,T_988,N/A,,,0,0,0,,,,,D2-D3 linker
1291,,-,-,-,-,D_1134,-,-,-,-,S_989,N/A,,,0,0,0,,,,,D2-D3 linker
1292,,S_1150,S_1139,S_1137,N_961,S_1135,S_870,S_1130,S_1112,S_1082,I_990,N/A,,,0,0,0,,,,,D2-D3 linker
1293,,S_1151,S_1140,S_1138,S_962,C_1136,S_871,S_1131,S_1113,S_1083,L_991,N/A,,,0,0,0,,,,,D2-D3 linker
1294,,S_1152,S_1141,S_1139,S_963,S_1137,S_872,S_1132,S_1114,S_1084,S_992,N/A,,,0,0,0,,,,,D2-D3 linker
1295,,E_1153,E_1142,E_1140,V_964,E_1138,E_873,E_1133,E_1115,E_1085,E_993,SCN5A:Long QT syndrome,,,0,0,0,,,,,D2-D3 linker
1296,,G_1154,G_1143,G_1141,C_965,G_1139,C_874,G_1134,C_1116,G_1086,C_994,N/A,,,0,0,0,,,,,D2-D3 linker
1297,,S_1155,S_1144,S_1142,S_966,S_1140,S_875,S_1135,S_1117,S_1087,S_995,SCN5A:Brugada syndrome,,,0,0,0,,,,,D2-D3 linker
1298,,T_1156,T_1145,T_1143,T_967,T_1141,T_876,T_1136,T_1118,T_1088,T_996,"SCN2A:not provided,Epilepsy and/or neurodevelopmental disorders",,,0,0,0,,,,,D2-D3 linker
1299,,V_1157,V_1146,V_1144,A_968,A_1142,V_877,I_1137,V_1119,V_1089,I_997,N/A,,,0,0,0,,,,,D2-D3 linker
1300,,D_1158,D_1147,D_1145,D_969,D_1143,D_878,D_1138,D_1120,D_1090,D_998,N/A,,,0,0,0,,,,,D2-D3 linker
1301,,I_1159,I_1148,V_1146,Y_970,M_1144,I_879,I_1139,N_1121,C_1091,L_999,N/A,,,0,0,0,,,,,D2-D3 linker
1302,,G_1160,G_1149,V_1147,K_971,T_1145,A_880,K_1140,P_1122,L_1092,-,N/A,,,0,0,0,,,,,D2-D3 linker
1303,,A_1161,A_1150,L_1148,P_972,N_1146,I_881,P_1141,L_1123,D_1093,-,N/A,,,0,0,0,,,,,D2-D3 linker
1304,,P_1162,P_1151,P_1149,P_973,T_1147,S_882,E_1142,P_1124,P_1094,-,N/A,,,0,0,0,,,,,D2-D3 linker
1305,,V_1163,A_1152,R_1150,E_974,A_1148,E_883,V_1143,G_1125,E_1095,Q_1000,SCN4A:Normokalaemic periodic paralysis with involuntary movements and generalised epilepsy,,,0,0,0,,,,,D2-D3 linker
1306,,E_1164,E_1153,E_1151,E_975,E_1149,E_884,E_1144,E_1126,E_1096,D_1001,N/A,,,0,0,0,,,,,D2-D3 linker
1307,,-,-,-,D_976,L_1150,-,-,-,I_1097,G_1002,N/A,,,0,0,0,,,,,D2-D3 linker
1308,,-,-,-,P_977,L_1151,-,-,-,L_1098,F_1003,N/A,,,0,0,0,,,,,D2-D3 linker
1309,,-,G_1154,G_1152,E_978,E_1152,E_885,-,G_1127,R_1099,G_1004,N/A,,,0,0,0,,,,,D2-D3 linker
1310,,E_1165,E_1155,E_1153,E_979,Q_1153,E_886,E_1145,E_1128,K_1100,W_1005,N/A,,,0,0,0,,,,,D2-D3 linker
1311,,Q_1166,Q_1156,Q_1154,Q_980,I_1154,M_887,V_1146,E_1129,I_1101,L_1006,N/A,,,0,0,0,,,,,D2-D3 linker
1312,,P_1167,P_1157,A_1155,A_981,P_1155,F_888,P_1147,A_1130,P_1102,P_1007,N/A,,,0,0,0,,,,,D2-D3 linker
1313,,V_1168,E_1158,E_1156,E_982,D_1156,Y_889,V_1148,E_1131,E_1103,E_1008,N/A,,,0,0,0,,,,,D2-D3 linker
1314,,V_1169,V_1159,T_1157,E_983,L_1157,G_890,E_1149,A_1132,L_1104,M_1009,N/A,,,0,0,0,,,,,D2-D3 linker
1315,,E_1170,E_1160,E_1158,N_984,G_1158,G_891,Q_1150,E_1133,A_1105,V_1010,N/A,,,0,0,0,,,,,D2-D3 linker
1316,,P_1171,P_1161,P_1159,P_985,Q_1159,-,P_1151,P_1134,D_1106,P_1011,N/A,,,0,0,0,,,,,D2-D3 linker
1317,,E_1172,E_1162,E_1160,E_986,D_1160,-,E_1152,M_1135,D_1107,K_1012,SCN3A:Epilepsy- focal,,,0,0,0,,,,,D2-D3 linker
1318,,E_1173,E_1163,E_1161,G_987,V_1161,-,E_1153,N_1136,L_1108,K_1013,N/A,,,0,0,0,,,,,D2-D3 linker
1319,,T_1174,S_1164,D_1162,E_988,K_1162,-,Y_1154,S_1137,E_1109,-,SCN1A:Hemiplegic migraine,,,0,0,0,,,,,D2-D3 linker
1320,,L_1175,L_1165,L_1163,-,-,-,L_1155,D_1138,-,-,N/A,,,0,0,0,,,,,D2-D3 linker
1321,,E_1176,E_1166,K_1164,Q_989,D_1163,E_892,D_1156,E_1139,E_1110,Q_1014,N/A,,,0,0,0,,,,,D2-D3 linker
1322,,P_1177,P_1167,P_1165,P_990,P_1164,R_893,P_1157,P_1140,P_1111,P_1015,N/A,,,0,0,0,,,,,D2-D3 linker
1323,,E_1178,E_1168,E_1166,E_991,E_1165,S_894,D_1158,E_1141,D_1112,E_1016,N/A,,,0,0,0,,,,,D2-D3 linker
1324,,A_1179,A_1169,A_1167,E_992,D_1166,K_895,A_1159,A_1142,D_1113,R_1017,SCN5A:Long QT syndrome,,,0,0,0,,,,,D2-D3 linker
1325,,C_1180,C_1170,C_1168,C_993,C_1167,H_896,C_1160,C_1143,C_1114,C_1018,N/A,,,0,0,0,,,,,D2-D3 linker
1326,,F_1181,F_1171,F_1169,F_994,F_1168,L_897,F_1161,F_1144,F_1115,L_1019,N/A,,,0,0,0,,,,,D2-D3 linker
1327,,T_1182,T_1172,T_1170,T_995,T_1169,K_898,T_1162,T_1145,T_1116,P_1020,N/A,,,0,0,0,,,,,D2-D3 linker
1328,,E_1183,E_1173,E_1171,E_996,E_1170,N_899,E_1163,D_1146,E_1117,K_1021,N/A,,,0,0,0,,,,,D2-D3 linker
1329,,G_1184,D_1174,G_1172,A_997,G_1171,G_900,G_1164,G_1147,G_1118,G_1022,N/A,,,0,0,0,,,,,D2-D3 linker
1330,,C_1185,C_1175,C_1173,C_998,C_1172,C_901,C_1165,C_1148,C_1119,F_1023,SCN2A:Epilepsy,,,0,0,0,,,,,D2-D3 linker
1331,,V_1186,V_1176,I_1174,V_999,V_1173,R_902,V_1166,V_1149,I_1120,G_1024,N/A,,,0,0,0,,,,,D2-D3 linker
1332,,Q_1187,R_1177,K_1175,Q_1000,R_1174,R_903,Q_1167,W_1150,R_1121,C_1025,N/A,,,0,0,0,,,,,D2-D3 linker
1333,,R_1188,K_1178,K_1176,R_1001,R_1175,G_904,R_1168,R_1151,H_1122,C_1026,SCN5A:Long QT syndrome,,,0,0,0,,,,,D2-D3 linker
1334,,F_1189,F_1179,F_1177,W_1002,C_1176,S_905,F_1169,F_1152,C_1123,F_1027,N/A,,,0,0,0,,,,,D2-D3 linker
1335,,K_1190,K_1180,P_1178,P_1003,P_1177,S_906,K_1170,S_1153,P_1124,P_1028,SCN5A:Long QT syndrome,,,0,0,0,,,,,D2-D3 linker
,GoF variants:,,,,,P1177L,,,,,,,Winkel(2012),10.1111/j.1540-8167.2012.02371.x,1,0,0,LQT3,Winkel(2012),,10.1111/j.1540-8167.2012.02371.x,D2-D3 linker
1336,,C_1191,C_1181,F_1179,C_1004,C_1178,L_907,C_1171,C_1154,C_1125,C_1029,N/A,,,0,0,0,,,,,D2-D3 linker
1337,,C_1192,C_1182,C_1180,L_1005,C_1179,G_908,C_1172,C_1155,C_1126,C_1030,N/A,,,0,0,0,,,,,D2-D3 linker
1338,,Q_1193,Q_1183,Q_1181,Y_1006,A_1180,Q_909,Q_1173,Q_1156,K_1127,S_1031,SCN5A:Atrioventricular conduction block,,,0,0,0,,,,,D2-D3 linker
1339,,I_1194,I_1184,V_1182,V_1007,V_1181,I_910,V_1174,V_1157,L_1128,V_1032,N/A,,,0,0,0,,,,,D2-D3 linker
1340,,N_1195,S_1185,S_1183,D_1008,D_1182,S_911,N_1175,N_1158,D_1129,D_1033,N/A,,,0,0,0,,,,,D2-D3 linker
1341,,V_1196,I_1186,T_1184,I_1009,T_1183,G_912,I_1176,I_1159,T_1130,K_1034,N/A,,,0,0,0,,,,,D2-D3 linker
1342,,E_1197,E_1187,E_1185,S_1010,T_1184,A_913,E_1177,E_1160,T_1131,R_1035,N/A,,,0,0,0,,,,,D2-D3 linker
1343,,E_1198,E_1188,E_1186,Q_1011,Q_1185,S_914,E_1178,S_1161,K_1132,K_1036,N/A,,,0,0,0,,,,,D2-D3 linker
1344,,G_1199,G_1189,G_1187,G_1012,A_1186,K_915,G_1179,G_1162,S_1133,P_1037,SCN5A:Long QT syndrome,,,0,0,0,,,,,D2-D3 linker
1345,,R_1200,K_1190,K_1188,R_1013,P_1187,K_916,L_1180,K_1163,P_1134,P_1038,N/A,,,0,0,0,,,,,D2-D3 linker
1346,,G_1201,G_1191,G_1189,G_1014,G_1188,G_917,G_1181,G_1164,W_1135,W_1039,N/A,,,0,0,0,,,,,D2-D3 linker
1347,,K_1202,K_1192,K_1190,K_1015,K_1189,K_918,K_1182,K_1165,D_1136,V_1040,N/A,,,0,0,0,,,,,D2-D3 linker
1348,,Q_1203,L_1193,I_1191,K_1016,V_1190,I_919,S_1183,I_1166,V_1137,I_1041,N/A,,,0,0,0,,,,,D2-D3 linker
1349,,W_1204,W_1194,W_1192,W_1017,W_1191,W_920,W_1184,W_1167,G_1138,W_1042,SCN1A:Generalized epilepsy with febrile seizures plus,,,0,0,0,,,,,D2-D3 linker
,Mixed variants:,W1204R,,,,,,,,,,,"Lossin(2002),Bechi(2015)","10.1016/s0896-6273(02)00714-6,10.1016/j.nbd.2014.12.028",0,0,1,EPI,"Escayg(2001),Marini(2007)","https://doi.org/10.1086/319524,10.1111/j.1528-1167.2007.01122.x",-,D2-D3 linker
1350,,W_1205,W_1195,W_1193,W_1018,W_1192,Q_921,W_1185,W_1168,W_1139,W_1043,N/A,,,0,0,0,,,,,D2-D3 linker
1351,,N_1206,N_1196,N_1194,T_1019,R_1193,N_922,I_1186,N_1169,Q_1140,N_1044,N/A,,,0,0,0,,,,,D2-D3 linker
1352,,L_1207,L_1197,L_1195,L_1020,L_1194,I_923,L_1187,I_1170,V_1141,L_1045,SCN1A:Severe myoclonic epilepsy of infancy,,,0,0,0,,,,,D2-D3 linker
1353,,R_1208,R_1198,R_1196,R_1021,R_1195,R_924,R_1188,R_1171,R_1142,R_1046,SCN5A:Ventricular tachycardia,,,0,0,0,,,,,D2-D3 linker
1354,,R_1209,K_1199,K_1197,R_1022,K_1196,K_925,K_1189,K_1172,K_1143,K_1047,N/A,,,0,0,0,,,,,D2-D3 linker
1355,,T_1210,T_1200,T_1198,A_1023,T_1197,T_926,T_1190,T_1173,T_1144,T_1048,"SCN1A:Generalized epilepsy with febrile seizures plus,Severe myoclonic epilepsy of infancy",,,0,0,0,,,,,D2-D3 linker
1356,,C_1211,C_1201,C_1199,C_1024,C_1198,C_927,C_1191,C_1174,C_1145,C_1049,N/A,,,0,0,0,,,,,D2-D3 linker
1357,,F_1212,Y_1202,Y_1200,F_1025,Y_1199,C_928,F_1192,Y_1175,Y_1146,Y_1050,SCN5A:Long QT syndrome,,,0,0,0,,,,,D2-D3 linker
1358,,R_1213,K_1203,S_1201,K_1026,H_1200,K_929,L_1193,K_1176,R_1147,Q_1051,SCN1A:Intractable epilepsy,,,0,0,0,,,,,D2-D3 linker
1359,,I_1214,I_1204,I_1202,I_1027,I_1201,I_930,I_1194,I_1177,I_1148,I_1052,N/A,,,0,0,0,,,,,D2-D3 linker
1360,,V_1215,V_1205,V_1203,V_1028,V_1202,V_931,V_1195,V_1178,V_1149,V_1053,SCN10A:Kidney stone disease,,,0,0,0,,,,,D2-D3 linker
1361,,E_1216,E_1206,E_1204,E_1029,E_1203,E_932,E_1196,E_1179,E_1150,K_1054,SCN1A:Dravet syndrome,,,0,0,0,,,,,D2-D3 linker
1362,,H_1217,H_1207,H_1205,H_1030,H_1204,N_933,H_1197,H_1180,H_1151,H_1055,N/A,,,0,0,0,,,,,D2-D3 linker
1363,,N_1218,N_1208,N_1206,N_1031,S_1205,N_934,N_1198,S_1181,S_1152,S_1056,N/A,,,0,0,0,,,,,D3S1
1364,,W_1219,W_1209,W_1207,W_1032,W_1206,W_935,W_1199,W_1182,W_1153,W_1057,SCN5A:Sudden cardiac death,,,0,0,0,,,,,D3S1
1365,,F_1220,F_1210,F_1208,F_1033,F_1207,F_936,F_1200,F_1183,F_1154,F_1058,N/A,,,0,0,0,,,,,D3S1
1366,,E_1221,E_1211,E_1209,E_1034,E_1208,K_937,E_1201,E_1184,E_1155,E_1059,"SCN1A:Dravet syndrome;SCN2A:Benign familial neonatal-infantile seizures;Benign familial neonatal-infantile seizures;Early infantile epileptic encephalopathy 11;Early infantile epileptic encephalopathy 11;not provided,Neonatal-infantile seizures;SCN5A:Brugada syndrome",,,0,0,0,,,,,D3S1
,Mixed variants:,,E1211K,,,,,,,,,,Ogiwara(2009),10.1212/WNL.0b013e3181b9cebc,0,0,1,EPI,Ogiwara(2009),10.1212/WNL.0b013e3181b9cebc,-,D3S1
1367,,T_1222,T_1212,T_1210,T_1035,T_1209,C_938,T_1202,S_1185,S_1156,S_1060,N/A,,,0,0,0,,,,,D3S1
1368,,F_1223,F_1213,F_1211,F_1036,F_1210,F_939,F_1203,F_1186,F_1157,F_1061,N/A,,,0,0,0,,,,,D3S1
1369,,I_1224,I_1214,I_1212,I_1037,I_1211,I_940,I_1204,I_1187,I_1158,I_1062,N/A,,,0,0,0,,,,,D3S1
1370,,V_1225,V_1215,V_1213,V_1038,I_1212,G_941,I_1205,V_1188,I_1159,I_1063,SCN2A:not provided,,,0,0,0,,,,,D3S1
1371,,F_1226,F_1216,F_1214,F_1039,F_1213,L_942,F_1206,L_1189,F_1160,F_1064,N/A,,,0,0,0,,,,,D3S1
1372,,M_1227,M_1217,M_1215,M_1040,M_1214,V_943,M_1207,M_1190,M_1161,V_1065,SCN10A:Neuromuscular disorder & eplieptic encephalopathy,,,0,0,0,,,,,D3S1
1373,,I_1228,I_1218,I_1216,I_1041,I_1215,T_944,I_1208,I_1191,I_1162,I_1066,SCN1A:Epilepsy and/or neurodevelopmental disorders,,,0,0,0,,,,,D3S1
1374,,L_1229,L_1219,L_1217,L_1042,L_1216,L_945,L_1209,L_1192,L_1163,L_1067,SCN5A:not provided,,,0,0,0,,,,,D3S1
1375,,L_1230,L_1220,L_1218,L_1043,L_1217,L_946,L_1210,L_1193,L_1164,L_1068,N/A,,,0,0,0,,,,,D3S1
1376,,S_1231,S_1221,S_1219,S_1044,S_1218,S_947,S_1211,S_1194,S_1165,S_1069,"SCN1A:Severe myoclonic epilepsy of infancy,Severe myoclonic epilepsy of infancy;SCN5A:Brugada syndrome",,,0,0,0,,,,,D3S1
,LoF variants:,,,,,S1218I,,,,,,,Calloe(2013),10.1161/circep.112.974220,0,1,0,BrS,Calloe(2013),10.1161/circep.112.974220,-,D3S1
1377,,S_1232,S_1222,S_1220,S_1045,S_1219,T_948,S_1212,S_1195,S_1166,S_1070,SCN5A:Brugada syndrome,,,0,0,0,,,,,D3S1
1378,,G_1233,G_1223,G_1221,G_1046,G_1220,G_949,G_1213,G_1196,G_1167,G_1071,SCN1A:Severe myoclonic epilepsy of infancy;SCN2A:Encephalopathy with late-onset epilepsy,,,0,0,0,,,,,D3S1
1379,,A_1234,A_1224,A_1222,A_1047,A_1221,T_950,A_1214,A_1197,S_1168,A_1072,SCN8A:Paroxysmal kinesigenic dyskinesia,,,0,0,0,,,,,D3S1
1380,,L_1235,L_1225,L_1223,L_1048,L_1222,L_951,L_1215,L_1198,L_1169,L_1073,N/A,,,0,0,0,,,,,D3S1
1381,,A_1236,A_1226,A_1224,A_1049,A_1223,A_952,A_1216,A_1199,A_1170,I_1074,SCN1A:Dravet syndrome,,,0,0,0,,,,,D3S1-2 linker
1382,,F_1237,F_1227,F_1225,F_1050,F_1224,F_953,F_1217,F_1200,F_1171,F_1075,N/A,,,0,0,0,,,,,D3S1-2 linker
1383,,E_1238,E_1228,E_1226,E_1051,E_1225,E_954,E_1218,E_1201,E_1172,E_1076,"SCN1A:Severe myoclonic epilepsy of infancy;SCN8A:COGNITIVE IMPAIRMENT WITHOUT CEREBELLAR ATAXIA,Intellectual disability;SCN5A:Brugada syndrome",,,0,0,0,,,,,D3S1-2 linker
,LoF variants:,,,,,E1225K,,,,,,,Glazer(2020),10.1016/j.ajhg.2020.05.015,0,1,0,"LQT3, BrS","Schulze-Bahr(2003),Tester(2005),Crotti(2012),Sommariva(2013),Andorin(2016),Yamagata(2017),VanMalderen(2017)","10.1002/humu.9144,10.1016/j.hrthm.2005.01.020,10.1016/j.jacc.2012.04.037,10.1038/ejhg.2012.289,10.1016/j.hrthm.2016.02.013,10.1161/circulationaha.117.027983,10.1253/circj.CJ-16-1279",0.00000401,D3S1-2 linker
1384,,D_1239,D_1229,D_1227,D_1052,D_1226,D_955,D_1219,D_1202,D_1173,D_1077,"SCN1A:Dravet syndrome,Dravet syndrome",,,0,0,0,,,,,D3S1-2 linker
1385,,I_1240,I_1230,I_1228,I_1053,I_1227,I_956,I_1220,I_1203,Y_1174,V_1078,N/A,,,0,0,0,,,,,D3S1-2 linker
1386,,Y_1241,Y_1231,Y_1229,Y_1054,Y_1228,Y_957,Y_1221,Y_1204,Y_1175,H_1079,SCN1A:Dravet syndrome;SCN5A:Brugada syndrome,,,0,0,0,,,,,D3S1-2 linker
1387,,I_1242,I_1232,I_1230,I_1055,L_1229,M_958,I_1222,I_1205,L_1176,L_1080,N/A,,,0,0,0,,,,,D3S1-2 linker
1388,,D_1243,E_1233,E_1231,E_1056,E_1230,D_959,E_1223,E_1206,D_1177,E_1081,N/A,,,0,0,0,,,,,D3S1-2 linker
1389,,Q_1244,Q_1234,Q_1232,Q_1057,E_1231,Q_960,Q_1224,R_1207,Q_1178,N_1082,SCN5A:Long QT syndrome,,,0,0,0,,,,,D3S1-2 linker
1390,,R_1245,R_1235,R_1233,R_1058,R_1232,R_961,R_1225,K_1208,K_1179,Q_1083,SCN1A:Severe myoclonic epilepsy of infancy;SCN5A:Brugada syndrome,,,0,0,0,,,,,D3S1-2 linker
,LoF variants:,,,,,R1232W,,,,,,,"Baroudi(2002),Makita(2008)","10.1161/hh0102.102977,10.1253/circj.72.1018",0,1,0,BrS,"Chen(1998),Baroudi(2002)","10.1038/32675,10.1161/hh0102.102977",-,D3S1-2 linker
1391,,K_1246,K_1236,K_1234,R_1059,K_1233,K_962,K_1226,K_1209,P_1180,P_1084,N/A,,,0,0,0,,,,,D3S1-2 linker
1392,,T_1247,T_1237,T_1235,V_1060,T_1234,T_963,T_1227,T_1210,T_1181,K_1085,N/A,,,0,0,0,,,,,D3S1-2 linker
1393,,I_1248,I_1238,I_1236,I_1061,I_1235,I_964,I_1228,I_1211,V_1182,I_1086,N/A,,,0,0,0,,,,,D3S1-2 linker
1394,,K_1249,K_1239,K_1237,R_1062,K_1236,K_965,R_1229,K_1212,K_1183,Q_1087,SCN1A:Generalized epilepsy with febrile seizures plus;SCN5A:Brugada syndrome,,,0,0,0,,,,,D3S2
1395,,T_1250,T_1240,T_1238,T_1063,V_1237,I_966,T_1230,I_1213,A_1184,E_1088,N/A,,,0,0,0,,,,,D3S2
1396,,M_1251,M_1241,M_1239,I_1064,L_1238,L_967,I_1231,I_1214,L_1185,L_1089,N/A,,,0,0,0,,,,,D3S2
1397,,L_1252,L_1242,L_1240,L_1065,L_1239,L_968,L_1232,L_1215,L_1186,L_1090,SCN5A:Brugada syndrome,,,0,0,0,,,,,D3S2
1398,,E_1253,E_1243,E_1241,E_1066,E_1240,E_969,E_1233,E_1216,E_1187,N_1091,N/A,,,0,0,0,,,,,D3S2
1399,,Y_1254,Y_1244,Y_1242,Y_1067,Y_1241,Y_970,Y_1234,Y_1217,Y_1188,C_1092,SCN1A:Intractable epilepsy;SCN5A:Long QT syndrome,,,0,0,0,,,,,D3S2
1400,,A_1255,A_1245,A_1243,A_1068,A_1242,A_971,A_1235,A_1218,T_1189,T_1093,SCN1A:Dravet syndrome,,,0,0,0,,,,,D3S2
1401,,D_1256,D_1246,D_1244,D_1069,D_1243,D_972,D_1236,D_1219,D_1190,D_1094,SCN4A:Myopathy- congenital;SCN5A:Brugada syndrome,,,0,0,0,,,,,D3S2
,Mixed variants:,,,,D1069N,D1243N,,,,,,,"Zaharieva(2016),Glazer(2020)","10.1093/brain/awv352,10.1016/j.ajhg.2020.05.015",0,0,2,"CMS, BrS","Zaharieva(2016),Kapplinger(2010)","10.1093/brain/awv352,10.1016/j.hrthm.2009.09.069",0.000012; 0.000145,D3S2
1402,,K_1257,K_1247,K_1245,K_1070,K_1244,M_973,K_1237,K_1220,R_1191,I_1095,N/A,,,0,0,0,,,,,D3S2
1403,,V_1258,V_1248,V_1246,V_1071,M_1245,I_974,V_1238,I_1221,V_1192,I_1096,N/A,,,0,0,0,,,,,D3S2
1404,,F_1259,F_1249,F_1247,F_1072,F_1246,F_975,F_1239,F_1222,F_1193,F_1097,"SCN1A:Epilepsy and/or neurodevelopmental disorders,Dravet syndrome",,,0,0,0,,,,,D3S2
1405,,T_1260,T_1250,T_1248,T_1073,T_1247,T_976,T_1240,T_1223,T_1194,T_1098,SCN1A:Dravet syndrome,,,0,0,0,,,,,D3S2
1406,,Y_1261,Y_1251,Y_1249,Y_1074,Y_1248,Y_977,Y_1241,Y_1224,F_1195,H_1099,N/A,,,0,0,0,,,,,D3S2
1407,,I_1262,I_1252,I_1250,I_1075,V_1249,I_978,I_1242,I_1225,I_1196,I_1100,SCN2A:Episodic ataxia;SCN5A:Brugada syndrome,,,0,0,0,,,,,D3S2
1408,,F_1263,F_1253,F_1251,F_1076,F_1250,F_979,F_1243,F_1226,F_1197,F_1101,SCN1A:Severe myoclonic epilepsy of infancy;SCN5A:Long QT syndrome- drug-associated,,,0,0,0,,,,,D3S2
1409,,I_1264,I_1254,I_1252,I_1077,V_1251,I_980,I_1244,I_1227,V_1198,I_1102,N/A,,,0,0,0,,,,,D3S2
1410,,L_1265,L_1255,L_1253,M_1078,L_1252,L_981,L_1245,L_1228,F_1199,L_1103,SCN1A:Severe myoclonic epilepsy of infancy,,,0,0,0,,,,,D3S2
1411,,E_1266,E_1256,E_1254,E_1079,E_1253,E_982,E_1246,E_1229,E_1200,E_1104,SCN5A:Brugada syndrome,,,0,0,0,,,,,D3S2
1412,,M_1267,M_1257,M_1255,M_1080,M_1254,M_983,M_1247,M_1230,M_1201,M_1105,SCN1A:Dravet syndrome,,,0,0,0,,,,,D3S2
,LoF variants:,M1267I,,,,,,,,,,,Nissenkorn(2019),10.1371/journal.pone.0211901,0,1,0,EPI,Nissenkorn(2019),10.1371/journal.pone.0211901,-,D3S2
1413,,L_1268,L_1258,L_1256,L_1081,L_1255,L_984,L_1248,L_1231,L_1202,V_1106,N/A,,,0,0,0,,,,,D3S2-3 linker
1414,,L_1269,L_1259,L_1257,L_1082,L_1256,L_985,L_1249,L_1232,L_1203,L_1107,N/A,,,0,0,0,,,,,D3S2-3 linker
1415,,K_1270,K_1260,K_1258,K_1083,K_1257,K_986,K_1250,K_1233,K_1204,K_1108,"SCN1A:Generalized epilepsy with febrile seizures plus;SCN2A:Epileptic encephalopathy- early infantile,Epileptic encephalopathy- early infantile",,,0,0,0,,,,,D3S2-3 linker
1416,,W_1271,W_1261,W_1259,W_1084,W_1258,W_987,W_1251,W_1234,W_1205,W_1109,N/A,,,0,0,0,,,,,D3S2-3 linker
1417,,V_1272,V_1262,V_1260,V_1085,V_1259,M_988,T_1252,I_1235,V_1206,V_1110,N/A,,,0,0,0,,,,,D3S2-3 linker
1418,,A_1273,A_1263,A_1261,A_1086,A_1260,A_989,A_1253,A_1236,A_1207,A_1111,SCN1A:Dravet syndrome;SCN9A:Congenital indifference to pain,,,0,0,0,,,,,D3S2-3 linker
,Mixed variants:,A1273V,,,,,,,,,,,Peters(2016),https://doi.org/10.1016/j.pbiomolbio.2015.12.009,0,0,1,EPI,Peters(2016),https://doi.org/10.1016/j.pbiomolbio.2015.12.009,-,D3S2-3 linker
1419,,Y_1274,Y_1264,Y_1262,Y_1087,Y_1261,Y_990,Y_1254,Y_1237,Y_1208,F_1112,"SCN1A:Dravet syndrome,Generalized epilepsy with febrile seizures plus",,,0,0,0,,,,,D3S2-3 linker
1420,,G_1275,G_1265,G_1263,G_1088,G_1262,G_991,G_1255,G_1238,G_1209,G_1113,"SCN1A:Dravet syndrome,Epilepsy and/or neurodevelopmental disorders,Epileptic encephalopathy;SCN5A:Brugada syndrome",,,0,0,0,,,,,D3S2-3 linker
,LoF variants:,,,,,G1262S,,,,,,,Glazer(2020),10.1016/j.ajhg.2020.05.015,0,1,0,BrS,Kapplinger(2010),10.1016/j.hrthm.2009.09.069,0.0000283,D3S2-3 linker
1421,,Y_1276,F_1266,F_1264,F_1089,F_1263,F_992,F_1256,Y_1239,F_1210,F_1114,N/A,,,0,0,0,,,,,D3S2-3 linker
1422,,Q_1277,Q_1267,Q_1265,K_1090,K_1264,K_993,V_1257,K_1240,K_1211,G_1115,SCN9A:Childhood absence epilepsy,,,0,0,0,,,,,D3S2-3 linker
1423,,T_1278,V_1268,T_1266,V_1091,K_1265,A_994,K_1258,T_1241,K_1212,K_1116,N/A,,,0,0,0,,,,,D3S2-3 linker
1424,,Y_1279,Y_1269,Y_1267,Y_1092,Y_1266,Y_995,F_1259,Y_1242,Y_1213,Y_1117,N/A,,,0,0,0,,,,,D3S2-3 linker
1425,,F_1280,F_1270,F_1268,F_1093,F_1267,F_996,F_1260,F_1243,F_1214,F_1118,N/A,,,0,0,0,,,,,D3S2-3 linker
1426,,T_1281,T_1271,T_1269,T_1094,T_1268,S_997,T_1261,T_1244,T_1215,T_1119,N/A,,,0,0,0,,,,,D3S2-3 linker
1427,,N_1282,N_1272,N_1270,N_1095,N_1269,N_998,N_1262,N_1245,N_1216,S_1120,SCN5A:Brugada syndrome,,,0,0,0,,,,,D3S3
1428,,A_1283,A_1273,A_1271,A_1096,A_1270,G_999,A_1263,A_1246,A_1217,A_1121,N/A,,,0,0,0,,,,,D3S3
1429,,W_1284,W_1274,W_1272,W_1097,W_1271,W_1000,W_1264,W_1247,W_1218,W_1122,SCN1A:Epilepsy and/or neurodevelopmental disorders;SCN5A:Brugada syndrome,,,0,0,0,,,,,D3S3
1430,,C_1285,C_1275,C_1273,C_1098,C_1272,Y_1001,C_1265,C_1248,C_1219,C_1123,N/A,,,0,0,0,,,,,D3S3
1431,,W_1286,W_1276,W_1274,W_1099,W_1273,R_1002,W_1266,W_1249,W_1220,C_1124,N/A,,,0,0,0,,,,,D3S3
1432,,L_1287,L_1277,L_1275,L_1100,L_1274,L_1003,L_1267,L_1250,L_1221,L_1125,SCN1A:Dravet syndrome,,,0,0,0,,,,,D3S3
1433,,D_1288,D_1278,D_1276,D_1101,D_1275,D_1004,D_1268,D_1251,D_1222,D_1126,SCN1A:Epilepsy and/or neurodevelopmental disorders;SCN5A:Atrial standstill,,,0,0,0,,,,,D3S3
1434,,F_1289,F_1279,F_1277,F_1102,F_1276,F_1005,F_1269,F_1252,F_1223,F_1127,N/A,,,0,0,0,,,,,D3S3
1435,,L_1290,L_1280,L_1278,L_1103,L_1277,V_1006,L_1270,L_1253,L_1224,I_1128,N/A,,,0,0,0,,,,,D3S3
1436,,I_1291,I_1281,I_1279,I_1104,I_1278,V_1007,I_1271,I_1254,I_1225,I_1129,SCN2A:Encephalopathy with late-onset epilepsy;SCN5A:Long QT syndrome,,,0,0,0,,,,,D3S3
1437,,V_1292,V_1282,V_1280,V_1105,V_1279,V_1008,V_1272,V_1255,V_1226,V_1130,N/A,,,0,0,0,,,,,D3S3
1438,,D_1293,D_1283,D_1281,D_1106,D_1280,I_1009,A_1273,D_1256,N_1227,I_1131,N/A,,,0,0,0,,,,,D3S3
1439,,V_1294,V_1284,V_1282,V_1107,V_1281,V_1010,V_1274,V_1257,I_1228,V_1132,N/A,,,0,0,0,,,,,D3S3
,Mixed variants:,,,,,V1281F,,,,,,,Glazer(2020),10.1016/j.ajhg.2020.05.015,0,0,1,BrS,Hermida(2013),10.1016/j.acvd.2013.04.007,-,D3S3
1440,,S_1295,S_1285,S_1283,S_1108,S_1282,F_1011,S_1275,S_1258,S_1229,S_1133,N/A,,,0,0,0,,,,,D3S3
1441,,L_1296,L_1286,L_1284,I_1109,L_1283,C_1012,L_1276,L_1259,L_1230,V_1134,SCN5A:Long QT syndrome,,,0,0,0,,,,,D3S3
1442,,V_1297,V_1287,V_1285,I_1110,V_1284,L_1013,V_1277,V_1260,I_1231,T_1135,N/A,,,0,0,0,,,,,D3S3
1443,,S_1298,S_1288,S_1286,S_1111,S_1285,S_1014,S_1278,T_1261,S_1232,T_1136,SCN5A:Sudden unexplained death,,,0,0,0,,,,,D3S3
1444,,L_1299,L_1289,L_1287,L_1112,L_1286,L_1015,L_1279,L_1262,L_1233,L_1137,N/A,,,0,0,0,,,,,D3S3
1445,,T_1300,T_1290,V_1288,V_1113,V_1287,I_1016,I_1280,V_1263,T_1234,I_1138,SCN1A:Dravet syndrome,,,0,0,0,,,,,D3S3
1446,,A_1301,A_1291,A_1289,A_1114,A_1288,G_1017,A_1281,A_1264,A_1235,-,SCN5A:Brugada syndrome,,,0,0,0,,,,,D3S3-4 linker
1447,,N_1302,N_1292,N_1290,N_1115,N_1289,K_1018,N_1282,N_1265,K_1236,-,N/A,,,0,0,0,,,,,D3S3-4 linker
1448,,A_1303,A_1293,A_1291,W_1116,T_1290,T_1019,A_1283,T_1266,I_1237,-,N/A,,,0,0,0,,,,,D3S3-4 linker
1449,,L_1304,L_1294,L_1292,L_1117,L_1291,R_1020,L_1284,L_1267,L_1238,-,N/A,,,0,0,0,,,,,D3S3-4 linker
1450,,G_1305,G_1295,G_1293,G_1118,G_1292,E_1021,G_1285,G_1268,E_1239,-,N/A,,,0,0,0,,,,,D3S3-4 linker
1451,,Y_1306,Y_1296,Y_1294,Y_1119,F_1293,-,Y_1286,Y_1269,Y_1240,-,N/A,,,0,0,0,,,,,D3S3-4 linker
1452,,S_1307,S_1297,S_1295,S_1120,A_1294,-,S_1287,S_1270,S_1241,-,SCN4A:Myopathy with ptosis and mild dystrophic pattern,,,0,0,0,,,,,D3S3-4 linker
1453,,E_1308,E_1298,E_1296,E_1121,E_1295,-,E_1288,D_1271,E_1242,N_1139,SCN1A:Febrile seizures;SCN5A:Long QT syndrome,,,0,0,0,,,,,D3S3-4 linker
1454,,L_1309,L_1299,L_1297,L_1122,M_1296,-,L_1289,L_1272,V_1243,L_1140,SCN1A:Generalized epilepsy with febrile seizures plus,,,0,0,0,,,,,D3S4
1455,,G_1310,G_1300,G_1298,G_1123,G_1297,-,G_1290,G_1273,A_1244,M_1141,N/A,,,0,0,0,,,,,D3S4
1456,,A_1311,A_1301,A_1299,P_1124,P_1298,E_1022,A_1291,P_1274,P_1245,E_1142,SCN5A:Nodal rhythm,,,0,0,0,,,,,D3S4
1457,,I_1312,I_1302,I_1300,I_1125,I_1299,L_1023,I_1292,I_1275,I_1246,L_1143,N/A,,,0,0,0,,,,,D3S4
1458,,K_1313,K_1303,K_1301,K_1126,K_1300,K_1024,K_1293,K_1276,K_1247,K_1144,SCN1A:Dravet syndrome;SCN4A:Normokalaemic periodic paralysis with involuntary movements and generalised epilepsy,,,0,0,0,,,,,D3S4
1459,,S_1314,S_1304,S_1302,S_1127,S_1301,P_1025,S_1294,S_1277,A_1248,S_1145,N/A,,,0,0,0,,,,,D3S4
1460,,L_1315,L_1305,L_1303,L_1128,L_1302,L_1026,L_1295,L_1278,L_1249,F_1146,N/A,,,0,0,0,,,,,D3S4
1461,,R_1316,R_1306,R_1304,R_1129,R_1303,I_1027,R_1296,R_1279,R_1250,R_1147,"SCN1A:Dravet syndrome,Dravet syndrome,Dravet syndrome,Severe myoclonic epilepsy of infancy;SCN4A:Periodic paralysis",,,0,0,0,,,,,D3S4
,GoF variants:,,,,,,,,R1279P,,,,Huang(2014),10.1093/brain/awu079,1,0,0,PPN,Huang(2014),10.1093/brain/awu079,-,D3S4
1462,,T_1317,T_1307,T_1305,T_1130,T_1304,S_1028,T_1297,T_1280,T_1251,T_1148,SCN5A:Long QT syndrome,,,0,0,0,,,,,D3S4
,GoF variants:,,,,,T1304M,,,,,,,Wang(2007),10.1161/circulationaha.106.646513,1,0,0,LQT3,"Wang(2007),Kapplinger(2009),Olesen(2012)","10.1161/circulationaha.106.646513,10.1016/j.hrthm.2009.05.021,10.1161/circgenetics.111.962597",0.000165,D3S4
1463,,L_1318,L_1308,L_1306,L_1131,L_1305,M_1029,L_1298,L_1281,L_1252,L_1149,SCN1A:Severe myoclonic epilepsy of infancy,,,0,0,0,,,,,D3S4
1464,,R_1319,R_1309,R_1307,R_1132,R_1306,K_1030,R_1299,R_1282,R_1253,R_1150,"SCN4A:Hyperkalemic Periodic Paralysis Type 1;Hypokalemic periodic paralysis 1;Hypokalemic periodic paralysis- type 2;not provided,Hypokalaemic periodic paralysis",,,0,0,0,,,,,D3S4
1465,,A_1320,A_1310,A_1308,A_1133,A_1307,F_1031,A_1300,A_1283,A_1254,A_1151,N/A,,,0,0,0,,,,,D3S4
1466,,L_1321,L_1311,L_1309,L_1134,L_1308,L_1032,L_1301,L_1284,L_1255,L_1152,N/A,,,0,0,0,,,,,D3S4
1467,,R_1322,R_1312,R_1310,R_1135,R_1309,R_1033,R_1302,R_1285,R_1256,R_1153,"SCN1A:Dravet syndrome;SCN2A:Neonatal-infantile seizures;SCN4A:Hyperkalemic Periodic Paralysis Type 1;Hypokalemic periodic paralysis- type 2;not provided,Hypokalaemic periodic paralysis,Hyperkalaemic periodic paralysis;SCN5A:Atrial and ventricular arrhythmia",,,0,0,0,,,,,D3S4
,LoF variants:,,R1312T,,,,,,,,,,Lossin(2012a),10.1016/j.nbd.2012.05.017,0,1,0,EPI,Shi(2009),10.1016/j.braindev.2009.08.009,-,D3S4
1468,,P_1323,P_1313,P_1311,P_1136,P_1310,P_1034,P_1303,P_1286,P_1257,P_1154,"SCN1A:Dravet syndrome,Epilepsy",,,0,0,0,,,,,D3S4
1469,,L_1324,L_1314,L_1312,L_1137,L_1311,L_1035,L_1304,L_1287,L_1258,L_1155,SCN5A:Brugada syndrome,,,0,0,0,,,,,D3S4
1470,,R_1325,R_1315,R_1313,R_1138,R_1312,R_1036,R_1305,R_1288,R_1259,R_1156,"SCN1A:Intractable epilepsy;SCN2A:not provided,Epilepsy and/or neurodevelopmental disorders;SCN10A:Long QT syndrome",,,0,0,0,,,,,D3S4
1471,,A_1326,A_1316,A_1314,A_1139,A_1313,V_1037,A_1306,A_1289,A_1260,A_1157,"SCN1A:Epilepsy-aphasia,Dravet syndrome,Severe myoclonic epilepsy of infancy;SCN2A:Epileptic encephalopathy;not provided,Ohtahara syndrome",,,0,0,0,,,,,D3S4
1472,,L_1327,L_1317,L_1315,L_1140,L_1314,L_1038,L_1307,L_1290,L_1261,L_1158,SCN11A:Painful peripheral neuropathy,,,0,0,0,,,,,D3S4
,GoF variants:,,,,,,,,,,L1158P,,Huang(2014),10.1093/brain/awu079,1,0,0,SFN,Huang(2014),10.1093/brain/awu079,0.000471,D3S4
1473,,S_1328,S_1318,S_1316,S_1141,S_1315,S_1039,S_1308,S_1291,S_1262,S_1159,SCN1A:Dravet syndrome;SCN2A:Intellectual disability/developmental delay,,,0,0,0,,,,,D3S4-5 linker
1474,,R_1329,R_1319,R_1317,R_1142,R_1316,Q_1040,R_1309,R_1292,R_1263,Q_1160,"SCN1A:Epilepsy;SCN2A:Benign familial neonatal-infantile seizures;Early infantile epileptic encephalopathy 11,West syndrome,Benign familial neonatal-infantile seizures;not provided,not provided,Epileptic encephalopathy,Neonatal-infantile seizures;SCN4A:Myopathy- congenital with corona fibres- muscle atrophy & craniosynostosis;SCN5A:Sudden unexplained death",,,0,0,0,,,,,D3S4-5 linker
,LoF variants:,,R1319Q,,,,,,,,,,Misra(2008),10.1111/j.1528-1167.2008.01619.x,0,0,1,EPI,"Berkovic(2004),Wolff(2017)","10.1002/ana.20029,10.1093/brain/awx054",-,D3S4-5 linker
1475,,F_1330,F_1320,F_1318,F_1143,F_1317,F_1041,F_1310,F_1293,F_1264,F_1161,N/A,,,0,0,0,,,,,D3S4-5 linker
1476,,E_1331,E_1321,E_1319,E_1144,E_1318,E_1042,E_1311,E_1294,E_1265,E_1162,SCN2A:Seizures- benign infantile,,,0,0,0,,,,,D3S4-5 linker
1477,,G_1332,G_1322,G_1320,G_1145,G_1319,R_1043,G_1312,G_1295,G_1266,G_1163,SCN1A:Dravet syndrome;SCN2A:not provided,,,0,0,0,,,,,D3S4-5 linker
,LoF variants:,,,,,G1319V,,,,,,,Casini(2007),10.1016/j.cardiores.2007.08.005,0,1,0,BrS,Casini(2007),10.1016/j.cardiores.2007.08.005,0.0000408,D3S4-5 linker
1478,,M_1333,M_1323,M_1321,M_1146,M_1320,M_1044,M_1313,M_1296,M_1267,M_1164,"SCN1A:Generalized epilepsy with febrile seizures plus;SCN2A:Malignant migrating partial seizures of infancy,Ohtahara syndrome",,,0,0,0,,,,,D3S4-5 linker
1479,,R_1334,R_1324,R_1322,R_1147,R_1321,K_1045,R_1314,R_1297,R_1268,K_1165,"SCN2A:not provided,not provided;SCN10A:Brugada syndrome",,,0,0,0,,,,,D3S4-5 linker
1480,,V_1335,V_1325,V_1323,V_1148,V_1322,V_1046,V_1315,V_1298,V_1269,V_1166,"SCN1A:Severe myoclonic epilepsy of infancy;SCN2A:Episodic ataxia,Episodic ataxia;SCN9A:Paroxysmal extreme pain disorder,Paroxysmal extreme pain disorder,Paroxysmal extreme pain disorder,Paroxysmal extreme pain disorder;SCN8A:not provided,Epileptic encephalopathy- infantile",,,0,0,0,,,,,D3S4-5 linker
,GoF variants:,,,,,,,,V1298F,,,,"Jarecki(2008),Cheng(2010),Estacion(2010)","10.1113/jphysiol.2008.154906,10.1186/1744-8069-6-24,10.1186/1744-8069-6-35",1,0,0,PEPD,Fertleman(2006),10.1016/j.neuron.2006.10.006,-,D3S4-5 linker
1481,,V_1336,V_1326,V_1324,V_1149,V_1323,V_1047,V_1316,V_1299,V_1270,V_1167,"SCN2A:Ohtahara syndrome,not provided,Migrating focal seizures of infancy;SCN9A:Generalized epilepsy with febrile seizures plus- type 7;Hereditary sensory and autonomic neuropathy type IIA;Paroxysmal extreme pain disorder,Paroxysmal extreme pain disorder;SCN4A:Episodic paralyses and myotonic discharges;SCN5A:Brugada syndrome",,,0,0,0,,,,,D3S4-5 linker
,GoF variants:,,,,,,,,V1299F,,,,"Jarecki(2008),Theile(2011)","10.1113/jphysiol.2008.154906,10.1113/jphysiol.2010.200915",1,0,0,PEPD,Fertleman(2006),10.1016/j.neuron.2006.10.006,-,D3S4-5 linker
1482,,V_1337,V_1327,V_1325,V_1150,V_1324,V_1048,V_1317,V_1300,V_1271,V_1168,SCN1A:Generalized epilepsy with febrile seizures plus,,,0,0,0,,,,,D3S4-5 linker
1483,,N_1338,N_1328,N_1326,N_1151,N_1325,R_1049,N_1318,N_1301,D_1272,N_1169,SCN1A:Dravet syndrome;SCN5A:Long QT syndrome;SCN11A:Erythromelalgia-like pain,,,0,0,0,,,,,D3S4-5 linker
,GoF variants:,,,,,N1325S,,,,,,,"Wang(1996),Tian(2004),Glazer(2020),Li(2020)","10.1073/pnas.93.23.13200,10.1016/j.cardiores.2003.11.007,10.1016/j.ajhg.2020.05.015,10.3389/fphar.2020.01182",1,0,0,LQT3,Wang(1995),10.1093/hmg/4.9.1603,-,D3S4-5 linker
1484,,A_1339,A_1329,A_1327,A_1152,A_1326,A_1050,A_1319,A_1302,A_1273,A_1170,"SCN1A:Severe myoclonic epilepsy of infancy,Epilepsy and/or neurodevelopmental disorders;SCN2A:not provided,not provided;SCN8A:Epilepsy and/or neurodevelopmental disorders;SCN4A:Paramyotonia congenita;SCN5A:Long QT syndrome",,,0,0,0,,,,,D3S4-5 linker
1485,,L_1340,L_1330,L_1328,L_1153,L_1327,L_1051,L_1320,L_1303,L_1274,L_1171,"SCN1A:Early infantile epileptic encephalopathy;SCN2A:Benign familial neonatal-infantile seizures,Neonatal-infantile seizures",,,0,0,0,,,,,D3S4-5 linker
,LoF variants:,,L1330F,,,,,,,,,,Misra(2008),10.1111/j.1528-1167.2008.01619.x,0,0,1,EPI,Heron(2002),10.1016/S0140-6736(02)09968-3,-,D3S4-5 linker
1486,,L_1341,L_1331,V_1329,L_1154,V_1328,I_1052,V_1321,I_1304,V_1275,I_1172,SCN1A:Severe myoclonic epilepsy in infancy,,,0,0,0,,,,,D3S4-5 linker
,GoF variants:,,,,,V1328M,,,,,,,Turker(2016),10.1371/journal.pone.0161872,1,0,0,BrS,Turker(2016),10.1371/journal.pone.0161872,-,D3S4-5 linker
1487,,G_1342,G_1332,G_1330,G_1155,G_1329,K_1053,G_1322,G_1305,G_1276,G_1173,SCN2A:not provided;SCN5A:Long QT syndrome,,,0,0,0,,,,,D3S4-5 linker
1488,,A_1343,A_1333,A_1331,A_1156,A_1330,T_1054,A_1323,A_1306,A_1277,A_1174,"SCN1A:Epilepsy and/or neurodevelopmental disorders;SCN2A:not provided,Epileptic encephalopathy- early onset- with burst suppression;SCN8A:not provided,Epileptic encephalopathy- infantile,Developmental and epileptic encephalopathy;SCN4A:Hyperkalemic Periodic Paralysis Type 1;Paramyotonia congenita/hyperkalemic periodic paralysis;not provided,Paramyotonia congenita;SCN5A:Long QT syndrome,Long QT syndrome",,,0,0,0,,,,,D3S4-5 linker
,GoF variants:,,,,A1156T,"A1330P, A1330T",,,,,,,"Wedekind(2001),Berecki(2006),Palmio(2017),Smits(2005b)","10.1161/hc3501.095361,10.1113/jphysiol.2005.096578,10.1212/wnl.0000000000003846,10.1016/j.cardiores.2005.01.017",3,0,0,"HyperPP, PMC, LQT3, LQT3","McClatchey(1992),Wedekind(2001),Smits(2005b)","10.1038/ng1092-148,10.1161/hc3501.095361,10.1016/j.cardiores.2005.01.017",0.0000533;-;-,D3S4-5 linker
1489,,I_1344,I_1334,I_1332,I_1157,I_1331,T_1055,I_1324,I_1307,I_1278,I_1175,"SCN1A:Severe myoclonic epilepsy of infancy;SCN2A:not provided,Neurodevelopmental disorder- epilepsy-related,Neurodevelopmental disorder- epilepsy-related",,,0,0,0,,,,,D3S4-5 linker
1490,,P_1345,P_1335,P_1333,P_1158,P_1332,L_1056,P_1325,P_1308,P_1279,P_1176,"SCN1A:Epileptic encephalopathy- early onset;SCN3A:Early infantile epileptic encephalopathy 62;not provided;SCN9A:Erythromelalgia- primary;SCN4A:Myotonia,Hypokalemic periodic paralysis- type 2;not provided,Hypokalaemic periodic paralysis,Myotonia congenita with scoliosis;SCN5A:Long QT syndrome,Cardiac conduction disorder",,,0,0,0,,,,,D3S4-5 linker
,GoF variants:,,,P1333L,P1158L,P1332L,,,P1308L,,,,"Zaman(2018),Zaman(2020),Desaphy(2016),Ruan(2007),Cheng(2010)","10.1002/ana.25188,10.1002/ana.25809,10.1212/wnl.0000000000002721,10.1161/circulationaha.107.707877,10.1186/1744-8069-6-24",4,0,0,"EPI, PAM, LQT3, IEM","Zaman(2018),Desaphy(2016),Ruan(2007),Schulze-Bahr(2004),Cheng(2010)","10.1002/ana.25188,10.1212/wnl.0000000000002721,10.1161/circulationaha.107.707877,10.1136/heart.90.1.13,10.1186/1744-8069-6-24",-,D3S4-5 linker
,Mixed variants:,,,,P1158S,,,,,,,,"Sugiura(2003),Webb(2008)","10.1212/01.wnl.0000086820.54065.a0,10.1212/01.wnl.0000265397.70057.d8",0,0,1,HypoPP,Sugiura(2003),10.1212/01.wnl.0000086820.54065.a0,-,D3S4-5 linker
1491,,S_1346,S_1336,S_1334,S_1159,S_1333,P_1057,S_1326,S_1309,S_1280,A_1177,SCN2A:Ohtahara syndrome;SCN5A:Long QT syndrome,,,0,0,0,,,,,D3S5
,GoF variants:,,S1336Y,,,S1333Y,,,,,,,"Huang(2009),Thompson(2020)","10.1016/j.febslet.2009.02.007,10.1085/jgp.201912442",2,0,0,"EPI, LQT3","Nakamura(2013),Huang(2009)","10.1212/WNL.0b013e3182a43e57,10.1016/j.febslet.2009.02.007",-,D3S5
1492,,I_1347,I_1337,I_1335,I_1160,I_1334,T_1058,I_1327,I_1310,I_1281,I_1178,"SCN1A:Epileptic encephalopathy;SCN8A:Early infantile epileptic encephalopathy 13;not provided,Epileptic encephalopathy- multiple congenital anomalies and movement disorders;SCN4A:Myotonia congenita- atypical- acetazolamide-responsive;not provided,Myotonia;SCN5A:Long QT syndrome",,,0,0,0,,,,,D3S5
,GoF variants:,,,,,,,I1327V,,,,,Barker(2016),10.1111/epi.13461,1,0,0,EPI,"Vaher(2014),Singh(2015)","10.1177/0883073813511300,10.1016/j.seizure.2015.01.017",-,D3S5
1493,,M_1348,M_1338,M_1336,M_1161,M_1335,L_1059,M_1328,M_1311,M_1282,L_1179,"SCN1A:Dravet syndrome;SCN2A:not provided,Epilepsy and/or neurodevelopmental disorders,Ohtahara syndrome",,,0,0,0,,,,,D3S5
1494,,N_1349,N_1339,N_1337,N_1162,N_1336,N_1060,N_1329,N_1312,N_1283,N_1180,"SCN2A:Epilepsy;SCN8A:not provided,Epilepsy",,,0,0,0,,,,,D3S5
,GoF variants:,,N1339D,,,,,,,,,,Miao(2020),10.1002/mgg3.1250,1,0,0,EPI,Miao(2020),10.1002/mgg3.1250,-,D3S5
1495,,V_1350,V_1340,V_1338,V_1163,V_1337,V_1061,V_1330,V_1313,V_1284,V_1181,N/A,,,0,0,0,,,,,D3S5
1496,,L_1351,L_1341,L_1339,L_1164,L_1338,F_1062,L_1331,L_1314,L_1285,L_1182,"SCN8A:Early infantile epileptic encephalopathy 13,Epileptic encephalopathy;SCN5A:Long QT syndrome",,,0,0,0,,,,,D3S5
,GoF variants:,,,,,,,L1331V,,,,,Patel(2016),10.1093/brain/aww129,1,0,0,EPI,Carvill(2013),10.1038/ng.2646,-,D3S5
1497,,L_1352,L_1342,L_1340,L_1165,L_1339,L_1063,L_1332,L_1315,L_1286,L_1183,"SCN1A:Dravet syndrome;SCN2A:not provided,Epileptic encephalopathy;SCN8A:Epilepsy",,,0,0,0,,,,,D3S5
,Mixed variants:,,L1342P,,,,,,,,,,Begemann(2019),10.1186/s10020-019-0073-6,0,0,1,EPI,"Hackenberg(2014),Matalon(2014),Dimassi(2016),Wolff(2017),Begemann(2019)","10.1055/s-0034-1372302,10.1684/epd.2014.0641,10.1111/cge.12636,10.1093/brain/awx054,10.1186/s10020-019-0073-6",-,D3S5
1498,,V_1353,V_1343,V_1341,V_1166,V_1340,V_1064,V_1333,V_1316,V_1287,V_1184,"SCN1A:Generalized epilepsy with febrile seizures plus;SCN9A:Erythromelalgia- primary;SCN4A:Myotonia;SCN5A:Atrial standstill,Brugada syndrome;SCN11A:Cold-aggravated peripheral pain",,,0,0,0,,,,,D3S5
,GoF variants:,,,,,,,,V1316A,,V1184A,,"Wu(2013),Estacion(2013),Leipold(2015)","10.1371/journal.pone.0055212,10.1016/j.bbrc.2013.01.079,10.1038/ncomms10049",2,0,0,"IEM, PPN","Huang(2016),Estacion(2013),Leipold(2015)","10.1371/journal.pbio.1002561,10.1016/j.bbrc.2013.01.079,10.1038/ncomms10049",-,D3S5
,LoF variants:,V1353L,,,,V1340I,,,,,,,"Samani(2009),Lossin(2003)","10.1016/j.hrthm.2009.05.016,10.1523/jneurosci.23-36-11289.2003",0,2,0,"EPI, BrS","Wallace(2001),Samani(2009)","10.1086/319516,10.1016/j.hrthm.2009.05.016",0.000046;-,D3S5
1499,,C_1354,C_1344,C_1342,C_1167,C_1341,C_1065,C_1334,C_1317,C_1288,C_1185,"SCN1A:Epilepsy and/or neurodevelopmental disorders;SCN2A:Epileptic encephalopathy,Epileptic encephalopathy- early onset",,,0,0,0,,,,,D3S5
1500,,L_1355,L_1345,L_1343,L_1168,L_1342,L_1066,L_1335,L_1318,L_1289,L_1186,SCN1A:Severe myoclonic epilepsy of infancy,,,0,0,0,,,,,D3S5
1501,,I_1356,I_1346,I_1344,I_1169,I_1343,M_1067,I_1336,I_1319,I_1290,I_1187,"SCN2A:not provided,Epilepsy and/or neurodevelopmental disorders;SCN5A:Cardiomyopathy and atrial fibrillation",,,0,0,0,,,,,D3S5
1502,,F_1357,F_1347,F_1345,F_1170,F_1344,I_1068,F_1337,F_1320,F_1291,F_1188,"SCN1A:Intractable epilepsy;SCN5A:Brugada syndrome,Brugada syndrome",,,0,0,0,,,,,D3S5
,LoF variants:,,,,,F1344S,,,,,,,Keller(2006),10.1016/j.cardiores.2006.02.030,0,1,0,BrS,Keller(2006),10.1016/j.cardiores.2006.02.030,-,D3S5
1503,,W_1358,W_1348,W_1346,W_1171,W_1345,W_1069,W_1338,W_1321,W_1292,W_1189,SCN1A:Severe myoclonic epilepsy of infancy;SCN5A:Brugada syndrome,,,0,0,0,,,,,D3S5
,LoF variants:,,,,,W1345C,,,,,,,Glazer(2020),10.1016/j.ajhg.2020.05.015,0,1,0,BrS,Lee(2010),10.1111/j.1742-7843.2010.00556.x,-,D3S5
1504,,L_1359,L_1349,L_1347,L_1172,L_1346,L_1070,L_1339,L_1322,L_1293,L_1190,"SCN1A:Dravet syndrome,Dravet syndrome;SCN5A:Brugada syndrome,Brugada syndrome",,,0,0,0,,,,,D3S5
,LoF variants:,,,,,L1346P,,,,,,,Glazer(2020),10.1016/j.ajhg.2020.05.015,0,1,0,BrS,Kapplinger(2010),10.1016/j.hrthm.2009.09.069,-,D3S5
1505,,I_1360,I_1350,I_1348,I_1173,I_1347,I_1071,I_1340,I_1323,I_1294,V_1191,N/A,,,0,0,0,,,,,D3S5
1506,,F_1361,F_1351,F_1349,F_1174,F_1348,F_1072,F_1341,F_1324,F_1295,F_1192,SCN1A:Febrile seizures plus,,,0,0,0,,,,,D3S5
1507,,S_1362,S_1352,S_1350,S_1175,S_1349,S_1073,S_1342,S_1325,S_1296,C_1193,SCN1A:Dravet syndrome,,,0,0,0,,,,,D3S5
1508,,I_1363,I_1353,I_1351,I_1176,I_1350,I_1074,I_1343,I_1326,I_1297,I_1194,"SCN1A:Dravet syndrome;SCN2A:not provided,Epilepsy and/or neurodevelopmental disorders;SCN5A:Brugada syndrome",,,0,0,0,,,,,D3S5
1509,,M_1364,M_1354,M_1352,M_1177,M_1351,M_1075,M_1344,M_1327,M_1298,L_1195,"SCN1A:Dravet syndrome;SCN2A:not provided,Epilepsy and/or neurodevelopmental disorders;SCN5A:Brugada syndrome",,,0,0,0,,,,,D3S5
1510,,G_1365,G_1355,G_1353,G_1178,G_1352,G_1076,G_1345,G_1328,G_1299,G_1196,SCN1A:Dravet syndrome,,,0,0,0,,,,,D3S5-6 linker
1511,,V_1366,V_1356,V_1354,V_1179,V_1353,V_1077,V_1346,V_1329,V_1300,V_1197,"SCN1A:Epilepsy and/or neurodevelopmental disorders,Generalized epilepsy with febrile seizures plus;SCN5A:Brugada syndrome",,,0,0,0,,,,,D3S5-6 linker
,LoF variants:,V1366I,,,,,,,,,,,Bechi(2015),10.1016/j.nbd.2014.12.028,0,1,0,EPI,Osaka(2007),10.1016/j.eplepsyres.2007.03.018,-,D3S5-6 linker
1512,,N_1367,N_1357,N_1355,N_1180,N_1354,D_1078,N_1347,N_1330,N_1301,Y_1198,SCN1A:Dravet syndrome;SCN4A:Myotonia- neonatal-onset;SCN5A:Sick sinus syndrome,,,0,0,0,,,,,D3S5-6 linker
1513,,L_1368,L_1358,L_1356,L_1181,L_1355,L_1079,L_1348,L_1331,L_1302,F_1199,N/A,,,0,0,0,,,,,D3S5-6 linker
1514,,F_1369,F_1359,F_1357,F_1182,F_1356,F_1080,F_1349,F_1332,F_1303,F_1200,N/A,,,0,0,0,,,,,D3S5-6 linker
1515,,A_1370,A_1360,A_1358,A_1183,A_1357,A_1081,A_1350,A_1333,A_1304,S_1201,"SCN1A:Generalized epilepsy with febrile seizures plus;SCN5A:Long QT syndrome;SCN10A:Episodic pain syndrome- familial- 2,Peripheral neuropathy- painful",,,0,0,0,,,,,D3S5-6 linker
1516,,G_1371,G_1361,G_1359,G_1184,G_1358,G_1082,G_1351,G_1334,G_1305,G_1202,SCN1A:Dravet syndrome;SCN5A:Brugada syndrome,,,0,0,0,,,,,D3S5-6 linker
1517,,K_1372,K_1362,K_1360,K_1185,K_1359,R_1083,K_1352,K_1335,K_1306,K_1203,SCN1A:Generalized epilepsy with febrile seizures plus;SCN5A:Brugada syndrome,,,0,0,0,,,,,D3S5-6 linker
1518,,F_1373,F_1363,F_1361,F_1186,F_1360,F_1084,Y_1353,F_1336,F_1307,F_1204,SCN1A:Dravet syndrome;SCN5A:Brugada syndrome,,,0,0,0,,,,,D3S5-6 linker
1519,,Y_1374,Y_1364,Y_1362,Y_1187,G_1361,Y_1085,H_1354,Y_1337,W_1308,G_1205,N/A,,,0,0,0,,,,,D3S5-6 linker
1520,,H_1375,H_1365,H_1363,Y_1188,R_1362,E_1086,Y_1355,E_1338,R_1309,K_1206,N/A,,,0,0,0,,,,,D3S5-6 linker
1521,,C_1376,C_1366,C_1364,C_1189,C_1363,C_1087,C_1356,C_1339,C_1310,C_1207,SCN1A:Intractable epilepsy;SCN5A:Brugada syndrome,,,0,0,0,,,,,D3S5-6 linker
1522,,I_1377,I_1367,V_1365,I_1190,I_1364,I_1088,F_1357,I_1340,I_1311,I_1208,SCN1A:Generalized epilepsy with febrile seizures plus,,,0,0,0,,,,,D3S5-6 linker
1523,,N_1378,N_1368,N_1366,N_1191,N_1365,D_1089,N_1358,N_1341,N_1312,N_1209,SCN5A:Brugada syndrome,,,0,0,0,,,,,D3S5-6 linker
1524,,T_1379,Y_1369,M_1367,T_1192,Q_1366,P_1090,E_1359,T_1342,Y_1313,G_1210,N/A,,,0,0,0,,,,,D3S5-6 linker
1525,,T_1380,T_1370,T_1368,T_1193,T_1367,T_1091,T_1360,T_1343,T_1314,T_1211,N/A,,,0,0,0,,,,,D3S5-6 linker
,LoF variants:,,,,,,,T1360N,,,,,Wengert(2019),10.1111/epi.16371,0,1,0,NDD without epilepsy,Wengert(2019),10.1111/epi.16371,-,D3S5-6 linker
1526,,T_1381,T_1371,T_1369,T_1194,E_1368,S_1092,S_1361,D_1344,D_1315,D_1212,N/A,,,0,0,0,,,,,D3S5-6 linker
1527,,G_1382,G_1372,G_1370,S_1195,G_1369,G_1093,E_1362,G_1345,G_1316,S_1213,SCN1A:Generalized epilepsy with febrile seizures plus,,,0,0,0,,,,,D3S5-6 linker
1528,,D_1383,E_1373,N_1371,E_1196,D_1370,E_1094,I_1363,S_1346,E_1317,V_1214,N/A,,,0,0,0,,,,,D3S5-6 linker
1529,,R_1384,M_1374,M_1372,R_1197,L_1371,R_1095,R_1364,R_1347,F_1318,I_1215,"SCN3A:EPILEPSY- FAMILIAL FOCAL- WITH VARIABLE FOCI 4,Epilepsy- focal",,,0,0,0,,,,,D3S5-6 linker
1530,,-,-,-,-,P_1372,-,-,-,S_1319,-,SCN5A:Sick sinus syndrome,,,0,0,0,,,,,D3S5-6 linker
1531,,F_1385,F_1375,F_1373,F_1198,L_1373,F_1096,F_1365,F_1348,L_1320,-,SCN1A:Severe myoclonic epilepsy of infancy,,,0,0,0,,,,,D3S5-6 linker
1532,,-,-,-,-,-,-,-,-,V_1321,-,N/A,,,0,0,0,,,,,D3S5-6 linker
1533,,D_1386,D_1376,D_1374,D_1199,N_1374,P_1097,E_1366,P_1349,P_1322,N_1216,N/A,,,0,0,0,,,,,D3S5-6 linker
1534,,I_1387,V_1377,I_1375,I_1200,Y_1375,S_1098,I_1367,A_1350,L_1323,Y_1217,N/A,,,0,0,0,,,,,D3S5-6 linker
1535,,E_1388,S_1378,S_1376,S_1201,T_1376,S_1099,E_1368,S_1351,S_1324,T_1218,N/A,,,0,0,0,,,,,D3S5-6 linker
1536,,D_1389,V_1379,D_1377,E_1202,I_1377,E_1100,D_1369,Q_1352,I_1325,I_1219,N/A,,,0,0,0,,,,,D3S5-6 linker
1537,,V_1390,V_1380,V_1378,V_1203,V_1378,V_1101,V_1370,V_1353,V_1326,I_1220,"SCN1A:Severe myoclonic epilepsy of infancy,Generalized epilepsy with febrile seizures plus 2;SCN5A:Brugada syndrome",,,0,0,0,,,,,D3S5-6 linker
1538,,N_1391,N_1381,N_1379,N_1204,N_1379,M_1102,N_1371,P_1354,N_1327,T_1221,SCN1A:Dravet syndrome,,,0,0,0,,,,,D3S5-6 linker
1539,,N_1392,N_1382,N_1380,N_1205,N_1380,N_1103,N_1372,N_1355,N_1328,N_1222,SCN1A:Epileptic encephalopathy- early infantile;SCN5A:Brugada syndrome,,,0,0,0,,,,,D3S5-6 linker
,LoF variants:,,,,,N1380K,,,,,,,Glazer(2020),10.1016/j.ajhg.2020.05.015,0,1,0,BrS,Rudnik-Schöneborn(2011),10.1111/j.1468-1331.2010.03077.x,-,D3S5-6 linker
1540,,H_1393,Y_1383,L_1381,K_1206,K_1381,K_1104,K_1373,R_1356,K_1329,K_1223,"SCN1A:Severe myoclonic epilepsy of infancy,Generalized epilepsy with febrile seizures plus",,,0,0,0,,,,,D3S5-6 linker
1541,,T_1394,S_1384,S_1382,S_1207,S_1382,S_1105,T_1374,S_1357,S_1330,S_1224,SCN5A:Brugada syndrome,,,0,0,0,,,,,D3S5-6 linker
,LoF variants:,,,,,S1382I,,,,,,,Glazer(2020),10.1016/j.ajhg.2020.05.015,0,1,0,BrS,Probst(2009),10.1161/CIRCGENETICS.109.853374,-,D3S5-6 linker
1542,,D_1395,E_1385,D_1383,E_1208,Q_1383,R_1106,E_1375,E_1358,D_1331,Q_1225,SCN1A:Severe myoclonic epilepsy of infancy,,,0,0,0,,,,,D3S5-6 linker
1543,,C_1396,C_1386,C_1384,C_1209,C_1384,C_1107,C_1376,C_1359,C_1332,C_1226,SCN1A:Severe myoclonic epilepsy of infancy;SCN2A:not provided;SCN4A:Myopathy- congenital,,,0,0,0,,,,,D3S5-6 linker
,LoF variants:,,C1386R,,C1209F,,,,,,,,"Zaharieva(2016),Ben-Shalom(2017)","10.1093/brain/awv352,10.1016/j.biopsych.2017.01.009",0,2,0,"ASD, CMS","Ben-Shalom(2017),Zaharieva(2016)","10.1016/j.biopsych.2017.01.009,10.1093/brain/awv352",-,D3S5-6 linker
1544,,L_1397,K_1387,Q_1385,E_1210,E_1385,E_1108,E_1377,F_1360,K_1333,E_1227,N/A,,,0,0,0,,,,,D3S5-6 linker
1545,,K_1398,A_1388,A_1386,S_1211,S_1386,S_1109,K_1378,A_1361,I_1334,S_1228,N/A,,,0,0,0,,,,,D3S5-6 linker
1546,,L_1399,L_1389,L_1387,L_1212,L_1387,L_1110,L_1379,L_1362,Q_1335,-,N/A,,,0,0,0,,,,,D3S5-6 linker
1547,,I_1400,I_1390,-,M_1213,N_1388,L_1111,M_1380,M_1363,N_1336,-,N/A,,,0,0,0,,,,,D3S5-6 linker
1548,,E_1401,E_1391,-,H_1214,L_1389,F_1112,E_1381,N_1364,S_1337,-,N/A,,,0,0,0,,,,,D3S5-6 linker
1549,,R_1402,S_1392,-,T_1215,T_1390,N_1113,G_1382,V_1365,T_1338,-,N/A,,,0,0,0,,,,,D3S5-6 linker
1550,,N_1403,N_1393,G_1388,G_1216,G_1391,E_1114,N_1383,S_1366,G_1339,G_1229,SCN5A:Long QT syndrome,,,0,0,0,,,,,D3S5-6 linker
1551,,E_1404,Q_1394,K_1389,Q_1217,E_1392,S_1115,N_1384,Q_1367,S_1340,N_1230,SCN1A:Severe myoclonic epilepsy of infancy,,,0,0,0,,,,,D3S5-6 linker
1552,,T_1405,T_1395,Q_1390,-,-,-,T_1385,N_1368,-,-,N/A,,,0,0,0,,,,,D3S5-6 linker
1553,,-,-,-,-,-,-,E_1386,-,-,-,N/A,,,0,0,0,,,,,D3S5-6 linker
1554,,A_1406,A_1396,A_1391,V_1218,L_1393,M_1116,I_1387,V_1369,F_1341,F_1231,SCN1A:Dravet syndrome,,,0,0,0,,,,,D3S5-6 linker
1555,,R_1407,R_1397,R_1392,R_1219,Y_1394,L_1117,R_1388,R_1370,F_1342,S_1232,N/A,,,0,0,0,,,,,D3S5-6 linker
1556,,W_1408,W_1398,W_1393,W_1220,W_1395,W_1118,W_1389,W_1371,W_1343,W_1233,N/A,,,0,0,0,,,,,D3S5-6 linker
1557,,K_1409,K_1399,K_1394,L_1221,T_1396,E_1119,K_1390,K_1372,V_1344,I_1234,N/A,,,0,0,0,,,,,D3S5-6 linker
1558,,N_1410,N_1400,N_1395,N_1222,K_1397,N_1120,N_1391,N_1373,N_1345,N_1235,N/A,,,0,0,0,,,,,D3S5-6 linker
1559,,V_1411,V_1401,V_1396,V_1223,V_1398,A_1121,V_1392,L_1374,V_1346,Q_1236,N/A,,,0,0,0,,,,,D3S5-6 linker
1560,,K_1412,K_1402,K_1397,K_1224,K_1399,K_1122,K_1393,K_1375,K_1347,K_1237,N/A,,,0,0,0,,,,,D3S5-6 linker
1561,,V_1413,V_1403,V_1398,V_1225,V_1400,M_1123,I_1394,V_1376,V_1348,V_1238,N/A,,,0,0,0,,,,,D3S5-6 linker
1562,,N_1414,N_1404,N_1399,N_1226,N_1401,N_1124,N_1395,N_1377,N_1349,N_1239,SCN1A:Severe myoclonic epilepsy of infancy,,,0,0,0,,,,,D3S5-6 linker
1563,,F_1415,F_1405,F_1400,Y_1227,F_1402,F_1125,F_1396,F_1378,F_1350,F_1240,SCN1A:Severe myoclonic epilepsy of infancy,,,0,0,0,,,,,D3S5-6 linker
1564,,D_1416,D_1406,D_1401,D_1228,D_1403,D_1126,D_1397,D_1379,D_1351,D_1241,"SCN1A:Dravet syndrome,Rett syndrome",,,0,0,0,,,,,D3S5-6 linker
1565,,N_1417,N_1407,N_1402,N_1229,N_1404,N_1127,N_1398,N_1380,N_1352,N_1242,N/A,,,0,0,0,,,,,D3S5-6 linker
1566,,V_1418,V_1408,V_1403,V_1230,V_1405,V_1128,V_1399,V_1381,V_1353,V_1243,"SCN1A:Severe myoclonic epilepsy of infancy;SCN5A:Brugada syndrome,Brugada syndrome",,,0,0,0,,,,,D3-Pore
,LoF variants:,,,,,"V1405L, V1405M",,,,,,,"Glazer(2020),Glazer(2020)","10.1016/j.ajhg.2020.05.015,10.1016/j.ajhg.2020.05.015",0,2,0,"BrS, BrS","Amin(2011),Kapplinger(2010),Zumhagen(2016),Yamagata(2017)","10.1093/europace/eur011,10.1016/j.hrthm.2009.09.069,10.1093/europace/euw033,10.1161/circulationaha.117.027983",-,D3-Pore
1567,,G_1419,G_1409,G_1404,G_1231,G_1406,G_1129,G_1400,G_1382,A_1354,G_1244,"SCN5A:Brugada syndrome,Brugada syndrome",,,0,0,0,,,,,D3-Pore
,LoF variants:,,,,,"G1406E, G1406R",,,,,,,"Glazer(2020),Tan(2006)","10.1016/j.ajhg.2020.05.015,10.1152/ajpheart.00101.2006",0,2,0,"BrS, BrS","Kapplinger(2010),Kyndt(2001)","10.1016/j.hrthm.2009.09.069,10.1161/hc5001.100834",-,D3-Pore
1568,,F_1420,L_1410,A_1405,L_1232,A_1407,N_1130,A_1401,L_1383,M_1355,N_1245,N/A,,,0,0,0,,,,,D3-Pore
1569,,G_1421,G_1411,G_1406,G_1233,G_1408,G_1131,G_1402,G_1384,G_1356,A_1246,SCN1A:Dravet syndrome;SCN5A:Brugada syndrome,,,0,0,0,,,,,D3-Pore
,LoF variants:,G1421W,,,,,,,,,,,Kim(2018),10.1016/j.braindev.2017.12.002,0,1,0,EPI,Kim(2018),10.1016/j.braindev.2017.12.002,-,D3-Pore
1570,,Y_1422,Y_1412,Y_1407,Y_1234,Y_1409,F_1132,Y_1403,Y_1385,Y_1357,Y_1247,SCN1A:Severe myoclonic epilepsy of infancy;SCN5A:Brugada syndrome,,,0,0,0,,,,,D3-Pore
1571,,L_1423,L_1413,L_1408,L_1235,L_1410,L_1133,L_1404,L_1386,L_1358,L_1248,N/A,,,0,0,0,,,,,D3-Pore
1572,,S_1424,S_1414,A_1409,S_1236,A_1411,S_1134,A_1405,S_1387,A_1359,A_1249,SCN8A:Refractory seizures & autistic features,,,0,0,0,,,,,D3-Pore
1573,,L_1425,L_1415,L_1410,L_1237,L_1412,L_1135,L_1406,L_1388,L_1360,L_1250,SCN5A:Brugada syndrome,,,0,0,0,,,,,D3-Pore
1574,,L_1426,L_1416,L_1411,L_1238,L_1413,L_1136,L_1407,L_1389,L_1361,L_1251,"SCN1A:Dravet syndrome,Severe myoclonic epilepsy of infancy",,,0,0,0,,,,,D3-Pore
1575,,Q_1427,Q_1417,Q_1412,Q_1239,Q_1414,Q_1137,Q_1408,Q_1390,Q_1362,Q_1252,SCN1A:Severe myoclonic epilepsy of infancy,,,0,0,0,,,,,D3-Pore
1576,,V_1428,V_1418,V_1413,V_1240,V_1415,V_1138,V_1409,V_1391,V_1363,V_1253,SCN1A:Febrile seizures,,,0,0,0,,,,,D3-Pore
1577,,A_1429,A_1419,A_1414,A_1241,A_1416,A_1139,A_1410,A_1392,A_1364,A_1254,SCN1A:Epilepsy and/or neurodevelopmental disorders,,,0,0,0,,,,,D3-Pore
1578,,T_1430,T_1420,T_1415,T_1242,T_1417,T_1140,T_1411,T_1393,T_1365,T_1255,N/A,,,0,0,0,,,,,D3-Pore
,LoF variants:,,T1420M,,,,,,,,,,Ben-Shalom(2017),10.1016/j.biopsych.2017.01.009,0,1,0,ASD,Ben-Shalom(2017),10.1016/j.biopsych.2017.01.009,-,D3-Pore
1579,,F_1431,F_1421,F_1416,F_1243,F_1418,F_1141,F_1412,F_1394,F_1366,F_1256,SCN1A:Dravet syndrome,,,0,0,0,,,,,D3-Pore
1580,,K_1432,K_1422,K_1417,K_1244,K_1419,N_1142,K_1413,K_1395,K_1367,K_1257,"SCN1A:Dravet syndrome,Dravet syndrome;SCN2A:not provided,Spasms- infantile- and bitemporal glucose hypometabolism;SCN5A:Brugada syndrome",,,0,0,0,,,,,D3-Pore
1581,,G_1433,G_1423,G_1418,G_1245,G_1420,G_1143,G_1414,G_1396,G_1368,G_1258,"SCN1A:Epilepsy and/or neurodevelopmental disorders,Dravet syndrome;SCN5A:Brugada syndrome",,,0,0,0,,,,,D3-Pore
,LoF variants:,,,,,"G1420R, G1420V",,,,,,,"Glazer(2020),Glazer(2020)","10.1016/j.ajhg.2020.05.015,10.1016/j.ajhg.2020.05.015",0,2,0,"BrS, BrS","Kapplinger(2010),Hermida(2010)","10.1016/j.hrthm.2009.09.069,10.1016/j.amjcard.2010.07.049",-,D3-Pore
1582,,W_1434,W_1424,W_1419,W_1246,W_1421,W_1144,W_1415,W_1397,W_1369,W_1259,SCN1A:Severe myoclonic epilepsy of infancy,,,0,0,0,,,,,D3-Pore
1583,,M_1435,M_1425,M_1420,M_1247,M_1422,I_1145,M_1416,T_1398,M_1370,M_1260,"SCN1A:Epilepsy and/or neurodevelopmental disorders,Epilepsy and/or neurodevelopmental disorders",,,0,0,0,,,,,D3-Pore
1584,,D_1436,D_1426,D_1421,D_1248,D_1423,T_1146,D_1417,I_1399,D_1371,D_1261,N/A,,,0,0,0,,,,,D3-Pore
1585,,I_1437,I_1427,I_1422,I_1249,I_1424,I_1147,I_1418,I_1400,I_1372,I_1262,SCN1A:Dravet syndrome,,,0,0,0,,,,,D3-Pore
1586,,M_1438,M_1428,M_1423,M_1250,M_1425,M_1148,M_1419,M_1401,M_1373,I_1263,SCN1A:Dravet syndrome,,,0,0,0,,,,,D3-Pore
1587,,Y_1439,Y_1429,Y_1424,Y_1251,Y_1426,N_1149,Y_1420,Y_1402,Y_1374,Y_1264,N/A,,,0,0,0,,,,,D3S5-6 linker
1588,,A_1440,A_1430,A_1425,A_1252,A_1427,S_1150,A_1421,A_1403,A_1375,A_1265,"SCN1A:Dravet syndrome,Juvenile myoclonic epilepsy with febrile seizures;SCN5A:Brugada syndrome",,,0,0,0,,,,,D3S5-6 linker
1589,,A_1441,A_1431,A_1426,A_1253,A_1428,A_1151,A_1422,A_1404,A_1376,A_1266,"SCN1A:Dravet syndrome,Severe myoclonic epilepsy of infancy;SCN5A:Brugada syndrome,Long QT syndrome",,,0,0,0,,,,,D3S5-6 linker
,LoF variants:,,,,,"A1428S, A1428V",,,,,,,"Zhu(2015),Glazer(2020)","10.3892/etm.2015.2361,10.1016/j.ajhg.2020.05.015",0,2,0,"BrS, BrS","Zhu(2015),Kapplinger(2010),VanMalderen(2017)","10.3892/etm.2015.2361,10.1016/j.hrthm.2009.09.069,10.1253/circj.CJ-16-1279",0.0000319;-,D3S5-6 linker
1590,,V_1442,V_1432,V_1427,V_1254,V_1429,I_1152,V_1423,V_1405,V_1377,V_1267,N/A,,,0,0,0,,,,,D3S5-6 linker
1591,,D_1443,D_1433,D_1428,D_1255,D_1430,D_1153,D_1424,D_1406,D_1378,D_1268,SCN1A:Dravet syndrome;SCN5A:Brugada-like ST elevation,,,0,0,0,,,,,D3S5-6 linker
,LoF variants:,,,,,D1430N,,,,,,,Maury(2013),10.1007/s10840-013-9805-7,0,1,0,BrS,Maury(2013),10.1007/s10840-013-9805-7,-,D3S5-6 linker
1592,,S_1444,S_1434,S_1429,S_1256,S_1431,S_1154,S_1425,S_1407,S_1379,S_1269,N/A,,,0,0,0,,,,,D3S5-6 linker
1593,,R_1445,R_1435,R_1430,R_1257,R_1432,V_1155,R_1426,V_1408,R_1380,T_1270,"SCN5A:Long QT syndrome,Brugada syndrome",,,0,0,0,,,,,D3S5-6 linker
,LoF variants:,,,,,R1432G,,,,,,,"Deschenes(2000),Glazer(2020)","10.1016/s0008-6363(00)00006-7,10.1016/j.ajhg.2020.05.015",0,1,0,BrS,Deschenes(2000),10.1016/s0008-6363(00)00006-7,-,D3S5-6 linker
1594,,N_1446,N_1436,D_1431,E_1258,G_1433,A_1156,K_1427,N_1409,E_1381,E_1271,"SCN5A:Brugada syndrome,Brugada syndrome,Early repolarization syndrome",,,0,0,0,,,,,D3S5-6 linker
1595,,V_1447,V_1437,V_1432,K_1259,Y_1434,V_1157,P_1428,V_1410,V_1382,K_1272,N/A,,,0,0,0,,,,,D3S5-6 linker
1596,,E_1448,E_1438,K_1433,E_1260,E_1435,N_1158,D_1429,D_1411,N_1383,E_1273,N/A,,,0,0,0,,,,,D3S5-6 linker
1597,,L_1449,L_1439,L_1434,E_1261,E_1436,I_1159,E_1430,K_1412,M_1384,Q_1274,N/A,,,0,0,0,,,,,D3S5-6 linker
1598,,Q_1450,Q_1440,Q_1435,Q_1262,Q_1437,Q_1160,Q_1431,Q_1413,Q_1385,Q_1275,"SCN1A:Severe myoclonic epilepsy of infancy,Generalized epilepsy with febrile seizures plus,Dravet syndrome",,,0,0,0,,,,,D3S5-6 linker
1599,,P_1451,P_1441,P_1436,P_1263,P_1438,P_1161,P_1432,P_1414,P_1386,P_1276,SCN1A:Dravet syndrome;SCN5A:Brugada syndrome,,,0,0,0,,,,,D3S5-6 linker
1600,,K_1452,K_1442,V_1437,Q_1264,Q_1439,H_1162,K_1433,K_1415,K_1387,E_1277,N/A,,,0,0,0,,,,,D3S5-6 linker
1601,,Y_1453,Y_1443,Y_1438,Y_1265,W_1440,F_1163,Y_1434,Y_1416,W_1388,F_1278,SCN1A:Myoclonic epilepsy- borderline,,,0,0,0,,,,,D3S5-6 linker
1602,,E_1454,E_1444,E_1439,E_1266,E_1441,E_1164,E_1435,E_1417,E_1389,E_1279,SCN5A:Brugada syndrome,,,0,0,0,,,,,D3S5-6 linker
1603,,E_1455,D_1445,E_1440,V_1267,Y_1442,V_1165,D_1436,Y_1418,D_1390,S_1280,SCN1A:Dravet syndrome,,,0,0,0,,,,,D3S5-6 linker
1604,,S_1456,N_1446,N_1441,N_1268,N_1443,N_1166,N_1437,S_1419,N_1391,N_1281,SCN5A:Brugada syndrome,,,0,0,0,,,,,D3S6
1605,,L_1457,L_1447,L_1442,L_1269,L_1444,I_1167,I_1438,L_1420,V_1392,S_1282,N/A,,,0,0,0,,,,,D3S6
1606,,Y_1458,Y_1448,Y_1443,Y_1270,Y_1445,Y_1168,Y_1439,Y_1421,Y_1393,L_1283,N/A,,,0,0,0,,,,,D3S6
1607,,M_1459,M_1449,M_1444,M_1271,M_1446,M_1169,M_1440,M_1422,M_1394,G_1284,N/A,,,0,0,0,,,,,D3S6
1608,,Y_1460,Y_1450,Y_1445,Y_1272,Y_1447,Y_1170,Y_1441,Y_1423,Y_1395,Y_1285,N/A,,,0,0,0,,,,,D3S6
1609,,L_1461,L_1451,L_1446,L_1273,I_1448,C_1171,I_1442,I_1424,L_1396,I_1286,"SCN1A:Severe myoclonic epilepsy of infancy;SCN5A:Brugada syndrome,Brugada syndrome",,,0,0,0,,,,,D3S6
1610,,Y_1462,Y_1452,Y_1447,Y_1274,Y_1449,Y_1172,Y_1443,Y_1425,Y_1397,Y_1287,"SCN1A:Severe myoclonic epilepsy of infancy;SCN5A:Brugada syndrome,Brugada syndrome",,,0,0,0,,,,,D3S6
,LoF variants:,,,,,Y1449C,,,,,,,Glazer(2020),10.1016/j.ajhg.2020.05.015,0,1,0,BrS,"Kapplinger(2010),Hothi(2015),VanMalderen(2017)","10.1016/j.hrthm.2009.09.069,10.1111/jce.12470,10.1253/circj.CJ-16-1279",-,D3S6
1611,,F_1463,F_1453,F_1448,F_1275,F_1450,F_1173,F_1444,F_1426,F_1398,F_1288,"SCN1A:Severe myoclonic epilepsy of infancy,Dravet syndrome",,,0,0,0,,,,,D3S6
1612,,V_1464,V_1454,V_1449,V_1276,V_1451,I_1174,V_1445,V_1427,V_1399,V_1289,SCN5A:Brugada syndrome,,,0,0,0,,,,,D3S6
1613,,I_1465,I_1455,I_1450,I_1277,I_1452,N_1175,I_1446,V_1428,I_1400,V_1290,SCN2A:West syndrome,,,0,0,0,,,,,D3S6
1614,,F_1466,F_1456,F_1451,F_1278,F_1453,F_1176,F_1447,F_1429,F_1401,F_1291,SCN1A:Epilepsy and/or neurodevelopmental disorders,,,0,0,0,,,,,D3S6
1615,,I_1467,I_1457,I_1452,I_1279,I_1454,I_1177,I_1448,I_1430,I_1402,I_1292,SCN1A:Dravet syndrome,,,0,0,0,,,,,D3S6
1616,,I_1468,I_1458,I_1453,I_1280,I_1455,I_1178,I_1449,I_1431,I_1403,I_1293,SCN11A:Erythromelalgia-like pain,,,0,0,0,,,,,D3S6
1617,,F_1469,F_1459,F_1454,F_1281,F_1456,F_1179,F_1450,F_1432,F_1404,F_1294,N/A,,,0,0,0,,,,,D3S6
1618,,G_1470,G_1460,G_1455,G_1282,G_1457,G_1180,G_1451,G_1433,G_1405,G_1295,SCN1A:Severe myoclonic epilepsy of infancy;SCN2A:Intellectual disability- nonsyndromic & seizures;SCN8A:Intellectual disability and epilepsy,,,0,0,0,,,,,D3S6
1619,,S_1471,S_1461,S_1456,S_1283,S_1458,V_1181,S_1452,S_1434,G_1406,S_1296,SCN1A:Dravet syndrome;SCN5A:Long QT syndrome,,,0,0,0,,,,,D3S6
1620,,F_1472,F_1462,F_1457,F_1284,F_1459,F_1182,F_1453,F_1435,F_1407,F_1297,SCN1A:Myoclonic epilepsy- borderline,,,0,0,0,,,,,D3S6
1621,,F_1473,F_1463,F_1458,F_1285,F_1460,L_1183,F_1454,F_1436,F_1408,F_1298,N/A,,,0,0,0,,,,,D3S6
1622,,T_1474,T_1464,T_1459,T_1286,T_1461,P_1184,T_1455,T_1437,T_1409,T_1299,SCN5A:Brugada 1 syndrome,,,0,0,0,,,,,D3S6
,LoF variants:,,,,,T1461S,,,,,,,Glazer(2020),10.1016/j.ajhg.2020.05.015,0,1,0,BrS,Sacilotto(2017),10.5935/abc.20170006,-,D3S6
1623,,L_1475,L_1465,L_1460,L_1287,L_1462,L_1185,L_1456,L_1438,L_1410,L_1300,"SCN1A:Severe myoclonic epilepsy of infancy;SCN2A:not provided,Epilepsy and/or neurodevelopmental disorders",,,0,0,0,,,,,D3S6
1624,,N_1476,N_1466,N_1461,N_1288,N_1463,S_1186,N_1457,N_1439,N_1411,N_1301,SCN5A:Brugada syndrome,,,0,0,0,,,,,D3S6
1625,,L_1477,L_1467,L_1462,L_1289,L_1464,M_1187,L_1458,L_1440,L_1412,L_1302,"SCN11A:Neuropathy- hereditary sensory and autonomic- type VII,Congenital indifference to pain",,,0,0,0,,,,,D3S6
1626,,F_1478,F_1468,F_1463,F_1290,F_1465,L_1188,F_1459,F_1441,F_1413,F_1303,SCN1A:Epilepsy and/or neurodevelopmental disorders;SCN4A:Periodic paralysis,,,0,0,0,,,,,D3-D4 linker
1627,,I_1479,I_1469,I_1464,I_1291,I_1466,I_1189,I_1460,I_1442,V_1414,I_1304,N/A,,,0,0,0,,,,,D3-D4 linker
1628,,G_1480,G_1470,G_1465,G_1292,G_1467,T_1190,G_1461,G_1443,G_1415,G_1305,SCN1A:Epilepsy and/or neurodevelopmental disorders;SCN2A:Autism spectrum disorder;SCN4A:Myotonia- non-dystrophic,,,0,0,0,,,,,D3-D4 linker
1629,,V_1481,V_1471,V_1466,V_1293,V_1468,V_1191,V_1462,V_1444,V_1416,V_1306,"SCN4A:Hyperkalemic Periodic Paralysis Type 1;Paramyotonia congenita of von Eulenburg;SCN4A-related disorder;not provided,Paramyotonia congenita;SCN5A:Brugada syndrome",,,0,0,0,,,,,D3-D4 linker
,GoF variants:,,,,V1293I,,,,,,,,Farinato(2019),10.1016/j.phrs.2019.01.004,1,0,0,PMC,Koch(1995),10.1097/00001756-199510010-00012,-,D3-D4 linker
1630,,I_1482,I_1472,I_1467,I_1294,I_1469,I_1192,I_1463,I_1445,I_1417,I_1307,N/A,,,0,0,0,,,,,D3-D4 linker
1631,,I_1483,I_1473,I_1468,I_1295,I_1470,I_1193,I_1464,I_1446,I_1418,I_1308,"SCN2A:not provided,Epilepsy and/or neurodevelopmental disorders,Early infantile epileptic encephalopathy 11,Neonatal-infantile seizures",,,0,0,0,,,,,D3-D4 linker
,GoF variants:,,I1473M,,,,,,,,,,Ogiwara(2009),10.1212/WNL.0b013e3181b9cebc,1,0,0,EPI,Ogiwara(2009),10.1212/WNL.0b013e3181b9cebc,-,D3-D4 linker
,Mixed variants:,,,I1468R,,,,,,,,,Zaman(2020),10.1002/ana.25809,0,0,1,EPI,Zaman(2020),10.1002/ana.25809,-,D3-D4 linker
1632,,D_1484,D_1474,D_1469,D_1296,D_1471,D_1194,D_1465,D_1447,D_1419,D_1309,"SCN1A:Dravet syndrome;SCN8A:Early infantile epileptic encephalopathy 13,Intellectual disability",,,0,0,0,,,,,D3-D4 linker
1633,,N_1485,N_1475,N_1470,N_1297,N_1472,N_1195,N_1466,N_1448,N_1420,N_1310,"SCN1A:Severe myoclonic epilepsy of infancy,Dravet syndrome;SCN8A:Early infantile epileptic encephalopathy 13,Epileptic encephalopathy- infantile,Early infantile epileptic encephalopathy 13,Epileptic encephalopathy- infantile;SCN4A:Paramyotonia congenita/hyperkalemic periodic paralysis,Myotonia- non-dystrophic,Myotonia;SCN5A:Long QT syndrome",,,0,0,0,,,,,D3-D4 linker
,GoF variants:,,,,"N1297K, N1297S",,,,,,,,"Farinato(2019),Maggi(2017),Farinato(2019)","10.1016/j.phrs.2019.01.004,10.1007/s10048-017-0525-5,10.1016/j.phrs.2019.01.004",2,0,0,"PMC, PMC","Farinato(2019),Gay(2008),Maggi(2017)","10.1016/j.phrs.2019.01.004,10.1002/ajmg.a.32141,10.1007/s10048-017-0525-5",-,D3-D4 linker
1634,,F_1486,F_1476,F_1471,F_1298,F_1473,F_1196,F_1467,F_1449,F_1421,F_1311,"SCN1A:Epileptic encephalopathy- early infantile;SCN9A:Primary erythromelalgia,Erythromelalgia- primary;SCN5A:Long QT syndrome,Long QT syndrome",,,0,0,0,,,,,D3-D4 linker
,GoF variants:,,,,F1298C,"F1473C, F1473S",,,F1449V,,,,"Farinato(2019),Bankston(2007),Cai(2016),Dib-Hajj(2005),Gurkiewicz(2011)","10.1016/j.phrs.2019.01.004,10.4161/chan.4956,PMID:29908537,10.1093/brain/awh514,10.1152/jn.00703.2010",4,0,0,"PAM, LQT3,LQT3,IEM","Farinato(2019),Bankston(2007),Ruan(2010),Dib-Hajj(2005)","10.1016/j.phrs.2019.01.004,10.4161/chan.4956,doi:10.1161/CIRCRESAHA.110.218891,10.1093/brain/awh514",-,D3-D4 linker
1635,,N_1487,N_1477,N_1472,N_1299,N_1474,N_1197,N_1468,N_1450,N_1422,N_1312,SCN8A:Early infantile epileptic encephalopathy 13,,,0,0,0,,,,,D3-D4 linker
1636,,Q_1488,Q_1478,Q_1473,Q_1300,Q_1475,K_1198,Q_1469,Q_1451,Q_1423,Q_1313,N/A,,,0,0,0,,,,,D3-D4 linker
,GoF variants:,,,,,Q1475P,,,,,,,Gando(2020),10.1016/j.yjmcc.2020.04.027,1,0,0,LQT3,Tan(2017),10.1016/j.hrcr.2016.10.001,-,D3-D4 linker
1637,,Q_1489,Q_1479,Q_1474,Q_1301,Q_1476,H_1199,Q_1470,Q_1452,Q_1424,Q_1314,"SCN1A:Hemiplegic migraine;SCN2A:Early infantile epileptic encephalopathy 11,Epilepsy and/or neurodevelopmental disorders,Epileptic encephalopathy- early infantile;SCN8A:Cognitive impairment with or without cerebellar ataxia/Epileptic encephalopathy- early infantile- 13,Early infantile epileptic encephalopathy 13;SCN5A:Long QT syndrome",,,0,0,0,,,,,D3-D4 linker
,GoF variants:,"Q1489H, Q1489K",,,,Q1476R,,,,,,,"Barbieri(2019),Kahlig(2008),Cestele(2008),Moreau(2013)","10.1186/s10194-019-1056-2,10.1073/pnas.0711717105,10.1523/jneurosci.4453-07.2008,10.3389/fphar.2013.00126",3,0,0,"FHM, FHM,LQT3","Vahedi(2009),Kahlig(2008),Cestele(2008),Moreau(2013)","10.1212/01.wnl.0000345393.53132.8c,10.1073/pnas.0711717105,10.1523/jneurosci.4453-07.2008,10.3389/fphar.2013.00126",-,D3-D4 linker
1638,,K_1490,K_1480,K_1475,K_1302,K_1477,K_1200,K_1471,K_1453,K_1425,Q_1315,SCN8A:not provided,,,0,0,0,,,,,D3-D4 linker
1639,,K_1491,K_1481,K_1476,K_1303,K_1478,I_1201,K_1472,K_1454,K_1426,K_1316,N/A,,,0,0,0,,,,,D3-D4 linker
1640,,K_1492,K_1482,K_1477,K_1304,K_1479,K_1202,K_1473,K_1455,K_1427,K_1317,"SCN1A:Dravet syndrome,Severe myoclonic epilepsy of infancy",,,0,0,0,,,,,D3-D4 linker
1641,,F_1493,F_1483,F_1478,L_1305,L_1480,L_1203,F_1474,L_1456,L_1428,L_1318,N/A,,,0,0,0,,,,,D3-D4 linker
1642,,G_1494,G_1484,G_1479,G_1306,G_1481,G_1204,G_1475,G_1457,G_1429,G_1319,"SCN8A:Early infantile epileptic encephalopathy;Early infantile epileptic encephalopathy 13;Epilepsy;Epileptic encephalopathy;not provided,Epileptic encephalopathy- infantile;SCN4A:Hyperkalemic Periodic Paralysis Type 1;Paramyotonia congenita of von Eulenburg;Potassium aggravated myotonia;not provided,Hyperkalemic Periodic Paralysis Type 1;Potassium aggravated myotonia;not provided,Hyperkalemic Periodic Paralysis Type 1;Potassium aggravated myotonia;not provided,Myotonia,Paramyotonia congenita,Myotonia;SCN5A:Cardiac conduction disorder,Long QT syndrome,Cardiac conduction disorder",,,0,0,0,,,,,D3-D4 linker
,GoF variants:,,,,G1306E,,,G1475R,,,,,"Farinato(2019),Liu(2019),Zaman(2019)","10.1016/j.phrs.2019.01.004,10.1093/brain/awy326,10.1002/acn3.50839",2,0,0,"PAM, EPI","Lerche(1993),Parrini(2017),Wang(2017),Xiao(2018),Gardella(2018),Liu(2019),Zaman(2019)","10.1113/jphysiol.1993.sp019843,10.1002/humu.23149,10.1186/s12881-017-0460-1,10.1016/j.eplepsyres.2017.10.017,10.1212/WNL.0000000000006199,10.1093/brain/awy326,10.1002/acn3.50839",-,D3-D4 linker
1643,,G_1495,G_1485,G_1480,G_1307,G_1482,G_1205,G_1476,G_1458,G_1430,G_1320,"SCN8A:not provided,Epilepsy and/or neurodevelopmental disorders,Benign familial infantile epilepsy",,,0,0,0,,,,,D3-D4 linker
1644,,Q_1496,Q_1486,Q_1481,K_1308,Q_1483,S_1206,Q_1477,Q_1459,Q_1431,Q_1321,N/A,,,0,0,0,,,,,D3-D4 linker
1645,,D_1497,D_1487,D_1482,D_1309,D_1484,N_1207,D_1478,D_1460,D_1432,D_1322,N/A,,,0,0,0,,,,,D3-D4 linker
1646,,I_1498,I_1488,I_1483,I_1310,I_1485,I_1208,I_1479,I_1461,I_1433,I_1323,"SCN1A:Epilepsy and/or neurodevelopmental disorders;SCN2A:not provided,Neurodevelopmental disorder- epilepsy-related;SCN9A:Paroxysmal extreme pain disorder,Paroxysmal extreme pain disorder,Paroxysmal extreme pain disorder;SCN8A:Early infantile epileptic encephalopathy 13,Epileptic encephalopathy;SCN5A:Brugada syndrome",,,0,0,0,,,,,D3-D4 linker
,LoF variants:,I1498M,,,I1310N,,,,I1461T,,,,"Barbieri(2019),Farinato(2019),Fertleman(2006)","10.1186/s10194-019-1056-2,10.1016/j.phrs.2019.01.004,10.1016/j.neuron.2006.10.006",3,0,0,"FHM, PMC, PEPD","Weller(2014),Farinato(2019),Fertleman(2006)","10.1177/0333102414529195,10.1016/j.phrs.2019.01.004,10.1016/j.neuron.2006.10.006",-,D3-D4 linker
1647,,F_1499,F_1489,F_1484,F_1311,F_1486,F_1209,F_1480,F_1462,F_1434,F_1324,"SCN1A:Hemiplegic migraine 2;SCN9A:Paroxysmal extreme pain disorder,Paroxysmal extreme pain disorder;SCN8A:not provided;SCN5A:Cardiac conduction disorder,Sudden adult death syndrome",,,0,0,0,,,,,D3-D4 linker
,GoF variants:,F1499L,,,,F1486L,,,,,,,"Wang(2007),Barbieri(2019)","10.1161/circulationaha.106.646513,10.1186/s10194-019-1056-2",2,0,0,"FHM, LQT3","Vahedi(2009),Wang(2007)","10.1212/01.wnl.0000345393.53132.8c,10.1161/circulationaha.106.646513",-,D3-D4 linker
1648,,M_1500,M_1490,M_1485,M_1312,M_1487,I_1210,M_1481,M_1463,M_1435,M_1325,"SCN1A:Hemiplegic migraine 3;SCN2A:Benign familial neonatal-infantile seizures;Early infantile epileptic encephalopathy 11;Early infantile epileptic encephalopathy 11,Moderate intellectual disability with speech delay and Seizures;SCN5A:Congenital long QT syndrome,Long QT syndrome",,,0,0,0,,,,,D3-D4 linker
,GoF variants:,M1500V,,,,,,,,,,,Barbieri(2019),10.1186/s10194-019-1056-2,1,0,0,FHM,Domitrz(2016),10.1186/s40246-015-0057-8,-,D3-D4 linker
1649,,T_1501,T_1491,T_1486,T_1313,T_1488,T_1211,T_1482,T_1464,T_1436,T_1326,"SCN9A:Paroxysmal extreme pain disorder,Paroxysmal extreme pain disorder;SCN4A:Congenital myasthenic syndrome- acetazolamide-responsive;Hyperkalemic Periodic Paralysis Type 1;Hyperkalemic Periodic Paralysis Type 1;Hypokalemic periodic paralysis 1;Hypokalemic periodic paralysis- type 2;Paramyotonia congenita of von Eulenburg;Paramyotonia congenita of von Eulenburg;Potassium aggravated myotonia;not provided,Paramyotonia congenita,Paramyotonia congenita;SCN5A:Long QT syndrome",,,0,0,0,,,,,D3-D4 linker
,GoF variants:,,,T1486I,"T1313A, T1313M",,,,T1464I,,,,"Bouhours(2004),Farinato(2019),Fertleman(2006),Theile(2011),Zaman(2020)","10.1113/jphysiol.2003.053082,10.1016/j.phrs.2019.01.004,10.1016/j.neuron.2006.10.006,10.1113/jphysiol.2010.200915,10.1002/ana.25809",4,0,0,"EPI/PMG, PMC, PMC, PEPD","Zaman(2020),Bouhours(2004),Farinato(2019),Fertleman(2006)","10.1002/ana.25809,10.1113/jphysiol.2003.053082,10.1016/j.phrs.2019.01.004,10.1016/j.neuron.2006.10.006",-;-;0.000004,D3-D4 linker
1650,,E_1502,E_1492,E_1487,E_1314,E_1489,V_1212,E_1483,E_1465,E_1437,E_1327,"SCN8A:Seizures- benign familial infantile- 5,Infantile seizures- benign and paroxysmal dyskinesia;SCN5A:Long QT syndrome",,,0,0,0,,,,,D3-D4 linker
1651,,E_1503,E_1493,E_1488,E_1315,E_1490,K_1213,E_1484,E_1466,E_1438,E_1328,"SCN1A:Dravet syndrome,Severe myoclonic epilepsy of infancy",,,0,0,0,,,,,D3-D4 linker
1652,,Q_1504,Q_1494,Q_1489,Q_1316,Q_1491,Q_1214,Q_1485,Q_1467,Q_1439,Q_1329,"SCN1A:Epilepsy and/or neurodevelopmental disorders,Epilepsy",,,0,0,0,,,,,D3-D4 linker
1653,,K_1505,K_1495,K_1490,K_1317,K_1492,R_1215,K_1486,K_1468,K_1440,K_1330,N/A,,,0,0,0,,,,,D3-D4 linker
1654,,K_1506,K_1496,K_1491,K_1318,K_1493,K_1216,K_1487,K_1469,K_1441,K_1331,SCN5A:Atrial fibrillation,,,0,0,0,,,,,D3-D4 linker
1655,,Y_1507,Y_1497,Y_1492,Y_1319,Y_1494,Q_1217,Y_1488,Y_1470,Y_1442,Y_1332,SCN1A:Dravet syndrome;SCN5A:Brugada syndrome,,,0,0,0,,,,,D3-D4 linker
1656,,Y_1508,Y_1498,Y_1493,Y_1320,Y_1495,Y_1218,Y_1489,Y_1471,Y_1443,Y_1333,SCN2A:Epilepsy and/or neurodevelopmental disorders;SCN5A:Long QT syndrome,,,0,0,0,,,,,D3-D4 linker
1657,,N_1509,N_1499,N_1494,N_1321,N_1496,R_1219,N_1490,N_1472,N_1444,N_1334,SCN8A:Epileptic encephalopathy- infantile,,,0,0,0,,,,,D3-D4 linker
1658,,A_1510,A_1500,A_1495,A_1322,A_1497,R_1220,A_1491,A_1473,A_1445,A_1335,"SCN1A:Dravet syndrome,Lennox-Gastaut syndrome,Abnormality of the nervous system;SCN2A:Encephalopathy with early-onset epilepsy;SCN8A:not provided,Developmental and epileptic encephalopathy",,,0,0,0,,,,,D3-D4 linker
,GoF variants:,,,,,,,A1491V,,,,,Zaman(2019),10.1002/acn3.50839,1,0,0,EPI,Zaman(2019),10.1002/acn3.50839,-,D3-D4 linker
1659,,M_1511,M_1501,M_1496,M_1323,M_1498,L_1221,M_1492,M_1474,M_1446,M_1336,"SCN1A:Epilepsy and/or neurodevelopmental disorders,Intractable epilepsy;SCN2A:Epileptic encephalopathy- early infantile 11,Benign familial neonatal-infantile seizures;Early infantile epileptic encephalopathy 11;SCN5A:Sick sinus syndrome,Long QT syndrome,Long QT syndrome",,,0,0,0,,,,,D3-D4 linker
1660,,K_1512,K_1502,K_1497,K_1324,K_1499,K_1222,K_1493,K_1475,K_1447,K_1337,N/A,,,0,0,0,,,,,D3-D4 linker
1661,,K_1513,K_1503,K_1498,K_1325,K_1500,K_1223,K_1494,K_1476,K_1448,K_1338,N/A,,,0,0,0,,,,,D3-D4 linker
1662,,L_1514,L_1504,L_1499,L_1326,L_1501,L_1224,L_1495,L_1477,L_1449,L_1339,SCN1A:Dravet syndrome;SCN5A:Long QT syndrome,,,0,0,0,,,,,D3-D4 linker
1663,,G_1515,G_1505,G_1500,G_1327,G_1502,M_1225,G_1496,G_1478,G_1450,G_1340,SCN1A:Lenox-Gastaut syndrome;SCN5A:Brugada syndrome,,,0,0,0,,,,,D3-D4 linker
1664,,S_1516,S_1506,S_1501,S_1328,S_1503,Y_1226,S_1497,S_1479,S_1451,S_1341,"SCN1A:Dravet syndrome,Epilepsy and/or neurodevelopmental disorders",,,0,0,0,,,,,D3-D4 linker
1665,,K_1517,K_1507,K_1502,K_1329,K_1504,E_1227,K_1498,K_1480,K_1452,K_1342,SCN8A:Developmental and epileptic encephalopathy,,,0,0,0,,,,,D3-D4 linker
1666,,K_1518,K_1508,K_1503,K_1330,K_1505,D_1228,K_1499,K_1481,K_1453,K_1343,SCN5A:Long QT syndrome,,,0,0,0,,,,,D3-D4 linker
1667,,P_1519,P_1509,P_1504,P_1331,P_1506,S_1229,P_1500,P_1482,P_1454,P_1344,"SCN1A:Epilepsy and/or neurodevelopmental disorders,Epilepsy,Dravet syndrome;SCN5A:Brugada syndrome,Brugada syndrome",,,0,0,0,,,,,D3-D4 linker
,LoF variants:,,,,,P1506S,,,,,,,Saber(2015),10.14814/phy2.12256,0,1,0,BrS,Saber(2015),10.14814/phy2.12256,-,D3-D4 linker
1668,,Q_1520,Q_1510,Q_1505,Q_1332,Q_1507,Q_1230,Q_1501,Q_1483,Q_1455,Q_1345,SCN8A:not provided,,,0,0,0,,,,,D3-D4 linker
1669,,K_1521,K_1511,K_1506,K_1333,K_1508,R_1231,K_1502,K_1484,K_1456,K_1346,N/A,,,0,0,0,,,,,D3-D4 linker
1670,,P_1522,P_1512,P_1507,P_1334,P_1509,P_1232,P_1503,P_1485,P_1457,P_1347,N/A,,,0,0,0,,,,,D3-D4 linker
1671,,I_1523,I_1513,I_1508,I_1335,I_1510,V_1233,I_1504,I_1486,I_1458,I_1348,SCN1A:Dravet syndrome,,,0,0,0,,,,,D3-D4 linker
1672,,P_1524,P_1514,P_1509,P_1336,P_1511,P_1234,P_1505,P_1487,P_1459,P_1349,N/A,,,0,0,0,,,,,D3-D4 linker
1673,,R_1525,R_1515,R_1510,R_1337,R_1512,R_1235,R_1506,R_1488,R_1460,R_1350,SCN1A:Dravet syndrome;SCN4A:Myotonia;SCN5A:Brugada syndrome,,,0,0,0,,,,,D3-D4 linker
,LoF variants:,R1525Q,,,,R1512W,,,,,,,"Deschenes(2000),Zheng(2016),Binini(2017)","10.1016/s0008-6363(00)00006-7,10.1097/md.0000000000003836,10.1016/j.brainres.2017.09.023",0,2,0,"EPI, BrS","Binini(2017),Deschenes(2000),Smits(2002),Zheng(2016)","10.1016/j.brainres.2017.09.023,10.1016/s0008-6363(00)00006-7,10.1016/s0735-1097(02)01962-9,10.1097/md.0000000000003836",0.00000399;0.0000557,D3-D4 linker
1674,,P_1526,P_1516,P_1511,P_1338,P_1513,P_1236,P_1507,P_1489,P_1461,P_1351,SCN1A:Dravet syndrome,,,0,0,0,,,,,D3-D4 linker
1675,,G_1527,A_1517,A_1512,Q_1339,L_1514,L_1237,L_1508,G_1490,L_1462,L_1352,N/A,,,0,0,0,,,,,D3-D4 linker
1676,,N_1528,N_1518,N_1513,N_1340,N_1515,N_1238,N_1509,N_1491,N_1463,N_1353,SCN1A:Dravet syndrome,,,0,0,0,,,,,D3-D4 linker
1677,,K_1529,K_1519,K_1514,K_1341,K_1516,K_1239,K_1510,K_1492,K_1464,K_1354,N/A,,,0,0,0,,,,,D3-D4 linker
1678,,F_1530,F_1520,F_1515,I_1342,Y_1517,L_1240,I_1511,I_1493,F_1465,C_1355,N/A,,,0,0,0,,,,,D3-D4 linker
1679,,Q_1531,Q_1521,Q_1516,Q_1343,Q_1518,Q_1241,Q_1512,Q_1494,Q_1466,Q_1356,N/A,,,0,0,0,,,,,D3-D4 linker
1680,,G_1532,G_1522,G_1517,G_1344,G_1519,G_1242,G_1513,G_1495,G_1467,G_1357,SCN2A:Epileptic encephalopathy,,,0,0,0,,,,,D3-D4 linker
1681,,M_1533,M_1523,M_1518,M_1345,F_1520,F_1243,I_1514,C_1496,F_1468,L_1358,SCN5A:Cardiomyopathy- dilated,,,0,0,0,,,,,D3-D4 linker
1682,,V_1534,V_1524,V_1519,V_1346,I_1521,I_1244,V_1515,I_1497,V_1469,V_1359,SCN5A:Brugada syndrome,,,0,0,0,,,,,D3-D4 linker
1683,,F_1535,F_1525,F_1520,Y_1347,F_1522,F_1245,F_1516,F_1498,F_1470,F_1360,N/A,,,0,0,0,,,,,D3-D4 linker
1684,,D_1536,D_1526,D_1521,D_1348,D_1523,D_1246,D_1517,D_1499,D_1471,D_1361,N/A,,,0,0,0,,,,,D3-D4 linker
1685,,F_1537,F_1527,F_1522,L_1349,I_1524,V_1247,F_1518,L_1500,I_1472,I_1362,N/A,,,0,0,0,,,,,D3-D4 linker
1686,,V_1538,V_1528,V_1523,V_1350,V_1525,V_1248,V_1519,V_1501,V_1473,V_1363,SCN1A:Dravet syndrome,,,0,0,0,,,,,D3-D4 linker
1687,,T_1539,T_1529,T_1524,T_1351,T_1526,T_1249,T_1520,T_1502,T_1474,T_1364,SCN1A:Dravet syndrome,,,0,0,0,,,,,D3-D4 linker
1688,,R_1540,K_1530,R_1525,K_1352,K_1527,S_1250,Q_1521,N_1503,R_1475,S_1365,N/A,,,0,0,0,,,,,D3-D4 linker
1689,,Q_1541,Q_1531,Q_1526,Q_1353,Q_1528,Q_1251,Q_1522,Q_1504,Q_1476,Q_1366,SCN2A:Seizures- benign infantile,,,0,0,0,,,,,D4S1
1690,,V_1542,V_1532,V_1527,A_1354,A_1529,A_1252,A_1523,A_1505,A_1477,I_1367,N/A,,,0,0,0,,,,,D4S1
1691,,F_1543,F_1533,F_1528,F_1355,F_1530,F_1253,F_1524,F_1506,F_1478,F_1368,SCN1A:Cryptogenic focal epilepsy,,,0,0,0,,,,,D4S1
1692,,D_1544,D_1534,D_1529,D_1356,D_1531,N_1254,D_1525,D_1507,D_1479,D_1369,SCN1A:Epilepsy and/or neurodevelopmental disorders,,,0,0,0,,,,,D4S1
1693,,I_1545,I_1535,I_1530,I_1357,V_1532,V_1255,I_1526,I_1508,I_1480,I_1370,SCN1A:Severe myoclonic epilepsy of infancy;SCN5A:Long QT syndrome,,,0,0,0,,,,,D4S1
1694,,S_1546,S_1536,S_1531,T_1358,T_1533,I_1256,V_1527,S_1509,T_1481,I_1371,SCN2A:Encephalopathy with early-onset epilepsy,,,0,0,0,,,,,D4S1
1695,,I_1547,I_1537,I_1532,I_1359,I_1534,V_1257,I_1528,I_1510,I_1482,I_1372,SCN2A:Epilepsy and/or neurodevelopmental disorders,,,0,0,0,,,,,D4S1
1696,,M_1548,M_1538,M_1533,M_1360,M_1535,M_1258,M_1529,M_1511,M_1483,I_1373,"SCN1A:Dravet syndrome;SCN4A:Hyperkalemic Periodic Paralysis Type 1,Hyperkalaemic periodic paralysis",,,0,0,0,,,,,D4S1
1697,,I_1549,I_1539,I_1534,I_1361,F_1536,V_1259,M_1530,V_1512,V_1484,S_1374,N/A,,,0,0,0,,,,,D4S1
1698,,L_1550,L_1540,L_1535,L_1362,L_1537,L_1260,L_1531,L_1513,L_1485,L_1375,N/A,,,0,0,0,,,,,D4S1
1699,,I_1551,I_1541,I_1536,I_1363,I_1538,I_1261,I_1532,I_1514,I_1486,I_1376,SCN8A:Epileptic encephalopathy- early onset;SCN4A:Paramyotonia congenita,,,0,0,0,,,,,D4S1
1700,,C_1552,C_1542,C_1537,C_1364,C_1539,C_1262,C_1533,C_1515,C_1487,I_1377,SCN1A:Dravet syndrome,,,0,0,0,,,,,D4S1
1701,,L_1553,L_1543,L_1538,L_1365,L_1540,F_1263,L_1534,L_1516,L_1488,L_1378,N/A,,,0,0,0,,,,,D4S1
1702,,N_1554,N_1544,N_1539,N_1366,N_1541,Q_1264,N_1535,N_1517,N_1489,N_1379,"SCN2A:not provided,Epilepsy and/or neurodevelopmental disorders;SCN4A:Paramyotonia congenita",,,0,0,0,,,,,D4S1
,LoF variants:,,,,,N1541D,,,,,,,Dharmawan(2019),10.1016/j.yjmcc.2019.03.023,0,1,0,BrS,Dharmawan(2019),10.1016/j.yjmcc.2019.03.023,-,D4S1
,GoF variants:,,,,N1366S,,,,,,,,Ke(2017),10.1113/jp274877,1,0,0,PMC,Ke(2017),10.1113/jp274877,-,D4S1
1703,,M_1555,M_1545,M_1540,M_1367,M_1542,A_1265,M_1536,M_1518,M_1490,M_1380,"SCN1A:Severe myoclonic epilepsy of infancy;SCN2A:not provided,Epileptic encephalopathy- early onset;SCN8A:Epilepsy and/or neurodevelopmental disorders",,,0,0,0,,,,,D4S1
1704,,V_1556,V_1546,V_1541,V_1368,V_1543,I_1266,V_1537,V_1519,I_1491,I_1381,N/A,,,0,0,0,,,,,D4S1
1705,,T_1557,T_1547,T_1542,T_1369,T_1544,A_1267,T_1538,T_1520,T_1492,S_1382,SCN5A:Long QT syndrome,,,0,0,0,,,,,D4S1
1706,,M_1558,M_1548,M_1543,M_1370,M_1545,M_1268,M_1539,M_1521,M_1493,M_1383,"SCN1A:Epilepsy and/or neurodevelopmental disorders;SCN2A:Encephalopathy with early-onset epilepsy,Epileptic encephalopathy,Epileptic encephalopathy- neonatal;SCN4A:Hyperkalemic Periodic Paralysis Type 1,Hyperkalaemic periodic paralysis",,,0,0,0,,,,,D4S1
1707,,M_1559,M_1549,M_1544,M_1371,M_1546,M_1269,M_1540,M_1522,M_1494,M_1384,SCN1A:Epilepsy,,,0,0,0,,,,,D4S1-2 linker
1708,,V_1560,V_1550,V_1545,V_1372,V_1547,I_1270,V_1541,V_1523,V_1495,A_1385,N/A,,,0,0,0,,,,,D4S1-2 linker
1709,,E_1561,E_1551,E_1546,E_1373,E_1548,D_1271,E_1542,E_1524,E_1496,E_1386,SCN1A:Dravet syndrome;SCN5A:Brugada syndrome,,,0,0,0,,,,,D4S1-2 linker
1710,,T_1562,T_1552,T_1547,T_1374,T_1549,T_1272,T_1543,K_1525,T_1497,S_1387,N/A,,,0,0,0,,,,,D4S1-2 linker
1711,,D_1563,D_1553,D_1548,D_1375,D_1550,D_1273,D_1544,E_1526,D_1498,Y_1388,N/A,,,0,0,0,,,,,D4S1-2 linker
1712,,D_1564,D_1554,D_1549,N_1376,D_1551,V_1274,T_1545,G_1527,D_1499,N_1389,N/A,,,0,0,0,,,,,D4S1-2 linker
1713,,Q_1565,Q_1555,Q_1550,Q_1377,Q_1552,Q_1275,Q_1546,Q_1528,Q_1500,Q_1390,N/A,,,0,0,0,,,,,D4S1-2 linker
1714,,S_1566,S_1556,G_1551,S_1378,S_1553,S_1276,S_1547,S_1529,S_1501,P_1391,SCN5A:Brugada syndrome,,,0,0,0,,,,,D4S1-2 linker
1715,,E_1567,Q_1557,K_1552,Q_1379,P_1554,L_1277,K_1548,Q_1530,E_1502,K_1392,N/A,,,0,0,0,,,,,D4S1-2 linker
1716,,Y_1568,E_1558,Y_1553,L_1380,E_1555,Q_1278,Q_1549,H_1531,E_1503,A_1393,N/A,,,0,0,0,,,,,D4S1-2 linker
1717,,V_1569,M_1559,M_1554,K_1381,K_1556,M_1279,M_1550,M_1532,K_1504,M_1394,SCN9A:Small fibre neuropathy,,,0,0,0,,,,,D4S1-2 linker
1718,,T_1570,T_1560,T_1555,V_1382,I_1557,S_1280,E_1551,T_1533,T_1505,K_1395,SCN10A:Neuromuscular disorder & eplieptic encephalopathy,,,0,0,0,,,,,D4S2
1719,,T_1571,N_1561,L_1556,D_1383,N_1558,I_1281,N_1552,E_1534,K_1506,S_1396,N/A,,,0,0,0,,,,,D4S2
1720,,I_1572,I_1562,V_1557,I_1384,I_1559,A_1282,I_1553,V_1535,I_1507,I_1397,N/A,,,0,0,0,,,,,D4S2
1721,,L_1573,L_1563,L_1558,L_1385,L_1560,L_1283,L_1554,L_1536,L_1508,L_1398,"SCN2A:Benign familial neonatal-infantile seizures;not provided,Neonatal-infantile seizures;SCN5A:Long QT syndrome",,,0,0,0,,,,,D4S2
,Mixed variants:,,L1563V,,,,,,,,,,"Misra(2008),Berecki(2018),Begemann(2019)","10.1111/j.1528-1167.2008.01619.x,10.1073/pnas.1800077115,10.1186/s10020-019-0073-6",1,0,0,EPI,"Lewis(1996),Heron(2002)","10.1177/088307389601100310,10.1016/S0140-6736(02)09968-3",-,D4S2
1722,,S_1574,Y_1564,S_1559,Y_1386,A_1561,Y_1284,Y_1555,Y_1537,G_1509,D_1399,N/A,,,0,0,0,,,,,D4S2
1723,,R_1575,W_1565,R_1560,N_1387,K_1562,W_1285,W_1556,W_1538,K_1510,H_1400,SCN1A:Rasmussen encephalitis;SCN9A:Chronic non-paroxysmal neuropathic pain,,,0,0,0,,,,,D4S2
1724,,I_1576,I_1566,I_1561,I_1388,I_1563,I_1286,I_1557,I_1539,I_1511,L_1401,N/A,,,0,0,0,,,,,D4S2
1725,,N_1577,N_1567,N_1562,N_1389,N_1564,N_1287,N_1558,N_1540,N_1512,N_1402,"SCN2A:not provided,Epilepsy and/or neurodevelopmental disorders",,,0,0,0,,,,,D4S2
1726,,L_1578,L_1568,L_1563,M_1390,L_1565,S_1288,L_1559,V_1541,Q_1513,W_1403,N/A,,,0,0,0,,,,,D4S2
1727,,V_1579,V_1569,V_1564,I_1391,L_1566,I_1289,V_1560,V_1542,F_1514,V_1404,SCN1A:Dravet syndrome,,,0,0,0,,,,,D4S2
1728,,F_1580,F_1570,F_1565,F_1392,F_1567,F_1290,F_1561,F_1543,F_1515,F_1405,N/A,,,0,0,0,,,,,D4S2
1729,,I_1581,I_1571,I_1566,I_1393,V_1568,V_1291,V_1562,I_1544,V_1516,V_1406,SCN4A:Paramyotonia congenita,,,0,0,0,,,,,D4S2
,GoF variants:,,I1571T,,,,,,,,,,Miao(2020),10.1002/mgg3.1250,1,0,0,EPI,Miao(2020),10.1002/mgg3.1250,-,D4S2
1730,,V_1582,V_1572,V_1567,I_1394,A_1569,M_1292,I_1563,I_1545,A_1517,V_1407,N/A,,,0,0,0,,,,,D4S2
1731,,L_1583,L_1573,L_1568,I_1395,I_1570,L_1293,F_1564,L_1546,V_1518,I_1408,"SCN2A:not provided,Epilepsy and/or neurodevelopmental disorders",,,0,0,0,,,,,D4S2
1732,,F_1584,F_1574,F_1569,F_1396,F_1571,Y_1294,F_1565,F_1547,F_1519,F_1409,SCN5A:Brugada syndrome,,,0,0,0,,,,,D4S2
1733,,T_1585,T_1575,T_1570,T_1397,T_1572,T_1295,T_1566,T_1548,T_1520,T_1410,N/A,,,0,0,0,,,,,D4S2
1734,,G_1586,G_1576,G_1571,G_1398,G_1573,M_1296,C_1567,G_1549,G_1521,L_1411,SCN1A:Dravet syndrome;SCN2A:Early infantile epileptic encephalopathy 11;SCN5A:Brugada syndrome,,,0,0,0,,,,,D4S2
1735,,E_1587,E_1577,E_1572,E_1399,E_1574,E_1297,E_1568,E_1550,E_1522,E_1412,SCN5A:Brugada syndrome,,,0,0,0,,,,,D4S2
,LoF variants:,E1587K,,,,E1574K,,,,,,,"Kluckova(2020),Glazer(2020)","10.1038/s41598-020-67215-y,10.1016/j.ajhg.2020.05.015",0,2,0,"EPI, BrS","Kluckova(2020),Kapplinger(2010)","10.1038/s41598-020-67215-y,10.1016/j.hrthm.2009.09.069",-,D4S2
1736,,C_1588,C_1578,F_1573,C_1400,C_1575,C_1298,C_1569,C_1551,C_1523,C_1413,SCN1A:Severe myoclonic epilepsy of infancy,,,0,0,0,,,,,D4S2
1737,,V_1589,V_1579,V_1574,V_1401,I_1576,I_1299,V_1570,V_1552,V_1524,L_1414,SCN1A:Dravet syndrome,,,0,0,0,,,,,D4S2-3 linker
1738,,L_1590,L_1580,L_1575,L_1402,V_1577,L_1300,L_1571,L_1553,M_1525,I_1415,SCN1A:Epileptic encephalopathy- early infantile,,,0,0,0,,,,,D4S2-3 linker
1739,,K_1591,K_1581,K_1576,K_1403,K_1578,K_1301,K_1572,K_1554,K_1526,K_1416,SCN5A:Sinus node dysfunction and atrial flutter,,,0,0,0,,,,,D4S2-3 linker
1740,,L_1592,L_1582,L_1577,M_1404,L_1579,L_1302,M_1573,L_1555,M_1527,I_1417,N/A,,,0,0,0,,,,,D4S2-3 linker
1741,,I_1593,I_1583,V_1578,L_1405,A_1580,I_1303,F_1574,I_1556,F_1528,F_1418,N/A,,,0,0,0,,,,,D4S2-3 linker
1742,,S_1594,S_1584,S_1579,A_1406,A_1581,A_1304,A_1575,S_1557,A_1529,A_1419,"SCN1A:Abnormality of the nervous system;SCN2A:Epilepsy and/or neurodevelopmental disorders,Neonatal seizures",,,0,0,0,,,,,D4S2-3 linker
1743,,L_1595,L_1585,L_1580,L_1407,L_1582,F_1305,L_1576,L_1558,L_1530,L_1420,SCN5A:Brugada syndrome,,,0,0,0,,,,,D4S2-3 linker
1744,,R_1596,R_1586,R_1581,R_1408,R_1583,R_1306,R_1577,R_1559,R_1531,R_1421,"SCN1A:Cryptogenic focal epilepsy;SCN5A:Brugada syndrome,Brugada syndrome",,,0,0,0,,,,,D4S2-3 linker
,LoF variants:,R1596C,,,,R1583C,,,,,,,"Kluckova(2020),Glazer(2020)","10.1038/s41598-020-67215-y,10.1016/j.ajhg.2020.05.015",0,2,0,"EPI, BrS","Harkin(2007),Depienne(2009),Kim(2014),Kapplinger(2010)","10.1093/brain/awm002,10.1136/jmg.2008.062323,10.1111/dmcn.12322,10.1016/j.hrthm.2009.09.069",-; 0.00000803,D4S2-3 linker
1745,,H_1597,Y_1587,H_1582,Q_1409,H_1584,C_1307,H_1578,H_1560,Q_1532,Q_1422,SCN1A:Generalized epilepsy with febrile seizures plus,,,0,0,0,,,,,D4S2-3 linker
1746,,Y_1598,Y_1588,Y_1583,Y_1410,Y_1585,F_1308,Y_1579,Y_1561,Y_1533,Y_1423,SCN1A:Schizophrenia and autism spectrum disorder,,,0,0,0,,,,,D4S2-3 linker
1747,,Y_1599,Y_1589,Y_1584,Y_1411,Y_1586,Y_1309,Y_1580,Y_1562,Y_1534,Y_1424,SCN2A:Neonatal-infantile seizures- benign familial,,,0,0,0,,,,,D4S2-3 linker
,GoF variants:,,Y1589C,,,,,,,,,,Lauxmann(2013),10.1111/epi.12241,1,0,0,EPI,Lauxmann(2013),10.1111/epi.12241,-,D4S2-3 linker
1748,,F_1600,F_1590,F_1585,F_1412,F_1587,F_1310,F_1581,F_1563,F_1535,F_1425,N/A,,,0,0,0,,,,,D4S2-3 linker
1749,,T_1601,T_1591,T_1586,T_1413,T_1588,T_1311,T_1582,T_1564,T_1536,T_1426,N/A,,,0,0,0,,,,,D4S3
1750,,I_1602,I_1592,I_1587,V_1414,N_1589,I_1312,I_1583,V_1565,N_1537,N_1427,N/A,,,0,0,0,,,,,D4S3
1751,,G_1603,G_1593,G_1588,G_1415,S_1590,A_1313,G_1584,G_1566,G_1538,G_1428,"SCN2A:not provided,Epilepsy of infancy with migrating focal seizures",,,0,0,0,,,,,D4S3
1752,,W_1604,W_1594,W_1589,W_1416,W_1591,W_1314,W_1585,W_1567,W_1539,W_1429,SCN2A:not provided,,,0,0,0,,,,,D4S3
1753,,N_1605,N_1595,N_1590,N_1417,N_1592,N_1315,N_1586,N_1568,N_1540,N_1430,SCN1A:Dravet syndrome,,,0,0,0,,,,,D4S3
1754,,I_1606,I_1596,I_1591,I_1418,I_1593,I_1316,I_1587,I_1569,V_1541,L_1431,SCN5A:Long QT syndrome,,,0,0,0,,,,,D4S3
1755,,F_1607,F_1597,F_1592,F_1419,F_1594,F_1317,F_1588,F_1570,F_1542,F_1432,SCN2A:Encephalopathy with early-onset epilepsy;SCN4A:Hyperkalaemic periodic paralysis;SCN5A:Long QT syndrome,,,0,0,0,,,,,D4S3
,GoF variants:,,F1597L,,,,,,,,,,Wolff(2017),10.1093/brain/awx054,1,0,0,EPI,Wolff(2017),10.1093/brain/awx054,-,D4S3
1756,,D_1608,D_1598,D_1593,D_1420,D_1595,D_1318,D_1589,D_1571,D_1543,D_1433,"SCN1A:Severe myoclonic epilepsy of infancy;SCN2A:Intellectual disability- developmental delay- seizures & hypotonia;SCN5A:Atrioventricular conduction block,Cardiomyopathy- dilated",,,0,0,0,,,,,D4S3
,LoF variants:,,,,,D1595N,,,,,,,Wang(2002),10.1161/hc0302.102592,0,1,0,"PCCD, BrS",Wang(2002),10.1161/hc0302.102592,-,D4S3
1757,,F_1609,F_1599,F_1594,F_1421,F_1596,F_1319,F_1590,F_1572,F_1544,C_1434,N/A,,,0,0,0,,,,,D4S3
1758,,V_1610,V_1600,V_1595,V_1422,V_1597,M_1320,V_1591,V_1573,I_1545,V_1435,SCN5A:Long QT syndrome,,,0,0,0,,,,,D4S3
1759,,V_1611,V_1601,V_1596,V_1423,V_1598,V_1321,V_1592,V_1574,V_1546,V_1436,"SCN1A:Severe myoclonic epilepsy of infancy;SCN8A:Early infantile epileptic encephalopathy 13,Epileptic encephalopathy",,,0,0,0,,,,,D4S3
,GoF variants:,V1611F,,,,,,,,,,,Rhodes(2005),10.1113/jphysiol.2005.094326,1,0,0,EPI,Fujiwara(2003),10.1093/brain/awg053,0.00000403,D4S3
1760,,V_1612,V_1602,V_1597,V_1424,V_1599,V_1322,V_1593,V_1575,V_1547,V_1437,SCN1A:Dravet syndrome,,,0,0,0,,,,,D4S3
1761,,I_1613,I_1603,I_1598,I_1425,I_1600,I_1323,I_1594,I_1576,V_1548,L_1438,N/A,,,0,0,0,,,,,D4S3
1762,,L_1614,L_1604,L_1599,L_1426,L_1601,F_1324,L_1595,I_1577,L_1549,L_1439,N/A,,,0,0,0,,,,,D4S3
1763,,S_1615,S_1605,S_1600,S_1427,S_1602,S_1325,S_1596,S_1578,S_1550,S_1440,"SCN8A:Early infantile epileptic encephalopathy 13,Intellectual disability and epilepsy",,,0,0,0,,,,,D4S3
1764,,I_1616,I_1606,I_1601,I_1428,I_1603,I_1326,I_1597,I_1579,I_1551,I_1441,SCN1A:Generalized epilepsy with febrile seizures plus,,,0,0,0,,,,,D4S3
1765,,V_1617,V_1607,V_1602,V_1429,V_1604,T_1327,V_1598,V_1580,A_1552,V_1442,SCN2A:Myoclonus;SCN8A:Epilepsy;SCN5A:Brugada syndrome,,,0,0,0,,,,,D4S3
1766,,G_1618,G_1608,G_1603,G_1430,G_1605,G_1328,G_1599,G_1581,S_1553,S_1443,"SCN2A:not provided,Epilepsy and/or neurodevelopmental disorders",,,0,0,0,,,,,D4S3
,GoF variants:,,,,,S1609L,,,,,,,Winkel(2015),10.1016/j.hrthm.2015.03.013,1,0,0,LQT3,Winkel(2015),10.1016/j.hrthm.2015.03.013,-,D4S3
1767,,M_1619,M_1609,M_1604,L_1431,T_1606,L_1329,M_1600,M_1582,L_1554,T_1444,SCN1A:Intractable epilepsy,,,0,0,0,,,,,D4S3-4 linker
1768,,F_1620,F_1610,F_1605,A_1432,V_1607,C_1330,F_1601,F_1583,I_1555,M_1445,SCN1A:Generalized epilepsy with febrile seizures plus,,,0,0,0,,,,,D4S3-4 linker
1769,,L_1621,L_1611,L_1606,L_1433,L_1608,L_1331,L_1602,L_1584,F_1556,I_1446,"SCN4A:Paramyotonia congenita of von Eulenburg,Paramyotonia congenita,Paramyotonia congenita / sodium channel myotonia",,,0,0,0,,,,,D4S3-4 linker
1770,,A_1622,A_1612,A_1607,S_1434,S_1609,P_1332,A_1603,A_1585,S_1557,S_1447,"SCN2A:Epilepsy- benign infantile;SCN4A:Hyperkalemic Periodic Paralysis Type 1,Myotonia- non-dystrophic;SCN5A:Sudden infant death syndrome,Long QT syndrome",,,0,0,0,,,,,D4S3-4 linker
1771,,E_1623,E_1613,E_1608,D_1435,D_1610,M_1333,D_1604,D_1586,A_1558,T_1448,N/A,,,0,0,0,,,,,D4S3-4 linker
1772,,L_1624,L_1614,M_1609,L_1436,I_1611,T_1334,I_1605,L_1587,I_1559,L_1449,"SCN1A:Hemiplegic migraine;SCN2A:Early infantile epileptic encephalopathy 11;SCN8A:Early infantile epileptic encephalopathy 13,Epileptic encephalopathy;SCN4A:Hyperkalemic Periodic Paralysis Type 1,Paramyotonia congenita",,,0,0,0,,,,,D4S3-4 linker
,GoF variants:,L1624P,,,,,,,,,,,Fan(2016),10.1177/0333102415608360,1,0,0,FHM,Fan(2016),10.1177/0333102415608360,-,D4S3-4 linker
1773,,I_1625,I_1615,I_1610,I_1437,I_1612,V_1335,I_1606,I_1588,L_1560,E_1450,N/A,,,0,0,0,,,,,D4S3-4 linker
1774,,E_1626,E_1616,E_1611,Q_1438,Q_1613,G_1336,E_1607,E_1589,K_1561,N_1451,SCN5A:Brugada syndrome,,,0,0,0,,,,,D4S3-4 linker
1775,,-,-,-,-,-,-,-,-,S_1562,Q_1452,N/A,,,0,0,0,,,,,D4S3-4 linker
1776,,-,-,-,-,-,-,-,-,L_1563,E_1453,N/A,,,0,0,0,,,,,D4S3-4 linker
1777,,K_1627,K_1617,K_1612,K_1439,K_1614,S_1337,K_1608,T_1590,Q_1564,H_1454,N/A,,,0,0,0,,,,,D4S3-4 linker
1778,,Y_1628,Y_1618,Y_1613,Y_1440,Y_1615,Y_1338,Y_1609,Y_1591,S_1565,I_1455,N/A,,,0,0,0,,,,,D4S3-4 linker
1779,,F_1629,F_1619,F_1614,F_1441,F_1616,L_1339,F_1610,F_1592,Y_1566,P_1456,SCN2A:not provided,,,0,0,0,,,,,D4S3-4 linker
1780,,V_1630,V_1620,V_1615,V_1442,F_1617,V_1340,V_1611,V_1593,F_1567,F_1457,"SCN1A:Dravet syndrome,Severe myoclonic epilepsy of infancy,Myoclonic epilepsy- borderline;SCN4A:Congenital myasthenic syndrome;Congenital myasthenic syndrome- acetazolamide-responsive,Sudden infant death syndrome",,,0,0,0,,,,,D4S3-4 linker
,LoF variants:,,,,V1442E,,,,,,,,Tsujino(2003),10.1073/pnas.1230273100,0,1,0,CMS,Tsujino(2003),10.1073/pnas.1230273100,-,D4S3-4 linker
1781,,S_1631,S_1621,S_1616,S_1443,S_1618,P_1341,S_1612,S_1594,S_1568,P_1458,"SCN2A:not provided,Epilepsy and/or neurodevelopmental disorders",,,0,0,0,,,,,D4S3-4 linker
1782,,P_1632,P_1622,P_1617,P_1444,P_1619,P_1342,P_1613,P_1595,P_1569,P_1459,"SCN1A:Severe myoclonic epilepsy of infancy;SCN2A:Encephalopathy with late-onset epilepsy,not provided",,,0,0,0,,,,,D4S3-4 linker
,LoF variants:,P1632S,P1622S,,,,,,,,,,"Rhodes(2005),Wolff(2017)","10.1113/jphysiol.2005.094326,10.1093/brain/awx054",0,2,0,"EPI, EPI","Fujiwara(2003),Wolff(2017)","10.1093/brain/awg053,10.1093/brain/awx054",-,D4S3-4 linker
1783,,T_1633,T_1623,T_1618,T_1445,T_1620,S_1343,T_1614,T_1596,T_1570,T_1460,"SCN2A:Ohtahara syndrome;SCN9A:Neuropathic pain- in diabetic peripheral neuropathy;SCN5A:Ventricular fibrillation- idiopathic,Cardiac conduction disease and long QT syndrome;SCN10A:Neuromuscular disorder & eplieptic encephalopathy",,,0,0,0,,,,,D4S3-4 linker
,GoF variants:,,T1623N,,,,,,,,,,Thompson(2020),10.1085/jgp.201912442,1,0,0,EPI,Nakamura(2013),10.1212/WNL.0b013e3182a43e57,-,D4S3-4 linker
,Mixed variants:,,,,,T1620K,,,,,,,Surber(2008),10.1093/cvr/cvm096,0,0,1,LQT3,Surber(2008),10.1093/cvr/cvm096,-,D4S4
,LoF variants:,,,,,T1620M,,,,,,,"Baroudi(2002),Wang(2000),Makita(2008)","10.1161/hh0102.102977,10.1161/01.res.87.8.e37,10.1253/circj.72.1018",0,1,0,BrS,"Chen(1998),Baroudi(2002)","10.1038/32675,10.1161/hh0102.102977",0.00000399,D4S4
1784,,L_1634,L_1624,L_1619,L_1446,L_1621,L_1344,L_1615,L_1597,L_1571,L_1461,N/A,,,0,0,0,,,,,D4S4
1785,,F_1635,F_1625,F_1620,F_1447,F_1622,V_1345,F_1616,F_1598,F_1572,F_1462,N/A,,,0,0,0,,,,,D4S4
1786,,R_1636,R_1626,R_1621,R_1448,R_1623,Q_1346,R_1617,R_1599,R_1573,R_1463,"SCN1A:Lennox-Gastaut syndrome,Epilepsy of infancy with migrating focal seizures;SCN2A:Seizures- benign infantile;SCN3A:not provided;SCN8A:Early infantile epileptic encephalopathy;Early infantile epileptic encephalopathy 13;developmental delay with seizures;not provided,Intellectual disability- nonsyndromic,Epilepsy- early-onset;SCN4A:Hyperkalemic Periodic Paralysis Type 1;Paramyotonia congenita of von Eulenburg;Rhabdomyolysis;not provided,Hyperkalemic Periodic Paralysis Type 1;not provided,Paramyotonia congenita,Paramyotonia congenita,Myotonia,Hyperkalemic Periodic Paralysis Type 1;Paramyotonia congenita of von Eulenburg;not provided,Hyperkalemic Periodic Paralysis Type 1,Paramyotonia congenita,Paramyotonia congenita;SCN5A:Long QT syndrome,Long QT syndrome",,,0,0,0,,,,,D4S4
,GoF variants:,,,"R1621G, R1621Q",,R1623Q,,R1617Q,,,,,"Zaman(2020),Zaman(2020),Kambouris(1998),Tsurugi(2009),Li(2020),Wagnon(2016)","10.1002/ana.25809,10.1002/ana.25809,10.1161/01.cir.97.7.640,10.1016/j.lfs.2009.01.001,10.3389/fphar.2020.01182,10.1002/acn3.276",4,0,0,"EPI/PMG, EPI/PMG, LQT3, EPI","Zaman(2020),Kambouris(2000),Miura(2003),Ohba(2014),Kong(2015),Larsen(2015)","10.1002/ana.25809,10.1172/jci9212,10.1007/s00246-002-0169-5,10.1111/epi.12668,10.1111/epi.12925,10.1212/WNL.0000000000001211",-;0.00000398;-;-,D4S4
1787,,V_1637,V_1627,V_1622,V_1449,V_1624,L_1347,V_1618,V_1600,V_1574,I_1464,SCN1A:Hepatic coma;SCN2A:Encephalopathy with early-onset epilepsy,,,0,0,0,,,,,D4S4
1788,,I_1638,I_1628,I_1623,I_1450,I_1625,I_1348,I_1619,I_1601,I_1575,V_1465,SCN1A:Severe myoclonic epilepsy of infancy,,,0,0,0,,,,,D4S4
1789,,R_1639,R_1629,R_1624,R_1451,R_1626,L_1349,R_1620,R_1602,R_1576,R_1466,"SCN1A:Epilepsy and/or neurodevelopmental disorders,Dravet syndrome;SCN2A:Benign familial neonatal-infantile seizures;Early infantile epileptic encephalopathy 11,Encephalopathy with early-onset epilepsy,Epileptic encephalopathy- early onset;SCN8A:Inborn genetic diseases,Autism spectrum disorder;SCN4A:Hypokalaemic periodic paralysis and myotonia,Periodic paralysis;SCN5A:Long QT syndrome,Long QT syndrome,Cardiac conduction disorder",,,0,0,0,,,,,D4S4
,GoF variants:,,,,,R1626P,,,,,,,Ruan(2007),10.1161/circulationaha.107.707877,1,0,0,LQT3,Ruan(2007),10.1161/circulationaha.107.707877,-,D4S4
,LoF variants:,,,,"R1451C, R1451L",,,R1620L,,,,,"Poulin(2018),Poulin(2018),Liu(2019)","10.1038/s41598-018-20468-0,10.1038/s41598-018-20468-0,10.1093/brain/awy326",0,3,0,"HypoPP, PMC, ASD","Poulin(2018),Liu(2019)","10.1038/s41598-018-20468-0,10.1093/brain/awy326",0.0000121;0.00000404;-,D4S4
1790,,L_1640,L_1630,L_1625,L_1452,L_1627,L_1350,L_1621,L_1603,L_1577,L_1467,"SCN8A:Early infantile epileptic encephalopathy 13,Intellectual disability and epilepsy",,,0,0,0,,,,,D4S4
1791,,A_1641,A_1631,A_1626,A_1453,A_1628,S_1351,A_1622,A_1604,A_1578,A_1468,"SCN1A:Dravet syndrome;SCN8A:Inborn genetic diseases,Intellectual disability and autism",,,0,0,0,,,,,D4S4
,GoF variants:,,,,,,,A1622D,,,,,Liu(2019),10.1093/brain/awy326,0,1,0,ASD,Liu(2019),10.1093/brain/awy326,-,D4S4
1792,,R_1642,R_1632,R_1627,R_1454,R_1629,R_1352,R_1623,R_1605,R_1579,R_1469,"SCN1A:Severe myoclonic epilepsy of infancy,Epilepsy and/or neurodevelopmental disorders,Dravet syndrome;SCN2A:Seizures;SCN4A:Congenital myasthenic syndrome,Congenital myasthenic syndrome with periodic paralysis;SCN5A:Brugada syndrome,Brugada syndrome",,,0,0,0,,,,,D4S4
,LoF variants:,,,,R1454W,R1629Q,,,,,,,"Zeng(2013),Habbout(2016)","10.1371/journal.pone.0078382,10.1212/wnl.0000000000002264",0,2,0,"CMS, BrS","Habbout(2016),Zeng(2013)","10.1212/wnl.0000000000002264,10.1371/journal.pone.0078382",0.0000161; 0.0000119,D4S4
1793,,I_1643,I_1633,I_1628,I_1455,I_1630,I_1353,I_1624,I_1606,I_1580,I_1470,SCN4A:Proximal myopathy- adult - onset with electrical myotonia,,,0,0,0,,,,,D4S4
,Mixed variants:,,,,I1455T,,,,,,,,Bednarz(2017),10.1016/j.nmd.2016.09.023,0,0,1,PMC,Bednarz(2017),10.1016/j.nmd.2016.09.023,0.000012,D4S4
1794,,G_1644,G_1634,G_1629,G_1456,G_1631,I_1354,G_1625,G_1607,G_1581,G_1471,"SCN1A:Epilepsy and/or neurodevelopmental disorders;SCN2A:Ohtahara syndrome,Episodic ataxia;SCN9A:Paroxysmal extreme pain disorder;SCN8A:Early infantile epileptic encephalopathy 13,not provided;SCN4A:Paramyotonia congenita of von Eulenburg,Paramyotonia congenita- von Eulenburg;SCN5A:Long QT syndrome- malignant perinatal variant",,,0,0,0,,,,,D4S4
,GoF variants:,,,,,G1631D,,,G1607R,,,,"Wang(2008),Choi(2011)","10.1213/ane.0b013e318182401b,10.1038/nrneurol.2010.162",2,0,0,"LQT3, PEPD","Wang(2008),Choi(2011)","10.1213/ane.0b013e318182401b,10.1038/nrneurol.2010.162",-,D4S4
1795,,R_1645,R_1635,R_1630,R_1457,R_1632,H_1355,R_1626,R_1608,R_1582,R_1472,"SCN1A:Dravet syndrome,Severe myoclonic epilepsy of infancy;SCN2A:not provided;SCN4A:Congenital myasthenic syndrome- acetazolamide-responsive,Congenital myasthenic syndrome;SCN5A:Nodal rhythm,Cardiac conduction disorder",,,0,0,0,,,,,D4S4
,LoF variants:,,,,R1457H,R1632C,,,,,,,"Nakajima(2015),Dharmawan(2019),Arnold(2015)","10.1016/j.hrthm.2015.05.032,10.1016/j.yjmcc.2019.03.023,10.1002/ana.24389",0,2,0,"CMS, BrS","Arnold(2015),Nakajima(2015),García-Molina(2016)","10.1002/ana.24389,10.1016/j.hrthm.2015.05.032,10.3892/mmr.2016.5100",0.00000401;0.00000398,D4S4
,Mixed variants:,,,,,R1632H,,,,,,,"Benson(2003),Glazer(2020)","10.1172/jci18062,10.1016/j.ajhg.2020.05.015",0,0,1,BrS,Robyns(2014),10.1016/s0972-6292(16)30754-9,0.00000796,D4S4
1796,,I_1646,I_1636,I_1631,V_1458,I_1633,M_1356,I_1627,I_1609,I_1583,I_1473,"SCN2A:not provided,Neurodevelopmental disorder- epilepsy-related;SCN8A:not provided;SCN4A:Paramyotonia congenita",,,0,0,0,,,,,D4S4
1797,,L_1647,L_1637,L_1632,L_1459,L_1634,L_1357,L_1628,L_1610,L_1584,L_1474,SCN8A:not provided,,,0,0,0,,,,,D4S4
1798,,R_1648,R_1638,R_1633,R_1460,R_1635,R_1358,R_1629,R_1611,R_1585,R_1475,"SCN1A:Severe myoclonic epilepsy of infancy;SCN4A:Myotonia,Myopathy- congenital",,,0,0,0,,,,,D4S4
,Mixed variants:,"R1648C, R1648H",,,"R1460Q, R1460W",,,,,,,,"Rhodes(2004),Thompson(2012),Lossin(2002),Vanoye(2006),Kahlig(2010),Elia(2019),Elia(2019)","10.1073/pnas.0402482101,10.1074/jbc.M112.421883,10.1016/s0896-6273(02)00714-6,10.1085/jgp.200509373,10.1111/j.1476-5381.2010.00976.x,10.1212/wnl.0000000000007185,10.1212/wnl.0000000000007185",0,0,4,"EPI, EPI, CMS, CMS","Ohmori(2002),Escayg(2000),Elia(2019)","10.1016/s0006-291x(02)00617-4,10.1038/74159,10.1212/wnl.0000000000007185",-;-;0.00000801; 0.0000213,D4S4
1799,,L_1649,L_1639,L_1634,L_1461,L_1636,L_1359,L_1630,L_1612,L_1586,L_1476,"SCN1A:Hemiplegic migraine;SCN9A:Paroxysmal extreme pain disorder;not provided,Paroxysmal extreme pain disorder;SCN8A:Seizures;SCN4A:Myotonia",,,0,0,0,,,,,D4S4
,GoF variants:,,,,,,,,L1612P,,,,Suter(2015),10.1097/aln.0000000000000476,1,0,0,PEPD,Suter(2015),10.1097/aln.0000000000000476,-,D4S4
,Mixed variants:,L1649Q,,,,,,,,,,,"Kahlig(2008),Cestele(2013)","10.1073/pnas.0711717105,10.1073/pnas.1309827110",0,0,1,FHM,"Kahlig(2008),Cestele(2013)","10.1073/pnas.0711717105,10.1073/pnas.1309827110",-,D4S4-5 linker
1800,,I_1650,I_1640,I_1635,I_1462,I_1637,G_1360,I_1631,V_1613,I_1587,V_1477,"SCN2A:Neonatal seizures,Encephalopathy with early-onset epilepsy;SCN8A:not provided,Autistic disorder of childhood onset;Intellectual disability;Seizures,Epilepsy and/or neurodevelopmental disorders",,,0,0,0,,,,,D4S4-5 linker
1801,,K_1651,K_1641,K_1636,R_1463,R_1638,K_1361,K_1632,K_1614,R_1588,R_1478,"SCN2A:Seizures- benign infantile;SCN4A:Paramyotonia congenita / sodium channel myotonia,Sudden infant death syndrome;SCN10A:Atrial fibrillation",,,0,0,0,,,,,D4S4-5 linker
1802,,G_1652,G_1642,G_1637,G_1464,G_1639,G_1362,G_1633,G_1615,A_1589,A_1479,N/A,,,0,0,0,,,,,D4S4-5 linker
1803,,A_1653,A_1643,A_1638,A_1465,A_1640,P_1363,A_1634,A_1616,A_1590,A_1480,N/A,,,0,0,0,,,,,D4S4-5 linker
1804,,K_1654,K_1644,K_1639,K_1466,K_1641,K_1364,K_1635,K_1617,K_1591,R_1481,N/A,,,0,0,0,,,,,D4S4-5 linker
1805,,G_1655,G_1645,G_1640,G_1467,G_1642,V_1365,G_1636,G_1618,G_1592,G_1482,SCN5A:Brugada syndrome,,,0,0,0,,,,,D4S4-5 linker
,LoF variants:,,,,,G1642E,,,,,,,Glazer(2020),10.1016/j.ajhg.2020.05.015,0,1,0,BrS,Kapplinger(2010),10.1016/j.hrthm.2009.09.069,-,D4S4-5 linker
1806,,I_1656,I_1646,I_1641,I_1468,I_1643,F_1366,I_1637,I_1619,I_1593,I_1483,"SCN1A:Generalized epilepsy with febrile seizures plus,Dravet syndrome",,,0,0,0,,,,,D4S4-5 linker
,LoF variants:,I1656M,,,,,,,,,,,"Lossin(2003),Liu(2013)","10.1523/jneurosci.23-36-11289.2003,10.1002/ana.23897",0,1,0,EPI,Wallace(2001),10.1086/319516,-,D4S4-5 linker
1807,,R_1657,R_1647,R_1642,R_1469,R_1644,H_1367,R_1638,R_1620,R_1594,R_1484,"SCN1A:Cryptogenic focal epilepsy,Generalized epilepsy with febrile seizures plus;SCN8A:not provided;SCN5A:Long QT syndrome,Brugada syndrome",,,0,0,0,,,,,D4S4-5 linker
,LoF variants:,R1657C,,,,R1644C,,R1638C,,,,,"Lossin(2003),Frustaci(2005),Wengert(2019)","10.1523/jneurosci.23-36-11289.2003,10.1161/CIRCULATIONAHA.105.520999,10.1111/epi.16371",0,3,0,"EPI, BrS, NDD without epilepsy","Lossin(2003),Frustaci(2005),Wengert(2019)","10.1523/jneurosci.23-36-11289.2003,10.1161/CIRCULATIONAHA.105.520999,10.1111/epi.16371",-;0.00000398;-,D4S4-5 linker
,GoF variants:,,,,,R1644H,,,,,,,"Wang(1996),Nieto-Marin(2019)","10.1073/pnas.93.23.13200,10.1016/j.rec.2018.03.012",1,0,0,LQT3,Nieto-Marin(2019),10.1016/j.rec.2018.03.012,-,D4S4-5 linker
1808,,T_1658,T_1648,T_1643,T_1470,T_1645,N_1368,T_1639,T_1621,T_1595,T_1485,"SCN1A:Dravet syndrome,Severe myoclonic epilepsy of infancy;SCN5A:Long QT syndrome",,,0,0,0,,,,,D4S4-5 linker
1809,,L_1659,L_1649,L_1644,L_1471,L_1646,L_1369,L_1640,L_1622,L_1596,L_1486,SCN1A:Dravet syndrome;SCN5A:Long QT syndrome,,,0,0,0,,,,,D4S4-5 linker
1810,,L_1660,L_1650,L_1645,L_1472,L_1647,M_1370,L_1641,L_1623,L_1597,L_1487,SCN2A:Epileptic encephalopathy- early infantile;SCN8A:Epilepsy- early-onset,,,0,0,0,,,,,D4S4-5 linker
1811,,F_1661,F_1651,F_1646,F_1473,F_1648,L_1371,F_1642,F_1624,F_1598,F_1488,"SCN1A:Severe myoclonic epilepsy of infancy,Hemiplegic migraine;SCN2A:Encephalopathy with early-onset epilepsy;SCN4A:Paramyotonia congenita",,,0,0,0,,,,,D4S4-5 linker
,GoF variants:,F1661L,,F1646C,F1473S,,,,,,,,"Zaman(2020),Barbieri(2019),Fleischhauer(1998)","10.1002/ana.25809,10.1186/s10194-019-1056-2,10.1007/s004240050699",3,0,0,"FHM, EPI/PMG, PMC","Weller(2014),Zaman(2020),Fleischhauer(1998)","10.1177/0333102414529195,10.1002/ana.25809,10.1007/s004240050699",-,D4S4-5 linker
,Mixed variants:,F1661S,,,,,,,,,,,"Rhodes(2004),Thompson(2012)","10.1073/pnas.0402482101,10.1074/jbc.M112.421883",0,0,1,EPI,Claes(2003),10.1002/humu.10217,-,D4S4-5 linker
1812,,A_1662,A_1652,A_1647,A_1474,A_1649,P_1372,A_1643,A_1625,A_1599,A_1489,SCN1A:Myoclonic epilepsy- borderline;SCN2A:Encephalopathy with late-onset epilepsy;SCN5A:Brugada syndrome,,,0,0,0,,,,,D4S4-5 linker
1813,,L_1663,L_1653,L_1648,L_1475,L_1650,L_1373,L_1644,L_1626,L_1600,L_1490,"SCN5A:Sudden unexplained death,Long QT syndrome",,,0,0,0,,,,,D4S4-5 linker
1814,,M_1664,M_1654,M_1649,M_1476,M_1651,M_1374,M_1645,M_1627,M_1601,M_1491,"SCN1A:Dravet syndrome;SCN9A:Paroxysmal extreme pain disorder;SCN8A:Partial seizures with intellectual / developmental disabilities;SCN4A:Paramyotonia congenita of von Eulenburg,Myotonia,not provided,Paramyotonia congenita",,,0,0,0,,,,,D4S4-5 linker
,LoF variants:,M1664K,,,,,,,,,,,Bechi(2015),10.1016/j.nbd.2014.12.028,0,1,0,EPI,Depienne(2010),10.1136/jmg.2009.074328,-,D4S4-5 linker
,GoF variants:,,,,,,,,M1627K,,,,"Fertleman(2006),Dib-Hajj(2008),Theile(2011)","10.1016/j.neuron.2006.10.006,10.1186/1744-8069-4-37,10.1113/jphysiol.2010.200915",1,0,0,PEPD,Fertleman(2006),10.1016/j.neuron.2006.10.006,-,D4S4-5 linker
1815,,M_1665,M_1655,M_1650,M_1477,M_1652,L_1375,M_1646,M_1628,M_1602,M_1492,"SCN1A:Epilepsy and/or neurodevelopmental disorders;SCN2A:not provided;SCN8A:not provided;SCN5A:Long QT syndrome,Long QT syndrome",,,0,0,0,,,,,D4S4-5 linker
,GoF variants:,,,,,M1652R,,,,,,,"Ruan(2007),Li(2020)","10.1161/circulationaha.107.707877,10.3389/fphar.2020.01182",1,0,0,LQT3,Ruan(2007),10.1161/circulationaha.107.707877,-,D4S4-5 linker
1816,,S_1666,S_1656,S_1651,S_1478,S_1653,S_1376,S_1647,S_1629,S_1603,S_1493,"SCN1A:Dravet syndrome;SCN2A:Inborn genetic diseases,Encephalopathy with late-onset epilepsy",,,0,0,0,,,,,D4S4-5 linker
1817,,L_1667,L_1657,L_1652,L_1479,L_1654,L_1377,L_1648,L_1630,L_1604,L_1494,N/A,,,0,0,0,,,,,D4S4-5 linker
1818,,P_1668,P_1658,P_1653,P_1480,P_1655,P_1378,P_1649,P_1631,P_1605,P_1495,"SCN1A:Dravet syndrome,Severe myoclonic epilepsy of infancy",,,0,0,0,,,,,D4S4-5 linker
,LoF variants:,,P1658S,,,,,,,,,,Miao(2020),10.1002/mgg3.1250,0,1,0,EPI,Miao(2020),10.1002/mgg3.1250,-,D4S4-5 linker
1819,,A_1669,A_1659,A_1654,A_1481,A_1656,A_1379,A_1650,A_1632,A_1606,S_1496,"SCN1A:Partial seizures of infancy- malignant migrating,Developmental delay- poor coordination & seizures;SCN2A:Benign familial neonatal-infantile seizures;Early infantile epileptic encephalopathy 11;SCN9A:Paroxysmal extreme pain disorder;not provided,Paroxysmal extreme pain disorder / Erythermalgia- primary,Erythromelalgia- primary,Erythromelalgia- primary;SCN8A:Early infantile epileptic encephalopathy 13;Epileptic encephalopathy;not provided,Epileptic encephalopathy- infantile,not provided,Epilepsy and/or neurodevelopmental disorders;SCN4A:Hyperkalemic Periodic Paralysis Type 1,Myotonia",,,0,0,0,,,,,D4S5
,GoF variants:,,,,,A1656D,,,"A1632E, A1632G, A1632T",,,,"Kim(2019),Estacion(2008),Ruhlmann(2020),Yang(2016),Eberhardt(2014)","10.1038/s41598-019-49450-0,10.1523/jneurosci.3443-08.2008,10.1111/bph.15196,10.1523/jneurosci.0462-16.2016,10.1074/jbc.M113.502211",4,0,0,"LQT3, IEM, PEPD, IEM, IEM","Kim(2019),Estacion(2008),Yang(2016),Eberhardt(2014)","10.1038/s41598-019-49450-0,10.1523/jneurosci.3443-08.2008,10.1523/jneurosci.0462-16.2016,10.1074/jbc.M113.502211",-,D4S5
1820,,L_1670,L_1660,L_1655,L_1482,L_1657,L_1380,L_1651,L_1633,L_1607,L_1497,SCN1A:Hemiplegic migraine;SCN2A:Encephalopathy- recurrent,,,0,0,0,,,,,D4S5
,Mixed variants:,L1670W,,,,,,,,,,,Bertelli(2019),10.1177/0333102418788336,1,0,0,FHM,Dhifallah(2018),10.3389/fnmol.2018.00232,-,D4S5
1821,,F_1671,F_1661,F_1656,F_1483,F_1658,L_1381,F_1652,F_1634,F_1608,F_1498,N/A,,,0,0,0,,,,,D4S5
1822,,N_1672,N_1662,N_1657,N_1484,N_1659,N_1382,N_1653,N_1635,N_1609,N_1499,SCN1A:Dravet syndrome,,,0,0,0,,,,,D4S5
1823,,I_1673,I_1663,I_1658,I_1485,I_1660,I_1383,I_1654,I_1636,I_1610,I_1500,"SCN1A:Dravet syndrome,Generalized epilepsy with febrile seizures plus;SCN5A:Long QT syndrome",,,0,0,0,,,,,D4S5
,LoF variants:,,,,,I1660V,,,,,,,Cordeiro(2006),10.1161/circulationaha.106.627489,0,1,0,BrS,Cordeiro(2006),10.1161/circulationaha.106.627489,0.0000318,D4S5
1824,,G_1674,G_1664,G_1659,G_1486,G_1661,I_1384,G_1655,G_1637,G_1611,G_1501,"SCN1A:Acute encephalopathy with biphasic seizures & late reduced diffusion,Severe myoclonic epilepsy of infancy;SCN5A:Brugada syndrome,Brugada syndrome",,,0,0,0,,,,,D4S5
,LoF variants:,G1674R,,,,G1661R,,,,,,,"Rhodes(2004),Thompson(2012),Glazer(2020)","10.1073/pnas.0402482101,10.1074/jbc.M112.421883,10.1016/j.ajhg.2020.05.015",0,2,0,"EPI, BrS","Ohmori(2002),Kapplinger(2010),VanMalderen(2017)","10.1016/s0006-291x(02)00617-4,10.1016/j.hrthm.2009.09.069,10.1253/circj.CJ-16-1279",-,D4S5
1825,,L_1675,L_1665,L_1660,L_1487,L_1662,L_1385,L_1656,L_1638,L_1612,L_1502,"SCN1A:Dravet syndrome,Dravet syndrome;SCN2A:Epileptic encephalopathy",,,0,0,0,,,,,D4S5
1826,,L_1676,L_1666,L_1661,L_1488,L_1663,L_1386,L_1657,L_1639,L_1613,L_1503,SCN4A:not provided,,,0,0,0,,,,,D4S5
1827,,L_1677,L_1667,L_1662,L_1489,L_1664,I_1387,L_1658,L_1640,L_1614,L_1504,SCN1A:Dravet syndrome,,,0,0,0,,,,,D4S5
1828,,F_1678,F_1668,F_1663,F_1490,F_1665,F_1388,F_1659,F_1641,F_1615,F_1505,N/A,,,0,0,0,,,,,D4S5
1829,,L_1679,L_1669,L_1664,L_1491,L_1666,L_1389,L_1660,L_1642,L_1616,L_1506,N/A,,,0,0,0,,,,,D4S5
1830,,V_1680,V_1670,V_1665,V_1492,V_1667,V_1390,V_1661,V_1643,V_1617,I_1507,SCN5A:Long QT syndrome,,,0,0,0,,,,,D4S5
1831,,M_1681,M_1671,M_1666,M_1493,M_1668,M_1391,M_1662,M_1644,M_1618,M_1508,N/A,,,0,0,0,,,,,D4S5
1832,,F_1682,F_1672,F_1667,F_1494,F_1669,F_1392,F_1663,F_1645,F_1619,F_1509,N/A,,,0,0,0,,,,,D4S5
1833,,I_1683,I_1673,I_1668,I_1495,I_1670,I_1393,I_1664,I_1646,I_1620,I_1510,"SCN4A:Hyperkalemic Periodic Paralysis Type 1,Hyperkalaemic periodic paralysis",,,0,0,0,,,,,D4S5
,Mixed variants:,,,,I1495F,,,,,,,,Bendahhou(1999),10.1111/j.1469-7793.1999.0337p.x,0,0,1,HyperPP,Bendahhou(1999),10.1111/j.1469-7793.1999.0337p.x,-,D4S5
1834,,Y_1684,Y_1674,Y_1669,Y_1496,Y_1671,Y_1394,F_1665,Y_1647,Y_1621,Y_1511,SCN1A:Intractable epilepsy,,,0,0,0,,,,,D4S5
,LoF variants:,,,Y1669C,,,,,,,,,Zaman(2020),10.1002/ana.25809,0,1,0,ASD,Zaman(2020),10.1002/ana.25809,-,D4S5
1835,,A_1685,A_1675,A_1670,S_1497,S_1672,A_1395,S_1666,A_1648,S_1622,A_1512,"SCN1A:Severe myoclonic epilepsy of infancy,Febrile seizures;SCN5A:Brugada syndrome",,,0,0,0,,,,,D4S5
,LoF variants:,"A1685D, A1685V",,,,S1672Y,,,,,,,"Sugiura(2012),Lossin(2003),Sugiura(2012),Glazer(2020)","10.1111/j.1528-1167.2012.03467.x,10.1523/jneurosci.23-36-11289.2003,10.1111/j.1528-1167.2012.03467.x,10.1016/j.ajhg.2020.05.015",0,3,0,EPI,"Fujiwara(2003),Sugawara(2001),Glazer(2020)","10.1093/brain/awg053,10.1212/wnl.57.4.703,10.1016/j.ajhg.2020.05.015",-,D4S5
1836,,I_1686,I_1676,I_1671,I_1498,I_1673,V_1396,I_1667,I_1649,I_1623,I_1513,N/A,,,0,0,0,,,,,D4S5-6 linker
1837,,F_1687,F_1677,F_1672,F_1499,F_1674,F_1397,F_1668,F_1650,F_1624,L_1514,SCN1A:Severe myoclonic epilepsy of infancy,,,0,0,0,,,,,D4S5-6 linker
1838,,G_1688,G_1678,G_1673,G_1500,G_1675,G_1398,G_1669,G_1651,G_1625,G_1515,SCN1A:Dravet syndrome,,,0,0,0,,,,,D4S5-6 linker
1839,,M_1689,M_1679,M_1674,M_1501,M_1676,M_1399,M_1670,M_1652,M_1626,M_1516,SCN1A:Dravet syndrome,,,0,0,0,,,,,D4S5-6 linker
1840,,S_1690,S_1680,S_1675,S_1502,A_1677,Y_1400,S_1671,S_1653,S_1627,N_1517,N/A,,,0,0,0,,,,,D4S5-6 linker
1841,,N_1691,N_1681,N_1676,N_1503,N_1678,N_1401,N_1672,N_1654,S_1628,W_1518,N/A,,,0,0,0,,,,,D4S5-6 linker
1842,,F_1692,F_1682,F_1677,F_1504,F_1679,F_1402,F_1673,F_1655,F_1629,F_1519,SCN1A:Severe myoclonic epilepsy of infancy;SCN2A:Epilepsy,,,0,0,0,,,,,D4S5-6 linker
1843,,A_1693,A_1683,A_1678,A_1505,A_1680,A_1403,A_1674,A_1656,P_1630,S_1520,SCN5A:Sudden adult death syndrome,,,0,0,0,,,,,D4S5-6 linker
1844,,Y_1694,Y_1684,Y_1679,Y_1506,Y_1681,Y_1404,Y_1675,Y_1657,H_1631,K_1521,SCN1A:Severe myoclonic epilepsy of infancy,,,0,0,0,,,,,D4S5-6 linker
1845,,V_1695,V_1685,V_1680,V_1507,V_1682,V_1405,V_1676,V_1658,V_1632,V_1522,N/A,,,0,0,0,,,,,D4S5-6 linker
1846,,K_1696,K_1686,K_1681,K_1508,K_1683,K_1406,K_1677,K_1659,R_1633,N_1523,N/A,,,0,0,0,,,,,D4S5-6 linker
1847,,R_1697,R_1687,K_1682,K_1509,W_1684,K_1407,H_1678,K_1660,W_1634,P_1524,N/A,,,0,0,0,,,,,D4S5-6 linker
1848,,E_1698,E_1688,E_1683,E_1510,E_1685,E_1408,E_1679,E_1661,E_1635,E_1525,N/A,,,0,0,0,,,,,D4S5-6 linker
1849,,V_1699,V_1689,A_1684,S_1511,A_1686,A_1409,A_1680,D_1662,A_1636,S_1526,N/A,,,0,0,0,,,,,D4S5-6 linker
1850,,G_1700,G_1690,G_1685,G_1512,G_1687,G_1410,G_1681,G_1663,G_1637,G_1527,N/A,,,0,0,0,,,,,D4S5-6 linker
1851,,I_1701,I_1691,I_1686,I_1513,I_1688,I_1411,I_1682,I_1664,I_1638,I_1528,N/A,,,0,0,0,,,,,D4S5-6 linker
1852,,D_1702,D_1692,D_1687,D_1514,D_1689,N_1412,D_1683,N_1665,D_1639,D_1529,"SCN1A:Dravet syndrome,Epilepsy and/or neurodevelopmental disorders;SCN10A:Painful small fibre neuropathy with gastroparesis",,,0,0,0,,,,,D4S5-6 linker
1853,,D_1703,D_1693,D_1688,D_1515,D_1690,D_1413,D_1684,D_1666,D_1640,D_1530,"SCN1A:Dravet syndrome,Dravet syndrome;SCN5A:Brugada syndrome",,,0,0,0,,,,,D4S5-6 linker
,LoF variants:,,,,,D1690N,,,,,,,"Zeng(2016),Nunez(2013)","10.3892/mmr.2016.5162,10.1016/j.hrthm.2012.10.025",0,1,0,BrS,"Zeng(2016),Nunez(2013)","10.3892/mmr.2016.5162,10.1016/j.hrthm.2012.10.025",0.00000398,D4S5-6 linker
1854,,M_1704,M_1694,M_1689,M_1516,M_1691,V_1414,M_1685,M_1667,M_1641,I_1531,N/A,,,0,0,0,,,,,D4S5-6 linker
1855,,F_1705,F_1695,F_1690,F_1517,F_1692,S_1415,F_1686,F_1668,F_1642,F_1532,N/A,,,0,0,0,,,,,D4S5-6 linker
1856,,N_1706,N_1696,N_1691,N_1518,N_1693,N_1416,N_1687,N_1669,N_1643,N_1533,N/A,,,0,0,0,,,,,D4S5-6 linker
1857,,F_1707,F_1697,F_1692,F_1519,F_1694,F_1417,F_1688,F_1670,F_1644,F_1534,"SCN1A:Epilepsy and/or neurodevelopmental disorders,Severe myoclonic epilepsy of infancy",,,0,0,0,,,,,D4S5-6 linker
1858,,E_1708,E_1698,E_1693,E_1520,Q_1695,E_1418,E_1689,E_1671,Q_1645,K_1535,SCN4A:Sudden infant death syndrome,,,0,0,0,,,,,D4S5-6 linker
1859,,T_1709,T_1699,T_1694,T_1521,T_1696,T_1419,T_1690,T_1672,T_1646,T_1536,"SCN1A:Dravet syndrome,Severe myoclonic epilepsy of infancy",,,0,0,0,,,,,D4-Pore
,LoF variants:,T1709I,,,,,,,,,,,Rhodes(2005),10.1113/jphysiol.2005.094326,0,1,0,EPI,Fujiwara(2003),10.1093/brain/awg053,-,D4-Pore
1860,,F_1710,F_1700,F_1695,F_1522,F_1697,F_1420,F_1691,F_1673,F_1647,F_1537,N/A,,,0,0,0,,,,,D4-Pore
1861,,G_1711,G_1701,G_1696,G_1523,A_1698,G_1421,G_1692,G_1674,A_1648,A_1538,SCN1A:Epilepsy and/or neurodevelopmental disorders;SCN5A:Brugada syndrome,,,0,0,0,,,,,D4-Pore
1862,,N_1712,N_1702,N_1697,N_1524,N_1699,N_1422,N_1693,N_1675,N_1649,S_1539,SCN1A:Dravet syndrome,,,0,0,0,,,,,D4-Pore
1863,,S_1713,S_1703,S_1698,S_1525,S_1700,S_1423,S_1694,S_1676,S_1650,S_1540,SCN1A:Severe myoclonic epilepsy of infancy;SCN5A:Irritable bowel syndrome,,,0,0,0,,,,,D4-Pore
1864,,M_1714,M_1704,M_1699,I_1526,M_1701,M_1424,M_1695,M_1677,M_1651,M_1541,"SCN1A:Dravet syndrome,Severe myoclonic epilepsy of infancy",,,0,0,0,,,,,D4-Pore
1865,,I_1715,I_1705,I_1700,I_1527,L_1702,L_1425,I_1696,I_1678,L_1652,L_1542,N/A,,,0,0,0,,,,,D4-Pore
1866,,C_1716,C_1706,C_1701,C_1528,C_1703,C_1426,C_1697,C_1679,C_1653,C_1543,SCN1A:Severe myoclonic epilepsy of infancy;SCN2A:Benign familial neonatal-infantile seizures,,,0,0,0,,,,,D4-Pore
1867,,L_1717,L_1707,L_1702,L_1529,L_1704,L_1427,L_1698,L_1680,L_1654,L_1544,SCN1A:Dravet syndrome,,,0,0,0,,,,,D4-Pore
1868,,F_1718,F_1708,F_1703,F_1530,F_1705,F_1428,F_1699,F_1681,F_1655,F_1545,SCN5A:Sudden infant death syndrome,,,0,0,0,,,,,D4-Pore
1869,,Q_1719,Q_1709,Q_1704,E_1531,Q_1706,Q_1429,Q_1700,Q_1682,Q_1656,Q_1546,SCN5A:Brugada syndrome,,,0,0,0,,,,,D4-Pore
1870,,I_1720,I_1710,I_1705,I_1532,I_1707,V_1430,I_1701,I_1683,I_1657,I_1547,N/A,,,0,0,0,,,,,D4-Pore
1871,,T_1721,T_1711,T_1706,T_1533,T_1708,A_1431,T_1702,T_1684,T_1658,S_1548,"SCN1A:Severe myoclonic epilepsy of infancy,Seizures;SCN5A:Brugada syndrome",,,0,0,0,,,,,D4-Pore
1872,,T_1722,T_1712,T_1707,T_1534,T_1709,I_1432,T_1703,T_1685,T_1659,T_1549,"SCN1A:Dravet syndrome;SCN4A:Abnormality of the nervous system;SCN5A:Brugada syndrome,Brugada syndrome",,,0,0,0,,,,,D4-Pore
,LoF variants:,,,,,T1709M,,,,,,,Glazer(2020),10.1016/j.ajhg.2020.05.015,0,1,0,"LQT3, BrS","Kapplinger(2010),Lakshmanadoss(2016)","10.1016/j.hrthm.2009.09.069,10.1016/j.ipej.2016.07.001",0.00000398,D4-Pore
1873,,S_1723,S_1713,S_1708,S_1535,S_1710,F_1433,S_1704,S_1686,S_1660,S_1550,SCN1A:Epilepsy and/or neurodevelopmental disorders;SCN5A:Ventricular fibrillation- idiopathic,,,0,0,0,,,,,D4-Pore
1874,,A_1724,A_1714,A_1709,A_1536,A_1711,A_1434,A_1705,A_1687,A_1661,A_1551,"SCN1A:Dravet syndrome,Intractable epilepsy",,,0,0,0,,,,,D4-Pore
1875,,G_1725,G_1715,G_1710,G_1537,G_1712,G_1435,G_1706,G_1688,G_1662,G_1552,"SCN1A:Dravet syndrome,Dravet syndrome;SCN4A:Essential tremor;SCN5A:Brugada syndrome,Brugada syndrome;SCN10A:Small fibre neuropathy",,,0,0,0,,,,,D4-Pore
,GoF variants:,,,,,,,,,G1662S,,,Han(2014),10.1136/jnnp-2013-306095,1,0,0,SFN,Han(2014),10.1136/jnnp-2013-306095,0.00136,D4-Pore
,LoF variants:,,,,,G1712C,,,,,,,Chen(2016),10.1161/jaha.116.004050,0,1,0,BrS,"Kapplinger(2015),Chen(2016)","10.1161/circgenetics.114.000831,10.1161/jaha.116.004050",-,D4-Pore
1876,,W_1726,W_1716,W_1711,W_1538,W_1713,W_1436,W_1707,W_1689,W_1663,W_1553,SCN1A:Severe myoclonic epilepsy of infancy,,,0,0,0,,,,,D4-Pore
1877,,D_1727,D_1717,D_1712,D_1539,D_1714,D_1437,D_1708,D_1690,D_1664,D_1554,"SCN1A:Severe myoclonic epilepsy of infancy,Dravet syndrome;SCN5A:Brugada syndrome",,,0,0,0,,,,,D4-Pore
,LoF variants:,,,,,D1714G,,,,,,,Amin(2005),10.1111/j.1365-201X.2005.01496.x,0,1,0,BrS,Amin(2005),10.1111/j.1365-201X.2005.01496.x,-,D4-Pore
1878,,G_1728,G_1718,G_1713,G_1540,G_1715,G_1438,G_1709,G_1691,G_1665,S_1555,SCN1A:Febrile seizures plus,,,0,0,0,,,,,D4-Pore
1879,,L_1729,L_1719,L_1714,L_1541,L_1716,M_1439,L_1710,L_1692,L_1666,L_1556,SCN1A:Dravet syndrome,,,0,0,0,,,,,D4-Pore
1880,,L_1730,L_1720,L_1715,L_1542,L_1717,L_1440,L_1711,L_1693,L_1667,L_1557,SCN1A:Epilepsy and/or neurodevelopmental disorders;SCN5A:Brugada syndrome,,,0,0,0,,,,,D4-Pore
1881,,A_1731,A_1721,A_1716,N_1543,S_1718,D_1441,L_1712,A_1694,S_1668,S_1558,SCN1A:Dravet syndrome,,,0,0,0,,,,,D4S5-6 linker
1882,,P_1732,P_1722,P_1717,P_1544,P_1719,A_1442,P_1713,P_1695,P_1669,P_1559,SCN1A:Dravet syndrome,,,0,0,0,,,,,D4S5-6 linker
1883,,I_1733,I_1723,I_1718,I_1545,I_1720,I_1443,I_1714,I_1696,I_1670,M_1560,N/A,,,0,0,0,,,,,D4S5-6 linker
1884,,L_1734,L_1724,L_1719,L_1546,L_1721,F_1444,L_1715,L_1697,L_1671,L_1561,SCN1A:Epilepsy and/or neurodevelopmental disorders,,,0,0,0,,,,,D4S5-6 linker
1885,,N_1735,N_1725,N_1720,N_1547,N_1722,N_1445,N_1716,N_1698,N_1672,R_1562,SCN5A:Brugada syndrome,,,0,0,0,,,,,D4S5-6 linker
,LoF variants:,,,,,N1722D,,,,,,,Glazer(2020),10.1016/j.ajhg.2020.05.015,0,1,0,BrS,Probst(2009),10.1161/circgenetics.109.853374,-,D4S5-6 linker
1886,,S_1736,S_1726,S_1721,S_1548,T_1723,S_1446,-,S_1699,T_1673,S_1563,SCN5A:Long QT syndrome,,,0,0,0,,,,,D4S5-6 linker
1887,,K_1737,G_1727,A_1722,G_1549,G_1724,K_1447,R_1717,K_1700,G_1674,K_1564,N/A,,,0,0,0,,,,,D4S5-6 linker
1888,,P_1738,P_1728,P_1723,P_1550,P_1725,W_1448,P_1718,P_1701,P_1675,E_1565,SCN5A:Long QT syndrome,,,0,0,0,,,,,D4S5-6 linker
1889,,P_1739,P_1729,P_1724,P_1551,P_1726,S_1449,P_1719,P_1702,P_1676,S_1566,"SCN8A:MYOCLONUS- FAMILIAL- 2,Myoclonus- isolated without seizures",,,0,0,0,,,,,D4S5-6 linker
1890,,D_1740,D_1730,D_1725,D_1552,Y_1727,D_1450,D_1720,D_1703,Y_1677,-,SCN1A:Febrile seizures/febrile seizures plus and focal seizures,,,0,0,0,,,,,D4S5-6 linker
1891,,C_1741,C_1731,C_1726,C_1553,C_1728,C_1451,C_1721,C_1704,C_1678,C_1567,"SCN1A:Lennox-Gastaut syndrome,Dravet syndrome,Severe myoclonic epilepsy of infancy;SCN5A:Brugada syndrome,Brugada syndrome",,,0,0,0,,,,,D4S5-6 linker
1892,,D_1742,D_1732,D_1727,D_1554,D_1729,D_1452,S_1722,D_1705,D_1679,N_1568,"SCN1A:Dravet syndrome- late-onset,Generalized epilepsy with febrile seizures plus",,,0,0,0,,,,,D4S5-6 linker
1893,,P_1743,P_1733,P_1728,P_1555,P_1730,P_1453,L_1723,P_1706,P_1680,S_1569,SCN5A:Brugada syndrome,,,0,0,0,,,,,D4S5-6 linker
,LoF variants:,,,,,P1730H,,,,,,,Glazer(2020),10.1016/j.ajhg.2020.05.015,0,1,0,BrS,VanMalderen(2017),10.1253/circj.CJ-16-1279,-,D4S5-6 linker
1894,,N_1744,D_1734,D_1729,N_1556,T_1731,D_1454,D_1724,K_1707,N_1681,S_1570,SCN1A:Generalized epilepsy with febrile seizures plus,,,0,0,0,,,,,D4S5-6 linker
1895,,K_1745,K_1735,T_1730,L_1557,L_1732,K_1455,K_1725,K_1708,L_1682,S_1571,N/A,,,0,0,0,,,,,D4S5-6 linker
1896,,V_1746,D_1736,I_1731,E_1558,P_1733,I_1456,E_1726,V_1709,P_1683,E_1572,N/A,,,0,0,0,,,,,D4S5-6 linker
1897,,N_1747,H_1737,H_1732,N_1559,N_1734,N_1457,H_1727,H_1710,N_1684,N_1573,N/A,,,0,0,0,,,,,D4S5-6 linker
1898,,P_1748,P_1738,P_1733,P_1560,S_1735,P_1458,P_1728,P_1711,S_1685,-,SCN1A:not provided,,,0,0,0,,,,,D4S5-6 linker
1899,,G_1749,G_1739,G_1734,G_1561,N_1736,G_1459,G_1729,G_1712,N_1686,-,SCN1A:Severe myoclonic epilepsy of infancy,,,0,0,0,,,,,D4S5-6 linker
,LoF variants:,G1749E,,,,,,,,,,,Rhodes(2004),10.1073/pnas.0402482101,0,1,0,EPI,Claes(2003),10.1002/humu.10217,-,D4S5-6 linker
1900,,S_1750,S_1740,S_1735,T_1562,G_1737,T_1460,S_1730,S_1713,G_1687,-,N/A,,,0,0,0,,,,,D4S5-6 linker
1901,,S_1751,S_1741,S_1736,S_1563,S_1738,Q_1461,G_1731,S_1714,T_1688,-,N/A,,,0,0,0,,,,,D4S5-6 linker
1902,,V_1752,V_1742,V_1737,V_1564,-,V_1462,F_1732,V_1715,-,-,N/A,,,0,0,0,,,,,D4S5-6 linker
1903,,K_1753,K_1743,K_1738,K_1565,R_1739,R_1463,K_1733,E_1716,R_1689,-,SCN5A:Long QT syndrome,,,0,0,0,,,,,D4S5-6 linker
1904,,G_1754,G_1744,G_1739,G_1566,G_1740,G_1464,G_1734,G_1717,G_1690,-,"SCN1A:Epilepsy and/or neurodevelopmental disorders,Dravet syndrome;SCN2A:Benign familial neonatal-infantile seizures;Early infantile epileptic encephalopathy 11,Intellectual disability/Autism spectrum disorder;SCN5A:Brugada syndrome",,,0,0,0,,,,,D4S5-6 linker
,LoF variants:,,,,,G1740R,,,,,,,Baroudi(2004),10.3389/fgene.2019.00547,0,1,0,BrS,"Baroudi(2004),Kapplinger(2010)","10.3389/fgene.2019.00547,10.1016/j.hrthm.2009.09.069",-,D4S5-6 linker
1905,,D_1755,D_1745,D_1740,D_1567,D_1741,D_1465,D_1735,D_1718,D_1691,-,SCN1A:Dravet syndrome,,,0,0,0,,,,,D4S5-6 linker
1906,,C_1756,C_1746,C_1741,C_1568,C_1742,C_1466,C_1736,C_1719,C_1692,C_1574,SCN1A:Severe myoclonic epilepsy of infancy;SCN9A:Congenital indifference to pain,,,0,0,0,,,,,D4S5-6 linker
1907,,G_1757,G_1747,G_1742,G_1569,G_1743,G_1467,G_1737,G_1720,G_1693,H_1575,"SCN1A:Dravet syndrome,Dravet syndrome;SCN5A:Brugada syndrome",,,0,0,0,,,,,D4S5-6 linker
,LoF variants:,,,,,G1743R,,,,,,,Valdivia(2004),10.1016/j.cardiores.2004.01.022,0,1,0,BrS,"Takahata(2003),Valdivia(2004)","10.1016/s0024-3205(03)00121-8,10.1016/j.cardiores.2004.01.022",-,D4S5-6 linker
1908,,N_1758,N_1748,N_1743,N_1570,S_1744,N_1468,N_1738,N_1721,S_1694,L_1576,N/A,,,0,0,0,,,,,D4S5-6 linker
1909,,P_1759,P_1749,P_1744,P_1571,P_1745,P_1469,P_1739,P_1722,P_1695,P_1577,N/A,,,0,0,0,,,,,D4S5-6 linker
1910,,S_1760,S_1750,S_1745,S_1572,A_1746,S_1470,S_1740,S_1723,A_1696,G_1578,SCN5A:Long QT syndrome,,,0,0,0,,,,,D4S5-6 linker
1911,,V_1761,V_1751,V_1746,I_1573,V_1747,V_1471,V_1741,V_1724,V_1697,I_1579,SCN5A:Long QT syndrome,,,0,0,0,,,,,D4S5-6 linker
1912,,G_1762,G_1752,G_1747,G_1574,G_1748,G_1472,G_1742,G_1725,G_1698,A_1580,SCN1A:Severe myoclonic epilepsy of infancy;SCN9A:Congenital indifference to pain;SCN5A:Brugada syndrome,,,0,0,0,,,,,D4S6
,LoF variants:,,,,,G1748D,,,,,,,Nunez(2013),10.1016/j.hrthm.2012.10.025,0,1,0,BrS,Nunez(2013),10.1016/j.hrthm.2012.10.025,-,D4S6
1913,,I_1763,I_1753,I_1748,I_1575,I_1749,I_1473,I_1743,I_1726,I_1699,T_1581,N/A,,,0,0,0,,,,,D4S6
1914,,F_1764,F_1754,F_1749,C_1576,L_1750,F_1474,F_1744,F_1727,I_1700,S_1582,SCN1A:Epilepsy and/or neurodevelopmental disorders,,,0,0,0,,,,,D4S6
1915,,F_1765,F_1755,F_1750,F_1577,F_1751,Y_1475,F_1745,Y_1728,F_1701,Y_1583,SCN1A:Generalized epilepsy with febrile seizures plus,,,0,0,0,,,,,D4S6
,LoF variants:,F1765L,,,,,,,,,,,Liao(2010b),10.1111/j.1528-1167.2010.02645.x,0,1,0,EPI,Liao(2010b),10.1111/j.1528-1167.2010.02645.x,-,D4S6
1916,,F_1766,F_1756,F_1751,F_1578,F_1752,F_1476,F_1746,F_1729,F_1702,F_1584,N/A,,,0,0,0,,,,,D4S6
1917,,V_1767,V_1757,V_1752,C_1579,T_1753,V_1477,V_1747,V_1730,T_1703,V_1585,N/A,,,0,0,0,,,,,D4S6
1918,,S_1768,S_1758,S_1753,S_1580,T_1754,S_1478,S_1748,S_1731,T_1704,S_1586,SCN1A:Epilepsy;SCN2A:not provided,,,0,0,0,,,,,D4S6
1919,,Y_1769,Y_1759,Y_1754,Y_1581,Y_1755,Y_1479,Y_1749,Y_1732,Y_1705,Y_1587,SCN1A:Generalized epilepsy with febrile seizures plus,,,0,0,0,,,,,D4S6
1920,,I_1770,I_1760,I_1755,I_1582,I_1756,I_1480,I_1750,I_1733,I_1706,I_1588,SCN10A:Small fibre neuropathy,,,0,0,0,,,,,D4S6
,GoF variants:,,,,,,,,,I1706V,,,Huang(2013),10.1523/jneurosci.2710-13.2013,1,0,0,SFN,Huang(2013),10.1523/jneurosci.2710-13.2013,-,D4S6
1921,,I_1771,I_1761,I_1756,I_1583,I_1757,L_1481,I_1751,I_1734,I_1707,I_1589,"SCN1A:Dravet syndrome,Cryptogenic focal epilepsy",,,0,0,0,,,,,D4S6
1922,,I_1772,I_1762,I_1757,I_1584,I_1758,I_1482,I_1752,I_1735,I_1708,I_1590,SCN5A:Long QT syndrome,,,0,0,0,,,,,D4S6
1923,,S_1773,S_1763,S_1758,S_1585,S_1759,S_1483,S_1753,S_1736,S_1709,S_1591,"SCN1A:Severe myoclonic epilepsy of infancy,Developmental and epileptic encephalopathy",,,0,0,0,,,,,D4S6
1924,,F_1774,F_1764,F_1759,F_1586,F_1760,W_1484,F_1754,F_1737,F_1710,F_1592,SCN1A:Hemiplegic migraine;SCN8A:Epileptic encephalopathy- infantile,,,0,0,0,,,,,D4S6
,GoF variants:,F1774S,,,,,,,,,,,Bertelli(2019),10.1177/0333102418788336,1,0,0,FHM,Chastan(2016),10.1016/j.neucli.2016.03.004,-,D4S6
1925,,L_1775,L_1765,L_1760,L_1587,L_1761,L_1485,L_1755,L_1738,L_1711,L_1593,"SCN1A:Dravet syndrome;SCN2A:Cerebral palsy;SCN5A:Long QT syndrome,Long QT syndrome",,,0,0,0,,,,,D4S6
1926,,V_1776,V_1766,V_1761,I_1588,I_1762,I_1486,I_1756,V_1739,I_1712,I_1594,SCN1A:Dravet syndrome,,,0,0,0,,,,,D4S6
,GoF variants:,,,,,I1762A,,,,,,,Chang(2004),10.1016/j.cardiores.2004.07.007,1,0,0,LQT3,Chang(2004),10.1016/j.cardiores.2004.07.007,-,D4S6
1927,,V_1777,V_1767,V_1762,V_1589,V_1763,I_1487,V_1757,V_1740,M_1713,V_1595,"SCN9A:Paroxysmal extreme pain disorder;SCN8A:SCN8A-related disorder;SCN4A:Hyperkalemic Periodic Paralysis Type 1;Paramyotonia congenita of von Eulenburg;Potassium aggravated myotonia;not provided,Myotonia;SCN5A:Long QT syndrome,Long QT syndrome",,,0,0,0,,,,,D4S6
,GoF variants:,,,,,V1763M,,,,,,,Chang(2004),10.1016/j.cardiores.2004.07.007,1,0,0,LQT3,Chang(2004),10.1016/j.cardiores.2004.07.007,-,D4S6
1928,,V_1778,V_1768,V_1763,V_1590,V_1764,V_1488,V_1758,V_1741,V_1714,V_1596,SCN5A:Brugada syndrome,,,0,0,0,,,,,D4S6
,LoF variants:,,,,,,,V1758A,,,,,Chang(2004),10.1016/j.cardiores.2004.07.007,0,1,0,EPI,Zaman(2019),10.1002/acn3.50839,-,D4S6
,GoF variants:,,,,,V1764M,,,,,,,Zaman(2019),10.1002/acn3.50839,1,0,0,LQT3,Chang(2004),10.1016/j.cardiores.2004.07.007,-,D4S6
1929,,N_1779,N_1769,N_1764,N_1591,N_1765,N_1489,N_1759,N_1742,N_1715,N_1597,SCN2A:Benign familial neonatal-infantile seizures;Early infantile epileptic encephalopathy 11;SCN8A:Early infantile epileptic encephalopathy 13,,,0,0,0,,,,,D4S6
1930,,M_1780,M_1770,M_1765,M_1592,M_1766,M_1490,M_1760,M_1743,M_1716,M_1598,"SCN1A:Severe myoclonic epilepsy of infancy;SCN2A:Inborn genetic diseases;SCN8A:History of neurodevelopmental disorder;Inborn genetic diseases,Epileptic encephalopathy & severe intellectual disability;SCN4A:not provided,Congenital myasthenic syndrome- acetazolamide-responsive;Hyperkalemic Periodic Paralysis Type 1;Hypokalemic periodic paralysis 1;Hypokalemic periodic paralysis- type 2;Paramyotonia congenita of von Eulenburg;Potassium aggravated myotonia;not provided,Congenital myasthenic syndrome- acetazolamide-responsive;Familial hyperkalemic periodic paralysis;Hyperkalemic Periodic Paralysis Type 1;Hyperkalemic Periodic Paralysis Type 1;Hypokalemic periodic paralysis 1;Hypokalemic periodic paralysis- type 2;Paramyotonia congenita of von Eulenburg;Paramyotonia congenita/hyperkalemic periodic paralysis;Potassium aggravated myotonia;not provided,Hyperkalaemic periodic paralysis;SCN5A:Long QT syndrome,Long QT syndrome",,,0,0,0,,,,,D4S6
,GoF variants:,,,M1765I,,,,M1760I,,,,,"Zaman(2020),Liu(2019)","10.1002/ana.25809,10.1093/brain/awy326",2,0,0,"EPI/PMG, EPI","Zaman(2020),Liu(2019)","10.1002/ana.25809,10.1093/brain/awy326",-,D4S6
,Mixed variants:,,,,,M1766L,,,,,,,"Valdivia(2002),Ye(2003)","10.1016/s0008-6363(02)00445-5,10.1152/physiolgenomics.00117.2002",0,0,1,LQT3,"Valdivia(2002),Ye(2003)","10.1016/s0008-6363(02)00445-5,10.1152/physiolgenomics.00117.2002",-,D4S6
1931,,Y_1781,Y_1771,Y_1766,Y_1593,Y_1767,Y_1491,Y_1761,Y_1744,Y_1717,Y_1599,"SCN1A:Severe myoclonic epilepsy of infancy,Dravet syndrome;SCN2A:Episodic ataxia;SCN5A:Long QT syndrome",,,0,0,0,,,,,D4S6
,GoF variants:,,,,,Y1767C,,,,,,,"Huang(2006),Huang(2011)","10.1016/s0828-282x(06)70915-1,10.1152/ajpheart.00539.2010",1,0,0,LQT3,Huang(2011),10.1152/ajpheart.00539.2010,-,D4S6
1932,,I_1782,I_1772,I_1767,I_1594,I_1768,I_1492,I_1762,I_1745,I_1718,I_1600,"SCN1A:Dravet syndrome,Dravet syndrome;SCN5A:Long QT syndrome",,,0,0,0,,,,,D4S6
,GoF variants:,,,,,I1768V,,,,,,,"Rivolta(2002),Clancy(2003)","10.1152/physiolgenomics.00039.2002,10.1161/01.Cir.0000069273.51375.Bd",1,0,0,LQT3,Rivolta(2002),10.1152/physiolgenomics.00039.2002,-,D4S6
1933,,A_1783,A_1773,A_1768,A_1595,A_1769,V_1493,A_1763,A_1746,A_1719,A_1601,"SCN1A:Severe myoclonic epilepsy of infancy;SCN2A:Benign familial neonatal-infantile seizures;Early infantile epileptic encephalopathy 11;Inborn genetic diseases;not provided,Epilepsy and/or neurodevelopmental disorders,Inborn genetic diseases;SCN9A:Erythromelalgia- primary",,,0,0,0,,,,,D4S6
,GoF variants:,,,,,,,,A1746G,,,,Cregg(2013),10.1007/s12017-012-8216-8,1,0,0,IEM,Cregg(2013),10.1007/s12017-012-8216-8,-,D4S6
,LoF variants:,,A1773T,,,,,,,,,,Miao(2020),10.1002/mgg3.1250,0,0,1,EPI,Miao(2020),10.1002/mgg3.1250,-,D4S6
1934,,V_1784,V_1774,V_1769,I_1596,I_1770,V_1494,I_1764,V_1747,V_1720,V_1602,"SCN3A:Early infantile epileptic encephalopathy 62;Inborn genetic diseases,Epileptic encephalopathy- early infantile;SCN8A:Developmental and epileptic encephalopathy",,,0,0,0,,,,,D4S6
,GoF variants:,,,V1769A,,,,,,,,,"Zaman(2018),Zaman(2020)","10.1002/ana.25188,10.1002/ana.25809",1,0,0,EPI,Zaman(2018),10.1002/ana.25188,-,C-terminal
1935,,I_1785,I_1775,I_1770,I_1597,I_1771,V_1495,I_1765,I_1748,I_1721,I_1603,N/A,,,0,0,0,,,,,C-terminal
1936,,L_1786,L_1776,L_1771,L_1598,L_1772,M_1496,L_1766,L_1749,L_1722,L_1604,SCN5A:Long QT syndrome,,,0,0,0,,,,,C-terminal
1937,,E_1787,E_1777,E_1772,E_1599,E_1773,E_1497,E_1767,E_1750,E_1723,E_1605,"SCN1A:Epilepsy and/or neurodevelopmental disorders,Severe myoclonic epilepsy of infancy",,,0,0,0,,,,,C-terminal
1938,,N_1788,N_1778,N_1773,N_1600,N_1774,F_1498,N_1768,N_1751,N_1724,N_1606,"SCN8A:Early infantile epileptic encephalopathy 13,Epileptic encephalopathy- infantile;SCN5A:Brugada syndrome,Long QT syndrome",,,0,0,0,,,,,C-terminal
,GoF variants:,,,,,N1774D,,N1768D,,,,,"Kato(2014),Veeramah(2012),Patel(2016),Baker(2018)","10.1111/jce.12270,10.1016/j.ajhg.2012.01.006,10.1093/brain/aww129,10.1111/epi.14196",2,0,0,"LQT3, EPI","Kato(2014),Veeramah(2012)","10.1111/jce.12270,10.1016/j.ajhg.2012.01.006",-,C-terminal
,Mixed variants:,,,,,N1774H,,,,,,,Neubauer(2019),10.1007/s00414-019-02141-x,0,0,1,LQT3,Neubauer(2019),10.1007/s00414-019-02141-x,-,C-terminal
1939,,F_1789,F_1779,F_1774,F_1601,F_1775,L_1499,F_1769,F_1752,F_1725,F_1607,N/A,,,0,0,0,,,,,C-terminal
1940,,S_1790,S_1780,S_1775,N_1602,S_1776,N_1500,S_1770,S_1753,N_1726,N_1608,SCN2A:Epilepsy and/or neurodevelopmental disorders,,,0,0,0,,,,,C-terminal
1941,,V_1791,V_1781,V_1776,V_1603,V_1777,I_1501,V_1771,V_1754,V_1727,T_1609,"SCN5A:Cardiac conduction disorder,Long QT syndrome",,,0,0,0,,,,,C-terminal
1942,,A_1792,A_1782,A_1777,A_1604,A_1778,A_1502,A_1772,A_1755,A_1728,A_1610,"SCN1A:Epilepsy and/or neurodevelopmental disorders,Dravet syndrome,Severe myoclonic epilepsy of infancy",,,0,0,0,,,,,C-terminal
1943,,T_1793,T_1783,T_1778,T_1605,T_1779,S_1503,T_1773,T_1756,T_1729,T_1611,SCN1A:Dravet syndrome;SCN5A:Long QT syndrome,,,0,0,0,,,,,C-terminal
1944,,E_1794,E_1784,E_1779,E_1606,E_1780,K_1504,E_1774,E_1757,E_1730,E_1612,N/A,,,0,0,0,,,,,C-terminal
1945,,E_1795,E_1785,E_1780,E_1607,E_1781,K_1505,E_1775,E_1758,E_1731,E_1613,"SCN1A:Generalized epilepsy with febrile seizures plus,Epilepsy and/or neurodevelopmental disorders;SCN5A:Long QT syndrome",,,0,0,0,,,,,C-terminal
1946,,S_1796,S_1786,S_1781,S_1608,S_1782,K_1506,S_1776,S_1759,S_1732,S_1614,N/A,,,0,0,0,,,,,C-terminal
1947,,A_1797,A_1787,A_1782,S_1609,T_1783,N_1507,A_1777,T_1760,T_1733,E_1615,SCN1A:Tonic-clonic & focal seizures,,,0,0,0,,,,,C-terminal
1948,,E_1798,E_1788,E_1783,E_1610,E_1784,K_1508,D_1778,E_1761,E_1734,D_1616,SCN5A:Long QT syndrome,,,0,0,0,,,,,C-terminal
,Mixed variants:,,,,,E1784K,,,,,,,"Deschenes(2000),Abdelsayed(2015),Peters(2016),Veltmann(2016),Abdelsayed(2017),Abdelsayed(2018),Glazer(2020)","10.1016/s0008-6363(00)00006-7,10.1113/jp270139,https://doi.org/10.1016/j.pbiomolbio.2015.12.009,10.1161/jaha.116.003379,10.1113/jp274536,10.1038/s41598-018-22033-1,10.1016/j.ajhg.2020.05.015",0,0,1,"LQT3, BrS","Deschenes(2000),Takahashi(2014),Veltmann(2016)","10.1016/s0008-6363(00)00006-7,10.1253/circj.CJ-13-1516,10.1161/jaha.116.003379",-,C-terminal
1949,,P_1799,P_1789,P_1784,P_1611,P_1785,T_1509,P_1779,P_1762,P_1735,P_1617,N/A,,,0,0,0,,,,,C-terminal
1950,,L_1800,L_1790,L_1785,L_1612,L_1786,L_1510,L_1780,L_1763,L_1736,L_1618,"SCN5A:Brugada syndrome,Cardiac conduction disorder",,,0,0,0,,,,,C-terminal
1951,,S_1801,S_1791,S_1786,G_1613,S_1787,S_1511,S_1781,S_1764,S_1737,G_1619,N/A,,,0,0,0,,,,,C-terminal
1952,,E_1802,E_1792,E_1787,E_1614,E_1788,E_1512,E_1782,E_1765,E_1738,E_1620,N/A,,,0,0,0,,,,,C-terminal
1953,,D_1803,D_1793,D_1788,D_1615,D_1789,D_1513,D_1783,D_1766,D_1739,D_1621,SCN2A:Epilepsy- idiopathic,,,0,0,0,,,,,C-terminal
1954,,D_1804,D_1794,D_1789,D_1616,D_1790,D_1514,D_1784,D_1767,D_1740,D_1622,"SCN5A:Long QT syndrome,Sick sinus syndrome- autosomal recessive",,,0,0,0,,,,,C-terminal
,Mixed variants:,,,,,D1790G,,,,,,,"An(1998),Wehrens(2000),Baroudi(2000)","10.1161/01.res.83.2.141,10.1161/01.cir.102.5.584,10.1016/s0014-5793(00)01099-1",0,1,0,"LQT3, BrS","Benhorin(1998),Blich(2015)","10.1002/(SICI)1098-1004(1998)12:1<72::AID-HUMU19>3.0.CO,2-T,10.1159/000437089",-,C-terminal
1955,,F_1805,F_1795,F_1790,F_1617,F_1791,F_1515,F_1785,F_1768,F_1741,F_1623,N/A,,,0,0,0,,,,,C-terminal
1956,,E_1806,E_1796,E_1791,E_1618,D_1792,R_1516,E_1786,E_1769,D_1742,D_1624,SCN5A:Cardiac sinus node dysfunction,,,0,0,0,,,,,C-terminal
1957,,M_1807,M_1797,M_1792,M_1619,M_1793,K_1517,T_1787,M_1770,M_1743,I_1625,N/A,,,0,0,0,,,,,C-terminal
1958,,F_1808,F_1798,F_1793,F_1620,F_1794,F_1518,F_1788,F_1771,F_1744,F_1626,"SCN1A:Dravet syndrome,Severe myoclonic epilepsy of infancy",,,0,0,0,,,,,C-terminal
,Mixed variants:,F1808L,,,,,,,,,,,Rhodes(2005),10.1113/jphysiol.2005.094326,0,0,1,EPI,Fujiwara(2003),10.1093/brain/awg053,-,C-terminal
1959,,Y_1809,Y_1799,Y_1794,Y_1621,Y_1795,F_1519,Y_1789,Y_1772,Y_1745,Y_1627,"SCN5A:Brugada syndrome,Cardiac conduction disorder",,,0,0,0,,,,,C-terminal
,GoF variants:,,,,,Y1795C,,,,,,,"Rivolta(2001),Berecki(2006),Fredj(2006)","10.1074/jbc.M104471200,10.1113/jphysiol.2005.096578,10.1038/sj.bjp.0706709",1,0,0,LQT3,"Rivolta(2001),Benito(2008),Kapplinger(2015)","10.1074/jbc.M104471200,10.1016/j.hrthm.2008.07.013,10.1161/circgenetics.114.000831",-,C-terminal
,LoF variants:,,,,,Y1795H,,,,,,,Rivolta(2001),10.1074/jbc.M104471200,0,1,0,BrS,Rivolta(2001),10.1074/jbc.M104471200,-,C-terminal
1960,,E_1810,E_1800,E_1795,E_1622,E_1796,Q_1520,E_1790,E_1773,E_1746,E_1628,N/A,,,0,0,0,,,,,C-terminal
1961,,V_1811,V_1801,V_1796,T_1623,I_1797,V_1521,I_1791,V_1774,T_1747,V_1629,N/A,,,0,0,0,,,,,C-terminal
1962,,W_1812,W_1802,W_1797,W_1624,W_1798,W_1522,W_1792,W_1775,W_1748,W_1630,"SCN1A:Severe myoclonic epilepsy of infancy,Epilepsy and/or neurodevelopmental disorders,Dravet syndrome;SCN9A:Congenital indifference to pain",,,0,0,0,,,,,C-terminal
1963,,E_1813,E_1803,E_1798,E_1625,E_1799,K_1523,E_1793,E_1776,E_1749,E_1631,N/A,,,0,0,0,,,,,C-terminal
,GoF variants:,,E1803G,,,,,,,,,,Begemann(2019),10.1186/s10020-019-0073-6,1,0,0,EPI,"Papuc(2019),Begemann(2019)","10.1038/s41431-018-0299-8,10.1186/s10020-019-0073-6",-,C-terminal
1964,,K_1814,K_1804,K_1799,K_1626,K_1800,R_1524,K_1794,K_1777,K_1750,K_1632,N/A,,,0,0,0,,,,,C-terminal
1965,,F_1815,F_1805,F_1800,F_1627,F_1801,F_1525,F_1795,F_1778,F_1751,F_1633,SCN1A:Epilepsy,,,0,0,0,,,,,C-terminal
1966,,D_1816,D_1806,D_1801,D_1628,D_1802,D_1526,D_1796,D_1779,D_1752,D_1634,N/A,,,0,0,0,,,,,C-terminal
1967,,P_1817,P_1807,P_1802,P_1629,P_1803,P_1527,P_1797,P_1780,P_1753,P_1635,N/A,,,0,0,0,,,,,C-terminal
1968,,D_1818,D_1808,D_1803,D_1630,E_1804,D_1528,D_1798,D_1781,E_1754,E_1636,N/A,,,0,0,0,,,,,C-terminal
1969,,A_1819,A_1809,A_1804,A_1631,A_1805,R_1529,A_1799,A_1782,A_1755,A_1637,SCN1A:Generalized epilepsy with febrile seizures plus,,,0,0,0,,,,,C-terminal
1970,,T_1820,T_1810,T_1805,T_1632,T_1806,T_1530,T_1800,T_1783,T_1756,T_1638,N/A,,,0,0,0,,,,,C-terminal
1971,,Q_1821,Q_1811,Q_1806,Q_1633,Q_1807,Q_1531,Q_1801,Q_1784,Q_1757,Q_1639,"SCN2A:Epileptic encephalopathy;SCN8A:Early infantile epileptic encephalopathy 13,Epileptic encephalopathy;SCN4A:Myotonia- potassium-aggravated",,,0,0,0,,,,,C-terminal
,GoF variants:,,,,Q1633E,,,,,,,,Kubota(2009),10.1002/mus.21155,1,0,0,PAM,Kubota(2009),10.1002/mus.21155,-,C-terminal
1972,,F_1822,F_1812,F_1807,F_1634,F_1808,Y_1532,F_1802,F_1785,F_1758,F_1640,N/A,,,0,0,0,,,,,C-terminal
1973,,M_1823,I_1813,I_1808,I_1635,I_1809,I_1533,I_1803,I_1786,I_1759,I_1641,SCN1A:Dravet syndrome,,,0,0,0,,,,,C-terminal
1974,,E_1824,E_1814,E_1809,A_1636,E_1810,D_1534,E_1804,E_1787,T_1760,K_1642,N/A,,,0,0,0,,,,,C-terminal
1975,,F_1825,F_1815,F_1810,Y_1637,Y_1811,S_1535,Y_1805,F_1788,F_1761,Y_1643,N/A,,,0,0,0,,,,,C-terminal
1976,,E_1826,A_1816,S_1811,S_1638,S_1812,S_1536,C_1806,S_1789,S_1762,S_1644,N/A,,,0,0,0,,,,,C-terminal
1977,,K_1827,K_1817,K_1812,R_1639,V_1813,K_1537,K_1807,K_1790,A_1763,A_1645,N/A,,,0,0,0,,,,,C-terminal
1978,,L_1828,L_1818,L_1813,L_1640,L_1814,L_1538,L_1808,L_1791,L_1764,L_1646,SCN1A:Neurodevelopmental disorder- epilepsy-related,,,0,0,0,,,,,C-terminal
1979,,S_1829,S_1819,S_1814,S_1641,S_1815,S_1539,A_1809,S_1792,S_1765,S_1647,N/A,,,0,0,0,,,,,C-terminal
1980,,Q_1830,D_1820,D_1815,D_1642,D_1816,D_1540,D_1810,D_1793,D_1766,D_1648,N/A,,,0,0,0,,,,,C-terminal
1981,,F_1831,F_1821,F_1816,F_1643,F_1817,F_1541,F_1811,F_1794,F_1767,F_1649,SCN1A:Severe myoclonic epilepsy of infancy,,,0,0,0,,,,,C-terminal
,LoF variants:,F1831S,,,,,,,,,,,Sugawara(2003),10.1016/s0920-1211(03)00084-6,0,1,0,EPI,Fujiwara(2003),10.1093/brain/awg053,-,C-terminal
1982,,A_1832,A_1822,A_1817,V_1644,A_1818,A_1542,A_1812,A_1795,A_1768,A_1650,N/A,,,0,0,0,,,,,C-terminal
1983,,A_1833,D_1823,A_1818,D_1645,D_1819,A_1543,D_1813,A_1796,D_1769,D_1651,SCN5A:Long QT syndrome,,,0,0,0,,,,,C-terminal
1984,,A_1834,A_1824,A_1819,T_1646,A_1820,A_1544,A_1814,A_1797,T_1770,A_1652,SCN1A:Intellectual disability- autosomal recessive,,,0,0,0,,,,,C-terminal
1985,,L_1835,L_1825,L_1820,L_1647,L_1821,L_1545,L_1815,L_1798,L_1771,L_1653,SCN1A:Dravet syndrome,,,0,0,0,,,,,C-terminal
1986,,E_1836,D_1826,D_1821,Q_1648,S_1822,D_1546,E_1816,D_1799,S_1772,P_1654,N/A,,,0,0,0,,,,,C-terminal
1987,,P_1837,P_1827,P_1822,E_1649,E_1823,P_1547,H_1817,P_1800,G_1773,E_1655,SCN1A:Dravet syndrome,,,0,0,0,,,,,C-terminal
1988,,P_1838,P_1828,P_1823,P_1650,P_1824,P_1548,P_1818,P_1801,P_1774,P_1656,SCN1A:Dravet syndrome;SCN4A:Neuromuscular disorder;SCN5A:Long QT syndrome,,,0,0,0,,,,,C-terminal
1989,,L_1839,L_1829,L_1824,L_1651,L_1825,L_1549,L_1819,L_1802,L_1775,L_1657,SCN1A:Dravet syndrome;SCN2A:Epileptic encephalopathy- early infantile;SCN5A:Long QT syndrome- drug-associated,,,0,0,0,,,,,C-terminal
,LoF variants:,,,,,L1825P,,,,,,,Liu(2005),10.1161/circulationaha.105.564008,0,1,0,LQT3,Makita(2002),10.1161/01.cir.0000027139.42087.b6,-,C-terminal
1990,,N_1840,L_1830,L_1825,R_1652,R_1826,F_1550,R_1820,L_1803,R_1776,R_1658,SCN5A:Sudden infant death syndrome,,,0,0,0,,,,,C-terminal
1991,,L_1841,I_1831,I_1826,I_1653,I_1827,M_1551,V_1821,I_1804,I_1777,V_1659,N/A,,,0,0,0,,,,,C-terminal
1992,,P_1842,A_1832,A_1827,A_1654,A_1828,A_1552,P_1822,A_1805,P_1778,A_1660,N/A,,,0,0,0,,,,,C-terminal
1993,,Q_1843,K_1833,K_1828,K_1655,K_1829,K_1553,K_1823,K_1806,K_1779,K_1661,N/A,,,0,0,0,,,,,C-terminal
1994,,P_1844,P_1834,P_1829,P_1656,P_1830,P_1554,P_1824,P_1807,P_1780,P_1662,SCN1A:not provided,,,0,0,0,,,,,C-terminal
1995,,N_1845,N_1835,N_1830,N_1657,N_1831,N_1555,N_1825,N_1808,N_1781,N_1663,N/A,,,0,0,0,,,,,C-terminal
1996,,K_1846,K_1836,K_1831,K_1658,Q_1832,K_1556,T_1826,K_1809,R_1782,K_1664,SCN5A:Brugada syndrome,,,0,0,0,,,,,C-terminal
1997,,L_1847,V_1837,V_1832,I_1659,I_1833,G_1557,I_1827,V_1810,N_1783,Y_1665,N/A,,,0,0,0,,,,,C-terminal
1998,,Q_1848,Q_1838,Q_1833,K_1660,S_1834,Q_1558,E_1828,Q_1811,I_1784,Q_1666,N/A,,,0,0,0,,,,,C-terminal
1999,,L_1849,L_1839,L_1834,L_1661,L_1835,L_1559,L_1829,L_1812,L_1785,F_1667,N/A,,,0,0,0,,,,,C-terminal
2000,,I_1850,I_1840,I_1835,I_1662,I_1836,I_1560,I_1830,I_1813,I_1786,L_1668,SCN5A:Cardiomyopathy- dilated,,,0,0,0,,,,,C-terminal
2001,,A_1851,A_1841,A_1836,T_1663,N_1837,A_1561,A_1831,A_1814,Q_1787,V_1669,N/A,,,0,0,0,,,,,C-terminal
2002,,M_1852,M_1842,M_1837,L_1664,M_1838,L_1562,M_1832,M_1815,M_1788,M_1670,SCN1A:Generalized epilepsy with febrile seizures plus,,,0,0,0,,,,,C-terminal
,Mixed variants:,M1852T ,,,,,,,,,,,Rusconi(2007),10.1161/01.cir.0000027139.42087.b6,0,0,1,EPI,Annesi(2003),10.1046/j.1528-1157.2003.22503.x,-,C-terminal
2003,,D_1853,D_1843,D_1838,D_1665,D_1839,D_1563,D_1833,D_1816,D_1789,D_1671,SCN5A:Long QT syndrome,,,0,0,0,,,,,C-terminal
2004,,L_1854,L_1844,L_1839,L_1666,L_1840,L_1564,L_1834,L_1817,L_1790,L_1672,N/A,,,0,0,0,,,,,C-terminal
2005,,P_1855,P_1845,P_1840,P_1667,P_1841,P_1565,P_1835,P_1818,P_1791,P_1673,SCN1A:Epilepsy,,,0,0,0,,,,,C-terminal
2006,,M_1856,M_1846,M_1841,M_1668,M_1842,M_1566,M_1836,M_1819,L_1792,M_1674,"SCN1A:Generalized epilepsy with febrile seizures plus,Epilepsy and/or neurodevelopmental disorders",,,0,0,0,,,,,C-terminal
2007,,V_1857,V_1847,V_1842,V_1669,V_1843,A_1567,V_1837,V_1820,V_1793,V_1675,SCN1A:Generalized epilepsy with febrile seizures plus 2,,,0,0,0,,,,,C-terminal
2008,,S_1858,S_1848,S_1843,P_1670,S_1844,V_1568,S_1838,S_1821,P_1794,S_1676,N/A,,,0,0,0,,,,,C-terminal
2009,,G_1859,G_1849,G_1844,G_1671,G_1845,G_1569,G_1839,G_1822,G_1795,E_1677,N/A,,,0,0,0,,,,,C-terminal
2010,,D_1860,D_1850,D_1845,D_1672,D_1846,D_1570,D_1840,D_1823,D_1796,D_1678,N/A,,,0,0,0,,,,,C-terminal
2011,,R_1861,R_1851,R_1846,K_1673,R_1847,R_1571,R_1841,R_1824,K_1797,R_1679,"SCN1A:Epilepsy and/or neurodevelopmental disorders,Intractable epilepsy;SCN2A:Benign familial neonatal-infantile seizures;SCN5A:Brugada syndrome",,,0,0,0,,,,,C-terminal
2012,,I_1862,I_1852,I_1847,I_1674,I_1848,I_1572,I_1842,I_1825,I_1798,L_1680,N/A,,,0,0,0,,,,,C-terminal
2013,,H_1863,H_1853,H_1848,H_1675,H_1849,H_1573,H_1843,H_1826,H_1799,H_1681,SCN2A:Ohtahara syndrome;SCN5A:Arrhythmia,,,0,0,0,,,,,C-terminal
2014,,C_1864,C_1854,C_1849,C_1676,C_1850,C_1574,C_1844,C_1827,C_1800,C_1682,SCN5A:Brugada syndrome,,,0,0,0,,,,,C-terminal
,LoF variants:,,,,,C1850S,,,,,,,Petitprez(2008),10.1212/01.wnl.0000335168.86248.55,0,1,0,BrS,Petitprez(2008),10.1212/01.wnl.0000335168.86248.55,-,C-terminal
2015,,L_1865,L_1855,L_1850,L_1677,M_1851,L_1575,L_1845,L_1828,L_1801,M_1683,SCN1A:not provided;SCN5A:Ventricular arrhythmias & early onset atrial fibrillation,,,0,0,0,,,,,C-terminal
2016,,D_1866,D_1856,D_1851,D_1678,D_1852,D_1576,D_1846,D_1829,D_1802,D_1684,"SCN1A:Dravet syndrome,Generalized epilepsy with febrile seizures plus",,,0,0,0,,,,,C-terminal
,GoF variants:,D1866Y,,,,,,,,,,,Spampanato(2004),10.1523/JNEUROSCI.2034-04.2004,1,0,0,EPI,Spampanato(2004),10.1523/JNEUROSCI.2034-04.2004,-,C-terminal
2017,,I_1867,I_1857,I_1852,I_1679,I_1853,I_1577,I_1847,I_1830,I_1803,I_1685,SCN1A:Generalized epilepsy with febrile seizures plus,,,0,0,0,,,,,C-terminal
2018,,L_1868,L_1858,L_1853,L_1680,L_1854,L_1578,L_1848,L_1831,L_1804,L_1686,N/A,,,0,0,0,,,,,C-terminal
2019,,F_1869,F_1859,F_1854,F_1681,F_1855,L_1579,F_1849,F_1832,F_1805,F_1687,N/A,,,0,0,0,,,,,C-terminal
2020,,A_1870,A_1860,A_1855,A_1682,A_1856,A_1580,A_1850,A_1833,A_1806,A_1688,N/A,,,0,0,0,,,,,C-terminal
2021,,F_1871,F_1861,F_1856,L_1683,F_1857,F_1581,F_1851,F_1834,F_1807,F_1689,N/A,,,0,0,0,,,,,C-terminal
2022,,T_1872,T_1862,T_1857,T_1684,T_1858,T_1582,T_1852,T_1835,T_1808,T_1690,SCN8A:Epilepsy and/or neurodevelopmental disorders,,,0,0,0,,,,,C-terminal
2023,,K_1873,K_1863,K_1858,K_1685,K_1859,K_1583,K_1853,K_1836,K_1809,A_1691,SCN10A:Kidney stone disease,,,0,0,0,,,,,C-terminal
2024,,R_1874,R_1864,R_1859,E_1686,R_1860,R_1584,R_1854,R_1837,N_1810,R_1692,SCN5A:Long QT syndrome,,,0,0,0,,,,,C-terminal
2025,,V_1875,V_1865,V_1860,V_1687,V_1861,V_1585,V_1855,V_1838,V_1811,V_1693,SCN5A:Brugada syndrome,,,0,0,0,,,,,C-terminal
2026,,L_1876,L_1866,L_1861,L_1688,L_1862,M_1586,L_1856,L_1839,L_1812,L_1694,SCN1A:Epilepsy and/or neurodevelopmental disorders,,,0,0,0,,,,,C-terminal
2027,,G_1877,G_1867,G_1862,G_1689,G_1863,G_1587,G_1857,G_1840,G_1813,G_1695,SCN1A:Generalized epilepsy with febrile seizures plus,,,0,0,0,,,,,C-terminal
2028,,E_1878,E_1868,E_1863,D_1690,E_1864,Q_1588,D_1858,E_1841,E_1814,G_1696,N/A,,,0,0,0,,,,,C-terminal
2029,,S_1879,S_1869,S_1864,S_1691,S_1865,D_1589,S_1859,S_1842,S_1815,S_1697,N/A,,,0,0,0,,,,,C-terminal
2030,,G_1880,G_1870,G_1865,G_1692,G_1866,V_1590,G_1860,G_1843,G_1816,D_1698,N/A,,,0,0,0,,,,,C-terminal
2031,,E_1881,E_1871,E_1866,E_1693,E_1867,R_1591,E_1861,E_1844,E_1817,G_1699,"SCN1A:Severe myoclonic epilepsy of infancy,Dravet syndrome",,,0,0,0,,,,,C-terminal
2032,,M_1882,M_1872,M_1867,M_1694,M_1868,M_1592,L_1862,M_1845,L_1818,L_1700,SCN2A:Epileptic encephalopathy,,,0,0,0,,,,,C-terminal
2033,,D_1883,D_1873,D_1868,D_1695,D_1869,E_1593,D_1863,D_1846,D_1819,D_1701,N/A,,,0,0,0,,,,,C-terminal
2034,,A_1884,A_1874,A_1869,A_1696,A_1870,K_1594,I_1864,S_1847,S_1820,S_1702,SCN5A:Long QT syndrome,,,0,0,0,,,,,C-terminal
2035,,L_1885,L_1875,L_1870,L_1697,L_1871,V_1595,L_1865,L_1848,L_1821,M_1703,SCN8A:Epileptic encephalopathy- infantile,,,0,0,0,,,,,C-terminal
2036,,R_1886,R_1876,R_1871,K_1698,K_1872,V_1596,R_1866,R_1849,K_1822,K_1704,SCN1A:Dravet syndrome;SCN8A:Epileptic encephalopathy;SCN5A:Brugada syndrome,,,0,0,0,,,,,C-terminal
2037,,I_1887,I_1877,I_1872,Q_1699,I_1873,S_1597,Q_1867,S_1850,A_1823,A_1705,N/A,,,0,0,0,,,,,C-terminal
2038,,Q_1888,Q_1878,Q_1873,T_1700,Q_1874,E_1598,Q_1868,Q_1851,N_1824,M_1706,N/A,,,0,0,0,,,,,C-terminal
2039,,M_1889,M_1879,M_1874,M_1701,M_1875,I_1599,M_1869,M_1852,M_1825,M_1707,SCN2A:Epileptic encephalopathy;SCN9A:Neuropathic pain- in diabetic peripheral neuropathy;SCN8A:Cognitive impairment with or without cerebellar ataxia;Early infantile epileptic encephalopathy 13;Seizures- benign familial infantile- 5;not provided;SCN5A:Atrial fibrillation,,,0,0,0,,,,,C-terminal
,GoF variants:,,M1879T,,,,,,,,,,Adney(2020),10.1002/acn3.51105,1,0,0,EPI,Adney(2020),10.1002/acn3.51105,-,C-terminal
2040,,E_1890,E_1880,E_1875,E_1702,E_1876,E_1600,E_1870,E_1853,E_1826,E_1708,"SCN8A:Early infantile epileptic encephalopathy 13,Epilepsy;SCN4A:Paramyotonia congenita",,,0,0,0,,,,,C-terminal
2041,,E_1891,E_1881,D_1876,E_1703,E_1877,S_1601,E_1871,E_1854,E_1827,E_1709,N/A,,,0,0,0,,,,,C-terminal
2042,,R_1892,R_1882,R_1877,K_1704,K_1878,G_1602,R_1872,R_1855,K_1828,K_1710,"SCN2A:not provided,Epilepsy- neonatal with episodic ataxia- late-onset,not provided,Epileptic encephalopathy,Encephalopathy with late-onset epilepsy,Seizures- intellectual disability- optic atrophy- muscular hypotonia and brain abnormalities;SCN8A:Early infantile epileptic encephalopathy;Early infantile epileptic encephalopathy 13;Epileptic encephalopathy;not provided,not provided,Epileptic encephalopathy- infantile,not provided,Early infantile epileptic encephalopathy;Early infantile epileptic encephalopathy 13;not provided,Epileptic encephalopathy- infantile,Epileptic encephalopathy",,,0,0,0,,,,,C-terminal
,GoF variants:,,"R1882G, R1882Q",,,,,"R1872L, R1872W",,,,,"Schwarz(2016),Howell(2015),Trump(2016),Wolff(2017),Berecki(2018),Zaman(2019),Gardella(2016)","10.1007/s00415-015-7984-0,10.1212/WNL.0000000000001926,10.1136/jmedgenet-2015-103263,10.1093/brain/awx054,10.1073/pnas.1800077115,10.1002/acn3.50839,10.1002/ana.24580",4,0,0,"EPI, EPI, EPI, EPI","Schwarz(2016),Howell(2015),Trump(2016),Wolff(2017),Berecki(2018),Zaman(2019),Gardella(2016)","10.1007/s00415-015-7984-0,10.1212/WNL.0000000000001926,10.1136/jmedgenet-2015-103263,10.1093/brain/awx054,10.1073/pnas.1800077115,10.1002/acn3.50839,10.1002/ana.24580",-;-;-;-,C-terminal
2043,,F_1893,F_1883,F_1878,F_1705,F_1879,F_1603,F_1873,F_1856,F_1829,F_1711,SCN4A:Myotonia,,,0,0,0,,,,,C-terminal
2044,,M_1894,M_1884,M_1879,M_1706,M_1880,L_1604,V_1874,M_1857,M_1830,M_1712,SCN5A:Sick sinus syndrome,,,0,0,0,,,,,C-terminal
2045,,A_1895,A_1885,A_1880,A_1707,A_1881,L_1605,A_1875,S_1858,A_1831,E_1713,N/A,,,0,0,0,,,,,C-terminal
2046,,S_1896,S_1886,S_1881,A_1708,A_1882,A_1606,S_1876,A_1859,T_1832,A_1714,N/A,,,0,0,0,,,,,C-terminal
2047,,N_1897,N_1887,N_1882,N_1709,N_1883,N_1607,N_1877,N_1860,N_1833,N_1715,SCN8A:Benign familial infantile epilepsy,,,0,0,0,,,,,C-terminal
2048,,P_1898,P_1888,P_1883,P_1710,P_1884,P_1608,P_1878,P_1861,L_1834,P_1716,SCN8A:Epilepsy and/or neurodevelopmental disorders,,,0,0,0,,,,,C-terminal
2049,,S_1899,S_1889,S_1884,S_1711,S_1885,F_1609,S_1879,S_1862,S_1835,L_1717,N/A,,,0,0,0,,,,,C-terminal
2050,,K_1900,K_1890,K_1885,K_1712,K_1886,K_1610,K_1880,K_1863,K_1836,K_1718,N/A,,,0,0,0,,,,,C-terminal
2051,,V_1901,V_1891,V_1886,V_1713,I_1887,I_1611,V_1881,V_1864,S_1837,K_1719,SCN5A:Cardiomyopathy- hypertrophic,,,0,0,0,,,,,C-terminal
2052,,S_1902,S_1892,S_1887,S_1714,S_1888,T_1612,S_1882,S_1865,S_1838,L_1720,N/A,,,0,0,0,,,,,C-terminal
2053,,Y_1903,Y_1893,Y_1888,Y_1715,Y_1889,C_1613,Y_1883,Y_1866,Y_1839,Y_1721,N/A,,,0,0,0,,,,,C-terminal
2054,,Q_1904,E_1894,E_1889,E_1716,E_1890,E_1614,E_1884,E_1867,E_1840,E_1722,SCN5A:Sudden unexplained death,,,0,0,0,,,,,C-terminal
2055,,P_1905,P_1895,P_1890,P_1717,P_1891,P_1615,P_1885,P_1868,P_1841,P_1723,N/A,,,0,0,0,,,,,C-terminal
2056,,I_1906,I_1896,I_1891,I_1718,I_1892,I_1616,I_1886,I_1869,I_1842,I_1724,N/A,,,0,0,0,,,,,C-terminal
2057,,T_1907,T_1897,T_1892,T_1719,T_1893,T_1617,T_1887,T_1870,A_1843,V_1725,N/A,,,0,0,0,,,,,C-terminal
2058,,T_1908,T_1898,T_1893,T_1720,T_1894,T_1618,T_1888,T_1871,T_1844,T_1726,N/A,,,0,0,0,,,,,C-terminal
2059,,T_1909,T_1899,T_1894,T_1721,T_1895,T_1619,T_1889,T_1872,T_1845,T_1727,"SCN1A:Severe myoclonic epilepsy of infancy,Dravet syndrome",,,0,0,0,,,,,C-terminal
,Mixed variants:,T1909I,,,,,,,,,,,Ohmori(2006),10.1111/j.1528-1167.2006.00643.x,0,0,1,EPI,Ohmori(2002),10.1016/s0006-291x(02)00617-4,-,C-terminal
2060,,L_1910,L_1900,L_1895,L_1722,L_1896,L_1620,L_1890,L_1873,L_1846,T_1728,N/A,,,0,0,0,,,,,C-terminal
2061,,K_1911,K_1901,K_1896,K_1723,R_1897,K_1621,R_1891,K_1874,R_1847,K_1729,SCN5A:Long QT syndrome,,,0,0,0,,,,,C-terminal
,LoF variants:,,,,,R1897W,,,,,,,Olesen(2012),10.1161/CIRCGENETICS.111.962597,0,1,0,LQT3,Kapplinger(2009),10.1016/j.hrthm.2009.05.021,-,C-terminal
2062,,R_1912,R_1902,R_1897,R_1724,R_1898,R_1622,R_1892,R_1875,W_1848,R_1730,SCN5A:Brugada syndrome,,,0,0,0,,,,,C-terminal
2063,,K_1913,K_1903,K_1898,K_1725,K_1899,K_1623,K_1893,K_1876,K_1849,K_1731,N/A,,,0,0,0,,,,,IQ
2064,,Q_1914,Q_1904,Q_1899,H_1726,H_1900,Q_1624,Q_1894,Q_1877,Q_1850,E_1732,N/A,,,0,0,0,,,,,IQ
2065,,E_1915,E_1905,E_1900,E_1727,E_1901,E_1625,E_1895,E_1878,E_1851,E_1733,SCN1A:Epilepsy and/or neurodevelopmental disorders;SCN5A:Long QT syndrome,,,0,0,0,,,,,IQ
2066,,E_1916,E_1906,E_1901,E_1728,E_1902,A_1626,E_1896,D_1879,D_1852,E_1734,N/A,,,0,0,0,,,,,IQ
2067,,V_1917,V_1907,V_1902,V_1729,V_1903,V_1627,V_1897,V_1880,I_1853,R_1735,N/A,,,0,0,0,,,,,IQ
2068,,S_1918,S_1908,S_1903,C_1730,S_1904,S_1628,S_1898,S_1881,S_1854,G_1736,SCN1A:Epilepsy and/or neurodevelopmental disorders,,,0,0,0,,,,,IQ
2069,,A_1919,A_1909,A_1904,A_1731,A_1905,A_1629,A_1899,A_1882,A_1855,A_1737,N/A,,,0,0,0,,,,,IQ
2070,,V_1920,I_1910,A_1905,I_1732,M_1906,T_1630,V_1900,T_1883,T_1856,A_1738,N/A,,,0,0,0,,,,,IQ
2071,,I_1921,I_1911,I_1906,K_1733,V_1907,I_1631,V_1901,V_1884,V_1857,I_1739,N/A,,,0,0,0,,,,,IQ
2072,,I_1922,I_1912,I_1907,I_1734,I_1908,I_1632,L_1902,I_1885,I_1858,I_1740,SCN1A:Severe myoclonic epilepsy of infancy,,,0,0,0,,,,,IQ
2073,,Q_1923,Q_1913,Q_1908,Q_1735,Q_1909,Q_1633,Q_1903,Q_1886,Q_1859,Q_1741,SCN1A:Partial epilepsy with febrile seizures plus;SCN5A:Long QT syndrome,,,0,0,0,,,,,IQ
,LoF variants:,Q1923R,,,,,,,,,,,Nissenkorn(2019),10.1371/journal.pone.0211901,0,1,0,EPI,"Shi(2009),Nissenkorn(2019)","10.1016/j.braindev.2009.08.009,10.1371/journal.pone.0211901",-,IQ
,GoF variants:,,,,,Q1909R,,,,,,,"Winkel(2015),Abdelsayed(2017)","10.1016/j.hrthm.2015.03.013,10.1113/jp274536",0,0,1,LQT3,"Winkel(2015),Kapplinger(2015)","10.1016/j.hrthm.2015.03.013,10.1161/circgenetics.114.000831",-,IQ
2074,,R_1924,R_1914,R_1909,R_1736,R_1910,R_1634,R_1904,R_1887,K_1860,K_1742,N/A,,,0,0,0,,,,,IQ
2075,,A_1925,A_1915,N_1910,A_1737,A_1911,A_1635,A_1905,A_1888,A_1861,A_1743,SCN1A:Febrile seizures plus,,,0,0,0,,,,,IQ
2076,,Y_1926,Y_1916,F_1911,Y_1738,F_1912,Y_1636,Y_1906,Y_1889,Y_1862,F_1744,N/A,,,0,0,0,,,,,IQ
2077,,R_1927,R_1917,R_1912,R_1739,R_1913,K_1637,R_1907,R_1890,R_1863,R_1745,"SCN1A:Dravet syndrome,Generalized epilepsy with febrile seizures plus;SCN5A:not provided,Long QT syndrome",,,0,0,0,,,,,IQ
,LoF variants:,R1927G,,,,,,,,,,,Rusconi(2009),10.1002/humu.21041,0,1,0,EPI,Rusconi(2009),10.1002/humu.21041,-,IQ
2078,,R_1928,R_1918,C_1913,R_1740,R_1914,N_1638,G_1908,R_1891,S_1864,K_1746,SCN1A:Severe myoclonic epilepsy of infancy,,,0,0,0,,,,,IQ
2079,,H_1929,Y_1919,Y_1914,H_1741,H_1915,Y_1639,H_1909,Y_1892,Y_1865,Y_1747,N/A,,,0,0,0,,,,,IQ
2080,,L_1930,L_1920,L_1915,L_1742,L_1916,R_1640,L_1910,R_1893,V_1866,M_1748,N/A,,,0,0,0,,,,,IQ
2081,,L_1931,L_1921,L_1916,L_1743,L_1917,L_1641,A_1911,L_1894,L_1867,M_1749,N/A,,,0,0,0,,,,,IQ
2082,,K_1932,K_1922,K_1917,Q_1744,Q_1918,R_1642,R_1912,R_1895,H_1868,K_1750,N/A,,,0,0,0,,,,,IQ
2083,,R_1933,Q_1923,Q_1918,R_1745,R_1919,R_1643,R_1913,Q_1896,R_1869,-,N/A,,,0,0,0,,,,,IQ
2084,,T_1934,K_1924,R_1919,S_1746,S_1920,N_1644,-,N_1897,S_1870,-,N/A,,,0,0,0,,,,,IQ
2085,,V_1935,V_1925,L_1920,M_1747,L_1921,D_1645,-,V_1898,M_1871,-,N/A,,,0,0,0,,,,,IQ
2086,,K_1936,K_1926,K_1921,K_1748,K_1922,K_1646,-,K_1899,A_1872,-,SCN1A:Epilepsy and/or neurodevelopmental disorders,,,0,0,0,,,,,IQ
2087,,Q_1937,K_1927,N_1922,Q_1749,H_1923,N_1647,-,N_1900,L_1873,-,SCN1A:Generalized epilepsy with febrile seizures plus 2,,,0,0,0,,,,,IQ
2088,,A_1938,V_1928,I_1923,A_1750,A_1924,T_1648,-,I_1901,S_1874,-,N/A,,,0,0,0,,,,,IQ
2089,,S_1939,S_1929,S_1924,S_1751,S_1925,S_1649,-,S_1902,N_1875,-,N/A,,,0,0,0,,,,,IQ
2090,,F_1940,S_1930,S_1925,Y_1752,F_1926,D_1650,-,S_1903,T_1876,-,N/A,,,0,0,0,,,,,IQ
2091,,T_1941,I_1931,N_1926,M_1753,L_1927,I_1651,-,I_1904,P_1877,-,N/A,,,0,0,0,,,,,IQ
2092,,Y_1942,Y_1932,Y_1927,Y_1754,F_1928,H_1652,-,Y_1905,C_1878,-,N/A,,,0,0,0,,,,,IQ
2093,,N_1943,K_1933,N_1928,R_1755,R_1929,M_1653,-,I_1906,V_1879,V_1751,SCN2A:Encephalopathy with late-onset epilepsy,,,0,0,0,,,,,C-terminal
2094,,K_1944,K_1934,K_1929,H_1756,Q_1930,I_1654,-,K_1907,P_1880,T_1752,N/A,,,0,0,0,,,,,C-terminal
2095,,N_1945,D_1935,E_1930,S_1757,Q_1931,D_1655,-,D_1908,R_1881,K_1753,N/A,,,0,0,0,,,,,C-terminal
2096,,K_1946,K_1936,A_1931,H_1758,A_1932,G_1656,-,G_1909,A_1882,G_1754,N/A,,,0,0,0,,,,,C-terminal
2097,,I_1947,G_1937,I_1932,D_1759,G_1933,D_1657,-,D_1910,E_1883,D_1755,N/A,,,0,0,0,,,,,C-terminal
2098,,K_1948,K_1938,K_1933,G_1760,S_1934,R_1658,-,R_1911,E_1884,Q_1756,N/A,,,0,0,0,,,,,C-terminal
2099,,G_1949,E_1939,G_1934,S_1761,G_1935,D_1659,-,D_1912,E_1885,G_1757,SCN5A:Brugada syndrome,,,0,0,0,,,,,C-terminal
2100,,-,-,-,-,L_1936,-,-,-,-,-,N/A,,,0,0,0,,,,,C-terminal
2101,,-,-,-,-,S_1937,-,-,-,-,-,N/A,,,0,0,0,,,,,C-terminal
2102,,G_1950,C_1940,R_1935,G_1762,E_1938,-,-,-,A_1886,-,SCN5A:Brugada syndrome,,,0,0,0,,,,,C-terminal
2103,,A_1951,D_1941,I_1936,D_1763,E_1939,-,-,D_1913,A_1887,-,SCN1A:Dravet syndrome,,,0,0,0,,,,,C-terminal
2104,,N_1952,G_1942,D_1937,D_1764,D_1940,V_1660,G_1914,D_1914,S_1888,-,N/A,,,0,0,0,,,,,C-terminal
2105,,L_1953,T_1943,L_1938,A_1765,A_1941,H_1661,F_1915,L_1915,L_1889,-,N/A,,,0,0,0,,,,,C-terminal
2106,,L_1954,P_1944,P_1939,P_1766,P_1942,A_1662,I_1916,L_1916,P_1890,-,N/A,,,0,0,0,,,,,C-terminal
2107,,I_1955,I_1945,I_1940,E_1767,E_1943,T_1663,C_1917,N_1917,D_1891,D_1758,N/A,,,0,0,0,,,,,C-terminal
2108,,K_1956,K_1946,K_1941,K_1768,R_1944,K_1664,K_1918,K_1918,-,Q_1759,N/A,,,0,0,0,,,,,C-terminal
2109,,E_1957,E_1947,Q_1942,E_1769,E_1945,E_1665,K_1919,K_1919,E_1892,N_1760,N/A,,,0,0,0,,,,,C-terminal
2110,,D_1958,D_1948,D_1943,G_1770,G_1946,G_1666,T_1920,D_1920,G_1893,D_1761,N/A,,,0,0,0,,,,,C-terminal
2111,,M_1959,T_1949,M_1944,L_1771,L_1947,A_1667,T_1921,M_1921,F_1894,L_1762,N/A,,,0,0,0,,,,,C-terminal
2112,,I_1960,L_1950,I_1945,L_1772,I_1948,Y_1668,S_1922,A_1922,V_1895,E_1763,N/A,,,0,0,0,,,,,C-terminal
2113,,I_1961,I_1951,I_1946,A_1773,A_1949,F_1669,N_1923,F_1923,A_1896,-,"SCN5A:Long QT syndrome,Brugada syndrome",,,0,0,0,,,,,C-terminal
2114,,D_1962,D_1952,D_1947,N_1774,Y_1950,D_1670,K_1924,D_1924,F_1897,-,N/A,,,0,0,0,,,,,C-terminal
2115,,R_1963,K_1953,K_1948,T_1775,V_1951,K_1671,L_1925,N_1925,T_1898,-,SCN5A:Atrial fibrillation,,,0,0,0,,,,,C-terminal
2116,,I_1964,L_1954,L_1949,M_1776,M_1952,A_1672,E_1926,V_1926,A_1899,-,N/A,,,0,0,0,,,,,C-terminal
2117,,-,-,-,S_1777,-,-,-,-,-,-,N/A,,,0,0,0,,,,,C-terminal
2118,,-,-,-,K_1778,-,-,-,-,-,-,N/A,,,0,0,0,,,,,C-terminal
2119,,-,-,-,M_1779,-,-,-,-,-,-,N/A,,,0,0,0,,,,,C-terminal
2120,,-,-,-,Y_1780,-,-,-,-,-,-,N/A,,,0,0,0,,,,,C-terminal
2121,,-,-,-,G_1781,-,-,-,-,-,-,N/A,,,0,0,0,,,,,C-terminal
2122,,-,-,-,H_1782,-,-,-,-,-,-,N/A,,,0,0,0,,,,,C-terminal
2123,,-,-,-,E_1783,-,-,-,-,-,-,N/A,,,0,0,0,,,,,C-terminal
2124,,N_1965,N_1955,N_1950,N_1784,S_1953,K_1673,N_1927,N_1927,N_1900,N_1764,N/A,,,0,0,0,,,,,C-terminal
2125,,E_1966,E_1956,G_1951,G_1785,E_1954,E_1674,G_1928,E_1928,E_1901,G_1765,SCN5A:Long QT syndrome,,,0,0,0,,,,,C-terminal
2126,,N_1967,N_1957,N_1952,N_1786,N_1955,-,G_1929,N_1929,N_1902,P_1766,N/A,,,0,0,0,,,,,C-terminal
2127,,S_1968,S_1958,S_1953,S_1787,F_1956,-,T_1930,S_1930,C_1903,H_1767,N/A,,,0,0,0,,,,,C-terminal
2128,,I_1969,T_1959,T_1954,S_1788,S_1957,-,H_1931,S_1931,V_1904,S_1768,N/A,,,0,0,0,,,,,C-terminal
2129,,T_1970,P_1960,P_1955,S_1789,R_1958,-,R_1932,P_1932,L_1905,P_1769,N/A,,,0,0,0,,,,,C-terminal
2130,,-,-,-,-,P_1959,-,-,-,-,-,N/A,,,0,0,0,,,,,C-terminal
2131,,-,-,-,-,L_1960,-,-,-,-,-,N/A,,,0,0,0,,,,,C-terminal
2132,,-,-,-,-,G_1961,-,-,-,-,-,N/A,,,0,0,0,,,,,C-terminal
2133,,E_1971,E_1961,E_1956,P_1790,P_1962,-,E_1933,E_1933,P_1906,-,N/A,,,0,0,0,,,,,C-terminal
2134,,K_1972,K_1962,K_1957,S_1791,P_1963,-,K_1934,K_1934,D_1907,-,N/A,,,0,0,0,,,,,C-terminal
2135,,T_1973,T_1963,T_1958,P_1792,S_1964,-,K_1935,T_1935,K_1908,-,N/A,,,0,0,0,,,,,C-terminal
2136,,D_1974,D_1964,D_1959,E_1793,S_1965,-,E_1936,D_1936,S_1909,-,N/A,,,0,0,0,,,,,C-terminal
2137,,L_1975,M_1965,G_1960,E_1794,S_1966,-,S_1937,A_1937,E_1910,-,N/A,,,0,0,0,,,,,C-terminal
2138,,T_1976,T_1966,S_1961,K_1795,S_1967,-,T_1938,T_1938,T_1911,-,N/A,,,0,0,0,,,,,C-terminal
2139,,M_1977,P_1967,S_1962,G_1796,I_1968,-,P_1939,S_1939,A_1912,-,SCN1A:Acute encephalopathy,,,0,0,0,,,,,C-terminal
2140,,S_1978,S_1968,S_1963,E_1797,S_1969,-,S_1940,S_1940,S_1913,-,N/A,,,0,0,0,,,,,C-terminal
2141,,T_1979,T_1969,T_1964,A_1798,S_1970,-,T_1941,T_1941,A_1914,-,N/A,,,0,0,0,,,,,C-terminal
2142,,A_1980,T_1970,T_1965,G_1799,T_1971,-,A_1942,T_1942,T_1915,-,N/A,,,0,0,0,,,,,C-terminal
2143,,A_1981,S_1971,S_1966,D_1800,S_1972,-,S_1943,S_1943,S_1916,-,N/A,,,0,0,0,,,,,C-terminal
2144,,C_1982,-,-,A_1801,F_1973,-,-,-,F_1917,-,N/A,,,0,0,0,,,,,C-terminal
2145,,P_1983,P_1972,P_1967,G_1802,P_1974,-,L_1944,P_1944,P_1918,-,N/A,,,0,0,0,,,,,C-terminal
2146,,P_1984,P_1973,P_1968,P_1803,P_1975,-,P_1945,P_1945,P_1919,-,N/A,,,0,0,0,,,,,C-terminal
2147,,S_1985,S_1974,S_1969,T_1804,S_1976,-,S_1946,S_1946,S_1920,-,N/A,,,0,0,0,,,,,C-terminal
2148,,Y_1986,Y_1975,Y_1970,M_1805,Y_1977,-,Y_1947,Y_1947,Y_1921,L_1770,SCN5A:Long QT syndrome,,,0,0,0,,,,,C-terminal
,Mixed variants:,,,,,Y1977N,,,,,,,Casini(2019),10.3390/ijms20205033,0,0,1,LQT3,Casini(2019),10.3390/ijms20205033,-,C-terminal
2149,,D_1987,D_1976,D_1971,G_1806,D_1978,-,D_1948,D_1948,E_1922,Q_1771,SCN9A:Generalized epilepsy with febrile seizures plus- type 7;Hereditary sensory and autonomic neuropathy type IIA,,,0,0,0,,,,,C-terminal
2150,,R_1988,S_1977,S_1972,L_1807,S_1979,-,S_1949,S_1949,S_1923,T_1772,SCN1A:Epilepsy-aphasia with febrile seizures plus,,,0,0,0,,,,,C-terminal
2151,,V_1989,V_1978,V_1973,M_1808,V_1980,-,V_1950,V_1950,V_1924,L_1773,N/A,,,0,0,0,,,,,C-terminal
2152,,-,-,-,P_1809,-,-,-,-,-,-,N/A,,,0,0,0,,,,,C-terminal
2153,,T_1990,T_1979,T_1974,I_1810,T_1981,K_1675,T_1951,T_1951,T_1925,C_1774,N/A,,,0,0,0,,,,,C-terminal
2154,,K_1991,K_1980,K_1975,S_1811,R_1982,S_1676,K_1952,K_1952,R_1926,N_1775,N/A,,,0,0,0,,,,,C-terminal
2155,,P_1992,P_1981,P_1976,P_1812,A_1983,P_1677,P_1953,P_1953,G_1927,G_1776,N/A,,,0,0,0,,,,,C-terminal
2156,,I_1993,E_1982,D_1977,S_1813,T_1984,I_1678,E_1954,D_1954,L_1928,D_1777,N/A,,,0,0,0,,,,,C-terminal
2157,,V_1994,K_1983,K_1978,D_1814,S_1985,Q_1679,K_1955,K_1955,S_1929,L_1778,N/A,,,0,0,0,,,,,C-terminal
2158,,E_1995,E_1984,E_1979,T_1815,D_1986,S_1680,E_1956,E_1956,D_1930,S_1779,N/A,,,0,0,0,,,,,C-terminal
2159,,K_1996,K_1985,K_1980,A_1816,N_1987,Q_1681,K_1957,K_1957,R_1931,S_1780,SCN5A:Atrial fibrillation,,,0,0,0,,,,,C-terminal
2160,,H_1997,F_1986,F_1981,W_1817,L_1988,I_1682,Q_1958,Y_1958,V_1932,F_1781,SCN5A:Long QT syndrome,,,0,0,0,,,,,C-terminal
2161,,-,-,-,-,Q_1989,-,Q_1959,-,N_1933,G_1782,N/A,,,0,0,0,,,,,C-terminal
2162,,-,-,-,-,V_1990,-,R_1960,-,M_1934,V_1783,N/A,,,0,0,0,,,,,C-terminal
2163,,-,-,-,-,R_1991,-,A_1961,-,R_1935,-,SCN5A:Long QT syndrome,,,0,0,0,,,,,C-terminal
2164,,-,E_1987,E_1982,P_1818,G_1992,-,E_1962,E_1959,T_1936,A_1784,N/A,,,0,0,0,,,,,C-terminal
2165,,-,K_1988,K_1983,P_1819,S_1993,-,E_1963,Q_1960,S_1937,K_1785,N/A,,,0,0,0,,,,,C-terminal
2166,,-,D_1989,D_1984,A_1820,D_1994,-,G_1964,D_1961,S_1938,G_1786,N/A,,,0,0,0,,,,,C-terminal
2167,,-,K_1990,K_1985,P_1821,Y_1995,-,R_1965,R_1962,S_1939,K_1787,N/A,,,0,0,0,,,,,C-terminal
2168,,-,S_1991,P_1986,P_1822,S_1996,-,R_1966,T_1963,I_1940,V_1788,N/A,,,0,0,0,,,,,C-terminal
2169,,-,E_1992,E_1987,P_1823,H_1997,-,E_1967,E_1964,Q_1941,H_1789,N/A,,,0,0,0,,,,,C-terminal
2170,,-,K_1993,K_1988,G_1824,S_1998,-,R_1968,K_1965,N_1942,C_1790,N/A,,,0,0,0,,,,,C-terminal
2171,,E_1998,E_1994,E_1989,Q_1825,E_1999,-,A_1969,E_1966,E_1943,D_1791,N/A,,,0,0,0,,,,,C-terminal
2172,,Q_1999,D_1995,S_1990,T_1826,D_2000,-,K_1970,D_1967,D_1944,-,N/A,,,0,0,0,,,,,C-terminal
2173,,E_2000,K_1996,K_1991,V_1827,L_2001,-,R_1971,K_1968,E_1945,-,N/A,,,0,0,0,,,,,C-terminal
2174,,G_2001,G_1997,G_1992,R_1828,A_2002,-,Q_1972,G_1969,A_1946,-,N/A,,,0,0,0,,,,,C-terminal
2175,,-,-,-,-,D_2003,-,-,-,-,-,SCN5A:Sudden unexplained death,,,0,0,0,,,,,C-terminal
2176,,-,-,-,-,F_2004,-,-,-,-,-,SCN5A:Long QT syndrome,,,0,0,0,,,,,C-terminal
2177,,-,-,-,-,P_2005,-,-,-,-,-,N/A,,,0,0,0,,,,,C-terminal
2178,,-,-,-,-,P_2006,-,-,-,-,-,N/A,,,0,0,0,,,,,C-terminal
2179,,-,-,-,-,S_2007,-,-,-,T_1947,-,N/A,,,0,0,0,,,,,C-terminal
2180,,-,-,-,-,P_2008,-,-,-,S_1948,-,N/A,,,0,0,0,,,,,C-terminal
2181,,K_2002,K_1998,K_1993,P_1829,D_2009,-,K_1973,K_1970,M_1949,-,N/A,,,0,0,0,,,,,C-terminal
2182,,D_2003,D_1999,E_1994,G_1830,R_2010,-,E_1974,D_1971,E_1950,-,N/A,,,0,0,0,,,,,C-terminal
2183,,E_2004,I_2000,V_1995,V_1831,D_2011,-,V_1975,S_1972,L_1951,-,N/A,,,0,0,0,,,,,C-terminal
2184,,K_2005,R_2001,R_1996,K_1832,R_2012,-,R_1976,K_1973,I_1952,-,"SCN5A:Brugada syndrome,Long QT syndrome",,,0,0,0,,,,,C-terminal
2185,,A_2006,E_2002,E_1997,E_1833,E_2013,-,E_1977,E_1974,A_1953,-,N/A,,,0,0,0,,,,,C-terminal
2186,,K_2007,S_2003,N_1998,S_1834,S_2014,-,S_1978,S_1975,P_1954,-,N/A,,,0,0,0,,,,,C-terminal
2187,,G_2008,K_2004,Q_1999,L_1835,I_2015,-,K_1979,K_1976,G_1955,-,N/A,,,0,0,0,,,,,C-terminal
2188,,K_2009,K_2005,K_2000,V_1836,V_2016,-,C_1980,K_1977,P_1956,-,SCN5A:Brugada syndrome,,,0,0,0,,,,,C-terminal
