feature_set,k,query_index,query_variant,query_gene,query_label,same_label_rate_topk,cross_gene_baseline_same_label_rate,lift_over_baseline,top_neighbor_variants,top_neighbor_genes,top_neighbor_labels
mutant_site,1,0,SCN9A:p.Q10R,SCN9A,GOF,0.0,0.3768545994065282,0.0,SCN2A:p.D12N,SCN2A,LOF
mutant_site,1,1,SCN2A:p.D12N,SCN2A,LOF,0.0,0.620253164556962,0.0,SCN9A:p.Q10R,SCN9A,GOF
mutant_site,1,2,SCN5A:p.R18W,SCN5A,GOF,0.0,0.5130890052356021,0.0,SCN2A:p.D12N,SCN2A,LOF
mutant_site,1,3,SCN5A:p.R27H,SCN5A,LOF,0.0,0.4869109947643979,0.0,SCN8A:p.R1872W,SCN8A,GOF
mutant_site,1,4,SCN1A:p.E78D,SCN1A,LOF,1.0,0.5609756097560976,1.7826086956521738,SCN5A:p.D84N,SCN5A,LOF
mutant_site,1,5,SCN5A:p.D84N,SCN5A,LOF,1.0,0.4869109947643979,2.053763440860215,SCN2A:p.D82G,SCN2A,LOF
mutant_site,1,6,SCN2A:p.D82G,SCN2A,LOF,1.0,0.620253164556962,1.6122448979591837,SCN5A:p.D84N,SCN5A,LOF
mutant_site,1,7,SCN5A:p.F93S,SCN5A,LOF,1.0,0.4869109947643979,2.053763440860215,SCN10A:p.V94G,SCN10A,LOF
mutant_site,1,8,SCN10A:p.V94G,SCN10A,LOF,1.0,0.6114457831325302,1.6354679802955663,SCN2A:p.D82G,SCN2A,LOF
mutant_site,1,9,SCN4A:p.R104H,SCN4A,LOF,1.0,0.6214511041009464,1.6091370558375635,SCN5A:p.R104W,SCN5A,LOF
mutant_site,1,10,SCN5A:p.R104Q,SCN5A,LOF,1.0,0.4869109947643979,2.053763440860215,SCN4A:p.R104H,SCN4A,LOF
mutant_site,1,11,SCN5A:p.R104W,SCN5A,LOF,1.0,0.4869109947643979,2.053763440860215,SCN4A:p.R104H,SCN4A,LOF
mutant_site,1,12,SCN5A:p.R121W,SCN5A,LOF,1.0,0.4869109947643979,2.053763440860215,SCN1A:p.R1657C,SCN1A,LOF
mutant_site,1,13,SCN5A:p.A124D,SCN5A,LOF,0.0,0.4869109947643979,0.0,SCN3A:p.I875T,SCN3A,GOF
mutant_site,1,14,SCN5A:p.V125L,SCN5A,GOF,1.0,0.5130890052356021,1.9489795918367347,SCN8A:p.R1872L,SCN8A,GOF
mutant_site,1,15,SCN5A:p.K126E,SCN5A,LOF,0.0,0.4869109947643979,0.0,SCN8A:p.R1872W,SCN8A,GOF
mutant_site,1,16,SCN5A:p.L136P,SCN5A,LOF,1.0,0.4869109947643979,2.053763440860215,SCN1A:p.F1831S,SCN1A,LOF
mutant_site,1,17,SCN8A:p.M139I,SCN8A,GOF,1.0,0.3803680981595092,2.629032258064516,SCN2A:p.T773I,SCN2A,GOF
mutant_site,1,18,SCN4A:p.I141V,SCN4A,GOF,1.0,0.3785488958990536,2.6416666666666666,SCN9A:p.I136V,SCN9A,GOF
mutant_site,1,19,SCN9A:p.I136V,SCN9A,GOF,1.0,0.3768545994065282,2.653543307086614,SCN4A:p.I141V,SCN4A,GOF
mutant_site,1,20,SCN1A:p.M145T,SCN1A,LOF,1.0,0.5609756097560976,1.7826086956521738,SCN5A:p.M734V,SCN5A,LOF
mutant_site,1,21,SCN5A:p.E161K,SCN5A,LOF,0.0,0.4869109947643979,0.0,SCN8A:p.R1872W,SCN8A,GOF
mutant_site,1,22,SCN10A:p.Y158D,SCN10A,GOF,1.0,0.3885542168674699,2.5736434108527133,SCN8A:p.R1872W,SCN8A,GOF
mutant_site,1,23,SCN5A:p.K175N,SCN5A,LOF,1.0,0.4869109947643979,2.053763440860215,SCN1A:p.E1587K,SCN1A,LOF
mutant_site,1,24,SCN5A:p.A178G,SCN5A,LOF,1.0,0.4869109947643979,2.053763440860215,SCN1A:p.G177A,SCN1A,LOF
mutant_site,1,25,SCN1A:p.G177A,SCN1A,LOF,1.0,0.5609756097560976,1.7826086956521738,SCN5A:p.G1262S,SCN5A,LOF
mutant_site,1,26,SCN1A:p.G177E,SCN1A,LOF,1.0,0.5609756097560976,1.7826086956521738,SCN5A:p.G1262S,SCN5A,LOF
mutant_site,1,27,SCN5A:p.T187I,SCN5A,LOF,0.0,0.4869109947643979,0.0,SCN3A:p.T1486I,SCN3A,GOF
mutant_site,1,28,SCN4A:p.M203K,SCN4A,LOF,0.0,0.6214511041009464,0.0,SCN2A:p.V208E,SCN2A,GOF
mutant_site,1,29,SCN2A:p.V208E,SCN2A,GOF,0.0,0.379746835443038,0.0,SCN4A:p.V1442E,SCN4A,LOF
mutant_site,1,30,SCN9A:p.S211P,SCN9A,GOF,1.0,0.3768545994065282,2.653543307086614,SCN2A:p.T1623N,SCN2A,GOF
mutant_site,1,31,SCN11A:p.R222H,SCN11A,GOF,0.0,0.38596491228070173,0.0,SCN1A:p.R859H,SCN1A,LOF
mutant_site,1,32,SCN9A:p.F216S,SCN9A,GOF,1.0,0.3768545994065282,2.653543307086614,SCN8A:p.A1622D,SCN8A,GOF
mutant_site,1,33,SCN8A:p.R223G,SCN8A,LOF,1.0,0.6196319018404908,1.613861386138614,SCN4A:p.R672G,SCN4A,LOF
mutant_site,1,34,SCN5A:p.V223L,SCN5A,LOF,0.0,0.4869109947643979,0.0,SCN3A:p.L855P,SCN3A,GOF
mutant_site,1,35,SCN4A:p.R225W,SCN4A,LOF,1.0,0.6214511041009464,1.6091370558375635,SCN5A:p.R225W,SCN5A,LOF
mutant_site,1,36,SCN5A:p.R225W,SCN5A,LOF,1.0,0.4869109947643979,2.053763440860215,SCN4A:p.R225W,SCN4A,LOF
mutant_site,1,37,SCN5A:p.R225P,SCN5A,GOF,0.0,0.5130890052356021,0.0,SCN4A:p.R225W,SCN4A,LOF
mutant_site,1,38,SCN5A:p.A226V,SCN5A,LOF,0.0,0.4869109947643979,0.0,SCN3A:p.L855P,SCN3A,GOF
mutant_site,1,39,SCN1A:p.I227S,SCN1A,LOF,0.0,0.5609756097560976,0.0,SCN11A:p.L1158P,SCN11A,GOF
mutant_site,1,40,SCN9A:p.I228M,SCN9A,GOF,0.0,0.3768545994065282,0.0,SCN1A:p.I227S,SCN1A,LOF
mutant_site,1,41,SCN2A:p.T236S,SCN2A,GOF,1.0,0.379746835443038,2.6333333333333333,SCN5A:p.N1325S,SCN5A,GOF
mutant_site,1,42,SCN9A:p.I234T,SCN9A,GOF,0.0,0.3768545994065282,0.0,SCN2A:p.L1330F,SCN2A,LOF
mutant_site,1,43,SCN9A:p.S241T,SCN9A,GOF,1.0,0.3768545994065282,2.653543307086614,SCN10A:p.S242T,SCN10A,GOF
mutant_site,1,44,SCN10A:p.S242T,SCN10A,GOF,1.0,0.3885542168674699,2.5736434108527133,SCN9A:p.S241T,SCN9A,GOF
mutant_site,1,45,SCN3A:p.L247P,SCN3A,LOF,1.0,0.6190476190476191,1.6153846153846154,SCN5A:p.L839P,SCN5A,LOF
mutant_site,1,46,SCN1A:p.D249E,SCN1A,LOF,0.0,0.5609756097560976,0.0,SCN2A:p.N1339D,SCN2A,GOF
mutant_site,1,47,SCN1A:p.S259R,SCN1A,LOF,1.0,0.5609756097560976,1.7826086956521738,SCN5A:p.L1346P,SCN5A,LOF
mutant_site,1,48,SCN2A:p.A263V,SCN2A,GOF,0.0,0.379746835443038,0.0,SCN1A:p.A1685V,SCN1A,LOF
mutant_site,1,49,SCN1A:p.L263V,SCN1A,GOF,1.0,0.43902439024390244,2.2777777777777777,SCN4A:p.L796V,SCN4A,GOF
mutant_site,1,50,SCN8A:p.G269R,SCN8A,LOF,1.0,0.6196319018404908,1.613861386138614,SCN2A:p.G899S,SCN2A,LOF
mutant_site,1,51,SCN5A:p.L276Q,SCN5A,LOF,0.0,0.4869109947643979,0.0,SCN10A:p.R814H,SCN10A,GOF
mutant_site,1,52,SCN5A:p.R282H,SCN5A,LOF,0.0,0.4869109947643979,0.0,SCN10A:p.R814H,SCN10A,GOF
mutant_site,1,53,SCN5A:p.R282C,SCN5A,LOF,0.0,0.4869109947643979,0.0,SCN8A:p.R1872W,SCN8A,GOF
mutant_site,1,54,SCN1A:p.T297I,SCN1A,LOF,1.0,0.5609756097560976,1.7826086956521738,SCN5A:p.S1382I,SCN5A,LOF
mutant_site,1,55,SCN5A:p.L325R,SCN5A,LOF,0.0,0.4869109947643979,0.0,SCN9A:p.Q10R,SCN9A,GOF
mutant_site,1,56,SCN5A:p.C335R,SCN5A,LOF,1.0,0.4869109947643979,2.053763440860215,SCN2A:p.C1386R,SCN2A,LOF
mutant_site,1,57,SCN5A:p.P336L,SCN5A,LOF,1.0,0.4869109947643979,2.053763440860215,SCN4A:p.P382T,SCN4A,LOF
mutant_site,1,58,SCN3A:p.K354Q,SCN3A,GOF,0.0,0.38095238095238093,0.0,SCN5A:p.R104Q,SCN5A,LOF
mutant_site,1,59,SCN4A:p.P382T,SCN4A,LOF,1.0,0.6214511041009464,1.6091370558375635,SCN5A:p.P336L,SCN5A,LOF
mutant_site,1,60,SCN5A:p.D349N,SCN5A,LOF,1.0,0.4869109947643979,2.053763440860215,SCN2A:p.D12N,SCN2A,LOF
mutant_site,1,61,SCN5A:p.T353I,SCN5A,LOF,1.0,0.4869109947643979,2.053763440860215,SCN4A:p.P382T,SCN4A,LOF
mutant_site,1,62,SCN5A:p.D356N,SCN5A,LOF,1.0,0.4869109947643979,2.053763440860215,SCN10A:p.D1639N,SCN10A,LOF
mutant_site,1,63,SCN5A:p.R367C,SCN5A,LOF,1.0,0.4869109947643979,2.053763440860215,SCN2A:p.R379H,SCN2A,LOF
mutant_site,1,64,SCN2A:p.R379H,SCN2A,LOF,1.0,0.620253164556962,1.6122448979591837,SCN5A:p.R367H,SCN5A,LOF
mutant_site,1,65,SCN5A:p.R367H,SCN5A,LOF,1.0,0.4869109947643979,2.053763440860215,SCN2A:p.R379H,SCN2A,LOF
mutant_site,1,66,SCN5A:p.R367L,SCN5A,LOF,1.0,0.4869109947643979,2.053763440860215,SCN2A:p.R379H,SCN2A,LOF
mutant_site,1,67,SCN5A:p.M369K,SCN5A,LOF,1.0,0.4869109947643979,2.053763440860215,SCN2A:p.T1420M,SCN2A,LOF
mutant_site,1,68,SCN5A:p.W374G,SCN5A,LOF,0.0,0.4869109947643979,0.0,SCN10A:p.G1662S,SCN10A,GOF
mutant_site,1,69,SCN5A:p.R376H,SCN5A,LOF,0.0,0.4869109947643979,0.0,SCN8A:p.N374K,SCN8A,GOF
mutant_site,1,70,SCN8A:p.N374K,SCN8A,GOF,0.0,0.3803680981595092,0.0,SCN5A:p.R376H,SCN5A,LOF
mutant_site,1,71,SCN1A:p.R393H,SCN1A,LOF,1.0,0.5609756097560976,1.7826086956521738,SCN5A:p.N1722D,SCN5A,LOF
mutant_site,1,72,SCN5A:p.G386R,SCN5A,LOF,1.0,0.4869109947643979,2.053763440860215,SCN1A:p.R393H,SCN1A,LOF
mutant_site,1,73,SCN11A:p.I381T,SCN11A,GOF,0.0,0.38596491228070173,0.0,SCN10A:p.L867F,SCN10A,LOF
mutant_site,1,74,SCN5A:p.V396L,SCN5A,LOF,1.0,0.4869109947643979,2.053763440860215,SCN10A:p.L388M,SCN10A,LOF
mutant_site,1,75,SCN10A:p.L388M,SCN10A,LOF,1.0,0.6114457831325302,1.6354679802955663,SCN1A:p.V983A,SCN1A,LOF
mutant_site,1,76,SCN4A:p.N440K,SCN4A,GOF,1.0,0.3785488958990536,2.6416666666666666,SCN9A:p.N395K,SCN9A,GOF
mutant_site,1,77,SCN9A:p.N395K,SCN9A,GOF,1.0,0.3768545994065282,2.653543307086614,SCN4A:p.N440K,SCN4A,GOF
mutant_site,1,78,SCN5A:p.N406S,SCN5A,LOF,0.0,0.4869109947643979,0.0,SCN9A:p.N395K,SCN9A,GOF
mutant_site,1,79,SCN2A:p.V423L,SCN2A,GOF,1.0,0.379746835443038,2.6333333333333333,SCN9A:p.V400M,SCN9A,GOF
mutant_site,1,80,SCN4A:p.V445M,SCN4A,GOF,1.0,0.3785488958990536,2.6416666666666666,SCN5A:p.V411M,SCN5A,GOF
mutant_site,1,81,SCN5A:p.V411M,SCN5A,GOF,1.0,0.5130890052356021,1.9489795918367347,SCN9A:p.V400M,SCN9A,GOF
mutant_site,1,82,SCN9A:p.V400M,SCN9A,GOF,1.0,0.3768545994065282,2.653543307086614,SCN5A:p.V411M,SCN5A,GOF
mutant_site,1,83,SCN1A:p.Y426N,SCN1A,LOF,0.0,0.5609756097560976,0.0,SCN4A:p.F1298C,SCN4A,GOF
mutant_site,1,84,SCN5A:p.R458C,SCN5A,GOF,0.0,0.5130890052356021,0.0,SCN2A:p.D12N,SCN2A,LOF
mutant_site,1,85,SCN5A:p.A551T,SCN5A,LOF,0.0,0.4869109947643979,0.0,SCN10A:p.L554P,SCN10A,GOF
mutant_site,1,86,SCN5A:p.L567Q,SCN5A,LOF,0.0,0.4869109947643979,0.0,SCN10A:p.L554P,SCN10A,GOF
mutant_site,1,87,SCN5A:p.R569W,SCN5A,GOF,1.0,0.5130890052356021,1.9489795918367347,SCN9A:p.Q10R,SCN9A,GOF
mutant_site,1,88,SCN10A:p.L554P,SCN10A,GOF,0.0,0.3885542168674699,0.0,SCN5A:p.L567Q,SCN5A,LOF
mutant_site,1,89,SCN5A:p.N592K,SCN5A,LOF,0.0,0.4869109947643979,0.0,SCN9A:p.Q10R,SCN9A,GOF
mutant_site,1,90,SCN9A:p.D623N,SCN9A,GOF,0.0,0.3768545994065282,0.0,SCN2A:p.D12N,SCN2A,LOF
mutant_site,1,91,SCN5A:p.L619F,SCN5A,GOF,0.0,0.5130890052356021,0.0,SCN2A:p.D12N,SCN2A,LOF
mutant_site,1,92,SCN5A:p.R689H,SCN5A,LOF,1.0,0.4869109947643979,2.053763440860215,SCN10A:p.V94G,SCN10A,LOF
mutant_site,1,93,SCN2A:p.T773I,SCN2A,GOF,1.0,0.379746835443038,2.6333333333333333,SCN8A:p.T767I,SCN8A,GOF
mutant_site,1,94,SCN8A:p.T767I,SCN8A,GOF,1.0,0.3803680981595092,2.629032258064516,SCN2A:p.T773I,SCN2A,GOF
mutant_site,1,95,SCN5A:p.M734V,SCN5A,LOF,1.0,0.4869109947643979,2.053763440860215,SCN1A:p.M145T,SCN1A,LOF
mutant_site,1,96,SCN5A:p.A735E,SCN5A,LOF,1.0,0.4869109947643979,2.053763440860215,SCN1A:p.M145T,SCN1A,LOF
mutant_site,1,97,SCN5A:p.A735T,SCN5A,LOF,1.0,0.4869109947643979,2.053763440860215,SCN2A:p.A1773T,SCN2A,LOF
mutant_site,1,98,SCN5A:p.A735V,SCN5A,LOF,0.0,0.4869109947643979,0.0,SCN2A:p.A263V,SCN2A,GOF
mutant_site,1,99,SCN1A:p.E788K,SCN1A,LOF,1.0,0.5609756097560976,1.7826086956521738,SCN5A:p.E1225K,SCN5A,LOF
mutant_site,1,100,SCN1A:p.Y790C,SCN1A,LOF,1.0,0.5609756097560976,1.7826086956521738,SCN5A:p.R1897W,SCN5A,LOF
mutant_site,1,101,SCN5A:p.E746K,SCN5A,LOF,0.0,0.4869109947643979,0.0,SCN8A:p.R1872W,SCN8A,GOF
mutant_site,1,102,SCN5A:p.G752R,SCN5A,LOF,0.0,0.4869109947643979,0.0,SCN2A:p.M1879T,SCN2A,GOF
mutant_site,1,103,SCN5A:p.D785N,SCN5A,LOF,1.0,0.4869109947643979,2.053763440860215,SCN1A:p.E1587K,SCN1A,LOF
mutant_site,1,104,SCN8A:p.G822R,SCN8A,LOF,0.0,0.6196319018404908,0.0,SCN2A:p.F1597L,SCN2A,GOF
mutant_site,1,105,SCN10A:p.R756W,SCN10A,LOF,1.0,0.6114457831325302,1.6354679802955663,SCN1A:p.R859C,SCN1A,LOF
mutant_site,1,106,SCN1A:p.R859H,SCN1A,LOF,1.0,0.5609756097560976,1.7826086956521738,SCN4A:p.R669H,SCN4A,LOF
mutant_site,1,107,SCN4A:p.R669H,SCN4A,LOF,1.0,0.6214511041009464,1.6091370558375635,SCN1A:p.R859H,SCN1A,LOF
mutant_site,1,108,SCN1A:p.R859C,SCN1A,LOF,1.0,0.5609756097560976,1.7826086956521738,SCN5A:p.R808C,SCN5A,LOF
mutant_site,1,109,SCN5A:p.R808C,SCN5A,LOF,1.0,0.4869109947643979,2.053763440860215,SCN1A:p.R859C,SCN1A,LOF
mutant_site,1,110,SCN4A:p.R672G,SCN4A,LOF,1.0,0.6214511041009464,1.6091370558375635,SCN5A:p.R811H,SCN5A,LOF
mutant_site,1,111,SCN4A:p.R672H,SCN4A,LOF,1.0,0.6214511041009464,1.6091370558375635,SCN5A:p.R811H,SCN5A,LOF
mutant_site,1,112,SCN5A:p.R811H,SCN5A,LOF,1.0,0.4869109947643979,2.053763440860215,SCN4A:p.R672H,SCN4A,LOF
mutant_site,1,113,SCN3A:p.L855P,SCN3A,GOF,0.0,0.38095238095238093,0.0,SCN5A:p.L812Q,SCN5A,LOF
mutant_site,1,114,SCN5A:p.L812Q,SCN5A,LOF,0.0,0.4869109947643979,0.0,SCN3A:p.L855P,SCN3A,GOF
mutant_site,1,115,SCN1A:p.R865G,SCN1A,GOF,0.0,0.43902439024390244,0.0,SCN4A:p.R225W,SCN4A,LOF
mutant_site,1,116,SCN5A:p.K817E,SCN5A,LOF,1.0,0.4869109947643979,2.053763440860215,SCN4A:p.R1457H,SCN4A,LOF
mutant_site,1,117,SCN1A:p.T875M,SCN1A,LOF,1.0,0.5609756097560976,1.7826086956521738,SCN5A:p.G1642E,SCN5A,LOF
mutant_site,1,118,SCN3A:p.I875T,SCN3A,GOF,0.0,0.38095238095238093,0.0,SCN2A:p.L1330F,SCN2A,LOF
mutant_site,1,119,SCN11A:p.G699R,SCN11A,GOF,1.0,0.38596491228070173,2.5909090909090913,SCN5A:p.P1332L,SCN5A,GOF
mutant_site,1,120,SCN5A:p.L839P,SCN5A,LOF,1.0,0.4869109947643979,2.053763440860215,SCN3A:p.L247P,SCN3A,LOF
mutant_site,1,121,SCN4A:p.T704M,SCN4A,GOF,0.0,0.3785488958990536,0.0,SCN5A:p.G1661R,SCN5A,LOF
mutant_site,1,122,SCN1A:p.F902C,SCN1A,LOF,1.0,0.5609756097560976,1.7826086956521738,SCN5A:p.F851L,SCN5A,LOF
mutant_site,1,123,SCN5A:p.F851L,SCN5A,LOF,1.0,0.4869109947643979,2.053763440860215,SCN1A:p.F902C,SCN1A,LOF
mutant_site,1,124,SCN9A:p.V872G,SCN9A,GOF,1.0,0.3768545994065282,2.653543307086614,SCN11A:p.V1184A,SCN11A,GOF
mutant_site,1,125,SCN2A:p.G899S,SCN2A,LOF,1.0,0.620253164556962,1.6122448979591837,SCN8A:p.G269R,SCN8A,LOF
mutant_site,1,126,SCN1A:p.M909K,SCN1A,LOF,0.0,0.5609756097560976,0.0,SCN10A:p.A1304T,SCN10A,GOF
mutant_site,1,127,SCN10A:p.R814H,SCN10A,GOF,1.0,0.3885542168674699,2.5736434108527133,SCN2A:p.K908E,SCN2A,GOF
mutant_site,1,128,SCN2A:p.K908E,SCN2A,GOF,1.0,0.379746835443038,2.6333333333333333,SCN10A:p.R814H,SCN10A,GOF
mutant_site,1,129,SCN5A:p.W879R,SCN5A,LOF,0.0,0.4869109947643979,0.0,SCN9A:p.Q10R,SCN9A,GOF
mutant_site,1,130,SCN1A:p.H939Q,SCN1A,LOF,0.0,0.5609756097560976,0.0,SCN8A:p.R1872Q,SCN8A,GOF
mutant_site,1,131,SCN5A:p.I890T,SCN5A,LOF,1.0,0.4869109947643979,2.053763440860215,SCN1A:p.M956T,SCN1A,LOF
mutant_site,1,132,SCN5A:p.F892I,SCN5A,LOF,1.0,0.4869109947643979,2.053763440860215,SCN1A:p.M956T,SCN1A,LOF
mutant_site,1,133,SCN1A:p.R946C,SCN1A,LOF,1.0,0.5609756097560976,1.7826086956521738,SCN2A:p.R937C,SCN2A,LOF
mutant_site,1,134,SCN2A:p.R937C,SCN2A,LOF,1.0,0.620253164556962,1.6122448979591837,SCN1A:p.R946C,SCN1A,LOF
mutant_site,1,135,SCN1A:p.R946H,SCN1A,LOF,1.0,0.5609756097560976,1.7826086956521738,SCN2A:p.R937H,SCN2A,LOF
mutant_site,1,136,SCN2A:p.R937H,SCN2A,LOF,1.0,0.620253164556962,1.6122448979591837,SCN1A:p.R946H,SCN1A,LOF
mutant_site,1,137,SCN5A:p.E901K,SCN5A,LOF,0.0,0.4869109947643979,0.0,SCN8A:p.N374K,SCN8A,GOF
mutant_site,1,138,SCN1A:p.M956T,SCN1A,LOF,0.0,0.5609756097560976,0.0,SCN3A:p.I875T,SCN3A,GOF
mutant_site,1,139,SCN1A:p.C959R,SCN1A,LOF,1.0,0.5609756097560976,1.7826086956521738,SCN5A:p.A1428V,SCN5A,LOF
mutant_site,1,140,SCN5A:p.S910L,SCN5A,LOF,0.0,0.4869109947643979,0.0,SCN8A:p.R1872L,SCN8A,GOF
mutant_site,1,141,SCN10A:p.L867F,SCN10A,LOF,1.0,0.6114457831325302,1.6354679802955663,SCN5A:p.G1748D,SCN5A,LOF
mutant_site,1,142,SCN1A:p.G979R,SCN1A,LOF,1.0,0.5609756097560976,1.7826086956521738,SCN8A:p.G964R,SCN8A,LOF
mutant_site,1,143,SCN8A:p.G964R,SCN8A,LOF,1.0,0.6196319018404908,1.613861386138614,SCN1A:p.G979R,SCN1A,LOF
mutant_site,1,144,SCN5A:p.N927S,SCN5A,LOF,0.0,0.4869109947643979,0.0,SCN1A:p.F1774S,SCN1A,GOF
mutant_site,1,145,SCN5A:p.L928P,SCN5A,LOF,1.0,0.4869109947643979,2.053763440860215,SCN1A:p.L986F,SCN1A,LOF
mutant_site,1,146,SCN1A:p.V983A,SCN1A,LOF,1.0,0.5609756097560976,1.7826086956521738,SCN10A:p.L388M,SCN10A,LOF
mutant_site,1,147,SCN1A:p.N985I,SCN1A,LOF,0.0,0.5609756097560976,0.0,SCN9A:p.N395K,SCN9A,GOF
mutant_site,1,148,SCN1A:p.L986F,SCN1A,LOF,0.0,0.5609756097560976,0.0,SCN4A:p.L796V,SCN4A,GOF
mutant_site,1,149,SCN4A:p.L796V,SCN4A,GOF,0.0,0.3785488958990536,0.0,SCN1A:p.L986F,SCN1A,LOF
mutant_site,1,150,SCN5A:p.S941N,SCN5A,GOF,1.0,0.5130890052356021,1.9489795918367347,SCN8A:p.N1768D,SCN8A,GOF
mutant_site,1,151,SCN11A:p.N816K,SCN11A,GOF,1.0,0.38596491228070173,2.5909090909090913,SCN2A:p.E999K,SCN2A,GOF
mutant_site,1,152,SCN2A:p.E999K,SCN2A,GOF,0.0,0.379746835443038,0.0,SCN5A:p.N592K,SCN5A,LOF
mutant_site,1,153,SCN1A:p.N1011I,SCN1A,LOF,0.0,0.5609756097560976,0.0,SCN2A:p.E999K,SCN2A,GOF
mutant_site,1,154,SCN5A:p.R965C,SCN5A,LOF,1.0,0.4869109947643979,2.053763440860215,SCN1A:p.N1011I,SCN1A,LOF
mutant_site,1,155,SCN5A:p.R1023H,SCN5A,LOF,0.0,0.4869109947643979,0.0,SCN10A:p.L554P,SCN10A,GOF
mutant_site,1,156,SCN10A:p.P1102S,SCN10A,GOF,0.0,0.3885542168674699,0.0,SCN5A:p.F93S,SCN5A,LOF
mutant_site,1,157,SCN5A:p.S1103Y,SCN5A,GOF,1.0,0.5130890052356021,1.9489795918367347,SCN10A:p.A1886V,SCN10A,GOF
mutant_site,1,158,SCN5A:p.P1177L,SCN5A,GOF,1.0,0.5130890052356021,1.9489795918367347,SCN8A:p.R1872L,SCN8A,GOF
mutant_site,1,159,SCN5A:p.R1193Q,SCN5A,LOF,0.0,0.4869109947643979,0.0,SCN8A:p.R1872Q,SCN8A,GOF
mutant_site,1,160,SCN5A:p.S1218I,SCN5A,LOF,0.0,0.4869109947643979,0.0,SCN4A:p.N1366S,SCN4A,GOF
mutant_site,1,161,SCN5A:p.E1225K,SCN5A,LOF,1.0,0.4869109947643979,2.053763440860215,SCN1A:p.E788K,SCN1A,LOF
mutant_site,1,162,SCN5A:p.R1232W,SCN5A,LOF,0.0,0.4869109947643979,0.0,SCN8A:p.R1872W,SCN8A,GOF
mutant_site,1,163,SCN1A:p.M1267I,SCN1A,LOF,0.0,0.5609756097560976,0.0,SCN3A:p.M1765I,SCN3A,GOF
mutant_site,1,164,SCN5A:p.G1262S,SCN5A,LOF,1.0,0.4869109947643979,2.053763440860215,SCN1A:p.R1596C,SCN1A,LOF
mutant_site,1,165,SCN5A:p.A1294G,SCN5A,LOF,1.0,0.4869109947643979,2.053763440860215,SCN10A:p.V94G,SCN10A,LOF
mutant_site,1,166,SCN5A:p.E1295K,SCN5A,GOF,1.0,0.5130890052356021,1.9489795918367347,SCN8A:p.R1872W,SCN8A,GOF
mutant_site,1,167,SCN5A:p.T1304M,SCN5A,GOF,1.0,0.5130890052356021,1.9489795918367347,SCN3A:p.L855P,SCN3A,GOF
mutant_site,1,168,SCN2A:p.R1312T,SCN2A,LOF,1.0,0.620253164556962,1.6122448979591837,SCN4A:p.R225W,SCN4A,LOF
mutant_site,1,169,SCN11A:p.L1158P,SCN11A,GOF,0.0,0.38596491228070173,0.0,SCN1A:p.I227S,SCN1A,LOF
mutant_site,1,170,SCN2A:p.R1319Q,SCN2A,LOF,1.0,0.620253164556962,1.6122448979591837,SCN10A:p.R1588Q,SCN10A,LOF
mutant_site,1,171,SCN5A:p.G1319V,SCN5A,LOF,1.0,0.4869109947643979,2.053763440860215,SCN1A:p.T875M,SCN1A,LOF
mutant_site,1,172,SCN5A:p.N1325S,SCN5A,GOF,1.0,0.5130890052356021,1.9489795918367347,SCN4A:p.F1473S,SCN4A,GOF
mutant_site,1,173,SCN2A:p.L1330F,SCN2A,LOF,0.0,0.620253164556962,0.0,SCN3A:p.I875T,SCN3A,GOF
mutant_site,1,174,SCN5A:p.V1328M,SCN5A,GOF,0.0,0.5130890052356021,0.0,SCN1A:p.M1664K,SCN1A,LOF
mutant_site,1,175,SCN5A:p.A1330P,SCN5A,GOF,1.0,0.5130890052356021,1.9489795918367347,SCN4A:p.A1156T,SCN4A,GOF
mutant_site,1,176,SCN4A:p.A1156T,SCN4A,GOF,1.0,0.3785488958990536,2.6416666666666666,SCN5A:p.A1330T,SCN5A,GOF
mutant_site,1,177,SCN5A:p.A1330T,SCN5A,GOF,1.0,0.5130890052356021,1.9489795918367347,SCN4A:p.A1156T,SCN4A,GOF
mutant_site,1,178,SCN3A:p.P1333L,SCN3A,GOF,1.0,0.38095238095238093,2.625,SCN4A:p.P1158L,SCN4A,GOF
mutant_site,1,179,SCN4A:p.P1158L,SCN4A,GOF,1.0,0.3785488958990536,2.6416666666666666,SCN3A:p.P1333L,SCN3A,GOF
mutant_site,1,180,SCN5A:p.P1332L,SCN5A,GOF,1.0,0.5130890052356021,1.9489795918367347,SCN3A:p.P1333L,SCN3A,GOF
mutant_site,1,181,SCN5A:p.S1333Y,SCN5A,GOF,1.0,0.5130890052356021,1.9489795918367347,SCN2A:p.S1336Y,SCN2A,GOF
mutant_site,1,182,SCN2A:p.S1336Y,SCN2A,GOF,1.0,0.379746835443038,2.6333333333333333,SCN5A:p.S1333Y,SCN5A,GOF
mutant_site,1,183,SCN8A:p.I1327V,SCN8A,GOF,0.0,0.3803680981595092,0.0,SCN3A:p.L247P,SCN3A,LOF
mutant_site,1,184,SCN2A:p.N1339D,SCN2A,GOF,0.0,0.379746835443038,0.0,SCN1A:p.D249E,SCN1A,LOF
mutant_site,1,185,SCN8A:p.L1331V,SCN8A,GOF,1.0,0.3803680981595092,2.629032258064516,SCN4A:p.T704M,SCN4A,GOF
mutant_site,1,186,SCN11A:p.V1184A,SCN11A,GOF,0.0,0.38596491228070173,0.0,SCN5A:p.V1340I,SCN5A,LOF
mutant_site,1,187,SCN5A:p.V1340I,SCN5A,LOF,1.0,0.4869109947643979,2.053763440860215,SCN1A:p.V1353L,SCN1A,LOF
mutant_site,1,188,SCN1A:p.V1353L,SCN1A,LOF,1.0,0.5609756097560976,1.7826086956521738,SCN5A:p.V1340I,SCN5A,LOF
mutant_site,1,189,SCN5A:p.F1344S,SCN5A,LOF,0.0,0.4869109947643979,0.0,SCN11A:p.V1184A,SCN11A,GOF
mutant_site,1,190,SCN5A:p.W1345C,SCN5A,LOF,1.0,0.4869109947643979,2.053763440860215,SCN1A:p.F902C,SCN1A,LOF
mutant_site,1,191,SCN5A:p.L1346P,SCN5A,LOF,1.0,0.4869109947643979,2.053763440860215,SCN1A:p.S259R,SCN1A,LOF
mutant_site,1,192,SCN1A:p.V1366I,SCN1A,LOF,0.0,0.5609756097560976,0.0,SCN5A:p.V1667I,SCN5A,GOF
mutant_site,1,193,SCN10A:p.A1304T,SCN10A,GOF,0.0,0.3885542168674699,0.0,SCN1A:p.V1366I,SCN1A,LOF
mutant_site,1,194,SCN8A:p.T1360N,SCN8A,LOF,1.0,0.6196319018404908,1.613861386138614,SCN1A:p.G1749E,SCN1A,LOF
mutant_site,1,195,SCN5A:p.V1378M,SCN5A,LOF,0.0,0.4869109947643979,0.0,SCN2A:p.M1879T,SCN2A,GOF
mutant_site,1,196,SCN5A:p.N1380K,SCN5A,LOF,0.0,0.4869109947643979,0.0,SCN2A:p.E999K,SCN2A,GOF
mutant_site,1,197,SCN5A:p.S1382I,SCN5A,LOF,1.0,0.4869109947643979,2.053763440860215,SCN1A:p.T297I,SCN1A,LOF
mutant_site,1,198,SCN4A:p.C1209F,SCN4A,LOF,1.0,0.6214511041009464,1.6091370558375635,SCN2A:p.C1386R,SCN2A,LOF
mutant_site,1,199,SCN2A:p.C1386R,SCN2A,LOF,1.0,0.620253164556962,1.6122448979591837,SCN4A:p.C1209F,SCN4A,LOF
mutant_site,1,200,SCN5A:p.V1405L,SCN5A,LOF,1.0,0.4869109947643979,2.053763440860215,SCN1A:p.F1831S,SCN1A,LOF
mutant_site,1,201,SCN5A:p.V1405M,SCN5A,LOF,1.0,0.4869109947643979,2.053763440860215,SCN1A:p.F1831S,SCN1A,LOF
mutant_site,1,202,SCN5A:p.G1406E,SCN5A,LOF,0.0,0.4869109947643979,0.0,SCN8A:p.R1872W,SCN8A,GOF
mutant_site,1,203,SCN5A:p.G1406R,SCN5A,LOF,0.0,0.4869109947643979,0.0,SCN8A:p.R1872W,SCN8A,GOF
mutant_site,1,204,SCN1A:p.G1421W,SCN1A,LOF,1.0,0.5609756097560976,1.7826086956521738,SCN5A:p.G1748D,SCN5A,LOF
mutant_site,1,205,SCN2A:p.T1420M,SCN2A,LOF,1.0,0.620253164556962,1.6122448979591837,SCN5A:p.T1709M,SCN5A,LOF
mutant_site,1,206,SCN5A:p.G1420R,SCN5A,LOF,0.0,0.4869109947643979,0.0,SCN10A:p.G1662S,SCN10A,GOF
mutant_site,1,207,SCN5A:p.G1420V,SCN5A,LOF,0.0,0.4869109947643979,0.0,SCN10A:p.G1662S,SCN10A,GOF
mutant_site,1,208,SCN5A:p.A1428S,SCN5A,LOF,1.0,0.4869109947643979,2.053763440860215,SCN1A:p.C959R,SCN1A,LOF
mutant_site,1,209,SCN5A:p.A1428V,SCN5A,LOF,1.0,0.4869109947643979,2.053763440860215,SCN1A:p.C959R,SCN1A,LOF
mutant_site,1,210,SCN5A:p.D1430N,SCN5A,LOF,1.0,0.4869109947643979,2.053763440860215,SCN1A:p.R393H,SCN1A,LOF
mutant_site,1,211,SCN5A:p.R1432G,SCN5A,LOF,1.0,0.4869109947643979,2.053763440860215,SCN10A:p.V94G,SCN10A,LOF
mutant_site,1,212,SCN5A:p.Y1449C,SCN5A,LOF,1.0,0.4869109947643979,2.053763440860215,SCN1A:p.F1765L,SCN1A,LOF
mutant_site,1,213,SCN5A:p.T1461S,SCN5A,LOF,1.0,0.4869109947643979,2.053763440860215,SCN10A:p.L388M,SCN10A,LOF
mutant_site,1,214,SCN4A:p.V1293I,SCN4A,GOF,1.0,0.3785488958990536,2.6416666666666666,SCN2A:p.V423L,SCN2A,GOF
mutant_site,1,215,SCN2A:p.I1473M,SCN2A,GOF,1.0,0.379746835443038,2.6333333333333333,SCN4A:p.F1298C,SCN4A,GOF
mutant_site,1,216,SCN4A:p.N1297K,SCN4A,GOF,1.0,0.3785488958990536,2.6416666666666666,SCN5A:p.N1774D,SCN5A,GOF
mutant_site,1,217,SCN4A:p.N1297S,SCN4A,GOF,1.0,0.3785488958990536,2.6416666666666666,SCN5A:p.N1774D,SCN5A,GOF
mutant_site,1,218,SCN4A:p.F1298C,SCN4A,GOF,1.0,0.3785488958990536,2.6416666666666666,SCN5A:p.F1473C,SCN5A,GOF
mutant_site,1,219,SCN5A:p.F1473C,SCN5A,GOF,1.0,0.5130890052356021,1.9489795918367347,SCN4A:p.F1298C,SCN4A,GOF
mutant_site,1,220,SCN5A:p.F1473S,SCN5A,GOF,1.0,0.5130890052356021,1.9489795918367347,SCN4A:p.F1298C,SCN4A,GOF
mutant_site,1,221,SCN5A:p.Q1475P,SCN5A,GOF,1.0,0.5130890052356021,1.9489795918367347,SCN11A:p.N816K,SCN11A,GOF
mutant_site,1,222,SCN1A:p.Q1489H,SCN1A,GOF,1.0,0.43902439024390244,2.2777777777777777,SCN5A:p.Q1476R,SCN5A,GOF
mutant_site,1,223,SCN1A:p.Q1489K,SCN1A,GOF,1.0,0.43902439024390244,2.2777777777777777,SCN5A:p.Q1476R,SCN5A,GOF
mutant_site,1,224,SCN5A:p.Q1476R,SCN5A,GOF,1.0,0.5130890052356021,1.9489795918367347,SCN1A:p.Q1489H,SCN1A,GOF
mutant_site,1,225,SCN4A:p.G1306E,SCN4A,GOF,1.0,0.3785488958990536,2.6416666666666666,SCN8A:p.G1475R,SCN8A,GOF
mutant_site,1,226,SCN8A:p.G1475R,SCN8A,GOF,1.0,0.3803680981595092,2.629032258064516,SCN4A:p.G1306E,SCN4A,GOF
mutant_site,1,227,SCN1A:p.I1498M,SCN1A,LOF,0.0,0.5609756097560976,0.0,SCN4A:p.I1310N,SCN4A,GOF
mutant_site,1,228,SCN4A:p.I1310N,SCN4A,GOF,0.0,0.3785488958990536,0.0,SCN1A:p.I1498M,SCN1A,LOF
mutant_site,1,229,SCN5A:p.F1486L,SCN5A,GOF,1.0,0.5130890052356021,1.9489795918367347,SCN1A:p.F1499L,SCN1A,GOF
mutant_site,1,230,SCN1A:p.F1499L,SCN1A,GOF,1.0,0.43902439024390244,2.2777777777777777,SCN5A:p.F1486L,SCN5A,GOF
mutant_site,1,231,SCN1A:p.M1500V,SCN1A,GOF,1.0,0.43902439024390244,2.2777777777777777,SCN5A:p.F1486L,SCN5A,GOF
mutant_site,1,232,SCN4A:p.T1313A,SCN4A,GOF,1.0,0.3785488958990536,2.6416666666666666,SCN3A:p.T1486I,SCN3A,GOF
mutant_site,1,233,SCN4A:p.T1313M,SCN4A,GOF,1.0,0.3785488958990536,2.6416666666666666,SCN3A:p.T1486I,SCN3A,GOF
mutant_site,1,234,SCN3A:p.T1486I,SCN3A,GOF,1.0,0.38095238095238093,2.625,SCN4A:p.T1313M,SCN4A,GOF
mutant_site,1,235,SCN8A:p.A1491V,SCN8A,GOF,1.0,0.3803680981595092,2.629032258064516,SCN2A:p.M1879T,SCN2A,GOF
mutant_site,1,236,SCN5A:p.P1506S,SCN5A,LOF,0.0,0.4869109947643979,0.0,SCN8A:p.R1872W,SCN8A,GOF
mutant_site,1,237,SCN5A:p.R1512W,SCN5A,LOF,1.0,0.4869109947643979,2.053763440860215,SCN1A:p.R1525Q,SCN1A,LOF
mutant_site,1,238,SCN1A:p.R1525Q,SCN1A,LOF,1.0,0.5609756097560976,1.7826086956521738,SCN5A:p.R1512W,SCN5A,LOF
mutant_site,1,239,SCN5A:p.N1541D,SCN5A,LOF,0.0,0.4869109947643979,0.0,SCN4A:p.N1366S,SCN4A,GOF
mutant_site,1,240,SCN4A:p.N1366S,SCN4A,GOF,0.0,0.3785488958990536,0.0,SCN5A:p.N1541D,SCN5A,LOF
mutant_site,1,241,SCN1A:p.R1575C,SCN1A,GOF,1.0,0.43902439024390244,2.2777777777777777,SCN10A:p.Y158D,SCN10A,GOF
mutant_site,1,242,SCN2A:p.I1571T,SCN2A,GOF,1.0,0.379746835443038,2.6333333333333333,SCN11A:p.I381T,SCN11A,GOF
mutant_site,1,243,SCN10A:p.V1518I,SCN10A,LOF,1.0,0.6114457831325302,1.6354679802955663,SCN5A:p.L136P,SCN5A,LOF
mutant_site,1,244,SCN1A:p.E1587K,SCN1A,LOF,1.0,0.5609756097560976,1.7826086956521738,SCN5A:p.E1574K,SCN5A,LOF
mutant_site,1,245,SCN5A:p.E1574K,SCN5A,LOF,1.0,0.4869109947643979,2.053763440860215,SCN1A:p.E1587K,SCN1A,LOF
mutant_site,1,246,SCN1A:p.R1596C,SCN1A,LOF,1.0,0.5609756097560976,1.7826086956521738,SCN5A:p.R1583C,SCN5A,LOF
mutant_site,1,247,SCN5A:p.R1583C,SCN5A,LOF,1.0,0.4869109947643979,2.053763440860215,SCN1A:p.R1596C,SCN1A,LOF
mutant_site,1,248,SCN2A:p.Y1589C,SCN2A,GOF,0.0,0.379746835443038,0.0,SCN1A:p.F1831S,SCN1A,LOF
mutant_site,1,249,SCN2A:p.F1597L,SCN2A,GOF,0.0,0.379746835443038,0.0,SCN1A:p.F1765L,SCN1A,LOF
mutant_site,1,250,SCN5A:p.D1595N,SCN5A,LOF,1.0,0.4869109947643979,2.053763440860215,SCN1A:p.E1587K,SCN1A,LOF
mutant_site,1,251,SCN1A:p.V1611F,SCN1A,GOF,0.0,0.43902439024390244,0.0,SCN10A:p.V1518I,SCN10A,LOF
mutant_site,1,252,SCN5A:p.S1609L,SCN5A,GOF,1.0,0.5130890052356021,1.9489795918367347,SCN8A:p.R1872L,SCN8A,GOF
mutant_site,1,253,SCN1A:p.L1624P,SCN1A,GOF,1.0,0.43902439024390244,2.2777777777777777,SCN8A:p.R1872W,SCN8A,GOF
mutant_site,1,254,SCN4A:p.V1442E,SCN4A,LOF,0.0,0.6214511041009464,0.0,SCN5A:p.E1295K,SCN5A,GOF
mutant_site,1,255,SCN1A:p.P1632S,SCN1A,LOF,1.0,0.5609756097560976,1.7826086956521738,SCN2A:p.P1622S,SCN2A,LOF
mutant_site,1,256,SCN2A:p.P1622S,SCN2A,LOF,1.0,0.620253164556962,1.6122448979591837,SCN1A:p.P1632S,SCN1A,LOF
mutant_site,1,257,SCN2A:p.T1623N,SCN2A,GOF,0.0,0.379746835443038,0.0,SCN5A:p.T1620M,SCN5A,LOF
mutant_site,1,258,SCN5A:p.T1620M,SCN5A,LOF,0.0,0.4869109947643979,0.0,SCN2A:p.T1623N,SCN2A,GOF
mutant_site,1,259,SCN3A:p.R1621G,SCN3A,GOF,1.0,0.38095238095238093,2.625,SCN8A:p.R1617Q,SCN8A,GOF
mutant_site,1,260,SCN3A:p.R1621Q,SCN3A,GOF,1.0,0.38095238095238093,2.625,SCN8A:p.R1617Q,SCN8A,GOF
mutant_site,1,261,SCN5A:p.R1623Q,SCN5A,GOF,1.0,0.5130890052356021,1.9489795918367347,SCN8A:p.R1617Q,SCN8A,GOF
mutant_site,1,262,SCN8A:p.R1617Q,SCN8A,GOF,1.0,0.3803680981595092,2.629032258064516,SCN3A:p.R1621Q,SCN3A,GOF
mutant_site,1,263,SCN4A:p.R1451C,SCN4A,LOF,0.0,0.6214511041009464,0.0,SCN5A:p.R1626P,SCN5A,GOF
mutant_site,1,264,SCN5A:p.R1626P,SCN5A,GOF,0.0,0.5130890052356021,0.0,SCN4A:p.R1451C,SCN4A,LOF
mutant_site,1,265,SCN4A:p.R1451L,SCN4A,LOF,1.0,0.6214511041009464,1.6091370558375635,SCN8A:p.R1620L,SCN8A,LOF
mutant_site,1,266,SCN8A:p.R1620L,SCN8A,LOF,1.0,0.6196319018404908,1.613861386138614,SCN4A:p.R1451L,SCN4A,LOF
mutant_site,1,267,SCN8A:p.A1622D,SCN8A,GOF,1.0,0.3803680981595092,2.629032258064516,SCN5A:p.G1631D,SCN5A,GOF
mutant_site,1,268,SCN5A:p.R1629Q,SCN5A,LOF,1.0,0.4869109947643979,2.053763440860215,SCN4A:p.R1454W,SCN4A,LOF
mutant_site,1,269,SCN4A:p.R1454W,SCN4A,LOF,1.0,0.6214511041009464,1.6091370558375635,SCN5A:p.R1629Q,SCN5A,LOF
mutant_site,1,270,SCN5A:p.G1631D,SCN5A,GOF,1.0,0.5130890052356021,1.9489795918367347,SCN8A:p.A1622D,SCN8A,GOF
mutant_site,1,271,SCN5A:p.R1632C,SCN5A,LOF,1.0,0.4869109947643979,2.053763440860215,SCN4A:p.R1457H,SCN4A,LOF
mutant_site,1,272,SCN4A:p.R1457H,SCN4A,LOF,1.0,0.6214511041009464,1.6091370558375635,SCN5A:p.R1632C,SCN5A,LOF
mutant_site,1,273,SCN10A:p.R1588Q,SCN10A,LOF,0.0,0.6114457831325302,0.0,SCN8A:p.R1872Q,SCN8A,GOF
mutant_site,1,274,SCN5A:p.G1642E,SCN5A,LOF,1.0,0.4869109947643979,2.053763440860215,SCN1A:p.T875M,SCN1A,LOF
mutant_site,1,275,SCN1A:p.I1656M,SCN1A,LOF,0.0,0.5609756097560976,0.0,SCN3A:p.I875T,SCN3A,GOF
mutant_site,1,276,SCN1A:p.R1657C,SCN1A,LOF,1.0,0.5609756097560976,1.7826086956521738,SCN8A:p.R1638C,SCN8A,LOF
mutant_site,1,277,SCN5A:p.R1644C,SCN5A,LOF,1.0,0.4869109947643979,2.053763440860215,SCN8A:p.R1638C,SCN8A,LOF
mutant_site,1,278,SCN8A:p.R1638C,SCN8A,LOF,1.0,0.6196319018404908,1.613861386138614,SCN1A:p.R1657C,SCN1A,LOF
mutant_site,1,279,SCN5A:p.R1644H,SCN5A,GOF,0.0,0.5130890052356021,0.0,SCN1A:p.R1657C,SCN1A,LOF
mutant_site,1,280,SCN3A:p.F1646C,SCN3A,GOF,1.0,0.38095238095238093,2.625,SCN1A:p.F1661L,SCN1A,GOF
mutant_site,1,281,SCN1A:p.F1661L,SCN1A,GOF,1.0,0.43902439024390244,2.2777777777777777,SCN3A:p.F1646C,SCN3A,GOF
mutant_site,1,282,SCN4A:p.F1473S,SCN4A,GOF,1.0,0.3785488958990536,2.6416666666666666,SCN3A:p.F1646C,SCN3A,GOF
mutant_site,1,283,SCN1A:p.M1664K,SCN1A,LOF,0.0,0.5609756097560976,0.0,SCN5A:p.V1328M,SCN5A,GOF
mutant_site,1,284,SCN5A:p.M1652R,SCN5A,GOF,0.0,0.5130890052356021,0.0,SCN1A:p.M1664K,SCN1A,LOF
mutant_site,1,285,SCN2A:p.P1658S,SCN2A,LOF,0.0,0.620253164556962,0.0,SCN4A:p.P1158L,SCN4A,GOF
mutant_site,1,286,SCN5A:p.A1656D,SCN5A,GOF,1.0,0.5130890052356021,1.9489795918367347,SCN2A:p.S1336Y,SCN2A,GOF
mutant_site,1,287,SCN5A:p.I1660V,SCN5A,LOF,0.0,0.4869109947643979,0.0,SCN8A:p.I1327V,SCN8A,GOF
mutant_site,1,288,SCN1A:p.G1674R,SCN1A,LOF,1.0,0.5609756097560976,1.7826086956521738,SCN5A:p.G1661R,SCN5A,LOF
mutant_site,1,289,SCN5A:p.G1661R,SCN5A,LOF,1.0,0.4869109947643979,2.053763440860215,SCN1A:p.G1674R,SCN1A,LOF
mutant_site,1,290,SCN5A:p.V1667I,SCN5A,GOF,1.0,0.5130890052356021,1.9489795918367347,SCN9A:p.V872G,SCN9A,GOF
mutant_site,1,291,SCN3A:p.Y1669C,SCN3A,LOF,1.0,0.6190476190476191,1.6153846153846154,SCN5A:p.F851L,SCN5A,LOF
mutant_site,1,292,SCN1A:p.A1685D,SCN1A,LOF,1.0,0.5609756097560976,1.7826086956521738,SCN5A:p.S1672Y,SCN5A,LOF
mutant_site,1,293,SCN1A:p.A1685V,SCN1A,LOF,1.0,0.5609756097560976,1.7826086956521738,SCN5A:p.S1672Y,SCN5A,LOF
mutant_site,1,294,SCN5A:p.S1672Y,SCN5A,LOF,1.0,0.4869109947643979,2.053763440860215,SCN1A:p.A1685D,SCN1A,LOF
mutant_site,1,295,SCN10A:p.D1639N,SCN10A,LOF,1.0,0.6114457831325302,1.6354679802955663,SCN5A:p.D1690N,SCN5A,LOF
mutant_site,1,296,SCN5A:p.D1690N,SCN5A,LOF,1.0,0.4869109947643979,2.053763440860215,SCN10A:p.D1639N,SCN10A,LOF
mutant_site,1,297,SCN1A:p.T1709I,SCN1A,LOF,1.0,0.5609756097560976,1.7826086956521738,SCN10A:p.D1639N,SCN10A,LOF
mutant_site,1,298,SCN5A:p.T1709M,SCN5A,LOF,1.0,0.4869109947643979,2.053763440860215,SCN2A:p.T1420M,SCN2A,LOF
mutant_site,1,299,SCN5A:p.G1712C,SCN5A,LOF,0.0,0.4869109947643979,0.0,SCN10A:p.G1662S,SCN10A,GOF
mutant_site,1,300,SCN10A:p.G1662S,SCN10A,GOF,0.0,0.3885542168674699,0.0,SCN5A:p.G1712C,SCN5A,LOF
mutant_site,1,301,SCN5A:p.D1714G,SCN5A,LOF,0.0,0.4869109947643979,0.0,SCN8A:p.N374K,SCN8A,GOF
mutant_site,1,302,SCN5A:p.N1722D,SCN5A,LOF,1.0,0.4869109947643979,2.053763440860215,SCN1A:p.E78D,SCN1A,LOF
mutant_site,1,303,SCN5A:p.P1730H,SCN5A,LOF,1.0,0.4869109947643979,2.053763440860215,SCN1A:p.G1749E,SCN1A,LOF
mutant_site,1,304,SCN1A:p.G1749E,SCN1A,LOF,0.0,0.5609756097560976,0.0,SCN5A:p.R18W,SCN5A,GOF
mutant_site,1,305,SCN5A:p.G1740R,SCN5A,LOF,0.0,0.4869109947643979,0.0,SCN9A:p.Q10R,SCN9A,GOF
mutant_site,1,306,SCN5A:p.G1743R,SCN5A,LOF,0.0,0.4869109947643979,0.0,SCN9A:p.Q10R,SCN9A,GOF
mutant_site,1,307,SCN5A:p.G1748D,SCN5A,LOF,1.0,0.4869109947643979,2.053763440860215,SCN10A:p.L867F,SCN10A,LOF
mutant_site,1,308,SCN1A:p.F1765L,SCN1A,LOF,1.0,0.5609756097560976,1.7826086956521738,SCN5A:p.Y1449C,SCN5A,LOF
mutant_site,1,309,SCN10A:p.I1706V,SCN10A,GOF,1.0,0.3885542168674699,2.5736434108527133,SCN11A:p.I381T,SCN11A,GOF
mutant_site,1,310,SCN1A:p.F1774S,SCN1A,GOF,0.0,0.43902439024390244,0.0,SCN5A:p.N927S,SCN5A,LOF
mutant_site,1,311,SCN5A:p.I1762A,SCN5A,GOF,1.0,0.5130890052356021,1.9489795918367347,SCN3A:p.V1769A,SCN3A,GOF
mutant_site,1,312,SCN5A:p.V1763M,SCN5A,GOF,0.0,0.5130890052356021,0.0,SCN1A:p.V983A,SCN1A,LOF
mutant_site,1,313,SCN8A:p.V1758A,SCN8A,LOF,0.0,0.6196319018404908,0.0,SCN5A:p.V1764M,SCN5A,GOF
mutant_site,1,314,SCN5A:p.V1764M,SCN5A,GOF,0.0,0.5130890052356021,0.0,SCN8A:p.V1758A,SCN8A,LOF
mutant_site,1,315,SCN3A:p.M1765I,SCN3A,GOF,1.0,0.38095238095238093,2.625,SCN8A:p.M1760I,SCN8A,GOF
mutant_site,1,316,SCN8A:p.M1760I,SCN8A,GOF,1.0,0.3803680981595092,2.629032258064516,SCN3A:p.M1765I,SCN3A,GOF
mutant_site,1,317,SCN5A:p.Y1767C,SCN5A,GOF,1.0,0.5130890052356021,1.9489795918367347,SCN8A:p.M1760I,SCN8A,GOF
mutant_site,1,318,SCN5A:p.I1768V,SCN5A,GOF,1.0,0.5130890052356021,1.9489795918367347,SCN3A:p.V1769A,SCN3A,GOF
mutant_site,1,319,SCN2A:p.A1773T,SCN2A,LOF,0.0,0.620253164556962,0.0,SCN3A:p.V1769A,SCN3A,GOF
mutant_site,1,320,SCN3A:p.V1769A,SCN3A,GOF,1.0,0.38095238095238093,2.625,SCN4A:p.V1293I,SCN4A,GOF
mutant_site,1,321,SCN5A:p.N1774D,SCN5A,GOF,1.0,0.5130890052356021,1.9489795918367347,SCN8A:p.N1768D,SCN8A,GOF
mutant_site,1,322,SCN8A:p.N1768D,SCN8A,GOF,1.0,0.3803680981595092,2.629032258064516,SCN5A:p.N1774D,SCN5A,GOF
mutant_site,1,323,SCN5A:p.S1787N,SCN5A,GOF,0.0,0.5130890052356021,0.0,SCN2A:p.D12N,SCN2A,LOF
mutant_site,1,324,SCN5A:p.Y1795C,SCN5A,GOF,1.0,0.5130890052356021,1.9489795918367347,SCN8A:p.R1872W,SCN8A,GOF
mutant_site,1,325,SCN5A:p.Y1795H,SCN5A,LOF,0.0,0.4869109947643979,0.0,SCN8A:p.R1872W,SCN8A,GOF
mutant_site,1,326,SCN2A:p.E1803G,SCN2A,GOF,1.0,0.379746835443038,2.6333333333333333,SCN5A:p.Y1795C,SCN5A,GOF
mutant_site,1,327,SCN4A:p.Q1633E,SCN4A,GOF,0.0,0.3785488958990536,0.0,SCN5A:p.Q1832E,SCN5A,LOF
mutant_site,1,328,SCN1A:p.F1831S,SCN1A,LOF,1.0,0.5609756097560976,1.7826086956521738,SCN5A:p.L1825P,SCN5A,LOF
mutant_site,1,329,SCN5A:p.L1825P,SCN5A,LOF,0.0,0.4869109947643979,0.0,SCN2A:p.M1879T,SCN2A,GOF
mutant_site,1,330,SCN5A:p.Q1832E,SCN5A,LOF,0.0,0.4869109947643979,0.0,SCN8A:p.R1872W,SCN8A,GOF
mutant_site,1,331,SCN5A:p.C1850S,SCN5A,LOF,0.0,0.4869109947643979,0.0,SCN8A:p.R1872W,SCN8A,GOF
mutant_site,1,332,SCN1A:p.D1866Y,SCN1A,GOF,1.0,0.43902439024390244,2.2777777777777777,SCN8A:p.R1872W,SCN8A,GOF
mutant_site,1,333,SCN2A:p.M1879T,SCN2A,GOF,1.0,0.379746835443038,2.6333333333333333,SCN8A:p.R1872W,SCN8A,GOF
mutant_site,1,334,SCN8A:p.R1872L,SCN8A,GOF,1.0,0.3803680981595092,2.629032258064516,SCN2A:p.R1882Q,SCN2A,GOF
mutant_site,1,335,SCN2A:p.R1882G,SCN2A,GOF,1.0,0.379746835443038,2.6333333333333333,SCN8A:p.R1872W,SCN8A,GOF
mutant_site,1,336,SCN2A:p.R1882Q,SCN2A,GOF,1.0,0.379746835443038,2.6333333333333333,SCN8A:p.R1872Q,SCN8A,GOF
mutant_site,1,337,SCN8A:p.R1872Q,SCN8A,GOF,1.0,0.3803680981595092,2.629032258064516,SCN2A:p.R1882Q,SCN2A,GOF
mutant_site,1,338,SCN8A:p.R1872W,SCN8A,GOF,1.0,0.3803680981595092,2.629032258064516,SCN2A:p.R1882Q,SCN2A,GOF
mutant_site,1,339,SCN5A:p.R1897W,SCN5A,LOF,0.0,0.4869109947643979,0.0,SCN8A:p.R1872W,SCN8A,GOF
mutant_site,1,340,SCN5A:p.R1898C,SCN5A,LOF,0.0,0.4869109947643979,0.0,SCN8A:p.R1872W,SCN8A,GOF
mutant_site,1,341,SCN1A:p.Q1923R,SCN1A,LOF,1.0,0.5609756097560976,1.7826086956521738,SCN5A:p.R1897W,SCN5A,LOF
mutant_site,1,342,SCN1A:p.R1927G,SCN1A,LOF,1.0,0.5609756097560976,1.7826086956521738,SCN5A:p.R1897W,SCN5A,LOF
mutant_site,1,343,SCN1A:p.T1934I,SCN1A,LOF,0.0,0.5609756097560976,0.0,SCN5A:p.R18W,SCN5A,GOF
mutant_site,1,344,SCN10A:p.A1886V,SCN10A,GOF,1.0,0.3885542168674699,2.5736434108527133,SCN5A:p.R569W,SCN5A,GOF
mutant_site,1,345,SCN5A:p.I1968S,SCN5A,LOF,0.0,0.4869109947643979,0.0,SCN10A:p.L554P,SCN10A,GOF
mutant_site,1,346,SCN5A:p.F2004L,SCN5A,LOF,0.0,0.4869109947643979,0.0,SCN10A:p.L554P,SCN10A,GOF
mutant_site,1,347,SCN5A:p.P2006A,SCN5A,GOF,1.0,0.5130890052356021,1.9489795918367347,SCN9A:p.Q10R,SCN9A,GOF
mutant_site,3,0,SCN9A:p.Q10R,SCN9A,GOF,0.6666666666666666,0.3768545994065282,1.769028871391076,SCN2A:p.D12N;SCN5A:p.R18W;SCN5A:p.R569W,SCN2A;SCN5A;SCN5A,LOF;GOF;GOF
mutant_site,3,1,SCN2A:p.D12N,SCN2A,LOF,0.0,0.620253164556962,0.0,SCN9A:p.Q10R;SCN9A:p.D623N;SCN5A:p.R18W,SCN9A;SCN9A;SCN5A,GOF;GOF;GOF
mutant_site,3,2,SCN5A:p.R18W,SCN5A,GOF,0.6666666666666666,0.5130890052356021,1.2993197278911564,SCN2A:p.D12N;SCN9A:p.Q10R;SCN8A:p.R1872W,SCN2A;SCN9A;SCN8A,LOF;GOF;GOF
mutant_site,3,3,SCN5A:p.R27H,SCN5A,LOF,0.0,0.4869109947643979,0.0,SCN8A:p.R1872W;SCN8A:p.R1872Q;SCN2A:p.R1882Q,SCN8A;SCN8A;SCN2A,GOF;GOF;GOF
mutant_site,3,4,SCN1A:p.E78D,SCN1A,LOF,0.6666666666666666,0.5609756097560976,1.188405797101449,SCN5A:p.D84N;SCN5A:p.R18W;SCN2A:p.D82G,SCN5A;SCN5A;SCN2A,LOF;GOF;LOF
mutant_site,3,5,SCN5A:p.D84N,SCN5A,LOF,1.0,0.4869109947643979,2.053763440860215,SCN2A:p.D82G;SCN2A:p.D12N;SCN1A:p.E78D,SCN2A;SCN2A;SCN1A,LOF;LOF;LOF
mutant_site,3,6,SCN2A:p.D82G,SCN2A,LOF,0.6666666666666666,0.620253164556962,1.0748299319727892,SCN5A:p.D84N;SCN10A:p.V94G;SCN5A:p.R18W,SCN5A;SCN10A;SCN5A,LOF;LOF;GOF
mutant_site,3,7,SCN5A:p.F93S,SCN5A,LOF,0.6666666666666666,0.4869109947643979,1.3691756272401432,SCN10A:p.V94G;SCN10A:p.P1102S;SCN1A:p.E78D,SCN10A;SCN10A;SCN1A,LOF;GOF;LOF
mutant_site,3,8,SCN10A:p.V94G,SCN10A,LOF,0.6666666666666666,0.6114457831325302,1.0903119868637108,SCN2A:p.D82G;SCN5A:p.F93S;SCN5A:p.R18W,SCN2A;SCN5A;SCN5A,LOF;LOF;GOF
mutant_site,3,9,SCN4A:p.R104H,SCN4A,LOF,1.0,0.6214511041009464,1.6091370558375635,SCN5A:p.R104W;SCN5A:p.R104Q;SCN10A:p.V94G,SCN5A;SCN5A;SCN10A,LOF;LOF;LOF
mutant_site,3,10,SCN5A:p.R104Q,SCN5A,LOF,0.6666666666666666,0.4869109947643979,1.3691756272401432,SCN4A:p.R104H;SCN10A:p.V94G;SCN8A:p.R1872Q,SCN4A;SCN10A;SCN8A,LOF;LOF;GOF
mutant_site,3,11,SCN5A:p.R104W,SCN5A,LOF,0.6666666666666666,0.4869109947643979,1.3691756272401432,SCN4A:p.R104H;SCN10A:p.V94G;SCN8A:p.R1872W,SCN4A;SCN10A;SCN8A,LOF;LOF;GOF
mutant_site,3,12,SCN5A:p.R121W,SCN5A,LOF,1.0,0.4869109947643979,2.053763440860215,SCN1A:p.R1657C;SCN8A:p.R1638C;SCN1A:p.R1927G,SCN1A;SCN8A;SCN1A,LOF;LOF;LOF
mutant_site,3,13,SCN5A:p.A124D,SCN5A,LOF,0.6666666666666666,0.4869109947643979,1.3691756272401432,SCN3A:p.I875T;SCN1A:p.F1831S;SCN1A:p.C959R,SCN3A;SCN1A;SCN1A,GOF;LOF;LOF
mutant_site,3,14,SCN5A:p.V125L,SCN5A,GOF,0.6666666666666666,0.5130890052356021,1.2993197278911564,SCN8A:p.R1872L;SCN4A:p.R104H;SCN2A:p.M1879T,SCN8A;SCN4A;SCN2A,GOF;LOF;GOF
mutant_site,3,15,SCN5A:p.K126E,SCN5A,LOF,0.6666666666666666,0.4869109947643979,1.3691756272401432,SCN8A:p.R1872W;SCN4A:p.R104H;SCN10A:p.V94G,SCN8A;SCN4A;SCN10A,GOF;LOF;LOF
mutant_site,3,16,SCN5A:p.L136P,SCN5A,LOF,0.6666666666666666,0.4869109947643979,1.3691756272401432,SCN1A:p.F1831S;SCN4A:p.T704M;SCN10A:p.V1518I,SCN1A;SCN4A;SCN10A,LOF;GOF;LOF
mutant_site,3,17,SCN8A:p.M139I,SCN8A,GOF,1.0,0.3803680981595092,2.629032258064516,SCN2A:p.T773I;SCN9A:p.I136V;SCN4A:p.I141V,SCN2A;SCN9A;SCN4A,GOF;GOF;GOF
mutant_site,3,18,SCN4A:p.I141V,SCN4A,GOF,1.0,0.3785488958990536,2.6416666666666666,SCN9A:p.I136V;SCN5A:p.I1768V;SCN2A:p.T773I,SCN9A;SCN5A;SCN2A,GOF;GOF;GOF
mutant_site,3,19,SCN9A:p.I136V,SCN9A,GOF,1.0,0.3768545994065282,2.653543307086614,SCN4A:p.I141V;SCN5A:p.I1768V;SCN8A:p.M139I,SCN4A;SCN5A;SCN8A,GOF;GOF;GOF
mutant_site,3,20,SCN1A:p.M145T,SCN1A,LOF,1.0,0.5609756097560976,1.7826086956521738,SCN5A:p.M734V;SCN5A:p.A735T;SCN5A:p.A735E,SCN5A;SCN5A;SCN5A,LOF;LOF;LOF
mutant_site,3,21,SCN5A:p.E161K,SCN5A,LOF,0.0,0.4869109947643979,0.0,SCN8A:p.R1872W;SCN2A:p.R1882Q;SCN10A:p.Y158D,SCN8A;SCN2A;SCN10A,GOF;GOF;GOF
mutant_site,3,22,SCN10A:p.Y158D,SCN10A,GOF,0.3333333333333333,0.3885542168674699,0.8578811369509043,SCN8A:p.R1872W;SCN5A:p.R1897W;SCN1A:p.E78D,SCN8A;SCN5A;SCN1A,GOF;LOF;LOF
mutant_site,3,23,SCN5A:p.K175N,SCN5A,LOF,0.6666666666666666,0.4869109947643979,1.3691756272401432,SCN1A:p.E1587K;SCN1A:p.N985I;SCN9A:p.N395K,SCN1A;SCN1A;SCN9A,LOF;LOF;GOF
mutant_site,3,24,SCN5A:p.A178G,SCN5A,LOF,1.0,0.4869109947643979,2.053763440860215,SCN1A:p.G177A;SCN1A:p.G177E;SCN1A:p.A1685D,SCN1A;SCN1A;SCN1A,LOF;LOF;LOF
mutant_site,3,25,SCN1A:p.G177A,SCN1A,LOF,1.0,0.5609756097560976,1.7826086956521738,SCN5A:p.G1262S;SCN5A:p.R1583C;SCN5A:p.G1319V,SCN5A;SCN5A;SCN5A,LOF;LOF;LOF
mutant_site,3,26,SCN1A:p.G177E,SCN1A,LOF,1.0,0.5609756097560976,1.7826086956521738,SCN5A:p.G1262S;SCN5A:p.R1583C;SCN5A:p.T187I,SCN5A;SCN5A;SCN5A,LOF;LOF;LOF
mutant_site,3,27,SCN5A:p.T187I,SCN5A,LOF,0.0,0.4869109947643979,0.0,SCN3A:p.T1486I;SCN4A:p.T1313A;SCN4A:p.T1313M,SCN3A;SCN4A;SCN4A,GOF;GOF;GOF
mutant_site,3,28,SCN4A:p.M203K,SCN4A,LOF,0.6666666666666666,0.6214511041009464,1.0727580372250423,SCN2A:p.V208E;SCN5A:p.L136P;SCN5A:p.G752R,SCN2A;SCN5A;SCN5A,GOF;LOF;LOF
mutant_site,3,29,SCN2A:p.V208E,SCN2A,GOF,0.3333333333333333,0.379746835443038,0.8777777777777777,SCN4A:p.V1442E;SCN5A:p.A1294G;SCN1A:p.L1624P,SCN4A;SCN5A;SCN1A,LOF;LOF;GOF
mutant_site,3,30,SCN9A:p.S211P,SCN9A,GOF,0.6666666666666666,0.3768545994065282,1.769028871391076,SCN2A:p.T1623N;SCN5A:p.T1620M;SCN3A:p.R1621G,SCN2A;SCN5A;SCN3A,GOF;LOF;GOF
mutant_site,3,31,SCN11A:p.R222H,SCN11A,GOF,0.0,0.38596491228070173,0.0,SCN1A:p.R859H;SCN5A:p.R808C;SCN4A:p.R669H,SCN1A;SCN5A;SCN4A,LOF;LOF;LOF
mutant_site,3,32,SCN9A:p.F216S,SCN9A,GOF,0.6666666666666666,0.3768545994065282,1.769028871391076,SCN8A:p.A1622D;SCN5A:p.G1631D;SCN1A:p.I227S,SCN8A;SCN5A;SCN1A,GOF;GOF;LOF
mutant_site,3,33,SCN8A:p.R223G,SCN8A,LOF,1.0,0.6196319018404908,1.613861386138614,SCN4A:p.R672G;SCN4A:p.R672H;SCN4A:p.R669H,SCN4A;SCN4A;SCN4A,LOF;LOF;LOF
mutant_site,3,34,SCN5A:p.V223L,SCN5A,LOF,0.6666666666666666,0.4869109947643979,1.3691756272401432,SCN3A:p.L855P;SCN1A:p.V1353L;SCN1A:p.I1656M,SCN3A;SCN1A;SCN1A,GOF;LOF;LOF
mutant_site,3,35,SCN4A:p.R225W,SCN4A,LOF,0.3333333333333333,0.6214511041009464,0.5363790186125211,SCN5A:p.R225W;SCN5A:p.R225P;SCN1A:p.R865G,SCN5A;SCN5A;SCN1A,LOF;GOF;GOF
mutant_site,3,36,SCN5A:p.R225W,SCN5A,LOF,0.6666666666666666,0.4869109947643979,1.3691756272401432,SCN4A:p.R225W;SCN1A:p.R865G;SCN2A:p.R1312T,SCN4A;SCN1A;SCN2A,LOF;GOF;LOF
mutant_site,3,37,SCN5A:p.R225P,SCN5A,GOF,0.3333333333333333,0.5130890052356021,0.6496598639455782,SCN4A:p.R225W;SCN1A:p.R865G;SCN2A:p.R1312T,SCN4A;SCN1A;SCN2A,LOF;GOF;LOF
mutant_site,3,38,SCN5A:p.A226V,SCN5A,LOF,0.3333333333333333,0.4869109947643979,0.6845878136200716,SCN3A:p.L855P;SCN1A:p.I227S;SCN11A:p.L1158P,SCN3A;SCN1A;SCN11A,GOF;LOF;GOF
mutant_site,3,39,SCN1A:p.I227S,SCN1A,LOF,0.0,0.5609756097560976,0.0,SCN11A:p.L1158P;SCN9A:p.F216S;SCN9A:p.I228M,SCN11A;SCN9A;SCN9A,GOF;GOF;GOF
mutant_site,3,40,SCN9A:p.I228M,SCN9A,GOF,0.3333333333333333,0.3768545994065282,0.884514435695538,SCN1A:p.I227S;SCN1A:p.I1656M;SCN11A:p.L1158P,SCN1A;SCN1A;SCN11A,LOF;LOF;GOF
mutant_site,3,41,SCN2A:p.T236S,SCN2A,GOF,1.0,0.379746835443038,2.6333333333333333,SCN5A:p.N1325S;SCN4A:p.F1473S;SCN3A:p.F1646C,SCN5A;SCN4A;SCN3A,GOF;GOF;GOF
mutant_site,3,42,SCN9A:p.I234T,SCN9A,GOF,0.3333333333333333,0.3768545994065282,0.884514435695538,SCN2A:p.L1330F;SCN1A:p.I1656M;SCN3A:p.I875T,SCN2A;SCN1A;SCN3A,LOF;LOF;GOF
mutant_site,3,43,SCN9A:p.S241T,SCN9A,GOF,1.0,0.3768545994065282,2.653543307086614,SCN10A:p.S242T;SCN5A:p.A1330T;SCN4A:p.A1156T,SCN10A;SCN5A;SCN4A,GOF;GOF;GOF
mutant_site,3,44,SCN10A:p.S242T,SCN10A,GOF,1.0,0.3885542168674699,2.5736434108527133,SCN9A:p.S241T;SCN5A:p.A1330T;SCN4A:p.A1156T,SCN9A;SCN5A;SCN4A,GOF;GOF;GOF
mutant_site,3,45,SCN3A:p.L247P,SCN3A,LOF,0.6666666666666666,0.6190476190476191,1.0769230769230769,SCN5A:p.L839P;SCN8A:p.I1327V;SCN1A:p.I1656M,SCN5A;SCN8A;SCN1A,LOF;GOF;LOF
mutant_site,3,46,SCN1A:p.D249E,SCN1A,LOF,0.0,0.5609756097560976,0.0,SCN2A:p.N1339D;SCN5A:p.S1333Y;SCN2A:p.S1336Y,SCN2A;SCN5A;SCN2A,GOF;GOF;GOF
mutant_site,3,47,SCN1A:p.S259R,SCN1A,LOF,0.6666666666666666,0.5609756097560976,1.188405797101449,SCN5A:p.L1346P;SCN5A:p.F851L;SCN9A:p.V872G,SCN5A;SCN5A;SCN9A,LOF;LOF;GOF
mutant_site,3,48,SCN2A:p.A263V,SCN2A,GOF,0.0,0.379746835443038,0.0,SCN1A:p.A1685V;SCN5A:p.S1672Y;SCN1A:p.A1685D,SCN1A;SCN5A;SCN1A,LOF;LOF;LOF
mutant_site,3,49,SCN1A:p.L263V,SCN1A,GOF,0.6666666666666666,0.43902439024390244,1.5185185185185184,SCN4A:p.L796V;SCN2A:p.A263V;SCN5A:p.L1346P,SCN4A;SCN2A;SCN5A,GOF;GOF;LOF
mutant_site,3,50,SCN8A:p.G269R,SCN8A,LOF,0.6666666666666666,0.6196319018404908,1.0759075907590758,SCN2A:p.G899S;SCN2A:p.A263V;SCN5A:p.S1672Y,SCN2A;SCN2A;SCN5A,LOF;GOF;LOF
mutant_site,3,51,SCN5A:p.L276Q,SCN5A,LOF,0.0,0.4869109947643979,0.0,SCN10A:p.R814H;SCN2A:p.K908E;SCN2A:p.M1879T,SCN10A;SCN2A;SCN2A,GOF;GOF;GOF
mutant_site,3,52,SCN5A:p.R282H,SCN5A,LOF,0.3333333333333333,0.4869109947643979,0.6845878136200716,SCN10A:p.R814H;SCN8A:p.R1872W;SCN4A:p.R104H,SCN10A;SCN8A;SCN4A,GOF;GOF;LOF
mutant_site,3,53,SCN5A:p.R282C,SCN5A,LOF,0.0,0.4869109947643979,0.0,SCN8A:p.R1872W;SCN10A:p.R814H;SCN8A:p.R1872L,SCN8A;SCN10A;SCN8A,GOF;GOF;GOF
mutant_site,3,54,SCN1A:p.T297I,SCN1A,LOF,1.0,0.5609756097560976,1.7826086956521738,SCN5A:p.S1382I;SCN5A:p.F93S;SCN5A:p.A551T,SCN5A;SCN5A;SCN5A,LOF;LOF;LOF
mutant_site,3,55,SCN5A:p.L325R,SCN5A,LOF,0.0,0.4869109947643979,0.0,SCN9A:p.Q10R;SCN8A:p.R1872W;SCN2A:p.M1879T,SCN9A;SCN8A;SCN2A,GOF;GOF;GOF
mutant_site,3,56,SCN5A:p.C335R,SCN5A,LOF,0.6666666666666666,0.4869109947643979,1.3691756272401432,SCN2A:p.C1386R;SCN4A:p.C1209F;SCN9A:p.Q10R,SCN2A;SCN4A;SCN9A,LOF;LOF;GOF
mutant_site,3,57,SCN5A:p.P336L,SCN5A,LOF,0.6666666666666666,0.4869109947643979,1.3691756272401432,SCN4A:p.P382T;SCN2A:p.D82G;SCN8A:p.R1872L,SCN4A;SCN2A;SCN8A,LOF;LOF;GOF
mutant_site,3,58,SCN3A:p.K354Q,SCN3A,GOF,0.6666666666666666,0.38095238095238093,1.75,SCN5A:p.R104Q;SCN8A:p.R1872Q;SCN5A:p.R18W,SCN5A;SCN8A;SCN5A,LOF;GOF;GOF
mutant_site,3,59,SCN4A:p.P382T,SCN4A,LOF,0.6666666666666666,0.6214511041009464,1.0727580372250423,SCN5A:p.P336L;SCN5A:p.R18W;SCN5A:p.A551T,SCN5A;SCN5A;SCN5A,LOF;GOF;LOF
mutant_site,3,60,SCN5A:p.D349N,SCN5A,LOF,1.0,0.4869109947643979,2.053763440860215,SCN2A:p.D12N;SCN10A:p.D1639N;SCN4A:p.P382T,SCN2A;SCN10A;SCN4A,LOF;LOF;LOF
mutant_site,3,61,SCN5A:p.T353I,SCN5A,LOF,1.0,0.4869109947643979,2.053763440860215,SCN4A:p.P382T;SCN10A:p.D1639N;SCN1A:p.T297I,SCN4A;SCN10A;SCN1A,LOF;LOF;LOF
mutant_site,3,62,SCN5A:p.D356N,SCN5A,LOF,0.6666666666666666,0.4869109947643979,1.3691756272401432,SCN10A:p.D1639N;SCN1A:p.H939Q;SCN8A:p.N374K,SCN10A;SCN1A;SCN8A,LOF;LOF;GOF
mutant_site,3,63,SCN5A:p.R367C,SCN5A,LOF,1.0,0.4869109947643979,2.053763440860215,SCN2A:p.R379H;SCN1A:p.R946C;SCN2A:p.R937C,SCN2A;SCN1A;SCN2A,LOF;LOF;LOF
mutant_site,3,64,SCN2A:p.R379H,SCN2A,LOF,1.0,0.620253164556962,1.6122448979591837,SCN5A:p.R367H;SCN5A:p.R367C;SCN5A:p.R367L,SCN5A;SCN5A;SCN5A,LOF;LOF;LOF
mutant_site,3,65,SCN5A:p.R367H,SCN5A,LOF,1.0,0.4869109947643979,2.053763440860215,SCN2A:p.R379H;SCN1A:p.R946H;SCN2A:p.R937H,SCN2A;SCN1A;SCN2A,LOF;LOF;LOF
mutant_site,3,66,SCN5A:p.R367L,SCN5A,LOF,1.0,0.4869109947643979,2.053763440860215,SCN2A:p.R379H;SCN1A:p.R946C;SCN2A:p.R937C,SCN2A;SCN1A;SCN2A,LOF;LOF;LOF
mutant_site,3,67,SCN5A:p.M369K,SCN5A,LOF,0.6666666666666666,0.4869109947643979,1.3691756272401432,SCN2A:p.T1420M;SCN2A:p.R379H;SCN4A:p.V445M,SCN2A;SCN2A;SCN4A,LOF;LOF;GOF
mutant_site,3,68,SCN5A:p.W374G,SCN5A,LOF,0.6666666666666666,0.4869109947643979,1.3691756272401432,SCN10A:p.G1662S;SCN1A:p.M956T;SCN2A:p.T1420M,SCN10A;SCN1A;SCN2A,GOF;LOF;LOF
mutant_site,3,69,SCN5A:p.R376H,SCN5A,LOF,0.3333333333333333,0.4869109947643979,0.6845878136200716,SCN8A:p.N374K;SCN1A:p.R393H;SCN8A:p.R1872W,SCN8A;SCN1A;SCN8A,GOF;LOF;GOF
mutant_site,3,70,SCN8A:p.N374K,SCN8A,GOF,0.0,0.3803680981595092,0.0,SCN5A:p.R376H;SCN5A:p.E901K;SCN5A:p.E746K,SCN5A;SCN5A;SCN5A,LOF;LOF;LOF
mutant_site,3,71,SCN1A:p.R393H,SCN1A,LOF,1.0,0.5609756097560976,1.7826086956521738,SCN5A:p.N1722D;SCN4A:p.R104H;SCN5A:p.R27H,SCN5A;SCN4A;SCN5A,LOF;LOF;LOF
mutant_site,3,72,SCN5A:p.G386R,SCN5A,LOF,0.3333333333333333,0.4869109947643979,0.6845878136200716,SCN1A:p.R393H;SCN9A:p.Q10R;SCN8A:p.G1475R,SCN1A;SCN9A;SCN8A,LOF;GOF;GOF
mutant_site,3,73,SCN11A:p.I381T,SCN11A,GOF,0.6666666666666666,0.38596491228070173,1.7272727272727273,SCN10A:p.L867F;SCN2A:p.M1879T;SCN1A:p.R1575C,SCN10A;SCN2A;SCN1A,LOF;GOF;GOF
mutant_site,3,74,SCN5A:p.V396L,SCN5A,LOF,0.6666666666666666,0.4869109947643979,1.3691756272401432,SCN10A:p.L388M;SCN2A:p.V423L;SCN1A:p.V983A,SCN10A;SCN2A;SCN1A,LOF;GOF;LOF
mutant_site,3,75,SCN10A:p.L388M,SCN10A,LOF,0.6666666666666666,0.6114457831325302,1.0903119868637108,SCN1A:p.V983A;SCN5A:p.T1461S;SCN5A:p.V1763M,SCN1A;SCN5A;SCN5A,LOF;LOF;GOF
mutant_site,3,76,SCN4A:p.N440K,SCN4A,GOF,0.3333333333333333,0.3785488958990536,0.8805555555555555,SCN9A:p.N395K;SCN5A:p.N406S;SCN1A:p.N985I,SCN9A;SCN5A;SCN1A,GOF;LOF;LOF
mutant_site,3,77,SCN9A:p.N395K,SCN9A,GOF,0.3333333333333333,0.3768545994065282,0.884514435695538,SCN4A:p.N440K;SCN5A:p.N406S;SCN1A:p.N985I,SCN4A;SCN5A;SCN1A,GOF;LOF;LOF
mutant_site,3,78,SCN5A:p.N406S,SCN5A,LOF,0.3333333333333333,0.4869109947643979,0.6845878136200716,SCN9A:p.N395K;SCN4A:p.N440K;SCN1A:p.N985I,SCN9A;SCN4A;SCN1A,GOF;GOF;LOF
mutant_site,3,79,SCN2A:p.V423L,SCN2A,GOF,1.0,0.379746835443038,2.6333333333333333,SCN9A:p.V400M;SCN5A:p.V411M;SCN4A:p.V445M,SCN9A;SCN5A;SCN4A,GOF;GOF;GOF
mutant_site,3,80,SCN4A:p.V445M,SCN4A,GOF,1.0,0.3785488958990536,2.6416666666666666,SCN5A:p.V411M;SCN9A:p.V400M;SCN2A:p.V423L,SCN5A;SCN9A;SCN2A,GOF;GOF;GOF
mutant_site,3,81,SCN5A:p.V411M,SCN5A,GOF,1.0,0.5130890052356021,1.9489795918367347,SCN9A:p.V400M;SCN4A:p.V445M;SCN2A:p.V423L,SCN9A;SCN4A;SCN2A,GOF;GOF;GOF
mutant_site,3,82,SCN9A:p.V400M,SCN9A,GOF,1.0,0.3768545994065282,2.653543307086614,SCN5A:p.V411M;SCN4A:p.V445M;SCN2A:p.V423L,SCN5A;SCN4A;SCN2A,GOF;GOF;GOF
mutant_site,3,83,SCN1A:p.Y426N,SCN1A,LOF,0.0,0.5609756097560976,0.0,SCN4A:p.F1298C;SCN5A:p.F1473C;SCN5A:p.F1473S,SCN4A;SCN5A;SCN5A,GOF;GOF;GOF
mutant_site,3,84,SCN5A:p.R458C,SCN5A,GOF,0.6666666666666666,0.5130890052356021,1.2993197278911564,SCN2A:p.D12N;SCN9A:p.Q10R;SCN9A:p.D623N,SCN2A;SCN9A;SCN9A,LOF;GOF;GOF
mutant_site,3,85,SCN5A:p.A551T,SCN5A,LOF,0.3333333333333333,0.4869109947643979,0.6845878136200716,SCN10A:p.L554P;SCN2A:p.D12N;SCN10A:p.A1886V,SCN10A;SCN2A;SCN10A,GOF;LOF;GOF
mutant_site,3,86,SCN5A:p.L567Q,SCN5A,LOF,0.3333333333333333,0.4869109947643979,0.6845878136200716,SCN10A:p.L554P;SCN2A:p.D12N;SCN9A:p.Q10R,SCN10A;SCN2A;SCN9A,GOF;LOF;GOF
mutant_site,3,87,SCN5A:p.R569W,SCN5A,GOF,0.6666666666666666,0.5130890052356021,1.2993197278911564,SCN9A:p.Q10R;SCN2A:p.D12N;SCN9A:p.D623N,SCN9A;SCN2A;SCN9A,GOF;LOF;GOF
mutant_site,3,88,SCN10A:p.L554P,SCN10A,GOF,0.3333333333333333,0.3885542168674699,0.8578811369509043,SCN5A:p.L567Q;SCN5A:p.R569W;SCN5A:p.F2004L,SCN5A;SCN5A;SCN5A,LOF;GOF;LOF
mutant_site,3,89,SCN5A:p.N592K,SCN5A,LOF,0.3333333333333333,0.4869109947643979,0.6845878136200716,SCN9A:p.Q10R;SCN9A:p.D623N;SCN2A:p.D12N,SCN9A;SCN9A;SCN2A,GOF;GOF;LOF
mutant_site,3,90,SCN9A:p.D623N,SCN9A,GOF,0.6666666666666666,0.3768545994065282,1.769028871391076,SCN2A:p.D12N;SCN5A:p.R569W;SCN5A:p.R18W,SCN2A;SCN5A;SCN5A,LOF;GOF;GOF
mutant_site,3,91,SCN5A:p.L619F,SCN5A,GOF,0.6666666666666666,0.5130890052356021,1.2993197278911564,SCN2A:p.D12N;SCN9A:p.Q10R;SCN9A:p.D623N,SCN2A;SCN9A;SCN9A,LOF;GOF;GOF
mutant_site,3,92,SCN5A:p.R689H,SCN5A,LOF,0.6666666666666666,0.4869109947643979,1.3691756272401432,SCN10A:p.V94G;SCN2A:p.D12N;SCN9A:p.Q10R,SCN10A;SCN2A;SCN9A,LOF;LOF;GOF
mutant_site,3,93,SCN2A:p.T773I,SCN2A,GOF,1.0,0.379746835443038,2.6333333333333333,SCN8A:p.T767I;SCN8A:p.M139I;SCN3A:p.M1765I,SCN8A;SCN8A;SCN3A,GOF;GOF;GOF
mutant_site,3,94,SCN8A:p.T767I,SCN8A,GOF,1.0,0.3803680981595092,2.629032258064516,SCN2A:p.T773I;SCN3A:p.M1765I;SCN4A:p.I141V,SCN2A;SCN3A;SCN4A,GOF;GOF;GOF
mutant_site,3,95,SCN5A:p.M734V,SCN5A,LOF,0.3333333333333333,0.4869109947643979,0.6845878136200716,SCN1A:p.M145T;SCN2A:p.T773I;SCN8A:p.T767I,SCN1A;SCN2A;SCN8A,LOF;GOF;GOF
mutant_site,3,96,SCN5A:p.A735E,SCN5A,LOF,0.6666666666666666,0.4869109947643979,1.3691756272401432,SCN1A:p.M145T;SCN2A:p.A263V;SCN1A:p.E788K,SCN1A;SCN2A;SCN1A,LOF;GOF;LOF
mutant_site,3,97,SCN5A:p.A735T,SCN5A,LOF,0.6666666666666666,0.4869109947643979,1.3691756272401432,SCN2A:p.A1773T;SCN1A:p.M145T;SCN11A:p.I381T,SCN2A;SCN1A;SCN11A,LOF;LOF;GOF
mutant_site,3,98,SCN5A:p.A735V,SCN5A,LOF,0.6666666666666666,0.4869109947643979,1.3691756272401432,SCN2A:p.A263V;SCN1A:p.A1685V;SCN1A:p.M145T,SCN2A;SCN1A;SCN1A,GOF;LOF;LOF
mutant_site,3,99,SCN1A:p.E788K,SCN1A,LOF,0.6666666666666666,0.5609756097560976,1.188405797101449,SCN5A:p.E1225K;SCN5A:p.S1609L;SCN5A:p.E746K,SCN5A;SCN5A;SCN5A,LOF;GOF;LOF
mutant_site,3,100,SCN1A:p.Y790C,SCN1A,LOF,0.6666666666666666,0.5609756097560976,1.188405797101449,SCN5A:p.R1897W;SCN8A:p.R1872W;SCN5A:p.R1898C,SCN5A;SCN8A;SCN5A,LOF;GOF;LOF
mutant_site,3,101,SCN5A:p.E746K,SCN5A,LOF,0.0,0.4869109947643979,0.0,SCN8A:p.R1872W;SCN2A:p.R1882Q;SCN2A:p.R1882G,SCN8A;SCN2A;SCN2A,GOF;GOF;GOF
mutant_site,3,102,SCN5A:p.G752R,SCN5A,LOF,0.0,0.4869109947643979,0.0,SCN2A:p.M1879T;SCN1A:p.R1575C;SCN8A:p.R1872W,SCN2A;SCN1A;SCN8A,GOF;GOF;GOF
mutant_site,3,103,SCN5A:p.D785N,SCN5A,LOF,0.3333333333333333,0.4869109947643979,0.6845878136200716,SCN1A:p.E1587K;SCN4A:p.N440K;SCN9A:p.N395K,SCN1A;SCN4A;SCN9A,LOF;GOF;GOF
mutant_site,3,104,SCN8A:p.G822R,SCN8A,LOF,0.3333333333333333,0.6196319018404908,0.5379537953795379,SCN2A:p.F1597L;SCN1A:p.M1267I;SCN2A:p.I1571T,SCN2A;SCN1A;SCN2A,GOF;LOF;GOF
mutant_site,3,105,SCN10A:p.R756W,SCN10A,LOF,1.0,0.6114457831325302,1.6354679802955663,SCN1A:p.R859C;SCN5A:p.R808C;SCN1A:p.R859H,SCN1A;SCN5A;SCN1A,LOF;LOF;LOF
mutant_site,3,106,SCN1A:p.R859H,SCN1A,LOF,1.0,0.5609756097560976,1.7826086956521738,SCN4A:p.R669H;SCN5A:p.R808C;SCN10A:p.R756W,SCN4A;SCN5A;SCN10A,LOF;LOF;LOF
mutant_site,3,107,SCN4A:p.R669H,SCN4A,LOF,1.0,0.6214511041009464,1.6091370558375635,SCN1A:p.R859H;SCN1A:p.R859C;SCN5A:p.R808C,SCN1A;SCN1A;SCN5A,LOF;LOF;LOF
mutant_site,3,108,SCN1A:p.R859C,SCN1A,LOF,1.0,0.5609756097560976,1.7826086956521738,SCN5A:p.R808C;SCN10A:p.R756W;SCN4A:p.R669H,SCN5A;SCN10A;SCN4A,LOF;LOF;LOF
mutant_site,3,109,SCN5A:p.R808C,SCN5A,LOF,1.0,0.4869109947643979,2.053763440860215,SCN1A:p.R859C;SCN10A:p.R756W;SCN1A:p.R859H,SCN1A;SCN10A;SCN1A,LOF;LOF;LOF
mutant_site,3,110,SCN4A:p.R672G,SCN4A,LOF,0.6666666666666666,0.6214511041009464,1.0727580372250423,SCN5A:p.R811H;SCN8A:p.R223G;SCN1A:p.R865G,SCN5A;SCN8A;SCN1A,LOF;LOF;GOF
mutant_site,3,111,SCN4A:p.R672H,SCN4A,LOF,0.6666666666666666,0.6214511041009464,1.0727580372250423,SCN5A:p.R811H;SCN1A:p.R865G;SCN5A:p.R225W,SCN5A;SCN1A;SCN5A,LOF;GOF;LOF
mutant_site,3,112,SCN5A:p.R811H,SCN5A,LOF,0.6666666666666666,0.4869109947643979,1.3691756272401432,SCN4A:p.R672H;SCN4A:p.R672G;SCN1A:p.R865G,SCN4A;SCN4A;SCN1A,LOF;LOF;GOF
mutant_site,3,113,SCN3A:p.L855P,SCN3A,GOF,0.3333333333333333,0.38095238095238093,0.875,SCN5A:p.L812Q;SCN5A:p.V223L;SCN5A:p.T1304M,SCN5A;SCN5A;SCN5A,LOF;LOF;GOF
mutant_site,3,114,SCN5A:p.L812Q,SCN5A,LOF,0.3333333333333333,0.4869109947643979,0.6845878136200716,SCN3A:p.L855P;SCN1A:p.I1656M;SCN9A:p.F216S,SCN3A;SCN1A;SCN9A,GOF;LOF;GOF
mutant_site,3,115,SCN1A:p.R865G,SCN1A,GOF,0.0,0.43902439024390244,0.0,SCN4A:p.R225W;SCN5A:p.R225W;SCN5A:p.R811H,SCN4A;SCN5A;SCN5A,LOF;LOF;LOF
mutant_site,3,116,SCN5A:p.K817E,SCN5A,LOF,0.6666666666666666,0.4869109947643979,1.3691756272401432,SCN4A:p.R1457H;SCN4A:p.R1454W;SCN1A:p.R865G,SCN4A;SCN4A;SCN1A,LOF;LOF;GOF
mutant_site,3,117,SCN1A:p.T875M,SCN1A,LOF,1.0,0.5609756097560976,1.7826086956521738,SCN5A:p.G1642E;SCN5A:p.G1319V;SCN5A:p.T1620M,SCN5A;SCN5A;SCN5A,LOF;LOF;LOF
mutant_site,3,118,SCN3A:p.I875T,SCN3A,GOF,0.0,0.38095238095238093,0.0,SCN2A:p.L1330F;SCN5A:p.L839P;SCN1A:p.I1656M,SCN2A;SCN5A;SCN1A,LOF;LOF;LOF
mutant_site,3,119,SCN11A:p.G699R,SCN11A,GOF,1.0,0.38596491228070173,2.5909090909090913,SCN5A:p.P1332L;SCN4A:p.P1158L;SCN3A:p.P1333L,SCN5A;SCN4A;SCN3A,GOF;GOF;GOF
mutant_site,3,120,SCN5A:p.L839P,SCN5A,LOF,0.3333333333333333,0.4869109947643979,0.6845878136200716,SCN3A:p.L247P;SCN8A:p.I1327V;SCN4A:p.T704M,SCN3A;SCN8A;SCN4A,LOF;GOF;GOF
mutant_site,3,121,SCN4A:p.T704M,SCN4A,GOF,0.3333333333333333,0.3785488958990536,0.8805555555555555,SCN5A:p.G1661R;SCN1A:p.G1674R;SCN8A:p.L1331V,SCN5A;SCN1A;SCN8A,LOF;LOF;GOF
mutant_site,3,122,SCN1A:p.F902C,SCN1A,LOF,1.0,0.5609756097560976,1.7826086956521738,SCN5A:p.F851L;SCN5A:p.L1346P;SCN5A:p.W1345C,SCN5A;SCN5A;SCN5A,LOF;LOF;LOF
mutant_site,3,123,SCN5A:p.F851L,SCN5A,LOF,1.0,0.4869109947643979,2.053763440860215,SCN1A:p.F902C;SCN1A:p.S259R;SCN3A:p.Y1669C,SCN1A;SCN1A;SCN3A,LOF;LOF;LOF
mutant_site,3,124,SCN9A:p.V872G,SCN9A,GOF,0.3333333333333333,0.3768545994065282,0.884514435695538,SCN11A:p.V1184A;SCN1A:p.V1353L;SCN5A:p.V1340I,SCN11A;SCN1A;SCN5A,GOF;LOF;LOF
mutant_site,3,125,SCN2A:p.G899S,SCN2A,LOF,1.0,0.620253164556962,1.6122448979591837,SCN8A:p.G269R;SCN5A:p.S1672Y;SCN1A:p.A1685D,SCN8A;SCN5A;SCN1A,LOF;LOF;LOF
mutant_site,3,126,SCN1A:p.M909K,SCN1A,LOF,0.6666666666666666,0.5609756097560976,1.188405797101449,SCN10A:p.A1304T;SCN5A:p.F851L;SCN5A:p.L276Q,SCN10A;SCN5A;SCN5A,GOF;LOF;LOF
mutant_site,3,127,SCN10A:p.R814H,SCN10A,GOF,0.3333333333333333,0.3885542168674699,0.8578811369509043,SCN2A:p.K908E;SCN5A:p.R282H;SCN5A:p.R27H,SCN2A;SCN5A;SCN5A,GOF;LOF;LOF
mutant_site,3,128,SCN2A:p.K908E,SCN2A,GOF,1.0,0.379746835443038,2.6333333333333333,SCN10A:p.R814H;SCN5A:p.R18W;SCN8A:p.R1872W,SCN10A;SCN5A;SCN8A,GOF;GOF;GOF
mutant_site,3,129,SCN5A:p.W879R,SCN5A,LOF,0.0,0.4869109947643979,0.0,SCN9A:p.Q10R;SCN2A:p.K908E;SCN10A:p.R814H,SCN9A;SCN2A;SCN10A,GOF;GOF;GOF
mutant_site,3,130,SCN1A:p.H939Q,SCN1A,LOF,0.0,0.5609756097560976,0.0,SCN8A:p.R1872Q;SCN2A:p.R1882Q;SCN3A:p.K354Q,SCN8A;SCN2A;SCN3A,GOF;GOF;GOF
mutant_site,3,131,SCN5A:p.I890T,SCN5A,LOF,1.0,0.4869109947643979,2.053763440860215,SCN1A:p.M956T;SCN2A:p.R937H;SCN1A:p.R946H,SCN1A;SCN2A;SCN1A,LOF;LOF;LOF
mutant_site,3,132,SCN5A:p.F892I,SCN5A,LOF,0.6666666666666666,0.4869109947643979,1.3691756272401432,SCN1A:p.M956T;SCN9A:p.F216S;SCN1A:p.F1765L,SCN1A;SCN9A;SCN1A,LOF;GOF;LOF
mutant_site,3,133,SCN1A:p.R946C,SCN1A,LOF,1.0,0.5609756097560976,1.7826086956521738,SCN2A:p.R937C;SCN2A:p.R937H;SCN5A:p.R367C,SCN2A;SCN2A;SCN5A,LOF;LOF;LOF
mutant_site,3,134,SCN2A:p.R937C,SCN2A,LOF,1.0,0.620253164556962,1.6122448979591837,SCN1A:p.R946C;SCN1A:p.R946H;SCN5A:p.R367C,SCN1A;SCN1A;SCN5A,LOF;LOF;LOF
mutant_site,3,135,SCN1A:p.R946H,SCN1A,LOF,1.0,0.5609756097560976,1.7826086956521738,SCN2A:p.R937H;SCN2A:p.R937C;SCN2A:p.R379H,SCN2A;SCN2A;SCN2A,LOF;LOF;LOF
mutant_site,3,136,SCN2A:p.R937H,SCN2A,LOF,1.0,0.620253164556962,1.6122448979591837,SCN1A:p.R946H;SCN1A:p.R946C;SCN5A:p.R367H,SCN1A;SCN1A;SCN5A,LOF;LOF;LOF
mutant_site,3,137,SCN5A:p.E901K,SCN5A,LOF,0.3333333333333333,0.4869109947643979,0.6845878136200716,SCN8A:p.N374K;SCN1A:p.D1866Y;SCN1A:p.R393H,SCN8A;SCN1A;SCN1A,GOF;GOF;LOF
mutant_site,3,138,SCN1A:p.M956T,SCN1A,LOF,0.3333333333333333,0.5609756097560976,0.5942028985507245,SCN3A:p.I875T;SCN11A:p.I381T;SCN2A:p.L1330F,SCN3A;SCN11A;SCN2A,GOF;GOF;LOF
mutant_site,3,139,SCN1A:p.C959R,SCN1A,LOF,1.0,0.5609756097560976,1.7826086956521738,SCN5A:p.A1428V;SCN2A:p.C1386R;SCN5A:p.A1428S,SCN5A;SCN2A;SCN5A,LOF;LOF;LOF
mutant_site,3,140,SCN5A:p.S910L,SCN5A,LOF,0.3333333333333333,0.4869109947643979,0.6845878136200716,SCN8A:p.R1872L;SCN8A:p.R1872W;SCN1A:p.C959R,SCN8A;SCN8A;SCN1A,GOF;GOF;LOF
mutant_site,3,141,SCN10A:p.L867F,SCN10A,LOF,0.6666666666666666,0.6114457831325302,1.0903119868637108,SCN5A:p.G1748D;SCN11A:p.I381T;SCN4A:p.C1209F,SCN5A;SCN11A;SCN4A,LOF;GOF;LOF
mutant_site,3,142,SCN1A:p.G979R,SCN1A,LOF,1.0,0.5609756097560976,1.7826086956521738,SCN8A:p.G964R;SCN5A:p.N927S;SCN8A:p.V1758A,SCN8A;SCN5A;SCN8A,LOF;LOF;LOF
mutant_site,3,143,SCN8A:p.G964R,SCN8A,LOF,1.0,0.6196319018404908,1.613861386138614,SCN1A:p.G979R;SCN5A:p.N927S;SCN1A:p.V983A,SCN1A;SCN5A;SCN1A,LOF;LOF;LOF
mutant_site,3,144,SCN5A:p.N927S,SCN5A,LOF,0.6666666666666666,0.4869109947643979,1.3691756272401432,SCN1A:p.F1774S;SCN1A:p.N985I;SCN8A:p.G964R,SCN1A;SCN1A;SCN8A,GOF;LOF;LOF
mutant_site,3,145,SCN5A:p.L928P,SCN5A,LOF,0.3333333333333333,0.4869109947643979,0.6845878136200716,SCN1A:p.L986F;SCN1A:p.F1774S;SCN4A:p.L796V,SCN1A;SCN1A;SCN4A,LOF;GOF;GOF
mutant_site,3,146,SCN1A:p.V983A,SCN1A,LOF,0.6666666666666666,0.5609756097560976,1.188405797101449,SCN10A:p.L388M;SCN5A:p.V1763M;SCN5A:p.T1461S,SCN10A;SCN5A;SCN5A,LOF;GOF;LOF
mutant_site,3,147,SCN1A:p.N985I,SCN1A,LOF,0.3333333333333333,0.5609756097560976,0.5942028985507245,SCN9A:p.N395K;SCN4A:p.N440K;SCN5A:p.N406S,SCN9A;SCN4A;SCN5A,GOF;GOF;LOF
mutant_site,3,148,SCN1A:p.L986F,SCN1A,LOF,0.0,0.5609756097560976,0.0,SCN4A:p.L796V;SCN3A:p.M1765I;SCN8A:p.M1760I,SCN4A;SCN3A;SCN8A,GOF;GOF;GOF
mutant_site,3,149,SCN4A:p.L796V,SCN4A,GOF,0.6666666666666666,0.3785488958990536,1.761111111111111,SCN1A:p.L986F;SCN3A:p.M1765I;SCN8A:p.M1760I,SCN1A;SCN3A;SCN8A,LOF;GOF;GOF
mutant_site,3,150,SCN5A:p.S941N,SCN5A,GOF,1.0,0.5130890052356021,1.9489795918367347,SCN8A:p.N1768D;SCN4A:p.N1297S;SCN4A:p.N1297K,SCN8A;SCN4A;SCN4A,GOF;GOF;GOF
mutant_site,3,151,SCN11A:p.N816K,SCN11A,GOF,0.6666666666666666,0.38596491228070173,1.7272727272727273,SCN2A:p.E999K;SCN5A:p.R18W;SCN5A:p.N592K,SCN2A;SCN5A;SCN5A,GOF;GOF;LOF
mutant_site,3,152,SCN2A:p.E999K,SCN2A,GOF,0.6666666666666666,0.379746835443038,1.7555555555555553,SCN5A:p.N592K;SCN5A:p.R18W;SCN11A:p.N816K,SCN5A;SCN5A;SCN11A,LOF;GOF;GOF
mutant_site,3,153,SCN1A:p.N1011I,SCN1A,LOF,0.3333333333333333,0.5609756097560976,0.5942028985507245,SCN2A:p.E999K;SCN5A:p.R18W;SCN5A:p.R965C,SCN2A;SCN5A;SCN5A,GOF;GOF;LOF
mutant_site,3,154,SCN5A:p.R965C,SCN5A,LOF,0.6666666666666666,0.4869109947643979,1.3691756272401432,SCN1A:p.N1011I;SCN8A:p.R1872W;SCN2A:p.D12N,SCN1A;SCN8A;SCN2A,LOF;GOF;LOF
mutant_site,3,155,SCN5A:p.R1023H,SCN5A,LOF,0.3333333333333333,0.4869109947643979,0.6845878136200716,SCN10A:p.L554P;SCN9A:p.D623N;SCN2A:p.D12N,SCN10A;SCN9A;SCN2A,GOF;GOF;LOF
mutant_site,3,156,SCN10A:p.P1102S,SCN10A,GOF,0.3333333333333333,0.3885542168674699,0.8578811369509043,SCN5A:p.F93S;SCN5A:p.R18W;SCN5A:p.R27H,SCN5A;SCN5A;SCN5A,LOF;GOF;LOF
mutant_site,3,157,SCN5A:p.S1103Y,SCN5A,GOF,0.6666666666666666,0.5130890052356021,1.2993197278911564,SCN10A:p.A1886V;SCN10A:p.L554P;SCN2A:p.D12N,SCN10A;SCN10A;SCN2A,GOF;GOF;LOF
mutant_site,3,158,SCN5A:p.P1177L,SCN5A,GOF,0.3333333333333333,0.5130890052356021,0.6496598639455782,SCN8A:p.R1872L;SCN10A:p.V94G;SCN2A:p.D12N,SCN8A;SCN10A;SCN2A,GOF;LOF;LOF
mutant_site,3,159,SCN5A:p.R1193Q,SCN5A,LOF,0.3333333333333333,0.4869109947643979,0.6845878136200716,SCN8A:p.R1872Q;SCN2A:p.R1882Q;SCN10A:p.V94G,SCN8A;SCN2A;SCN10A,GOF;GOF;LOF
mutant_site,3,160,SCN5A:p.S1218I,SCN5A,LOF,0.3333333333333333,0.4869109947643979,0.6845878136200716,SCN4A:p.N1366S;SCN1A:p.N985I;SCN8A:p.T767I,SCN4A;SCN1A;SCN8A,GOF;LOF;GOF
mutant_site,3,161,SCN5A:p.E1225K,SCN5A,LOF,0.3333333333333333,0.4869109947643979,0.6845878136200716,SCN1A:p.E788K;SCN8A:p.R1872W;SCN1A:p.D1866Y,SCN1A;SCN8A;SCN1A,LOF;GOF;GOF
mutant_site,3,162,SCN5A:p.R1232W,SCN5A,LOF,0.3333333333333333,0.4869109947643979,0.6845878136200716,SCN8A:p.R1872W;SCN2A:p.D12N;SCN8A:p.R1872L,SCN8A;SCN2A;SCN8A,GOF;LOF;GOF
mutant_site,3,163,SCN1A:p.M1267I,SCN1A,LOF,0.3333333333333333,0.5609756097560976,0.5942028985507245,SCN3A:p.M1765I;SCN8A:p.M1760I;SCN8A:p.G822R,SCN3A;SCN8A;SCN8A,GOF;GOF;LOF
mutant_site,3,164,SCN5A:p.G1262S,SCN5A,LOF,1.0,0.4869109947643979,2.053763440860215,SCN1A:p.R1596C;SCN1A:p.G177A;SCN1A:p.G177E,SCN1A;SCN1A;SCN1A,LOF;LOF;LOF
mutant_site,3,165,SCN5A:p.A1294G,SCN5A,LOF,0.6666666666666666,0.4869109947643979,1.3691756272401432,SCN10A:p.V94G;SCN2A:p.D82G;SCN2A:p.R1882G,SCN10A;SCN2A;SCN2A,LOF;LOF;GOF
mutant_site,3,166,SCN5A:p.E1295K,SCN5A,GOF,0.6666666666666666,0.5130890052356021,1.2993197278911564,SCN8A:p.R1872W;SCN2A:p.E999K;SCN10A:p.V94G,SCN8A;SCN2A;SCN10A,GOF;GOF;LOF
mutant_site,3,167,SCN5A:p.T1304M,SCN5A,GOF,0.6666666666666666,0.5130890052356021,1.2993197278911564,SCN3A:p.L855P;SCN2A:p.T1623N;SCN4A:p.V1442E,SCN3A;SCN2A;SCN4A,GOF;GOF;LOF
mutant_site,3,168,SCN2A:p.R1312T,SCN2A,LOF,0.6666666666666666,0.620253164556962,1.0748299319727892,SCN4A:p.R225W;SCN5A:p.R225W;SCN5A:p.R225P,SCN4A;SCN5A;SCN5A,LOF;LOF;GOF
mutant_site,3,169,SCN11A:p.L1158P,SCN11A,GOF,0.3333333333333333,0.38596491228070173,0.8636363636363636,SCN1A:p.I227S;SCN1A:p.I1656M;SCN5A:p.G1631D,SCN1A;SCN1A;SCN5A,LOF;LOF;GOF
mutant_site,3,170,SCN2A:p.R1319Q,SCN2A,LOF,0.3333333333333333,0.620253164556962,0.5374149659863946,SCN10A:p.R1588Q;SCN11A:p.R222H;SCN3A:p.R1621Q,SCN10A;SCN11A;SCN3A,LOF;GOF;GOF
mutant_site,3,171,SCN5A:p.G1319V,SCN5A,LOF,1.0,0.4869109947643979,2.053763440860215,SCN1A:p.T875M;SCN1A:p.G177A;SCN8A:p.G269R,SCN1A;SCN1A;SCN8A,LOF;LOF;LOF
mutant_site,3,172,SCN5A:p.N1325S,SCN5A,GOF,1.0,0.5130890052356021,1.9489795918367347,SCN4A:p.F1473S;SCN3A:p.F1646C;SCN1A:p.F1661L,SCN4A;SCN3A;SCN1A,GOF;GOF;GOF
mutant_site,3,173,SCN2A:p.L1330F,SCN2A,LOF,0.3333333333333333,0.620253164556962,0.5374149659863946,SCN3A:p.I875T;SCN1A:p.I1656M;SCN9A:p.I234T,SCN3A;SCN1A;SCN9A,GOF;LOF;GOF
mutant_site,3,174,SCN5A:p.V1328M,SCN5A,GOF,0.3333333333333333,0.5130890052356021,0.6496598639455782,SCN1A:p.M1664K;SCN3A:p.I875T;SCN1A:p.I1656M,SCN1A;SCN3A;SCN1A,LOF;GOF;LOF
mutant_site,3,175,SCN5A:p.A1330P,SCN5A,GOF,1.0,0.5130890052356021,1.9489795918367347,SCN4A:p.A1156T;SCN10A:p.S242T;SCN9A:p.S241T,SCN4A;SCN10A;SCN9A,GOF;GOF;GOF
mutant_site,3,176,SCN4A:p.A1156T,SCN4A,GOF,1.0,0.3785488958990536,2.6416666666666666,SCN5A:p.A1330T;SCN5A:p.A1330P;SCN10A:p.S242T,SCN5A;SCN5A;SCN10A,GOF;GOF;GOF
mutant_site,3,177,SCN5A:p.A1330T,SCN5A,GOF,1.0,0.5130890052356021,1.9489795918367347,SCN4A:p.A1156T;SCN10A:p.S242T;SCN9A:p.S241T,SCN4A;SCN10A;SCN9A,GOF;GOF;GOF
mutant_site,3,178,SCN3A:p.P1333L,SCN3A,GOF,0.6666666666666666,0.38095238095238093,1.75,SCN4A:p.P1158L;SCN5A:p.P1332L;SCN2A:p.P1658S,SCN4A;SCN5A;SCN2A,GOF;GOF;LOF
mutant_site,3,179,SCN4A:p.P1158L,SCN4A,GOF,0.6666666666666666,0.3785488958990536,1.761111111111111,SCN3A:p.P1333L;SCN5A:p.P1332L;SCN2A:p.P1658S,SCN3A;SCN5A;SCN2A,GOF;GOF;LOF
mutant_site,3,180,SCN5A:p.P1332L,SCN5A,GOF,0.6666666666666666,0.5130890052356021,1.2993197278911564,SCN3A:p.P1333L;SCN4A:p.P1158L;SCN2A:p.P1658S,SCN3A;SCN4A;SCN2A,GOF;GOF;LOF
mutant_site,3,181,SCN5A:p.S1333Y,SCN5A,GOF,1.0,0.5130890052356021,1.9489795918367347,SCN2A:p.S1336Y;SCN2A:p.N1339D;SCN3A:p.P1333L,SCN2A;SCN2A;SCN3A,GOF;GOF;GOF
mutant_site,3,182,SCN2A:p.S1336Y,SCN2A,GOF,1.0,0.379746835443038,2.6333333333333333,SCN5A:p.S1333Y;SCN5A:p.A1656D;SCN3A:p.P1333L,SCN5A;SCN5A;SCN3A,GOF;GOF;GOF
mutant_site,3,183,SCN8A:p.I1327V,SCN8A,GOF,0.0,0.3803680981595092,0.0,SCN3A:p.L247P;SCN5A:p.L839P;SCN5A:p.I1660V,SCN3A;SCN5A;SCN5A,LOF;LOF;LOF
mutant_site,3,184,SCN2A:p.N1339D,SCN2A,GOF,0.6666666666666666,0.379746835443038,1.7555555555555553,SCN1A:p.D249E;SCN5A:p.S1333Y;SCN5A:p.N1325S,SCN1A;SCN5A;SCN5A,LOF;GOF;GOF
mutant_site,3,185,SCN8A:p.L1331V,SCN8A,GOF,0.3333333333333333,0.3803680981595092,0.8763440860215053,SCN4A:p.T704M;SCN1A:p.G1674R;SCN5A:p.G1661R,SCN4A;SCN1A;SCN5A,GOF;LOF;LOF
mutant_site,3,186,SCN11A:p.V1184A,SCN11A,GOF,0.3333333333333333,0.38596491228070173,0.8636363636363636,SCN5A:p.V1340I;SCN1A:p.V1353L;SCN9A:p.V872G,SCN5A;SCN1A;SCN9A,LOF;LOF;GOF
mutant_site,3,187,SCN5A:p.V1340I,SCN5A,LOF,0.3333333333333333,0.4869109947643979,0.6845878136200716,SCN1A:p.V1353L;SCN11A:p.V1184A;SCN9A:p.V872G,SCN1A;SCN11A;SCN9A,LOF;GOF;GOF
mutant_site,3,188,SCN1A:p.V1353L,SCN1A,LOF,0.3333333333333333,0.5609756097560976,0.5942028985507245,SCN5A:p.V1340I;SCN11A:p.V1184A;SCN9A:p.V872G,SCN5A;SCN11A;SCN9A,LOF;GOF;GOF
mutant_site,3,189,SCN5A:p.F1344S,SCN5A,LOF,0.3333333333333333,0.4869109947643979,0.6845878136200716,SCN11A:p.V1184A;SCN1A:p.V1353L;SCN9A:p.V872G,SCN11A;SCN1A;SCN9A,GOF;LOF;GOF
mutant_site,3,190,SCN5A:p.W1345C,SCN5A,LOF,1.0,0.4869109947643979,2.053763440860215,SCN1A:p.F902C;SCN3A:p.Y1669C;SCN1A:p.S259R,SCN1A;SCN3A;SCN1A,LOF;LOF;LOF
mutant_site,3,191,SCN5A:p.L1346P,SCN5A,LOF,0.6666666666666666,0.4869109947643979,1.3691756272401432,SCN1A:p.S259R;SCN1A:p.F902C;SCN9A:p.V872G,SCN1A;SCN1A;SCN9A,LOF;LOF;GOF
mutant_site,3,192,SCN1A:p.V1366I,SCN1A,LOF,0.0,0.5609756097560976,0.0,SCN5A:p.V1667I;SCN4A:p.V1293I;SCN10A:p.A1304T,SCN5A;SCN4A;SCN10A,GOF;GOF;GOF
mutant_site,3,193,SCN10A:p.A1304T,SCN10A,GOF,0.0,0.3885542168674699,0.0,SCN1A:p.V1366I;SCN1A:p.M909K;SCN5A:p.A735T,SCN1A;SCN1A;SCN5A,LOF;LOF;LOF
mutant_site,3,194,SCN8A:p.T1360N,SCN8A,LOF,0.6666666666666666,0.6196319018404908,1.0759075907590758,SCN1A:p.G1749E;SCN2A:p.D12N;SCN9A:p.D623N,SCN1A;SCN2A;SCN9A,LOF;LOF;GOF
mutant_site,3,195,SCN5A:p.V1378M,SCN5A,LOF,0.3333333333333333,0.4869109947643979,0.6845878136200716,SCN2A:p.M1879T;SCN8A:p.R1872W;SCN4A:p.C1209F,SCN2A;SCN8A;SCN4A,GOF;GOF;LOF
mutant_site,3,196,SCN5A:p.N1380K,SCN5A,LOF,0.3333333333333333,0.4869109947643979,0.6845878136200716,SCN2A:p.E999K;SCN1A:p.G1749E;SCN2A:p.K908E,SCN2A;SCN1A;SCN2A,GOF;LOF;GOF
mutant_site,3,197,SCN5A:p.S1382I,SCN5A,LOF,1.0,0.4869109947643979,2.053763440860215,SCN1A:p.T297I;SCN1A:p.G1749E;SCN1A:p.T1934I,SCN1A;SCN1A;SCN1A,LOF;LOF;LOF
mutant_site,3,198,SCN4A:p.C1209F,SCN4A,LOF,0.6666666666666666,0.6214511041009464,1.0727580372250423,SCN2A:p.C1386R;SCN5A:p.V1378M;SCN8A:p.R1872W,SCN2A;SCN5A;SCN8A,LOF;LOF;GOF
mutant_site,3,199,SCN2A:p.C1386R,SCN2A,LOF,0.6666666666666666,0.620253164556962,1.0748299319727892,SCN4A:p.C1209F;SCN5A:p.C335R;SCN8A:p.R1872W,SCN4A;SCN5A;SCN8A,LOF;LOF;GOF
mutant_site,3,200,SCN5A:p.V1405L,SCN5A,LOF,1.0,0.4869109947643979,2.053763440860215,SCN1A:p.F1831S;SCN1A:p.G1421W;SCN1A:p.M956T,SCN1A;SCN1A;SCN1A,LOF;LOF;LOF
mutant_site,3,201,SCN5A:p.V1405M,SCN5A,LOF,1.0,0.4869109947643979,2.053763440860215,SCN1A:p.F1831S;SCN1A:p.G1421W;SCN1A:p.M956T,SCN1A;SCN1A;SCN1A,LOF;LOF;LOF
mutant_site,3,202,SCN5A:p.G1406E,SCN5A,LOF,0.3333333333333333,0.4869109947643979,0.6845878136200716,SCN8A:p.R1872W;SCN2A:p.R1882Q;SCN4A:p.V1442E,SCN8A;SCN2A;SCN4A,GOF;GOF;LOF
mutant_site,3,203,SCN5A:p.G1406R,SCN5A,LOF,0.3333333333333333,0.4869109947643979,0.6845878136200716,SCN8A:p.R1872W;SCN1A:p.C959R;SCN9A:p.Q10R,SCN8A;SCN1A;SCN9A,GOF;LOF;GOF
mutant_site,3,204,SCN1A:p.G1421W,SCN1A,LOF,1.0,0.5609756097560976,1.7826086956521738,SCN5A:p.G1748D;SCN5A:p.A1428S;SCN5A:p.A1428V,SCN5A;SCN5A;SCN5A,LOF;LOF;LOF
mutant_site,3,205,SCN2A:p.T1420M,SCN2A,LOF,1.0,0.620253164556962,1.6122448979591837,SCN5A:p.T1709M;SCN5A:p.M369K;SCN5A:p.G1420V,SCN5A;SCN5A;SCN5A,LOF;LOF;LOF
mutant_site,3,206,SCN5A:p.G1420R,SCN5A,LOF,0.3333333333333333,0.4869109947643979,0.6845878136200716,SCN10A:p.G1662S;SCN8A:p.N374K;SCN1A:p.H939Q,SCN10A;SCN8A;SCN1A,GOF;GOF;LOF
mutant_site,3,207,SCN5A:p.G1420V,SCN5A,LOF,0.3333333333333333,0.4869109947643979,0.6845878136200716,SCN10A:p.G1662S;SCN8A:p.N374K;SCN2A:p.T1420M,SCN10A;SCN8A;SCN2A,GOF;GOF;LOF
mutant_site,3,208,SCN5A:p.A1428S,SCN5A,LOF,1.0,0.4869109947643979,2.053763440860215,SCN1A:p.C959R;SCN1A:p.G1421W;SCN1A:p.F1831S,SCN1A;SCN1A;SCN1A,LOF;LOF;LOF
mutant_site,3,209,SCN5A:p.A1428V,SCN5A,LOF,0.6666666666666666,0.4869109947643979,1.3691756272401432,SCN1A:p.C959R;SCN8A:p.A1491V;SCN10A:p.L867F,SCN1A;SCN8A;SCN10A,LOF;GOF;LOF
mutant_site,3,210,SCN5A:p.D1430N,SCN5A,LOF,1.0,0.4869109947643979,2.053763440860215,SCN1A:p.R393H;SCN10A:p.D1639N;SCN2A:p.D12N,SCN1A;SCN10A;SCN2A,LOF;LOF;LOF
mutant_site,3,211,SCN5A:p.R1432G,SCN5A,LOF,0.6666666666666666,0.4869109947643979,1.3691756272401432,SCN10A:p.V94G;SCN2A:p.R1882G;SCN2A:p.D82G,SCN10A;SCN2A;SCN2A,LOF;GOF;LOF
mutant_site,3,212,SCN5A:p.Y1449C,SCN5A,LOF,0.3333333333333333,0.4869109947643979,0.6845878136200716,SCN1A:p.F1765L;SCN11A:p.I381T;SCN2A:p.Y1589C,SCN1A;SCN11A;SCN2A,LOF;GOF;GOF
mutant_site,3,213,SCN5A:p.T1461S,SCN5A,LOF,0.6666666666666666,0.4869109947643979,1.3691756272401432,SCN10A:p.L388M;SCN1A:p.V983A;SCN1A:p.F1774S,SCN10A;SCN1A;SCN1A,LOF;LOF;GOF
mutant_site,3,214,SCN4A:p.V1293I,SCN4A,GOF,1.0,0.3785488958990536,2.6416666666666666,SCN2A:p.V423L;SCN9A:p.V400M;SCN5A:p.V411M,SCN2A;SCN9A;SCN5A,GOF;GOF;GOF
mutant_site,3,215,SCN2A:p.I1473M,SCN2A,GOF,1.0,0.379746835443038,2.6333333333333333,SCN4A:p.F1298C;SCN5A:p.F1473C;SCN5A:p.F1473S,SCN4A;SCN5A;SCN5A,GOF;GOF;GOF
mutant_site,3,216,SCN4A:p.N1297K,SCN4A,GOF,1.0,0.3785488958990536,2.6416666666666666,SCN5A:p.N1774D;SCN8A:p.N1768D;SCN5A:p.S941N,SCN5A;SCN8A;SCN5A,GOF;GOF;GOF
mutant_site,3,217,SCN4A:p.N1297S,SCN4A,GOF,1.0,0.3785488958990536,2.6416666666666666,SCN5A:p.N1774D;SCN8A:p.N1768D;SCN5A:p.S941N,SCN5A;SCN8A;SCN5A,GOF;GOF;GOF
mutant_site,3,218,SCN4A:p.F1298C,SCN4A,GOF,0.6666666666666666,0.3785488958990536,1.761111111111111,SCN5A:p.F1473C;SCN5A:p.F1473S;SCN1A:p.Y426N,SCN5A;SCN5A;SCN1A,GOF;GOF;LOF
mutant_site,3,219,SCN5A:p.F1473C,SCN5A,GOF,0.6666666666666666,0.5130890052356021,1.2993197278911564,SCN4A:p.F1298C;SCN1A:p.Y426N;SCN2A:p.I1473M,SCN4A;SCN1A;SCN2A,GOF;LOF;GOF
mutant_site,3,220,SCN5A:p.F1473S,SCN5A,GOF,0.3333333333333333,0.5130890052356021,0.6496598639455782,SCN4A:p.F1298C;SCN1A:p.Y426N;SCN1A:p.F1831S,SCN4A;SCN1A;SCN1A,GOF;LOF;LOF
mutant_site,3,221,SCN5A:p.Q1475P,SCN5A,GOF,1.0,0.5130890052356021,1.9489795918367347,SCN11A:p.N816K;SCN1A:p.Q1489H;SCN8A:p.R1872W,SCN11A;SCN1A;SCN8A,GOF;GOF;GOF
mutant_site,3,222,SCN1A:p.Q1489H,SCN1A,GOF,1.0,0.43902439024390244,2.2777777777777777,SCN5A:p.Q1476R;SCN5A:p.Q1475P;SCN2A:p.M1879T,SCN5A;SCN5A;SCN2A,GOF;GOF;GOF
mutant_site,3,223,SCN1A:p.Q1489K,SCN1A,GOF,1.0,0.43902439024390244,2.2777777777777777,SCN5A:p.Q1476R;SCN5A:p.Q1475P;SCN11A:p.N816K,SCN5A;SCN5A;SCN11A,GOF;GOF;GOF
mutant_site,3,224,SCN5A:p.Q1476R,SCN5A,GOF,1.0,0.5130890052356021,1.9489795918367347,SCN1A:p.Q1489H;SCN1A:p.Q1489K;SCN8A:p.A1491V,SCN1A;SCN1A;SCN8A,GOF;GOF;GOF
mutant_site,3,225,SCN4A:p.G1306E,SCN4A,GOF,1.0,0.3785488958990536,2.6416666666666666,SCN8A:p.G1475R;SCN8A:p.R1872W;SCN2A:p.R1882Q,SCN8A;SCN8A;SCN2A,GOF;GOF;GOF
mutant_site,3,226,SCN8A:p.G1475R,SCN8A,GOF,1.0,0.3803680981595092,2.629032258064516,SCN4A:p.G1306E;SCN9A:p.Q10R;SCN2A:p.R1882Q,SCN4A;SCN9A;SCN2A,GOF;GOF;GOF
mutant_site,3,227,SCN1A:p.I1498M,SCN1A,LOF,0.0,0.5609756097560976,0.0,SCN4A:p.I1310N;SCN5A:p.F1486L;SCN8A:p.R1872W,SCN4A;SCN5A;SCN8A,GOF;GOF;GOF
mutant_site,3,228,SCN4A:p.I1310N,SCN4A,GOF,0.6666666666666666,0.3785488958990536,1.761111111111111,SCN1A:p.I1498M;SCN1A:p.F1499L;SCN8A:p.R1872W,SCN1A;SCN1A;SCN8A,LOF;GOF;GOF
mutant_site,3,229,SCN5A:p.F1486L,SCN5A,GOF,0.6666666666666666,0.5130890052356021,1.2993197278911564,SCN1A:p.F1499L;SCN1A:p.I1498M;SCN4A:p.I1310N,SCN1A;SCN1A;SCN4A,GOF;LOF;GOF
mutant_site,3,230,SCN1A:p.F1499L,SCN1A,GOF,1.0,0.43902439024390244,2.2777777777777777,SCN5A:p.F1486L;SCN4A:p.I1310N;SCN8A:p.R1872L,SCN5A;SCN4A;SCN8A,GOF;GOF;GOF
mutant_site,3,231,SCN1A:p.M1500V,SCN1A,GOF,1.0,0.43902439024390244,2.2777777777777777,SCN5A:p.F1486L;SCN4A:p.I1310N;SCN8A:p.A1491V,SCN5A;SCN4A;SCN8A,GOF;GOF;GOF
mutant_site,3,232,SCN4A:p.T1313A,SCN4A,GOF,0.6666666666666666,0.3785488958990536,1.761111111111111,SCN3A:p.T1486I;SCN5A:p.S1787N;SCN5A:p.R1898C,SCN3A;SCN5A;SCN5A,GOF;GOF;LOF
mutant_site,3,233,SCN4A:p.T1313M,SCN4A,GOF,0.6666666666666666,0.3785488958990536,1.761111111111111,SCN3A:p.T1486I;SCN5A:p.S1787N;SCN5A:p.R1898C,SCN3A;SCN5A;SCN5A,GOF;GOF;LOF
mutant_site,3,234,SCN3A:p.T1486I,SCN3A,GOF,1.0,0.38095238095238093,2.625,SCN4A:p.T1313M;SCN4A:p.T1313A;SCN5A:p.S1787N,SCN4A;SCN4A;SCN5A,GOF;GOF;GOF
mutant_site,3,235,SCN8A:p.A1491V,SCN8A,GOF,0.6666666666666666,0.3803680981595092,1.7526881720430105,SCN2A:p.M1879T;SCN2A:p.R1882Q;SCN5A:p.R1897W,SCN2A;SCN2A;SCN5A,GOF;GOF;LOF
mutant_site,3,236,SCN5A:p.P1506S,SCN5A,LOF,0.3333333333333333,0.4869109947643979,0.6845878136200716,SCN8A:p.R1872W;SCN10A:p.V94G;SCN2A:p.M1879T,SCN8A;SCN10A;SCN2A,GOF;LOF;GOF
mutant_site,3,237,SCN5A:p.R1512W,SCN5A,LOF,1.0,0.4869109947643979,2.053763440860215,SCN1A:p.R1525Q;SCN4A:p.R104H;SCN2A:p.D82G,SCN1A;SCN4A;SCN2A,LOF;LOF;LOF
mutant_site,3,238,SCN1A:p.R1525Q,SCN1A,LOF,0.6666666666666666,0.5609756097560976,1.188405797101449,SCN5A:p.R1512W;SCN5A:p.R104Q;SCN8A:p.R1872Q,SCN5A;SCN5A;SCN8A,LOF;LOF;GOF
mutant_site,3,239,SCN5A:p.N1541D,SCN5A,LOF,0.3333333333333333,0.4869109947643979,0.6845878136200716,SCN4A:p.N1366S;SCN1A:p.N985I;SCN4A:p.N440K,SCN4A;SCN1A;SCN4A,GOF;LOF;GOF
mutant_site,3,240,SCN4A:p.N1366S,SCN4A,GOF,0.0,0.3785488958990536,0.0,SCN5A:p.N1541D;SCN5A:p.S1218I;SCN1A:p.N985I,SCN5A;SCN5A;SCN1A,LOF;LOF;LOF
mutant_site,3,241,SCN1A:p.R1575C,SCN1A,GOF,0.6666666666666666,0.43902439024390244,1.5185185185185184,SCN10A:p.Y158D;SCN5A:p.R965C;SCN5A:p.R458C,SCN10A;SCN5A;SCN5A,GOF;LOF;GOF
mutant_site,3,242,SCN2A:p.I1571T,SCN2A,GOF,0.3333333333333333,0.379746835443038,0.8777777777777777,SCN11A:p.I381T;SCN8A:p.G822R;SCN5A:p.A735T,SCN11A;SCN8A;SCN5A,GOF;LOF;LOF
mutant_site,3,243,SCN10A:p.V1518I,SCN10A,LOF,0.6666666666666666,0.6114457831325302,1.0903119868637108,SCN5A:p.L136P;SCN5A:p.G752R;SCN1A:p.V1611F,SCN5A;SCN5A;SCN1A,LOF;LOF;GOF
mutant_site,3,244,SCN1A:p.E1587K,SCN1A,LOF,1.0,0.5609756097560976,1.7826086956521738,SCN5A:p.E1574K;SCN5A:p.D1595N;SCN5A:p.D785N,SCN5A;SCN5A;SCN5A,LOF;LOF;LOF
mutant_site,3,245,SCN5A:p.E1574K,SCN5A,LOF,0.3333333333333333,0.4869109947643979,0.6845878136200716,SCN1A:p.E1587K;SCN4A:p.N440K;SCN9A:p.N395K,SCN1A;SCN4A;SCN9A,LOF;GOF;GOF
mutant_site,3,246,SCN1A:p.R1596C,SCN1A,LOF,1.0,0.5609756097560976,1.7826086956521738,SCN5A:p.R1583C;SCN5A:p.G1262S;SCN5A:p.R965C,SCN5A;SCN5A;SCN5A,LOF;LOF;LOF
mutant_site,3,247,SCN5A:p.R1583C,SCN5A,LOF,1.0,0.4869109947643979,2.053763440860215,SCN1A:p.R1596C;SCN1A:p.G177A;SCN1A:p.G177E,SCN1A;SCN1A;SCN1A,LOF;LOF;LOF
mutant_site,3,248,SCN2A:p.Y1589C,SCN2A,GOF,0.0,0.379746835443038,0.0,SCN1A:p.F1831S;SCN5A:p.Y1449C;SCN5A:p.R1897W,SCN1A;SCN5A;SCN5A,LOF;LOF;LOF
mutant_site,3,249,SCN2A:p.F1597L,SCN2A,GOF,0.3333333333333333,0.379746835443038,0.8777777777777777,SCN1A:p.F1765L;SCN4A:p.F1298C;SCN5A:p.Y1449C,SCN1A;SCN4A;SCN5A,LOF;GOF;LOF
mutant_site,3,250,SCN5A:p.D1595N,SCN5A,LOF,0.6666666666666666,0.4869109947643979,1.3691756272401432,SCN1A:p.E1587K;SCN4A:p.N1366S;SCN1A:p.N985I,SCN1A;SCN4A;SCN1A,LOF;GOF;LOF
mutant_site,3,251,SCN1A:p.V1611F,SCN1A,GOF,0.6666666666666666,0.43902439024390244,1.5185185185185184,SCN10A:p.V1518I;SCN4A:p.I141V;SCN9A:p.I136V,SCN10A;SCN4A;SCN9A,LOF;GOF;GOF
mutant_site,3,252,SCN5A:p.S1609L,SCN5A,GOF,1.0,0.5130890052356021,1.9489795918367347,SCN8A:p.R1872L;SCN8A:p.R1872W;SCN2A:p.R1882Q,SCN8A;SCN8A;SCN2A,GOF;GOF;GOF
mutant_site,3,253,SCN1A:p.L1624P,SCN1A,GOF,1.0,0.43902439024390244,2.2777777777777777,SCN8A:p.R1872W;SCN5A:p.E1295K;SCN5A:p.R18W,SCN8A;SCN5A;SCN5A,GOF;GOF;GOF
mutant_site,3,254,SCN4A:p.V1442E,SCN4A,LOF,0.3333333333333333,0.6214511041009464,0.5363790186125211,SCN5A:p.E1295K;SCN5A:p.A1294G;SCN2A:p.V208E,SCN5A;SCN5A;SCN2A,GOF;LOF;GOF
mutant_site,3,255,SCN1A:p.P1632S,SCN1A,LOF,1.0,0.5609756097560976,1.7826086956521738,SCN2A:p.P1622S;SCN5A:p.P1506S;SCN4A:p.V1442E,SCN2A;SCN5A;SCN4A,LOF;LOF;LOF
mutant_site,3,256,SCN2A:p.P1622S,SCN2A,LOF,1.0,0.620253164556962,1.6122448979591837,SCN1A:p.P1632S;SCN4A:p.V1442E;SCN5A:p.P1506S,SCN1A;SCN4A;SCN5A,LOF;LOF;LOF
mutant_site,3,257,SCN2A:p.T1623N,SCN2A,GOF,0.6666666666666666,0.379746835443038,1.7555555555555553,SCN5A:p.T1620M;SCN3A:p.R1621G;SCN9A:p.S211P,SCN5A;SCN3A;SCN9A,LOF;GOF;GOF
mutant_site,3,258,SCN5A:p.T1620M,SCN5A,LOF,0.0,0.4869109947643979,0.0,SCN2A:p.T1623N;SCN3A:p.R1621G;SCN9A:p.S211P,SCN2A;SCN3A;SCN9A,GOF;GOF;GOF
mutant_site,3,259,SCN3A:p.R1621G,SCN3A,GOF,1.0,0.38095238095238093,2.625,SCN8A:p.R1617Q;SCN5A:p.R1623Q;SCN2A:p.T1623N,SCN8A;SCN5A;SCN2A,GOF;GOF;GOF
mutant_site,3,260,SCN3A:p.R1621Q,SCN3A,GOF,0.6666666666666666,0.38095238095238093,1.75,SCN8A:p.R1617Q;SCN5A:p.R1623Q;SCN8A:p.R1620L,SCN8A;SCN5A;SCN8A,GOF;GOF;LOF
mutant_site,3,261,SCN5A:p.R1623Q,SCN5A,GOF,1.0,0.5130890052356021,1.9489795918367347,SCN8A:p.R1617Q;SCN3A:p.R1621Q;SCN3A:p.R1621G,SCN8A;SCN3A;SCN3A,GOF;GOF;GOF
mutant_site,3,262,SCN8A:p.R1617Q,SCN8A,GOF,1.0,0.3803680981595092,2.629032258064516,SCN3A:p.R1621Q;SCN5A:p.R1623Q;SCN3A:p.R1621G,SCN3A;SCN5A;SCN3A,GOF;GOF;GOF
mutant_site,3,263,SCN4A:p.R1451C,SCN4A,LOF,0.6666666666666666,0.6214511041009464,1.0727580372250423,SCN5A:p.R1626P;SCN8A:p.R1620L;SCN5A:p.R811H,SCN5A;SCN8A;SCN5A,GOF;LOF;LOF
mutant_site,3,264,SCN5A:p.R1626P,SCN5A,GOF,0.0,0.5130890052356021,0.0,SCN4A:p.R1451C;SCN8A:p.R1620L;SCN4A:p.R1451L,SCN4A;SCN8A;SCN4A,LOF;LOF;LOF
mutant_site,3,265,SCN4A:p.R1451L,SCN4A,LOF,0.6666666666666666,0.6214511041009464,1.0727580372250423,SCN8A:p.R1620L;SCN5A:p.R1626P;SCN5A:p.R1629Q,SCN8A;SCN5A;SCN5A,LOF;GOF;LOF
mutant_site,3,266,SCN8A:p.R1620L,SCN8A,LOF,0.6666666666666666,0.6196319018404908,1.0759075907590758,SCN4A:p.R1451L;SCN5A:p.R1626P;SCN4A:p.R1451C,SCN4A;SCN5A;SCN4A,LOF;GOF;LOF
mutant_site,3,267,SCN8A:p.A1622D,SCN8A,GOF,0.6666666666666666,0.3803680981595092,1.7526881720430105,SCN5A:p.G1631D;SCN9A:p.F216S;SCN1A:p.I227S,SCN5A;SCN9A;SCN1A,GOF;GOF;LOF
mutant_site,3,268,SCN5A:p.R1629Q,SCN5A,LOF,1.0,0.4869109947643979,2.053763440860215,SCN4A:p.R1454W;SCN4A:p.R1457H;SCN4A:p.R672H,SCN4A;SCN4A;SCN4A,LOF;LOF;LOF
mutant_site,3,269,SCN4A:p.R1454W,SCN4A,LOF,0.6666666666666666,0.6214511041009464,1.0727580372250423,SCN5A:p.R1629Q;SCN5A:p.R1632C;SCN5A:p.R1626P,SCN5A;SCN5A;SCN5A,LOF;LOF;GOF
mutant_site,3,270,SCN5A:p.G1631D,SCN5A,GOF,0.6666666666666666,0.5130890052356021,1.2993197278911564,SCN8A:p.A1622D;SCN9A:p.F216S;SCN1A:p.I227S,SCN8A;SCN9A;SCN1A,GOF;GOF;LOF
mutant_site,3,271,SCN5A:p.R1632C,SCN5A,LOF,0.6666666666666666,0.4869109947643979,1.3691756272401432,SCN4A:p.R1457H;SCN4A:p.R1454W;SCN1A:p.R865G,SCN4A;SCN4A;SCN1A,LOF;LOF;GOF
mutant_site,3,272,SCN4A:p.R1457H,SCN4A,LOF,0.6666666666666666,0.6214511041009464,1.0727580372250423,SCN5A:p.R1632C;SCN1A:p.R865G;SCN5A:p.R1629Q,SCN5A;SCN1A;SCN5A,LOF;GOF;LOF
mutant_site,3,273,SCN10A:p.R1588Q,SCN10A,LOF,0.3333333333333333,0.6114457831325302,0.5451559934318554,SCN8A:p.R1872Q;SCN2A:p.R1882Q;SCN5A:p.R1644C,SCN8A;SCN2A;SCN5A,GOF;GOF;LOF
mutant_site,3,274,SCN5A:p.G1642E,SCN5A,LOF,0.3333333333333333,0.4869109947643979,0.6845878136200716,SCN1A:p.T875M;SCN2A:p.T1623N;SCN2A:p.T236S,SCN1A;SCN2A;SCN2A,LOF;GOF;GOF
mutant_site,3,275,SCN1A:p.I1656M,SCN1A,LOF,0.6666666666666666,0.5609756097560976,1.188405797101449,SCN3A:p.I875T;SCN2A:p.L1330F;SCN3A:p.L247P,SCN3A;SCN2A;SCN3A,GOF;LOF;LOF
mutant_site,3,276,SCN1A:p.R1657C,SCN1A,LOF,0.6666666666666666,0.5609756097560976,1.188405797101449,SCN8A:p.R1638C;SCN5A:p.R1644C;SCN5A:p.R1644H,SCN8A;SCN5A;SCN5A,LOF;LOF;GOF
mutant_site,3,277,SCN5A:p.R1644C,SCN5A,LOF,0.6666666666666666,0.4869109947643979,1.3691756272401432,SCN8A:p.R1638C;SCN1A:p.R1657C;SCN3A:p.F1646C,SCN8A;SCN1A;SCN3A,LOF;LOF;GOF
mutant_site,3,278,SCN8A:p.R1638C,SCN8A,LOF,0.6666666666666666,0.6196319018404908,1.0759075907590758,SCN1A:p.R1657C;SCN5A:p.R1644C;SCN5A:p.R1644H,SCN1A;SCN5A;SCN5A,LOF;LOF;GOF
mutant_site,3,279,SCN5A:p.R1644H,SCN5A,GOF,0.3333333333333333,0.5130890052356021,0.6496598639455782,SCN1A:p.R1657C;SCN8A:p.R1638C;SCN3A:p.F1646C,SCN1A;SCN8A;SCN3A,LOF;LOF;GOF
mutant_site,3,280,SCN3A:p.F1646C,SCN3A,GOF,1.0,0.38095238095238093,2.625,SCN1A:p.F1661L;SCN4A:p.F1473S;SCN5A:p.N1325S,SCN1A;SCN4A;SCN5A,GOF;GOF;GOF
mutant_site,3,281,SCN1A:p.F1661L,SCN1A,GOF,1.0,0.43902439024390244,2.2777777777777777,SCN3A:p.F1646C;SCN4A:p.F1473S;SCN5A:p.N1325S,SCN3A;SCN4A;SCN5A,GOF;GOF;GOF
mutant_site,3,282,SCN4A:p.F1473S,SCN4A,GOF,1.0,0.3785488958990536,2.6416666666666666,SCN3A:p.F1646C;SCN1A:p.F1661L;SCN5A:p.N1325S,SCN3A;SCN1A;SCN5A,GOF;GOF;GOF
mutant_site,3,283,SCN1A:p.M1664K,SCN1A,LOF,0.0,0.5609756097560976,0.0,SCN5A:p.V1328M;SCN5A:p.M1652R;SCN3A:p.F1646C,SCN5A;SCN5A;SCN3A,GOF;GOF;GOF
mutant_site,3,284,SCN5A:p.M1652R,SCN5A,GOF,0.6666666666666666,0.5130890052356021,1.2993197278911564,SCN1A:p.M1664K;SCN3A:p.F1646C;SCN1A:p.F1661L,SCN1A;SCN3A;SCN1A,LOF;GOF;GOF
mutant_site,3,285,SCN2A:p.P1658S,SCN2A,LOF,0.0,0.620253164556962,0.0,SCN4A:p.P1158L;SCN3A:p.P1333L;SCN5A:p.P1332L,SCN4A;SCN3A;SCN5A,GOF;GOF;GOF
mutant_site,3,286,SCN5A:p.A1656D,SCN5A,GOF,0.6666666666666666,0.5130890052356021,1.2993197278911564,SCN2A:p.S1336Y;SCN2A:p.P1658S;SCN2A:p.N1339D,SCN2A;SCN2A;SCN2A,GOF;LOF;GOF
mutant_site,3,287,SCN5A:p.I1660V,SCN5A,LOF,0.3333333333333333,0.4869109947643979,0.6845878136200716,SCN8A:p.I1327V;SCN9A:p.V872G;SCN1A:p.V1353L,SCN8A;SCN9A;SCN1A,GOF;GOF;LOF
mutant_site,3,288,SCN1A:p.G1674R,SCN1A,LOF,0.3333333333333333,0.5609756097560976,0.5942028985507245,SCN5A:p.G1661R;SCN4A:p.T704M;SCN8A:p.L1331V,SCN5A;SCN4A;SCN8A,LOF;GOF;GOF
mutant_site,3,289,SCN5A:p.G1661R,SCN5A,LOF,0.3333333333333333,0.4869109947643979,0.6845878136200716,SCN1A:p.G1674R;SCN4A:p.T704M;SCN8A:p.L1331V,SCN1A;SCN4A;SCN8A,LOF;GOF;GOF
mutant_site,3,290,SCN5A:p.V1667I,SCN5A,GOF,0.6666666666666666,0.5130890052356021,1.2993197278911564,SCN9A:p.V872G;SCN1A:p.V1353L;SCN11A:p.V1184A,SCN9A;SCN1A;SCN11A,GOF;LOF;GOF
mutant_site,3,291,SCN3A:p.Y1669C,SCN3A,LOF,1.0,0.6190476190476191,1.6153846153846154,SCN5A:p.F851L;SCN5A:p.W1345C;SCN1A:p.F902C,SCN5A;SCN5A;SCN1A,LOF;LOF;LOF
mutant_site,3,292,SCN1A:p.A1685D,SCN1A,LOF,0.6666666666666666,0.5609756097560976,1.188405797101449,SCN5A:p.S1672Y;SCN2A:p.A263V;SCN8A:p.G269R,SCN5A;SCN2A;SCN8A,LOF;GOF;LOF
mutant_site,3,293,SCN1A:p.A1685V,SCN1A,LOF,0.6666666666666666,0.5609756097560976,1.188405797101449,SCN5A:p.S1672Y;SCN2A:p.A263V;SCN8A:p.G269R,SCN5A;SCN2A;SCN8A,LOF;GOF;LOF
mutant_site,3,294,SCN5A:p.S1672Y,SCN5A,LOF,0.6666666666666666,0.4869109947643979,1.3691756272401432,SCN1A:p.A1685D;SCN1A:p.A1685V;SCN2A:p.A263V,SCN1A;SCN1A;SCN2A,LOF;LOF;GOF
mutant_site,3,295,SCN10A:p.D1639N,SCN10A,LOF,0.3333333333333333,0.6114457831325302,0.5451559934318554,SCN5A:p.D1690N;SCN2A:p.K908E;SCN9A:p.D623N,SCN5A;SCN2A;SCN9A,LOF;GOF;GOF
mutant_site,3,296,SCN5A:p.D1690N,SCN5A,LOF,0.6666666666666666,0.4869109947643979,1.3691756272401432,SCN10A:p.D1639N;SCN9A:p.D623N;SCN2A:p.D12N,SCN10A;SCN9A;SCN2A,LOF;GOF;LOF
mutant_site,3,297,SCN1A:p.T1709I,SCN1A,LOF,0.6666666666666666,0.5609756097560976,1.188405797101449,SCN10A:p.D1639N;SCN5A:p.N1380K;SCN3A:p.T1486I,SCN10A;SCN5A;SCN3A,LOF;LOF;GOF
mutant_site,3,298,SCN5A:p.T1709M,SCN5A,LOF,0.6666666666666666,0.4869109947643979,1.3691756272401432,SCN2A:p.T1420M;SCN10A:p.G1662S;SCN1A:p.T1709I,SCN2A;SCN10A;SCN1A,LOF;GOF;LOF
mutant_site,3,299,SCN5A:p.G1712C,SCN5A,LOF,0.3333333333333333,0.4869109947643979,0.6845878136200716,SCN10A:p.G1662S;SCN1A:p.H939Q;SCN8A:p.N374K,SCN10A;SCN1A;SCN8A,GOF;LOF;GOF
mutant_site,3,300,SCN10A:p.G1662S,SCN10A,GOF,0.0,0.3885542168674699,0.0,SCN5A:p.G1712C;SCN5A:p.G1420R;SCN5A:p.G1420V,SCN5A;SCN5A;SCN5A,LOF;LOF;LOF
mutant_site,3,301,SCN5A:p.D1714G,SCN5A,LOF,0.3333333333333333,0.4869109947643979,0.6845878136200716,SCN8A:p.N374K;SCN2A:p.D82G;SCN2A:p.R1882G,SCN8A;SCN2A;SCN2A,GOF;LOF;GOF
mutant_site,3,302,SCN5A:p.N1722D,SCN5A,LOF,0.3333333333333333,0.4869109947643979,0.6845878136200716,SCN1A:p.E78D;SCN8A:p.R1872W;SCN9A:p.Q10R,SCN1A;SCN8A;SCN9A,LOF;GOF;GOF
mutant_site,3,303,SCN5A:p.P1730H,SCN5A,LOF,0.3333333333333333,0.4869109947643979,0.6845878136200716,SCN1A:p.G1749E;SCN9A:p.Q10R;SCN8A:p.R1872W,SCN1A;SCN9A;SCN8A,LOF;GOF;GOF
mutant_site,3,304,SCN1A:p.G1749E,SCN1A,LOF,0.6666666666666666,0.5609756097560976,1.188405797101449,SCN5A:p.R18W;SCN2A:p.D12N;SCN5A:p.P1730H,SCN5A;SCN2A;SCN5A,GOF;LOF;LOF
mutant_site,3,305,SCN5A:p.G1740R,SCN5A,LOF,0.6666666666666666,0.4869109947643979,1.3691756272401432,SCN9A:p.Q10R;SCN1A:p.G1749E;SCN2A:p.D12N,SCN9A;SCN1A;SCN2A,GOF;LOF;LOF
mutant_site,3,306,SCN5A:p.G1743R,SCN5A,LOF,0.3333333333333333,0.4869109947643979,0.6845878136200716,SCN9A:p.Q10R;SCN1A:p.G1749E;SCN8A:p.R1872W,SCN9A;SCN1A;SCN8A,GOF;LOF;GOF
mutant_site,3,307,SCN5A:p.G1748D,SCN5A,LOF,0.6666666666666666,0.4869109947643979,1.3691756272401432,SCN10A:p.L867F;SCN1A:p.C959R;SCN8A:p.R1872W,SCN10A;SCN1A;SCN8A,LOF;LOF;GOF
mutant_site,3,308,SCN1A:p.F1765L,SCN1A,LOF,0.3333333333333333,0.5609756097560976,0.5942028985507245,SCN5A:p.Y1449C;SCN2A:p.F1597L;SCN2A:p.Y1589C,SCN5A;SCN2A;SCN2A,LOF;GOF;GOF
mutant_site,3,309,SCN10A:p.I1706V,SCN10A,GOF,1.0,0.3885542168674699,2.5736434108527133,SCN11A:p.I381T;SCN1A:p.F1774S;SCN5A:p.I1762A,SCN11A;SCN1A;SCN5A,GOF;GOF;GOF
mutant_site,3,310,SCN1A:p.F1774S,SCN1A,GOF,0.3333333333333333,0.43902439024390244,0.7592592592592592,SCN5A:p.N927S;SCN10A:p.I1706V;SCN5A:p.L928P,SCN5A;SCN10A;SCN5A,LOF;GOF;LOF
mutant_site,3,311,SCN5A:p.I1762A,SCN5A,GOF,0.3333333333333333,0.5130890052356021,0.6496598639455782,SCN3A:p.V1769A;SCN1A:p.V983A;SCN8A:p.V1758A,SCN3A;SCN1A;SCN8A,GOF;LOF;LOF
mutant_site,3,312,SCN5A:p.V1763M,SCN5A,GOF,0.0,0.5130890052356021,0.0,SCN1A:p.V983A;SCN10A:p.L388M;SCN8A:p.V1758A,SCN1A;SCN10A;SCN8A,LOF;LOF;LOF
mutant_site,3,313,SCN8A:p.V1758A,SCN8A,LOF,0.0,0.6196319018404908,0.0,SCN5A:p.V1764M;SCN3A:p.V1769A;SCN5A:p.I1762A,SCN5A;SCN3A;SCN5A,GOF;GOF;GOF
mutant_site,3,314,SCN5A:p.V1764M,SCN5A,GOF,0.6666666666666666,0.5130890052356021,1.2993197278911564,SCN8A:p.V1758A;SCN3A:p.V1769A;SCN10A:p.I1706V,SCN8A;SCN3A;SCN10A,LOF;GOF;GOF
mutant_site,3,315,SCN3A:p.M1765I,SCN3A,GOF,0.6666666666666666,0.38095238095238093,1.75,SCN8A:p.M1760I;SCN4A:p.L796V;SCN1A:p.L986F,SCN8A;SCN4A;SCN1A,GOF;GOF;LOF
mutant_site,3,316,SCN8A:p.M1760I,SCN8A,GOF,0.6666666666666666,0.3803680981595092,1.7526881720430105,SCN3A:p.M1765I;SCN1A:p.L986F;SCN4A:p.L796V,SCN3A;SCN1A;SCN4A,GOF;LOF;GOF
mutant_site,3,317,SCN5A:p.Y1767C,SCN5A,GOF,1.0,0.5130890052356021,1.9489795918367347,SCN8A:p.M1760I;SCN3A:p.M1765I;SCN4A:p.F1298C,SCN8A;SCN3A;SCN4A,GOF;GOF;GOF
mutant_site,3,318,SCN5A:p.I1768V,SCN5A,GOF,1.0,0.5130890052356021,1.9489795918367347,SCN3A:p.V1769A;SCN4A:p.L796V;SCN4A:p.I141V,SCN3A;SCN4A;SCN4A,GOF;GOF;GOF
mutant_site,3,319,SCN2A:p.A1773T,SCN2A,LOF,0.3333333333333333,0.620253164556962,0.5374149659863946,SCN3A:p.V1769A;SCN5A:p.A735T;SCN9A:p.V400M,SCN3A;SCN5A;SCN9A,GOF;LOF;GOF
mutant_site,3,320,SCN3A:p.V1769A,SCN3A,GOF,1.0,0.38095238095238093,2.625,SCN4A:p.V1293I;SCN9A:p.V400M;SCN5A:p.V411M,SCN4A;SCN9A;SCN5A,GOF;GOF;GOF
mutant_site,3,321,SCN5A:p.N1774D,SCN5A,GOF,1.0,0.5130890052356021,1.9489795918367347,SCN8A:p.N1768D;SCN4A:p.N1297S;SCN4A:p.N1297K,SCN8A;SCN4A;SCN4A,GOF;GOF;GOF
mutant_site,3,322,SCN8A:p.N1768D,SCN8A,GOF,1.0,0.3803680981595092,2.629032258064516,SCN5A:p.N1774D;SCN5A:p.S941N;SCN4A:p.N1297S,SCN5A;SCN5A;SCN4A,GOF;GOF;GOF
mutant_site,3,323,SCN5A:p.S1787N,SCN5A,GOF,0.6666666666666666,0.5130890052356021,1.2993197278911564,SCN2A:p.D12N;SCN8A:p.R1872W;SCN9A:p.D623N,SCN2A;SCN8A;SCN9A,LOF;GOF;GOF
mutant_site,3,324,SCN5A:p.Y1795C,SCN5A,GOF,1.0,0.5130890052356021,1.9489795918367347,SCN8A:p.R1872W;SCN2A:p.R1882Q;SCN8A:p.R1872Q,SCN8A;SCN2A;SCN8A,GOF;GOF;GOF
mutant_site,3,325,SCN5A:p.Y1795H,SCN5A,LOF,0.0,0.4869109947643979,0.0,SCN8A:p.R1872W;SCN8A:p.R1872Q;SCN2A:p.R1882Q,SCN8A;SCN8A;SCN2A,GOF;GOF;GOF
mutant_site,3,326,SCN2A:p.E1803G,SCN2A,GOF,0.6666666666666666,0.379746835443038,1.7555555555555553,SCN5A:p.Y1795C;SCN5A:p.Y1795H;SCN8A:p.R1872W,SCN5A;SCN5A;SCN8A,GOF;LOF;GOF
mutant_site,3,327,SCN4A:p.Q1633E,SCN4A,GOF,0.6666666666666666,0.3785488958990536,1.761111111111111,SCN5A:p.Q1832E;SCN8A:p.R1872W;SCN8A:p.R1872L,SCN5A;SCN8A;SCN8A,LOF;GOF;GOF
mutant_site,3,328,SCN1A:p.F1831S,SCN1A,LOF,0.6666666666666666,0.5609756097560976,1.188405797101449,SCN5A:p.L1825P;SCN2A:p.M1879T;SCN5A:p.C1850S,SCN5A;SCN2A;SCN5A,LOF;GOF;LOF
mutant_site,3,329,SCN5A:p.L1825P,SCN5A,LOF,0.3333333333333333,0.4869109947643979,0.6845878136200716,SCN2A:p.M1879T;SCN8A:p.R1872W;SCN1A:p.F1831S,SCN2A;SCN8A;SCN1A,GOF;GOF;LOF
mutant_site,3,330,SCN5A:p.Q1832E,SCN5A,LOF,0.0,0.4869109947643979,0.0,SCN8A:p.R1872W;SCN8A:p.R1872Q;SCN2A:p.R1882Q,SCN8A;SCN8A;SCN2A,GOF;GOF;GOF
mutant_site,3,331,SCN5A:p.C1850S,SCN5A,LOF,0.0,0.4869109947643979,0.0,SCN8A:p.R1872W;SCN2A:p.R1882Q;SCN2A:p.M1879T,SCN8A;SCN2A;SCN2A,GOF;GOF;GOF
mutant_site,3,332,SCN1A:p.D1866Y,SCN1A,GOF,1.0,0.43902439024390244,2.2777777777777777,SCN8A:p.R1872W;SCN5A:p.R18W;SCN2A:p.R1882Q,SCN8A;SCN5A;SCN2A,GOF;GOF;GOF
mutant_site,3,333,SCN2A:p.M1879T,SCN2A,GOF,1.0,0.379746835443038,2.6333333333333333,SCN8A:p.R1872W;SCN8A:p.R1872Q;SCN8A:p.R1872L,SCN8A;SCN8A;SCN8A,GOF;GOF;GOF
mutant_site,3,334,SCN8A:p.R1872L,SCN8A,GOF,1.0,0.3803680981595092,2.629032258064516,SCN2A:p.R1882Q;SCN2A:p.R1882G;SCN5A:p.R18W,SCN2A;SCN2A;SCN5A,GOF;GOF;GOF
mutant_site,3,335,SCN2A:p.R1882G,SCN2A,GOF,1.0,0.379746835443038,2.6333333333333333,SCN8A:p.R1872W;SCN8A:p.R1872Q;SCN8A:p.R1872L,SCN8A;SCN8A;SCN8A,GOF;GOF;GOF
mutant_site,3,336,SCN2A:p.R1882Q,SCN2A,GOF,1.0,0.379746835443038,2.6333333333333333,SCN8A:p.R1872Q;SCN8A:p.R1872W;SCN8A:p.R1872L,SCN8A;SCN8A;SCN8A,GOF;GOF;GOF
mutant_site,3,337,SCN8A:p.R1872Q,SCN8A,GOF,0.6666666666666666,0.3803680981595092,1.7526881720430105,SCN2A:p.R1882Q;SCN2A:p.R1882G;SCN5A:p.R27H,SCN2A;SCN2A;SCN5A,GOF;GOF;LOF
mutant_site,3,338,SCN8A:p.R1872W,SCN8A,GOF,1.0,0.3803680981595092,2.629032258064516,SCN2A:p.R1882Q;SCN2A:p.R1882G;SCN5A:p.R18W,SCN2A;SCN2A;SCN5A,GOF;GOF;GOF
mutant_site,3,339,SCN5A:p.R1897W,SCN5A,LOF,0.0,0.4869109947643979,0.0,SCN8A:p.R1872W;SCN9A:p.Q10R;SCN2A:p.R1882Q,SCN8A;SCN9A;SCN2A,GOF;GOF;GOF
mutant_site,3,340,SCN5A:p.R1898C,SCN5A,LOF,0.3333333333333333,0.4869109947643979,0.6845878136200716,SCN8A:p.R1872W;SCN2A:p.D12N;SCN9A:p.Q10R,SCN8A;SCN2A;SCN9A,GOF;LOF;GOF
mutant_site,3,341,SCN1A:p.Q1923R,SCN1A,LOF,0.6666666666666666,0.5609756097560976,1.188405797101449,SCN5A:p.R1897W;SCN5A:p.R1898C;SCN8A:p.R1872W,SCN5A;SCN5A;SCN8A,LOF;LOF;GOF
mutant_site,3,342,SCN1A:p.R1927G,SCN1A,LOF,0.3333333333333333,0.5609756097560976,0.5942028985507245,SCN5A:p.R1897W;SCN2A:p.R1882G;SCN8A:p.R1872W,SCN5A;SCN2A;SCN8A,LOF;GOF;GOF
mutant_site,3,343,SCN1A:p.T1934I,SCN1A,LOF,0.3333333333333333,0.5609756097560976,0.5942028985507245,SCN5A:p.R18W;SCN8A:p.R1872W;SCN5A:p.R1897W,SCN5A;SCN8A;SCN5A,GOF;GOF;LOF
mutant_site,3,344,SCN10A:p.A1886V,SCN10A,GOF,1.0,0.3885542168674699,2.5736434108527133,SCN5A:p.R569W;SCN5A:p.R18W;SCN5A:p.P2006A,SCN5A;SCN5A;SCN5A,GOF;GOF;GOF
mutant_site,3,345,SCN5A:p.I1968S,SCN5A,LOF,0.3333333333333333,0.4869109947643979,0.6845878136200716,SCN10A:p.L554P;SCN9A:p.Q10R;SCN2A:p.D12N,SCN10A;SCN9A;SCN2A,GOF;GOF;LOF
mutant_site,3,346,SCN5A:p.F2004L,SCN5A,LOF,0.0,0.4869109947643979,0.0,SCN10A:p.L554P;SCN8A:p.R1872L;SCN10A:p.A1886V,SCN10A;SCN8A;SCN10A,GOF;GOF;GOF
mutant_site,3,347,SCN5A:p.P2006A,SCN5A,GOF,0.6666666666666666,0.5130890052356021,1.2993197278911564,SCN9A:p.Q10R;SCN2A:p.D12N;SCN10A:p.L554P,SCN9A;SCN2A;SCN10A,GOF;LOF;GOF
mutant_site,5,0,SCN9A:p.Q10R,SCN9A,GOF,0.6,0.3768545994065282,1.5921259842519684,SCN2A:p.D12N;SCN5A:p.R18W;SCN5A:p.R569W;SCN5A:p.P2006A;SCN5A:p.N592K,SCN2A;SCN5A;SCN5A;SCN5A;SCN5A,LOF;GOF;GOF;GOF;LOF
mutant_site,5,1,SCN2A:p.D12N,SCN2A,LOF,0.2,0.620253164556962,0.32244897959183677,SCN9A:p.Q10R;SCN9A:p.D623N;SCN5A:p.R18W;SCN5A:p.D84N;SCN5A:p.R569W,SCN9A;SCN9A;SCN5A;SCN5A;SCN5A,GOF;GOF;GOF;LOF;GOF
mutant_site,5,2,SCN5A:p.R18W,SCN5A,GOF,0.4,0.5130890052356021,0.7795918367346939,SCN2A:p.D12N;SCN9A:p.Q10R;SCN8A:p.R1872W;SCN10A:p.V94G;SCN1A:p.E78D,SCN2A;SCN9A;SCN8A;SCN10A;SCN1A,LOF;GOF;GOF;LOF;LOF
mutant_site,5,3,SCN5A:p.R27H,SCN5A,LOF,0.0,0.4869109947643979,0.0,SCN8A:p.R1872W;SCN8A:p.R1872Q;SCN2A:p.R1882Q;SCN8A:p.R1872L;SCN2A:p.R1882G,SCN8A;SCN8A;SCN2A;SCN8A;SCN2A,GOF;GOF;GOF;GOF;GOF
mutant_site,5,4,SCN1A:p.E78D,SCN1A,LOF,0.8,0.5609756097560976,1.4260869565217391,SCN5A:p.D84N;SCN5A:p.R18W;SCN2A:p.D82G;SCN5A:p.F93S;SCN2A:p.D12N,SCN5A;SCN5A;SCN2A;SCN5A;SCN2A,LOF;GOF;LOF;LOF;LOF
mutant_site,5,5,SCN5A:p.D84N,SCN5A,LOF,0.8,0.4869109947643979,1.643010752688172,SCN2A:p.D82G;SCN2A:p.D12N;SCN1A:p.E78D;SCN9A:p.D623N;SCN10A:p.V94G,SCN2A;SCN2A;SCN1A;SCN9A;SCN10A,LOF;LOF;LOF;GOF;LOF
mutant_site,5,6,SCN2A:p.D82G,SCN2A,LOF,0.8,0.620253164556962,1.289795918367347,SCN5A:p.D84N;SCN10A:p.V94G;SCN5A:p.R18W;SCN1A:p.E78D;SCN5A:p.F93S,SCN5A;SCN10A;SCN5A;SCN1A;SCN5A,LOF;LOF;GOF;LOF;LOF
mutant_site,5,7,SCN5A:p.F93S,SCN5A,LOF,0.8,0.4869109947643979,1.643010752688172,SCN10A:p.V94G;SCN10A:p.P1102S;SCN1A:p.E78D;SCN2A:p.D12N;SCN2A:p.D82G,SCN10A;SCN10A;SCN1A;SCN2A;SCN2A,LOF;GOF;LOF;LOF;LOF
mutant_site,5,8,SCN10A:p.V94G,SCN10A,LOF,0.4,0.6114457831325302,0.6541871921182266,SCN2A:p.D82G;SCN5A:p.F93S;SCN5A:p.R18W;SCN2A:p.R1882G;SCN5A:p.R569W,SCN2A;SCN5A;SCN5A;SCN2A;SCN5A,LOF;LOF;GOF;GOF;GOF
mutant_site,5,9,SCN4A:p.R104H,SCN4A,LOF,0.8,0.6214511041009464,1.2873096446700507,SCN5A:p.R104W;SCN5A:p.R104Q;SCN10A:p.V94G;SCN5A:p.R689H;SCN8A:p.R1872W,SCN5A;SCN5A;SCN10A;SCN5A;SCN8A,LOF;LOF;LOF;LOF;GOF
mutant_site,5,10,SCN5A:p.R104Q,SCN5A,LOF,0.4,0.4869109947643979,0.821505376344086,SCN4A:p.R104H;SCN10A:p.V94G;SCN8A:p.R1872Q;SCN2A:p.R1882Q;SCN8A:p.R1872W,SCN4A;SCN10A;SCN8A;SCN2A;SCN8A,LOF;LOF;GOF;GOF;GOF
mutant_site,5,11,SCN5A:p.R104W,SCN5A,LOF,0.4,0.4869109947643979,0.821505376344086,SCN4A:p.R104H;SCN10A:p.V94G;SCN8A:p.R1872W;SCN8A:p.R1872Q;SCN8A:p.R1872L,SCN4A;SCN10A;SCN8A;SCN8A;SCN8A,LOF;LOF;GOF;GOF;GOF
mutant_site,5,12,SCN5A:p.R121W,SCN5A,LOF,0.8,0.4869109947643979,1.643010752688172,SCN1A:p.R1657C;SCN8A:p.R1638C;SCN1A:p.R1927G;SCN4A:p.R104H;SCN11A:p.R222H,SCN1A;SCN8A;SCN1A;SCN4A;SCN11A,LOF;LOF;LOF;LOF;GOF
mutant_site,5,13,SCN5A:p.A124D,SCN5A,LOF,0.4,0.4869109947643979,0.821505376344086,SCN3A:p.I875T;SCN1A:p.F1831S;SCN1A:p.C959R;SCN2A:p.M1879T;SCN4A:p.T704M,SCN3A;SCN1A;SCN1A;SCN2A;SCN4A,GOF;LOF;LOF;GOF;GOF
mutant_site,5,14,SCN5A:p.V125L,SCN5A,GOF,0.8,0.5130890052356021,1.5591836734693878,SCN8A:p.R1872L;SCN4A:p.R104H;SCN2A:p.M1879T;SCN8A:p.R1872W;SCN8A:p.A1491V,SCN8A;SCN4A;SCN2A;SCN8A;SCN8A,GOF;LOF;GOF;GOF;GOF
mutant_site,5,15,SCN5A:p.K126E,SCN5A,LOF,0.4,0.4869109947643979,0.821505376344086,SCN8A:p.R1872W;SCN4A:p.R104H;SCN10A:p.V94G;SCN8A:p.R1872Q;SCN2A:p.R1882G,SCN8A;SCN4A;SCN10A;SCN8A;SCN2A,GOF;LOF;LOF;GOF;GOF
mutant_site,5,16,SCN5A:p.L136P,SCN5A,LOF,0.6,0.4869109947643979,1.232258064516129,SCN1A:p.F1831S;SCN4A:p.T704M;SCN10A:p.V1518I;SCN11A:p.I381T;SCN4A:p.V1442E,SCN1A;SCN4A;SCN10A;SCN11A;SCN4A,LOF;GOF;LOF;GOF;LOF
mutant_site,5,17,SCN8A:p.M139I,SCN8A,GOF,0.8,0.3803680981595092,2.1032258064516127,SCN2A:p.T773I;SCN9A:p.I136V;SCN4A:p.I141V;SCN5A:p.L136P;SCN3A:p.M1765I,SCN2A;SCN9A;SCN4A;SCN5A;SCN3A,GOF;GOF;GOF;LOF;GOF
mutant_site,5,18,SCN4A:p.I141V,SCN4A,GOF,1.0,0.3785488958990536,2.6416666666666666,SCN9A:p.I136V;SCN5A:p.I1768V;SCN2A:p.T773I;SCN8A:p.M139I;SCN5A:p.I1762A,SCN9A;SCN5A;SCN2A;SCN8A;SCN5A,GOF;GOF;GOF;GOF;GOF
mutant_site,5,19,SCN9A:p.I136V,SCN9A,GOF,1.0,0.3768545994065282,2.653543307086614,SCN4A:p.I141V;SCN5A:p.I1768V;SCN8A:p.M139I;SCN2A:p.T773I;SCN8A:p.T767I,SCN4A;SCN5A;SCN8A;SCN2A;SCN8A,GOF;GOF;GOF;GOF;GOF
mutant_site,5,20,SCN1A:p.M145T,SCN1A,LOF,0.8,0.5609756097560976,1.4260869565217391,SCN5A:p.M734V;SCN5A:p.A735T;SCN5A:p.A735E;SCN5A:p.A735V;SCN3A:p.I875T,SCN5A;SCN5A;SCN5A;SCN5A;SCN3A,LOF;LOF;LOF;LOF;GOF
mutant_site,5,21,SCN5A:p.E161K,SCN5A,LOF,0.0,0.4869109947643979,0.0,SCN8A:p.R1872W;SCN2A:p.R1882Q;SCN10A:p.Y158D;SCN8A:p.R1872Q;SCN1A:p.D1866Y,SCN8A;SCN2A;SCN10A;SCN8A;SCN1A,GOF;GOF;GOF;GOF;GOF
mutant_site,5,22,SCN10A:p.Y158D,SCN10A,GOF,0.6,0.3885542168674699,1.544186046511628,SCN8A:p.R1872W;SCN5A:p.R1897W;SCN1A:p.E78D;SCN5A:p.R18W;SCN1A:p.R1575C,SCN8A;SCN5A;SCN1A;SCN5A;SCN1A,GOF;LOF;LOF;GOF;GOF
mutant_site,5,23,SCN5A:p.K175N,SCN5A,LOF,0.4,0.4869109947643979,0.821505376344086,SCN1A:p.E1587K;SCN1A:p.N985I;SCN9A:p.N395K;SCN4A:p.N440K;SCN4A:p.N1366S,SCN1A;SCN1A;SCN9A;SCN4A;SCN4A,LOF;LOF;GOF;GOF;GOF
mutant_site,5,24,SCN5A:p.A178G,SCN5A,LOF,0.8,0.4869109947643979,1.643010752688172,SCN1A:p.G177A;SCN1A:p.G177E;SCN1A:p.A1685D;SCN2A:p.A263V;SCN8A:p.G269R,SCN1A;SCN1A;SCN1A;SCN2A;SCN8A,LOF;LOF;LOF;GOF;LOF
mutant_site,5,25,SCN1A:p.G177A,SCN1A,LOF,1.0,0.5609756097560976,1.7826086956521738,SCN5A:p.G1262S;SCN5A:p.R1583C;SCN5A:p.G1319V;SCN5A:p.T187I;SCN8A:p.G269R,SCN5A;SCN5A;SCN5A;SCN5A;SCN8A,LOF;LOF;LOF;LOF;LOF
mutant_site,5,26,SCN1A:p.G177E,SCN1A,LOF,1.0,0.5609756097560976,1.7826086956521738,SCN5A:p.G1262S;SCN5A:p.R1583C;SCN5A:p.T187I;SCN5A:p.G1319V;SCN5A:p.G1642E,SCN5A;SCN5A;SCN5A;SCN5A;SCN5A,LOF;LOF;LOF;LOF;LOF
mutant_site,5,27,SCN5A:p.T187I,SCN5A,LOF,0.4,0.4869109947643979,0.821505376344086,SCN3A:p.T1486I;SCN4A:p.T1313A;SCN4A:p.T1313M;SCN1A:p.G177E;SCN1A:p.N1011I,SCN3A;SCN4A;SCN4A;SCN1A;SCN1A,GOF;GOF;GOF;LOF;LOF
mutant_site,5,28,SCN4A:p.M203K,SCN4A,LOF,0.8,0.6214511041009464,1.2873096446700507,SCN2A:p.V208E;SCN5A:p.L136P;SCN5A:p.G752R;SCN10A:p.V1518I;SCN1A:p.M1664K,SCN2A;SCN5A;SCN5A;SCN10A;SCN1A,GOF;LOF;LOF;LOF;LOF
mutant_site,5,29,SCN2A:p.V208E,SCN2A,GOF,0.6,0.379746835443038,1.5799999999999998,SCN4A:p.V1442E;SCN5A:p.A1294G;SCN1A:p.L1624P;SCN5A:p.E1295K;SCN8A:p.R1872W,SCN4A;SCN5A;SCN1A;SCN5A;SCN8A,LOF;LOF;GOF;GOF;GOF
mutant_site,5,30,SCN9A:p.S211P,SCN9A,GOF,0.4,0.3768545994065282,1.0614173228346457,SCN2A:p.T1623N;SCN5A:p.T1620M;SCN3A:p.R1621G;SCN2A:p.P1622S;SCN1A:p.P1632S,SCN2A;SCN5A;SCN3A;SCN2A;SCN1A,GOF;LOF;GOF;LOF;LOF
mutant_site,5,31,SCN11A:p.R222H,SCN11A,GOF,0.0,0.38596491228070173,0.0,SCN1A:p.R859H;SCN5A:p.R808C;SCN4A:p.R669H;SCN10A:p.R756W;SCN1A:p.R859C,SCN1A;SCN5A;SCN4A;SCN10A;SCN1A,LOF;LOF;LOF;LOF;LOF
mutant_site,5,32,SCN9A:p.F216S,SCN9A,GOF,0.8,0.3768545994065282,2.1228346456692915,SCN8A:p.A1622D;SCN5A:p.G1631D;SCN1A:p.I227S;SCN5A:p.F1473S;SCN5A:p.F1473C,SCN8A;SCN5A;SCN1A;SCN5A;SCN5A,GOF;GOF;LOF;GOF;GOF
mutant_site,5,33,SCN8A:p.R223G,SCN8A,LOF,1.0,0.6196319018404908,1.613861386138614,SCN4A:p.R672G;SCN4A:p.R672H;SCN4A:p.R669H;SCN5A:p.R808C;SCN5A:p.R811H,SCN4A;SCN4A;SCN4A;SCN5A;SCN5A,LOF;LOF;LOF;LOF;LOF
mutant_site,5,34,SCN5A:p.V223L,SCN5A,LOF,0.6,0.4869109947643979,1.232258064516129,SCN3A:p.L855P;SCN1A:p.V1353L;SCN1A:p.I1656M;SCN2A:p.V423L;SCN1A:p.I227S,SCN3A;SCN1A;SCN1A;SCN2A;SCN1A,GOF;LOF;LOF;GOF;LOF
mutant_site,5,35,SCN4A:p.R225W,SCN4A,LOF,0.6,0.6214511041009464,0.965482233502538,SCN5A:p.R225W;SCN5A:p.R225P;SCN1A:p.R865G;SCN5A:p.R811H;SCN2A:p.R1312T,SCN5A;SCN5A;SCN1A;SCN5A;SCN2A,LOF;GOF;GOF;LOF;LOF
mutant_site,5,36,SCN5A:p.R225W,SCN5A,LOF,0.8,0.4869109947643979,1.643010752688172,SCN4A:p.R225W;SCN1A:p.R865G;SCN2A:p.R1312T;SCN4A:p.R672H;SCN4A:p.R672G,SCN4A;SCN1A;SCN2A;SCN4A;SCN4A,LOF;GOF;LOF;LOF;LOF
mutant_site,5,37,SCN5A:p.R225P,SCN5A,GOF,0.2,0.5130890052356021,0.38979591836734695,SCN4A:p.R225W;SCN1A:p.R865G;SCN2A:p.R1312T;SCN4A:p.R672H;SCN4A:p.R672G,SCN4A;SCN1A;SCN2A;SCN4A;SCN4A,LOF;GOF;LOF;LOF;LOF
mutant_site,5,38,SCN5A:p.A226V,SCN5A,LOF,0.2,0.4869109947643979,0.410752688172043,SCN3A:p.L855P;SCN1A:p.I227S;SCN11A:p.L1158P;SCN9A:p.I228M;SCN2A:p.A263V,SCN3A;SCN1A;SCN11A;SCN9A;SCN2A,GOF;LOF;GOF;GOF;GOF
mutant_site,5,39,SCN1A:p.I227S,SCN1A,LOF,0.0,0.5609756097560976,0.0,SCN11A:p.L1158P;SCN9A:p.F216S;SCN9A:p.I228M;SCN5A:p.G1631D;SCN8A:p.A1622D,SCN11A;SCN9A;SCN9A;SCN5A;SCN8A,GOF;GOF;GOF;GOF;GOF
mutant_site,5,40,SCN9A:p.I228M,SCN9A,GOF,0.4,0.3768545994065282,1.0614173228346457,SCN1A:p.I227S;SCN1A:p.I1656M;SCN11A:p.L1158P;SCN3A:p.L855P;SCN5A:p.L812Q,SCN1A;SCN1A;SCN11A;SCN3A;SCN5A,LOF;LOF;GOF;GOF;LOF
mutant_site,5,41,SCN2A:p.T236S,SCN2A,GOF,0.8,0.379746835443038,2.1066666666666665,SCN5A:p.N1325S;SCN4A:p.F1473S;SCN3A:p.F1646C;SCN1A:p.F1661L;SCN1A:p.P1632S,SCN5A;SCN4A;SCN3A;SCN1A;SCN1A,GOF;GOF;GOF;GOF;LOF
mutant_site,5,42,SCN9A:p.I234T,SCN9A,GOF,0.4,0.3768545994065282,1.0614173228346457,SCN2A:p.L1330F;SCN1A:p.I1656M;SCN3A:p.I875T;SCN3A:p.L247P;SCN8A:p.I1327V,SCN2A;SCN1A;SCN3A;SCN3A;SCN8A,LOF;LOF;GOF;LOF;GOF
mutant_site,5,43,SCN9A:p.S241T,SCN9A,GOF,1.0,0.3768545994065282,2.653543307086614,SCN10A:p.S242T;SCN5A:p.A1330T;SCN4A:p.A1156T;SCN5A:p.A1330P;SCN2A:p.A263V,SCN10A;SCN5A;SCN4A;SCN5A;SCN2A,GOF;GOF;GOF;GOF;GOF
mutant_site,5,44,SCN10A:p.S242T,SCN10A,GOF,1.0,0.3885542168674699,2.5736434108527133,SCN9A:p.S241T;SCN5A:p.A1330T;SCN4A:p.A1156T;SCN5A:p.A1330P;SCN9A:p.I234T,SCN9A;SCN5A;SCN4A;SCN5A;SCN9A,GOF;GOF;GOF;GOF;GOF
mutant_site,5,45,SCN3A:p.L247P,SCN3A,LOF,0.6,0.6190476190476191,0.9692307692307691,SCN5A:p.L839P;SCN8A:p.I1327V;SCN1A:p.I1656M;SCN2A:p.L1330F;SCN8A:p.L1331V,SCN5A;SCN8A;SCN1A;SCN2A;SCN8A,LOF;GOF;LOF;LOF;GOF
mutant_site,5,46,SCN1A:p.D249E,SCN1A,LOF,0.2,0.5609756097560976,0.3565217391304348,SCN2A:p.N1339D;SCN5A:p.S1333Y;SCN2A:p.S1336Y;SCN11A:p.G699R;SCN5A:p.E161K,SCN2A;SCN5A;SCN2A;SCN11A;SCN5A,GOF;GOF;GOF;GOF;LOF
mutant_site,5,47,SCN1A:p.S259R,SCN1A,LOF,0.8,0.5609756097560976,1.4260869565217391,SCN5A:p.L1346P;SCN5A:p.F851L;SCN9A:p.V872G;SCN5A:p.W1345C;SCN5A:p.F1344S,SCN5A;SCN5A;SCN9A;SCN5A;SCN5A,LOF;LOF;GOF;LOF;LOF
mutant_site,5,48,SCN2A:p.A263V,SCN2A,GOF,0.2,0.379746835443038,0.5266666666666666,SCN1A:p.A1685V;SCN5A:p.S1672Y;SCN1A:p.A1685D;SCN1A:p.L263V;SCN8A:p.G269R,SCN1A;SCN5A;SCN1A;SCN1A;SCN8A,LOF;LOF;LOF;GOF;LOF
mutant_site,5,49,SCN1A:p.L263V,SCN1A,GOF,0.4,0.43902439024390244,0.9111111111111112,SCN4A:p.L796V;SCN2A:p.A263V;SCN5A:p.L1346P;SCN5A:p.I1660V;SCN3A:p.L247P,SCN4A;SCN2A;SCN5A;SCN5A;SCN3A,GOF;GOF;LOF;LOF;LOF
mutant_site,5,50,SCN8A:p.G269R,SCN8A,LOF,0.8,0.6196319018404908,1.2910891089108911,SCN2A:p.G899S;SCN2A:p.A263V;SCN5A:p.S1672Y;SCN1A:p.A1685D;SCN1A:p.A1685V,SCN2A;SCN2A;SCN5A;SCN1A;SCN1A,LOF;GOF;LOF;LOF;LOF
mutant_site,5,51,SCN5A:p.L276Q,SCN5A,LOF,0.2,0.4869109947643979,0.410752688172043,SCN10A:p.R814H;SCN2A:p.K908E;SCN2A:p.M1879T;SCN1A:p.F1831S;SCN1A:p.Q1489H,SCN10A;SCN2A;SCN2A;SCN1A;SCN1A,GOF;GOF;GOF;LOF;GOF
mutant_site,5,52,SCN5A:p.R282H,SCN5A,LOF,0.2,0.4869109947643979,0.410752688172043,SCN10A:p.R814H;SCN8A:p.R1872W;SCN4A:p.R104H;SCN8A:p.R1872Q;SCN2A:p.K908E,SCN10A;SCN8A;SCN4A;SCN8A;SCN2A,GOF;GOF;LOF;GOF;GOF
mutant_site,5,53,SCN5A:p.R282C,SCN5A,LOF,0.2,0.4869109947643979,0.410752688172043,SCN8A:p.R1872W;SCN10A:p.R814H;SCN8A:p.R1872L;SCN10A:p.V94G;SCN8A:p.R1872Q,SCN8A;SCN10A;SCN8A;SCN10A;SCN8A,GOF;GOF;GOF;LOF;GOF
mutant_site,5,54,SCN1A:p.T297I,SCN1A,LOF,0.6,0.5609756097560976,1.0695652173913042,SCN5A:p.S1382I;SCN5A:p.F93S;SCN5A:p.A551T;SCN5A:p.R18W;SCN10A:p.A1886V,SCN5A;SCN5A;SCN5A;SCN5A;SCN10A,LOF;LOF;LOF;GOF;GOF
mutant_site,5,55,SCN5A:p.L325R,SCN5A,LOF,0.4,0.4869109947643979,0.821505376344086,SCN9A:p.Q10R;SCN8A:p.R1872W;SCN2A:p.M1879T;SCN10A:p.V94G;SCN4A:p.R104H,SCN9A;SCN8A;SCN2A;SCN10A;SCN4A,GOF;GOF;GOF;LOF;LOF
mutant_site,5,56,SCN5A:p.C335R,SCN5A,LOF,0.8,0.4869109947643979,1.643010752688172,SCN2A:p.C1386R;SCN4A:p.C1209F;SCN9A:p.Q10R;SCN2A:p.D82G;SCN4A:p.R104H,SCN2A;SCN4A;SCN9A;SCN2A;SCN4A,LOF;LOF;GOF;LOF;LOF
mutant_site,5,57,SCN5A:p.P336L,SCN5A,LOF,0.8,0.4869109947643979,1.643010752688172,SCN4A:p.P382T;SCN2A:p.D82G;SCN8A:p.R1872L;SCN1A:p.G1749E;SCN2A:p.D12N,SCN4A;SCN2A;SCN8A;SCN1A;SCN2A,LOF;LOF;GOF;LOF;LOF
mutant_site,5,58,SCN3A:p.K354Q,SCN3A,GOF,0.6,0.38095238095238093,1.575,SCN5A:p.R104Q;SCN8A:p.R1872Q;SCN5A:p.R18W;SCN2A:p.R1882Q;SCN5A:p.L567Q,SCN5A;SCN8A;SCN5A;SCN2A;SCN5A,LOF;GOF;GOF;GOF;LOF
mutant_site,5,59,SCN4A:p.P382T,SCN4A,LOF,0.6,0.6214511041009464,0.965482233502538,SCN5A:p.P336L;SCN5A:p.R18W;SCN5A:p.A551T;SCN2A:p.M1879T;SCN5A:p.P1506S,SCN5A;SCN5A;SCN5A;SCN2A;SCN5A,LOF;GOF;LOF;GOF;LOF
mutant_site,5,60,SCN5A:p.D349N,SCN5A,LOF,0.6,0.4869109947643979,1.232258064516129,SCN2A:p.D12N;SCN10A:p.D1639N;SCN4A:p.P382T;SCN9A:p.D623N;SCN3A:p.K354Q,SCN2A;SCN10A;SCN4A;SCN9A;SCN3A,LOF;LOF;LOF;GOF;GOF
mutant_site,5,61,SCN5A:p.T353I,SCN5A,LOF,0.8,0.4869109947643979,1.643010752688172,SCN4A:p.P382T;SCN10A:p.D1639N;SCN1A:p.T297I;SCN1A:p.N1011I;SCN11A:p.N816K,SCN4A;SCN10A;SCN1A;SCN1A;SCN11A,LOF;LOF;LOF;LOF;GOF
mutant_site,5,62,SCN5A:p.D356N,SCN5A,LOF,0.8,0.4869109947643979,1.643010752688172,SCN10A:p.D1639N;SCN1A:p.H939Q;SCN8A:p.N374K;SCN1A:p.R393H;SCN8A:p.T1360N,SCN10A;SCN1A;SCN8A;SCN1A;SCN8A,LOF;LOF;GOF;LOF;LOF
mutant_site,5,63,SCN5A:p.R367C,SCN5A,LOF,1.0,0.4869109947643979,2.053763440860215,SCN2A:p.R379H;SCN1A:p.R946C;SCN2A:p.R937C;SCN1A:p.R946H;SCN2A:p.R937H,SCN2A;SCN1A;SCN2A;SCN1A;SCN2A,LOF;LOF;LOF;LOF;LOF
mutant_site,5,64,SCN2A:p.R379H,SCN2A,LOF,1.0,0.620253164556962,1.6122448979591837,SCN5A:p.R367H;SCN5A:p.R367C;SCN5A:p.R367L;SCN1A:p.R946H;SCN1A:p.R946C,SCN5A;SCN5A;SCN5A;SCN1A;SCN1A,LOF;LOF;LOF;LOF;LOF
mutant_site,5,65,SCN5A:p.R367H,SCN5A,LOF,1.0,0.4869109947643979,2.053763440860215,SCN2A:p.R379H;SCN1A:p.R946H;SCN2A:p.R937H;SCN1A:p.R946C;SCN2A:p.R937C,SCN2A;SCN1A;SCN2A;SCN1A;SCN2A,LOF;LOF;LOF;LOF;LOF
mutant_site,5,66,SCN5A:p.R367L,SCN5A,LOF,1.0,0.4869109947643979,2.053763440860215,SCN2A:p.R379H;SCN1A:p.R946C;SCN2A:p.R937C;SCN1A:p.R946H;SCN2A:p.R937H,SCN2A;SCN1A;SCN2A;SCN1A;SCN2A,LOF;LOF;LOF;LOF;LOF
mutant_site,5,67,SCN5A:p.M369K,SCN5A,LOF,0.4,0.4869109947643979,0.821505376344086,SCN2A:p.T1420M;SCN2A:p.R379H;SCN4A:p.V445M;SCN9A:p.V400M;SCN2A:p.V423L,SCN2A;SCN2A;SCN4A;SCN9A;SCN2A,LOF;LOF;GOF;GOF;GOF
mutant_site,5,68,SCN5A:p.W374G,SCN5A,LOF,0.8,0.4869109947643979,1.643010752688172,SCN10A:p.G1662S;SCN1A:p.M956T;SCN2A:p.T1420M;SCN1A:p.F1765L;SCN1A:p.Y426N,SCN10A;SCN1A;SCN2A;SCN1A;SCN1A,GOF;LOF;LOF;LOF;LOF
mutant_site,5,69,SCN5A:p.R376H,SCN5A,LOF,0.2,0.4869109947643979,0.410752688172043,SCN8A:p.N374K;SCN1A:p.R393H;SCN8A:p.R1872W;SCN8A:p.R1872Q;SCN2A:p.R1882Q,SCN8A;SCN1A;SCN8A;SCN8A;SCN2A,GOF;LOF;GOF;GOF;GOF
mutant_site,5,70,SCN8A:p.N374K,SCN8A,GOF,0.2,0.3803680981595092,0.5258064516129032,SCN5A:p.R376H;SCN5A:p.E901K;SCN5A:p.E746K;SCN5A:p.D1714G;SCN5A:p.E1295K,SCN5A;SCN5A;SCN5A;SCN5A;SCN5A,LOF;LOF;LOF;LOF;GOF
mutant_site,5,71,SCN1A:p.R393H,SCN1A,LOF,0.8,0.5609756097560976,1.4260869565217391,SCN5A:p.N1722D;SCN4A:p.R104H;SCN5A:p.R27H;SCN5A:p.P1730H;SCN8A:p.R1872W,SCN5A;SCN4A;SCN5A;SCN5A;SCN8A,LOF;LOF;LOF;LOF;GOF
mutant_site,5,72,SCN5A:p.G386R,SCN5A,LOF,0.6,0.4869109947643979,1.232258064516129,SCN1A:p.R393H;SCN9A:p.Q10R;SCN8A:p.G1475R;SCN10A:p.D1639N;SCN2A:p.D82G,SCN1A;SCN9A;SCN8A;SCN10A;SCN2A,LOF;GOF;GOF;LOF;LOF
mutant_site,5,73,SCN11A:p.I381T,SCN11A,GOF,0.6,0.38596491228070173,1.5545454545454547,SCN10A:p.L867F;SCN2A:p.M1879T;SCN1A:p.R1575C;SCN10A:p.I1706V;SCN5A:p.A551T,SCN10A;SCN2A;SCN1A;SCN10A;SCN5A,LOF;GOF;GOF;GOF;LOF
mutant_site,5,74,SCN5A:p.V396L,SCN5A,LOF,0.4,0.4869109947643979,0.821505376344086,SCN10A:p.L388M;SCN2A:p.V423L;SCN1A:p.V983A;SCN10A:p.I1706V;SCN9A:p.V400M,SCN10A;SCN2A;SCN1A;SCN10A;SCN9A,LOF;GOF;LOF;GOF;GOF
mutant_site,5,75,SCN10A:p.L388M,SCN10A,LOF,0.4,0.6114457831325302,0.6541871921182266,SCN1A:p.V983A;SCN5A:p.T1461S;SCN5A:p.V1763M;SCN9A:p.V400M;SCN5A:p.V411M,SCN1A;SCN5A;SCN5A;SCN9A;SCN5A,LOF;LOF;GOF;GOF;GOF
mutant_site,5,76,SCN4A:p.N440K,SCN4A,GOF,0.2,0.3785488958990536,0.5283333333333334,SCN9A:p.N395K;SCN5A:p.N406S;SCN1A:p.N985I;SCN5A:p.N1541D;SCN5A:p.S1218I,SCN9A;SCN5A;SCN1A;SCN5A;SCN5A,GOF;LOF;LOF;LOF;LOF
mutant_site,5,77,SCN9A:p.N395K,SCN9A,GOF,0.4,0.3768545994065282,1.0614173228346457,SCN4A:p.N440K;SCN5A:p.N406S;SCN1A:p.N985I;SCN4A:p.N1366S;SCN5A:p.N1541D,SCN4A;SCN5A;SCN1A;SCN4A;SCN5A,GOF;LOF;LOF;GOF;LOF
mutant_site,5,78,SCN5A:p.N406S,SCN5A,LOF,0.4,0.4869109947643979,0.821505376344086,SCN9A:p.N395K;SCN4A:p.N440K;SCN1A:p.N985I;SCN4A:p.N1366S;SCN1A:p.E1587K,SCN9A;SCN4A;SCN1A;SCN4A;SCN1A,GOF;GOF;LOF;GOF;LOF
mutant_site,5,79,SCN2A:p.V423L,SCN2A,GOF,1.0,0.379746835443038,2.6333333333333333,SCN9A:p.V400M;SCN5A:p.V411M;SCN4A:p.V445M;SCN4A:p.V1293I;SCN3A:p.V1769A,SCN9A;SCN5A;SCN4A;SCN4A;SCN3A,GOF;GOF;GOF;GOF;GOF
mutant_site,5,80,SCN4A:p.V445M,SCN4A,GOF,0.8,0.3785488958990536,2.1133333333333337,SCN5A:p.V411M;SCN9A:p.V400M;SCN2A:p.V423L;SCN3A:p.V1769A;SCN1A:p.Y426N,SCN5A;SCN9A;SCN2A;SCN3A;SCN1A,GOF;GOF;GOF;GOF;LOF
mutant_site,5,81,SCN5A:p.V411M,SCN5A,GOF,1.0,0.5130890052356021,1.9489795918367347,SCN9A:p.V400M;SCN4A:p.V445M;SCN2A:p.V423L;SCN4A:p.V1293I;SCN3A:p.V1769A,SCN9A;SCN4A;SCN2A;SCN4A;SCN3A,GOF;GOF;GOF;GOF;GOF
mutant_site,5,82,SCN9A:p.V400M,SCN9A,GOF,1.0,0.3768545994065282,2.653543307086614,SCN5A:p.V411M;SCN4A:p.V445M;SCN2A:p.V423L;SCN4A:p.V1293I;SCN3A:p.V1769A,SCN5A;SCN4A;SCN2A;SCN4A;SCN3A,GOF;GOF;GOF;GOF;GOF
mutant_site,5,83,SCN1A:p.Y426N,SCN1A,LOF,0.0,0.5609756097560976,0.0,SCN4A:p.F1298C;SCN5A:p.F1473C;SCN5A:p.F1473S;SCN9A:p.V400M;SCN5A:p.V411M,SCN4A;SCN5A;SCN5A;SCN9A;SCN5A,GOF;GOF;GOF;GOF;GOF
mutant_site,5,84,SCN5A:p.R458C,SCN5A,GOF,0.8,0.5130890052356021,1.5591836734693878,SCN2A:p.D12N;SCN9A:p.Q10R;SCN9A:p.D623N;SCN10A:p.A1886V;SCN8A:p.R1872W,SCN2A;SCN9A;SCN9A;SCN10A;SCN8A,LOF;GOF;GOF;GOF;GOF
mutant_site,5,85,SCN5A:p.A551T,SCN5A,LOF,0.2,0.4869109947643979,0.410752688172043,SCN10A:p.L554P;SCN2A:p.D12N;SCN10A:p.A1886V;SCN9A:p.D623N;SCN9A:p.Q10R,SCN10A;SCN2A;SCN10A;SCN9A;SCN9A,GOF;LOF;GOF;GOF;GOF
mutant_site,5,86,SCN5A:p.L567Q,SCN5A,LOF,0.2,0.4869109947643979,0.410752688172043,SCN10A:p.L554P;SCN2A:p.D12N;SCN9A:p.Q10R;SCN8A:p.R1872Q;SCN9A:p.D623N,SCN10A;SCN2A;SCN9A;SCN8A;SCN9A,GOF;LOF;GOF;GOF;GOF
mutant_site,5,87,SCN5A:p.R569W,SCN5A,GOF,0.8,0.5130890052356021,1.5591836734693878,SCN9A:p.Q10R;SCN2A:p.D12N;SCN9A:p.D623N;SCN8A:p.R1872W;SCN10A:p.L554P,SCN9A;SCN2A;SCN9A;SCN8A;SCN10A,GOF;LOF;GOF;GOF;GOF
mutant_site,5,88,SCN10A:p.L554P,SCN10A,GOF,0.6,0.3885542168674699,1.544186046511628,SCN5A:p.L567Q;SCN5A:p.R569W;SCN5A:p.F2004L;SCN5A:p.P2006A;SCN5A:p.L619F,SCN5A;SCN5A;SCN5A;SCN5A;SCN5A,LOF;GOF;LOF;GOF;GOF
mutant_site,5,89,SCN5A:p.N592K,SCN5A,LOF,0.2,0.4869109947643979,0.410752688172043,SCN9A:p.Q10R;SCN9A:p.D623N;SCN2A:p.D12N;SCN2A:p.E999K;SCN10A:p.A1886V,SCN9A;SCN9A;SCN2A;SCN2A;SCN10A,GOF;GOF;LOF;GOF;GOF
mutant_site,5,90,SCN9A:p.D623N,SCN9A,GOF,0.4,0.3768545994065282,1.0614173228346457,SCN2A:p.D12N;SCN5A:p.R569W;SCN5A:p.R18W;SCN5A:p.D84N;SCN5A:p.N592K,SCN2A;SCN5A;SCN5A;SCN5A;SCN5A,LOF;GOF;GOF;LOF;LOF
mutant_site,5,91,SCN5A:p.L619F,SCN5A,GOF,0.8,0.5130890052356021,1.5591836734693878,SCN2A:p.D12N;SCN9A:p.Q10R;SCN9A:p.D623N;SCN10A:p.L554P;SCN10A:p.A1886V,SCN2A;SCN9A;SCN9A;SCN10A;SCN10A,LOF;GOF;GOF;GOF;GOF
mutant_site,5,92,SCN5A:p.R689H,SCN5A,LOF,0.6,0.4869109947643979,1.232258064516129,SCN10A:p.V94G;SCN2A:p.D12N;SCN9A:p.Q10R;SCN8A:p.R1872W;SCN4A:p.R104H,SCN10A;SCN2A;SCN9A;SCN8A;SCN4A,LOF;LOF;GOF;GOF;LOF
mutant_site,5,93,SCN2A:p.T773I,SCN2A,GOF,1.0,0.379746835443038,2.6333333333333333,SCN8A:p.T767I;SCN8A:p.M139I;SCN3A:p.M1765I;SCN8A:p.M1760I;SCN4A:p.I141V,SCN8A;SCN8A;SCN3A;SCN8A;SCN4A,GOF;GOF;GOF;GOF;GOF
mutant_site,5,94,SCN8A:p.T767I,SCN8A,GOF,0.8,0.3803680981595092,2.1032258064516127,SCN2A:p.T773I;SCN3A:p.M1765I;SCN4A:p.I141V;SCN9A:p.I136V;SCN5A:p.A735V,SCN2A;SCN3A;SCN4A;SCN9A;SCN5A,GOF;GOF;GOF;GOF;LOF
mutant_site,5,95,SCN5A:p.M734V,SCN5A,LOF,0.2,0.4869109947643979,0.410752688172043,SCN1A:p.M145T;SCN2A:p.T773I;SCN8A:p.T767I;SCN4A:p.L796V;SCN1A:p.L263V,SCN1A;SCN2A;SCN8A;SCN4A;SCN1A,LOF;GOF;GOF;GOF;GOF
mutant_site,5,96,SCN5A:p.A735E,SCN5A,LOF,0.6,0.4869109947643979,1.232258064516129,SCN1A:p.M145T;SCN2A:p.A263V;SCN1A:p.E788K;SCN2A:p.A1773T;SCN8A:p.T767I,SCN1A;SCN2A;SCN1A;SCN2A;SCN8A,LOF;GOF;LOF;LOF;GOF
mutant_site,5,97,SCN5A:p.A735T,SCN5A,LOF,0.6,0.4869109947643979,1.232258064516129,SCN2A:p.A1773T;SCN1A:p.M145T;SCN11A:p.I381T;SCN10A:p.S242T;SCN1A:p.E788K,SCN2A;SCN1A;SCN11A;SCN10A;SCN1A,LOF;LOF;GOF;GOF;LOF
mutant_site,5,98,SCN5A:p.A735V,SCN5A,LOF,0.6,0.4869109947643979,1.232258064516129,SCN2A:p.A263V;SCN1A:p.A1685V;SCN1A:p.M145T;SCN2A:p.A1773T;SCN8A:p.T767I,SCN2A;SCN1A;SCN1A;SCN2A;SCN8A,GOF;LOF;LOF;LOF;GOF
mutant_site,5,99,SCN1A:p.E788K,SCN1A,LOF,0.4,0.5609756097560976,0.7130434782608696,SCN5A:p.E1225K;SCN5A:p.S1609L;SCN5A:p.E746K;SCN5A:p.E1295K;SCN8A:p.R1872W,SCN5A;SCN5A;SCN5A;SCN5A;SCN8A,LOF;GOF;LOF;GOF;GOF
mutant_site,5,100,SCN1A:p.Y790C,SCN1A,LOF,0.6,0.5609756097560976,1.0695652173913042,SCN5A:p.R1897W;SCN8A:p.R1872W;SCN5A:p.R1898C;SCN5A:p.D84N;SCN5A:p.R18W,SCN5A;SCN8A;SCN5A;SCN5A;SCN5A,LOF;GOF;LOF;LOF;GOF
mutant_site,5,101,SCN5A:p.E746K,SCN5A,LOF,0.2,0.4869109947643979,0.410752688172043,SCN8A:p.R1872W;SCN2A:p.R1882Q;SCN2A:p.R1882G;SCN8A:p.R1872Q;SCN2A:p.D12N,SCN8A;SCN2A;SCN2A;SCN8A;SCN2A,GOF;GOF;GOF;GOF;LOF
mutant_site,5,102,SCN5A:p.G752R,SCN5A,LOF,0.4,0.4869109947643979,0.821505376344086,SCN2A:p.M1879T;SCN1A:p.R1575C;SCN8A:p.R1872W;SCN1A:p.C959R;SCN1A:p.P1632S,SCN2A;SCN1A;SCN8A;SCN1A;SCN1A,GOF;GOF;GOF;LOF;LOF
mutant_site,5,103,SCN5A:p.D785N,SCN5A,LOF,0.4,0.4869109947643979,0.821505376344086,SCN1A:p.E1587K;SCN4A:p.N440K;SCN9A:p.N395K;SCN1A:p.R859C;SCN4A:p.N1366S,SCN1A;SCN4A;SCN9A;SCN1A;SCN4A,LOF;GOF;GOF;LOF;GOF
mutant_site,5,104,SCN8A:p.G822R,SCN8A,LOF,0.6,0.6196319018404908,0.9683168316831683,SCN2A:p.F1597L;SCN1A:p.M1267I;SCN2A:p.I1571T;SCN5A:p.L136P;SCN1A:p.G1674R,SCN2A;SCN1A;SCN2A;SCN5A;SCN1A,GOF;LOF;GOF;LOF;LOF
mutant_site,5,105,SCN10A:p.R756W,SCN10A,LOF,0.8,0.6114457831325302,1.3083743842364532,SCN1A:p.R859C;SCN5A:p.R808C;SCN1A:p.R859H;SCN4A:p.R669H;SCN5A:p.R1626P,SCN1A;SCN5A;SCN1A;SCN4A;SCN5A,LOF;LOF;LOF;LOF;GOF
mutant_site,5,106,SCN1A:p.R859H,SCN1A,LOF,1.0,0.5609756097560976,1.7826086956521738,SCN4A:p.R669H;SCN5A:p.R808C;SCN10A:p.R756W;SCN4A:p.R672G;SCN4A:p.R672H,SCN4A;SCN5A;SCN10A;SCN4A;SCN4A,LOF;LOF;LOF;LOF;LOF
mutant_site,5,107,SCN4A:p.R669H,SCN4A,LOF,1.0,0.6214511041009464,1.6091370558375635,SCN1A:p.R859H;SCN1A:p.R859C;SCN5A:p.R808C;SCN10A:p.R756W;SCN8A:p.R223G,SCN1A;SCN1A;SCN5A;SCN10A;SCN8A,LOF;LOF;LOF;LOF;LOF
mutant_site,5,108,SCN1A:p.R859C,SCN1A,LOF,0.8,0.5609756097560976,1.4260869565217391,SCN5A:p.R808C;SCN10A:p.R756W;SCN4A:p.R669H;SCN4A:p.R672G;SCN5A:p.R1626P,SCN5A;SCN10A;SCN4A;SCN4A;SCN5A,LOF;LOF;LOF;LOF;GOF
mutant_site,5,109,SCN5A:p.R808C,SCN5A,LOF,1.0,0.4869109947643979,2.053763440860215,SCN1A:p.R859C;SCN10A:p.R756W;SCN1A:p.R859H;SCN4A:p.R669H;SCN4A:p.R672G,SCN1A;SCN10A;SCN1A;SCN4A;SCN4A,LOF;LOF;LOF;LOF;LOF
mutant_site,5,110,SCN4A:p.R672G,SCN4A,LOF,0.6,0.6214511041009464,0.965482233502538,SCN5A:p.R811H;SCN8A:p.R223G;SCN1A:p.R865G;SCN1A:p.R859C;SCN5A:p.R1626P,SCN5A;SCN8A;SCN1A;SCN1A;SCN5A,LOF;LOF;GOF;LOF;GOF
mutant_site,5,111,SCN4A:p.R672H,SCN4A,LOF,0.4,0.6214511041009464,0.6436548223350254,SCN5A:p.R811H;SCN1A:p.R865G;SCN5A:p.R225W;SCN5A:p.R225P;SCN5A:p.R1626P,SCN5A;SCN1A;SCN5A;SCN5A;SCN5A,LOF;GOF;LOF;GOF;GOF
mutant_site,5,112,SCN5A:p.R811H,SCN5A,LOF,0.8,0.4869109947643979,1.643010752688172,SCN4A:p.R672H;SCN4A:p.R672G;SCN1A:p.R865G;SCN4A:p.R225W;SCN4A:p.R1451C,SCN4A;SCN4A;SCN1A;SCN4A;SCN4A,LOF;LOF;GOF;LOF;LOF
mutant_site,5,113,SCN3A:p.L855P,SCN3A,GOF,0.2,0.38095238095238093,0.525,SCN5A:p.L812Q;SCN5A:p.V223L;SCN5A:p.T1304M;SCN5A:p.A226V;SCN1A:p.I1656M,SCN5A;SCN5A;SCN5A;SCN5A;SCN1A,LOF;LOF;GOF;LOF;LOF
mutant_site,5,114,SCN5A:p.L812Q,SCN5A,LOF,0.4,0.4869109947643979,0.821505376344086,SCN3A:p.L855P;SCN1A:p.I1656M;SCN9A:p.F216S;SCN8A:p.A1622D;SCN3A:p.L247P,SCN3A;SCN1A;SCN9A;SCN8A;SCN3A,GOF;LOF;GOF;GOF;LOF
mutant_site,5,115,SCN1A:p.R865G,SCN1A,GOF,0.2,0.43902439024390244,0.4555555555555556,SCN4A:p.R225W;SCN5A:p.R225W;SCN5A:p.R811H;SCN5A:p.R225P;SCN4A:p.R672H,SCN4A;SCN5A;SCN5A;SCN5A;SCN4A,LOF;LOF;LOF;GOF;LOF
mutant_site,5,116,SCN5A:p.K817E,SCN5A,LOF,0.8,0.4869109947643979,1.643010752688172,SCN4A:p.R1457H;SCN4A:p.R1454W;SCN1A:p.R865G;SCN4A:p.R225W;SCN4A:p.R672H,SCN4A;SCN4A;SCN1A;SCN4A;SCN4A,LOF;LOF;GOF;LOF;LOF
mutant_site,5,117,SCN1A:p.T875M,SCN1A,LOF,0.6,0.5609756097560976,1.0695652173913042,SCN5A:p.G1642E;SCN5A:p.G1319V;SCN5A:p.T1620M;SCN2A:p.T236S;SCN2A:p.T1623N,SCN5A;SCN5A;SCN5A;SCN2A;SCN2A,LOF;LOF;LOF;GOF;GOF
mutant_site,5,118,SCN3A:p.I875T,SCN3A,GOF,0.2,0.38095238095238093,0.525,SCN2A:p.L1330F;SCN5A:p.L839P;SCN1A:p.I1656M;SCN9A:p.I234T;SCN1A:p.F1831S,SCN2A;SCN5A;SCN1A;SCN9A;SCN1A,LOF;LOF;LOF;GOF;LOF
mutant_site,5,119,SCN11A:p.G699R,SCN11A,GOF,0.8,0.38596491228070173,2.0727272727272728,SCN5A:p.P1332L;SCN4A:p.P1158L;SCN3A:p.P1333L;SCN2A:p.P1658S;SCN9A:p.Q10R,SCN5A;SCN4A;SCN3A;SCN2A;SCN9A,GOF;GOF;GOF;LOF;GOF
mutant_site,5,120,SCN5A:p.L839P,SCN5A,LOF,0.4,0.4869109947643979,0.821505376344086,SCN3A:p.L247P;SCN8A:p.I1327V;SCN4A:p.T704M;SCN3A:p.I875T;SCN1A:p.I1656M,SCN3A;SCN8A;SCN4A;SCN3A;SCN1A,LOF;GOF;GOF;GOF;LOF
mutant_site,5,121,SCN4A:p.T704M,SCN4A,GOF,0.4,0.3785488958990536,1.0566666666666669,SCN5A:p.G1661R;SCN1A:p.G1674R;SCN8A:p.L1331V;SCN5A:p.L839P;SCN3A:p.I875T,SCN5A;SCN1A;SCN8A;SCN5A;SCN3A,LOF;LOF;GOF;LOF;GOF
mutant_site,5,122,SCN1A:p.F902C,SCN1A,LOF,0.8,0.5609756097560976,1.4260869565217391,SCN5A:p.F851L;SCN5A:p.L1346P;SCN5A:p.W1345C;SCN3A:p.Y1669C;SCN5A:p.V1667I,SCN5A;SCN5A;SCN5A;SCN3A;SCN5A,LOF;LOF;LOF;LOF;GOF
mutant_site,5,123,SCN5A:p.F851L,SCN5A,LOF,0.8,0.4869109947643979,1.643010752688172,SCN1A:p.F902C;SCN1A:p.S259R;SCN3A:p.Y1669C;SCN9A:p.V872G;SCN1A:p.F1765L,SCN1A;SCN1A;SCN3A;SCN9A;SCN1A,LOF;LOF;LOF;GOF;LOF
mutant_site,5,124,SCN9A:p.V872G,SCN9A,GOF,0.4,0.3768545994065282,1.0614173228346457,SCN11A:p.V1184A;SCN1A:p.V1353L;SCN5A:p.V1340I;SCN5A:p.V1667I;SCN5A:p.L1346P,SCN11A;SCN1A;SCN5A;SCN5A;SCN5A,GOF;LOF;LOF;GOF;LOF
mutant_site,5,125,SCN2A:p.G899S,SCN2A,LOF,1.0,0.620253164556962,1.6122448979591837,SCN8A:p.G269R;SCN5A:p.S1672Y;SCN1A:p.A1685D;SCN1A:p.A1685V;SCN1A:p.G1674R,SCN8A;SCN5A;SCN1A;SCN1A;SCN1A,LOF;LOF;LOF;LOF;LOF
mutant_site,5,126,SCN1A:p.M909K,SCN1A,LOF,0.4,0.5609756097560976,0.7130434782608696,SCN10A:p.A1304T;SCN5A:p.F851L;SCN5A:p.L276Q;SCN5A:p.V411M;SCN4A:p.V445M,SCN10A;SCN5A;SCN5A;SCN5A;SCN4A,GOF;LOF;LOF;GOF;GOF
mutant_site,5,127,SCN10A:p.R814H,SCN10A,GOF,0.2,0.3885542168674699,0.5147286821705427,SCN2A:p.K908E;SCN5A:p.R282H;SCN5A:p.R27H;SCN5A:p.R689H;SCN5A:p.R1897W,SCN2A;SCN5A;SCN5A;SCN5A;SCN5A,GOF;LOF;LOF;LOF;LOF
mutant_site,5,128,SCN2A:p.K908E,SCN2A,GOF,0.8,0.379746835443038,2.1066666666666665,SCN10A:p.R814H;SCN5A:p.R18W;SCN8A:p.R1872W;SCN5A:p.R1897W;SCN5A:p.R569W,SCN10A;SCN5A;SCN8A;SCN5A;SCN5A,GOF;GOF;GOF;LOF;GOF
mutant_site,5,129,SCN5A:p.W879R,SCN5A,LOF,0.2,0.4869109947643979,0.410752688172043,SCN9A:p.Q10R;SCN2A:p.K908E;SCN10A:p.R814H;SCN3A:p.K354Q;SCN10A:p.D1639N,SCN9A;SCN2A;SCN10A;SCN3A;SCN10A,GOF;GOF;GOF;GOF;LOF
mutant_site,5,130,SCN1A:p.H939Q,SCN1A,LOF,0.4,0.5609756097560976,0.7130434782608696,SCN8A:p.R1872Q;SCN2A:p.R1882Q;SCN3A:p.K354Q;SCN5A:p.R1193Q;SCN5A:p.P1730H,SCN8A;SCN2A;SCN3A;SCN5A;SCN5A,GOF;GOF;GOF;LOF;LOF
mutant_site,5,131,SCN5A:p.I890T,SCN5A,LOF,1.0,0.4869109947643979,2.053763440860215,SCN1A:p.M956T;SCN2A:p.R937H;SCN1A:p.R946H;SCN2A:p.R379H;SCN2A:p.R937C,SCN1A;SCN2A;SCN1A;SCN2A;SCN2A,LOF;LOF;LOF;LOF;LOF
mutant_site,5,132,SCN5A:p.F892I,SCN5A,LOF,0.4,0.4869109947643979,0.821505376344086,SCN1A:p.M956T;SCN9A:p.F216S;SCN1A:p.F1765L;SCN2A:p.F1597L;SCN8A:p.M1760I,SCN1A;SCN9A;SCN1A;SCN2A;SCN8A,LOF;GOF;LOF;GOF;GOF
mutant_site,5,133,SCN1A:p.R946C,SCN1A,LOF,1.0,0.5609756097560976,1.7826086956521738,SCN2A:p.R937C;SCN2A:p.R937H;SCN5A:p.R367C;SCN2A:p.R379H;SCN5A:p.R367L,SCN2A;SCN2A;SCN5A;SCN2A;SCN5A,LOF;LOF;LOF;LOF;LOF
mutant_site,5,134,SCN2A:p.R937C,SCN2A,LOF,1.0,0.620253164556962,1.6122448979591837,SCN1A:p.R946C;SCN1A:p.R946H;SCN5A:p.R367C;SCN5A:p.R367L;SCN5A:p.R367H,SCN1A;SCN1A;SCN5A;SCN5A;SCN5A,LOF;LOF;LOF;LOF;LOF
mutant_site,5,135,SCN1A:p.R946H,SCN1A,LOF,1.0,0.5609756097560976,1.7826086956521738,SCN2A:p.R937H;SCN2A:p.R937C;SCN2A:p.R379H;SCN5A:p.R367H;SCN5A:p.R367C,SCN2A;SCN2A;SCN2A;SCN5A;SCN5A,LOF;LOF;LOF;LOF;LOF
mutant_site,5,136,SCN2A:p.R937H,SCN2A,LOF,1.0,0.620253164556962,1.6122448979591837,SCN1A:p.R946H;SCN1A:p.R946C;SCN5A:p.R367H;SCN5A:p.R367C;SCN5A:p.R367L,SCN1A;SCN1A;SCN5A;SCN5A;SCN5A,LOF;LOF;LOF;LOF;LOF
mutant_site,5,137,SCN5A:p.E901K,SCN5A,LOF,0.6,0.4869109947643979,1.232258064516129,SCN8A:p.N374K;SCN1A:p.D1866Y;SCN1A:p.R393H;SCN1A:p.G1749E;SCN1A:p.H939Q,SCN8A;SCN1A;SCN1A;SCN1A;SCN1A,GOF;GOF;LOF;LOF;LOF
mutant_site,5,138,SCN1A:p.M956T,SCN1A,LOF,0.4,0.5609756097560976,0.7130434782608696,SCN3A:p.I875T;SCN11A:p.I381T;SCN2A:p.L1330F;SCN5A:p.L276Q;SCN2A:p.M1879T,SCN3A;SCN11A;SCN2A;SCN5A;SCN2A,GOF;GOF;LOF;LOF;GOF
mutant_site,5,139,SCN1A:p.C959R,SCN1A,LOF,0.8,0.5609756097560976,1.4260869565217391,SCN5A:p.A1428V;SCN2A:p.C1386R;SCN5A:p.A1428S;SCN4A:p.C1209F;SCN8A:p.R1872W,SCN5A;SCN2A;SCN5A;SCN4A;SCN8A,LOF;LOF;LOF;LOF;GOF
mutant_site,5,140,SCN5A:p.S910L,SCN5A,LOF,0.2,0.4869109947643979,0.410752688172043,SCN8A:p.R1872L;SCN8A:p.R1872W;SCN1A:p.C959R;SCN8A:p.R1872Q;SCN2A:p.R1882Q,SCN8A;SCN8A;SCN1A;SCN8A;SCN2A,GOF;GOF;LOF;GOF;GOF
mutant_site,5,141,SCN10A:p.L867F,SCN10A,LOF,0.8,0.6114457831325302,1.3083743842364532,SCN5A:p.G1748D;SCN11A:p.I381T;SCN4A:p.C1209F;SCN5A:p.R1897W;SCN5A:p.V1378M,SCN5A;SCN11A;SCN4A;SCN5A;SCN5A,LOF;GOF;LOF;LOF;LOF
mutant_site,5,142,SCN1A:p.G979R,SCN1A,LOF,1.0,0.5609756097560976,1.7826086956521738,SCN8A:p.G964R;SCN5A:p.N927S;SCN8A:p.V1758A;SCN5A:p.G1661R;SCN8A:p.G269R,SCN8A;SCN5A;SCN8A;SCN5A;SCN8A,LOF;LOF;LOF;LOF;LOF
mutant_site,5,143,SCN8A:p.G964R,SCN8A,LOF,1.0,0.6196319018404908,1.613861386138614,SCN1A:p.G979R;SCN5A:p.N927S;SCN1A:p.V983A;SCN1A:p.G1674R;SCN5A:p.G1661R,SCN1A;SCN5A;SCN1A;SCN1A;SCN5A,LOF;LOF;LOF;LOF;LOF
mutant_site,5,144,SCN5A:p.N927S,SCN5A,LOF,0.6,0.4869109947643979,1.232258064516129,SCN1A:p.F1774S;SCN1A:p.N985I;SCN8A:p.G964R;SCN1A:p.G979R;SCN10A:p.I1706V,SCN1A;SCN1A;SCN8A;SCN1A;SCN10A,GOF;LOF;LOF;LOF;GOF
mutant_site,5,145,SCN5A:p.L928P,SCN5A,LOF,0.2,0.4869109947643979,0.410752688172043,SCN1A:p.L986F;SCN1A:p.F1774S;SCN4A:p.L796V;SCN3A:p.M1765I;SCN8A:p.M1760I,SCN1A;SCN1A;SCN4A;SCN3A;SCN8A,LOF;GOF;GOF;GOF;GOF
mutant_site,5,146,SCN1A:p.V983A,SCN1A,LOF,0.4,0.5609756097560976,0.7130434782608696,SCN10A:p.L388M;SCN5A:p.V1763M;SCN5A:p.T1461S;SCN5A:p.I1762A;SCN9A:p.V400M,SCN10A;SCN5A;SCN5A;SCN5A;SCN9A,LOF;GOF;LOF;GOF;GOF
mutant_site,5,147,SCN1A:p.N985I,SCN1A,LOF,0.4,0.5609756097560976,0.7130434782608696,SCN9A:p.N395K;SCN4A:p.N440K;SCN5A:p.N406S;SCN5A:p.N1541D;SCN4A:p.N1366S,SCN9A;SCN4A;SCN5A;SCN5A;SCN4A,GOF;GOF;LOF;LOF;GOF
mutant_site,5,148,SCN1A:p.L986F,SCN1A,LOF,0.2,0.5609756097560976,0.3565217391304348,SCN4A:p.L796V;SCN3A:p.M1765I;SCN8A:p.M1760I;SCN2A:p.L1330F;SCN5A:p.I1762A,SCN4A;SCN3A;SCN8A;SCN2A;SCN5A,GOF;GOF;GOF;LOF;GOF
mutant_site,5,149,SCN4A:p.L796V,SCN4A,GOF,0.8,0.3785488958990536,2.1133333333333337,SCN1A:p.L986F;SCN3A:p.M1765I;SCN8A:p.M1760I;SCN1A:p.L263V;SCN5A:p.I1768V,SCN1A;SCN3A;SCN8A;SCN1A;SCN5A,LOF;GOF;GOF;GOF;GOF
mutant_site,5,150,SCN5A:p.S941N,SCN5A,GOF,0.8,0.5130890052356021,1.5591836734693878,SCN8A:p.N1768D;SCN4A:p.N1297S;SCN4A:p.N1297K;SCN11A:p.N816K;SCN1A:p.Y426N,SCN8A;SCN4A;SCN4A;SCN11A;SCN1A,GOF;GOF;GOF;GOF;LOF
mutant_site,5,151,SCN11A:p.N816K,SCN11A,GOF,0.8,0.38596491228070173,2.0727272727272728,SCN2A:p.E999K;SCN5A:p.R18W;SCN5A:p.N592K;SCN8A:p.R1872W;SCN5A:p.E1295K,SCN2A;SCN5A;SCN5A;SCN8A;SCN5A,GOF;GOF;LOF;GOF;GOF
mutant_site,5,152,SCN2A:p.E999K,SCN2A,GOF,0.6,0.379746835443038,1.5799999999999998,SCN5A:p.N592K;SCN5A:p.R18W;SCN11A:p.N816K;SCN5A:p.R569W;SCN1A:p.N1011I,SCN5A;SCN5A;SCN11A;SCN5A;SCN1A,LOF;GOF;GOF;GOF;LOF
mutant_site,5,153,SCN1A:p.N1011I,SCN1A,LOF,0.2,0.5609756097560976,0.3565217391304348,SCN2A:p.E999K;SCN5A:p.R18W;SCN5A:p.R965C;SCN8A:p.R1872W;SCN5A:p.R569W,SCN2A;SCN5A;SCN5A;SCN8A;SCN5A,GOF;GOF;LOF;GOF;GOF
mutant_site,5,154,SCN5A:p.R965C,SCN5A,LOF,0.6,0.4869109947643979,1.232258064516129,SCN1A:p.N1011I;SCN8A:p.R1872W;SCN2A:p.D12N;SCN10A:p.V94G;SCN9A:p.Q10R,SCN1A;SCN8A;SCN2A;SCN10A;SCN9A,LOF;GOF;LOF;LOF;GOF
mutant_site,5,155,SCN5A:p.R1023H,SCN5A,LOF,0.2,0.4869109947643979,0.410752688172043,SCN10A:p.L554P;SCN9A:p.D623N;SCN2A:p.D12N;SCN9A:p.Q10R;SCN10A:p.A1886V,SCN10A;SCN9A;SCN2A;SCN9A;SCN10A,GOF;GOF;LOF;GOF;GOF
mutant_site,5,156,SCN10A:p.P1102S,SCN10A,GOF,0.4,0.3885542168674699,1.0294573643410854,SCN5A:p.F93S;SCN5A:p.R18W;SCN5A:p.R27H;SCN1A:p.E78D;SCN8A:p.R1872W,SCN5A;SCN5A;SCN5A;SCN1A;SCN8A,LOF;GOF;LOF;LOF;GOF
mutant_site,5,157,SCN5A:p.S1103Y,SCN5A,GOF,0.8,0.5130890052356021,1.5591836734693878,SCN10A:p.A1886V;SCN10A:p.L554P;SCN2A:p.D12N;SCN9A:p.Q10R;SCN9A:p.D623N,SCN10A;SCN10A;SCN2A;SCN9A;SCN9A,GOF;GOF;LOF;GOF;GOF
mutant_site,5,158,SCN5A:p.P1177L,SCN5A,GOF,0.4,0.5130890052356021,0.7795918367346939,SCN8A:p.R1872L;SCN10A:p.V94G;SCN2A:p.D12N;SCN9A:p.Q10R;SCN1A:p.E78D,SCN8A;SCN10A;SCN2A;SCN9A;SCN1A,GOF;LOF;LOF;GOF;LOF
mutant_site,5,159,SCN5A:p.R1193Q,SCN5A,LOF,0.4,0.4869109947643979,0.821505376344086,SCN8A:p.R1872Q;SCN2A:p.R1882Q;SCN10A:p.V94G;SCN8A:p.R1872W;SCN2A:p.D12N,SCN8A;SCN2A;SCN10A;SCN8A;SCN2A,GOF;GOF;LOF;GOF;LOF
mutant_site,5,160,SCN5A:p.S1218I,SCN5A,LOF,0.2,0.4869109947643979,0.410752688172043,SCN4A:p.N1366S;SCN1A:p.N985I;SCN8A:p.T767I;SCN2A:p.T773I;SCN4A:p.N440K,SCN4A;SCN1A;SCN8A;SCN2A;SCN4A,GOF;LOF;GOF;GOF;GOF
mutant_site,5,161,SCN5A:p.E1225K,SCN5A,LOF,0.2,0.4869109947643979,0.410752688172043,SCN1A:p.E788K;SCN8A:p.R1872W;SCN1A:p.D1866Y;SCN2A:p.R1882Q;SCN8A:p.R1872Q,SCN1A;SCN8A;SCN1A;SCN2A;SCN8A,LOF;GOF;GOF;GOF;GOF
mutant_site,5,162,SCN5A:p.R1232W,SCN5A,LOF,0.2,0.4869109947643979,0.410752688172043,SCN8A:p.R1872W;SCN2A:p.D12N;SCN8A:p.R1872L;SCN9A:p.Q10R;SCN8A:p.R1872Q,SCN8A;SCN2A;SCN8A;SCN9A;SCN8A,GOF;LOF;GOF;GOF;GOF
mutant_site,5,163,SCN1A:p.M1267I,SCN1A,LOF,0.2,0.5609756097560976,0.3565217391304348,SCN3A:p.M1765I;SCN8A:p.M1760I;SCN8A:p.G822R;SCN8A:p.T767I;SCN2A:p.T773I,SCN3A;SCN8A;SCN8A;SCN8A;SCN2A,GOF;GOF;LOF;GOF;GOF
mutant_site,5,164,SCN5A:p.G1262S,SCN5A,LOF,0.8,0.4869109947643979,1.643010752688172,SCN1A:p.R1596C;SCN1A:p.G177A;SCN1A:p.G177E;SCN1A:p.T1709I;SCN8A:p.G1475R,SCN1A;SCN1A;SCN1A;SCN1A;SCN8A,LOF;LOF;LOF;LOF;GOF
mutant_site,5,165,SCN5A:p.A1294G,SCN5A,LOF,0.6,0.4869109947643979,1.232258064516129,SCN10A:p.V94G;SCN2A:p.D82G;SCN2A:p.R1882G;SCN2A:p.D12N;SCN8A:p.R1872W,SCN10A;SCN2A;SCN2A;SCN2A;SCN8A,LOF;LOF;GOF;LOF;GOF
mutant_site,5,166,SCN5A:p.E1295K,SCN5A,GOF,0.6,0.5130890052356021,1.1693877551020408,SCN8A:p.R1872W;SCN2A:p.E999K;SCN10A:p.V94G;SCN9A:p.Q10R;SCN2A:p.D12N,SCN8A;SCN2A;SCN10A;SCN9A;SCN2A,GOF;GOF;LOF;GOF;LOF
mutant_site,5,167,SCN5A:p.T1304M,SCN5A,GOF,0.4,0.5130890052356021,0.7795918367346939,SCN3A:p.L855P;SCN2A:p.T1623N;SCN4A:p.V1442E;SCN2A:p.P1622S;SCN1A:p.P1632S,SCN3A;SCN2A;SCN4A;SCN2A;SCN1A,GOF;GOF;LOF;LOF;LOF
mutant_site,5,168,SCN2A:p.R1312T,SCN2A,LOF,0.6,0.620253164556962,0.9673469387755103,SCN4A:p.R225W;SCN5A:p.R225W;SCN5A:p.R225P;SCN1A:p.R865G;SCN5A:p.R1632C,SCN4A;SCN5A;SCN5A;SCN1A;SCN5A,LOF;LOF;GOF;GOF;LOF
mutant_site,5,169,SCN11A:p.L1158P,SCN11A,GOF,0.4,0.38596491228070173,1.0363636363636364,SCN1A:p.I227S;SCN1A:p.I1656M;SCN5A:p.G1631D;SCN8A:p.A1622D;SCN5A:p.L839P,SCN1A;SCN1A;SCN5A;SCN8A;SCN5A,LOF;LOF;GOF;GOF;LOF
mutant_site,5,170,SCN2A:p.R1319Q,SCN2A,LOF,0.2,0.620253164556962,0.32244897959183677,SCN10A:p.R1588Q;SCN11A:p.R222H;SCN3A:p.R1621Q;SCN5A:p.R1623Q;SCN8A:p.R1617Q,SCN10A;SCN11A;SCN3A;SCN5A;SCN8A,LOF;GOF;GOF;GOF;GOF
mutant_site,5,171,SCN5A:p.G1319V,SCN5A,LOF,0.8,0.4869109947643979,1.643010752688172,SCN1A:p.T875M;SCN1A:p.G177A;SCN8A:p.G269R;SCN4A:p.P1158L;SCN1A:p.G177E,SCN1A;SCN1A;SCN8A;SCN4A;SCN1A,LOF;LOF;LOF;GOF;LOF
mutant_site,5,172,SCN5A:p.N1325S,SCN5A,GOF,1.0,0.5130890052356021,1.9489795918367347,SCN4A:p.F1473S;SCN3A:p.F1646C;SCN1A:p.F1661L;SCN2A:p.T236S;SCN11A:p.G699R,SCN4A;SCN3A;SCN1A;SCN2A;SCN11A,GOF;GOF;GOF;GOF;GOF
mutant_site,5,173,SCN2A:p.L1330F,SCN2A,LOF,0.6,0.620253164556962,0.9673469387755103,SCN3A:p.I875T;SCN1A:p.I1656M;SCN9A:p.I234T;SCN3A:p.L247P;SCN1A:p.L986F,SCN3A;SCN1A;SCN9A;SCN3A;SCN1A,GOF;LOF;GOF;LOF;LOF
mutant_site,5,174,SCN5A:p.V1328M,SCN5A,GOF,0.4,0.5130890052356021,0.7795918367346939,SCN1A:p.M1664K;SCN3A:p.I875T;SCN1A:p.I1656M;SCN2A:p.L1330F;SCN3A:p.F1646C,SCN1A;SCN3A;SCN1A;SCN2A;SCN3A,LOF;GOF;LOF;LOF;GOF
mutant_site,5,175,SCN5A:p.A1330P,SCN5A,GOF,0.6,0.5130890052356021,1.1693877551020408,SCN4A:p.A1156T;SCN10A:p.S242T;SCN9A:p.S241T;SCN1A:p.A1685D;SCN1A:p.A1685V,SCN4A;SCN10A;SCN9A;SCN1A;SCN1A,GOF;GOF;GOF;LOF;LOF
mutant_site,5,176,SCN4A:p.A1156T,SCN4A,GOF,0.8,0.3785488958990536,2.1133333333333337,SCN5A:p.A1330T;SCN5A:p.A1330P;SCN10A:p.S242T;SCN9A:p.S241T;SCN1A:p.A1685D,SCN5A;SCN5A;SCN10A;SCN9A;SCN1A,GOF;GOF;GOF;GOF;LOF
mutant_site,5,177,SCN5A:p.A1330T,SCN5A,GOF,0.6,0.5130890052356021,1.1693877551020408,SCN4A:p.A1156T;SCN10A:p.S242T;SCN9A:p.S241T;SCN1A:p.A1685D;SCN1A:p.A1685V,SCN4A;SCN10A;SCN9A;SCN1A;SCN1A,GOF;GOF;GOF;LOF;LOF
mutant_site,5,178,SCN3A:p.P1333L,SCN3A,GOF,0.8,0.38095238095238093,2.1,SCN4A:p.P1158L;SCN5A:p.P1332L;SCN2A:p.P1658S;SCN11A:p.G699R;SCN1A:p.F1661L,SCN4A;SCN5A;SCN2A;SCN11A;SCN1A,GOF;GOF;LOF;GOF;GOF
mutant_site,5,179,SCN4A:p.P1158L,SCN4A,GOF,0.8,0.3785488958990536,2.1133333333333337,SCN3A:p.P1333L;SCN5A:p.P1332L;SCN2A:p.P1658S;SCN11A:p.G699R;SCN1A:p.F1661L,SCN3A;SCN5A;SCN2A;SCN11A;SCN1A,GOF;GOF;LOF;GOF;GOF
mutant_site,5,180,SCN5A:p.P1332L,SCN5A,GOF,0.8,0.5130890052356021,1.5591836734693878,SCN3A:p.P1333L;SCN4A:p.P1158L;SCN2A:p.P1658S;SCN11A:p.G699R;SCN1A:p.F1661L,SCN3A;SCN4A;SCN2A;SCN11A;SCN1A,GOF;GOF;LOF;GOF;GOF
mutant_site,5,181,SCN5A:p.S1333Y,SCN5A,GOF,0.8,0.5130890052356021,1.5591836734693878,SCN2A:p.S1336Y;SCN2A:p.N1339D;SCN3A:p.P1333L;SCN4A:p.P1158L;SCN1A:p.D249E,SCN2A;SCN2A;SCN3A;SCN4A;SCN1A,GOF;GOF;GOF;GOF;LOF
mutant_site,5,182,SCN2A:p.S1336Y,SCN2A,GOF,1.0,0.379746835443038,2.6333333333333333,SCN5A:p.S1333Y;SCN5A:p.A1656D;SCN3A:p.P1333L;SCN4A:p.P1158L;SCN5A:p.P1332L,SCN5A;SCN5A;SCN3A;SCN4A;SCN5A,GOF;GOF;GOF;GOF;GOF
mutant_site,5,183,SCN8A:p.I1327V,SCN8A,GOF,0.2,0.3803680981595092,0.5258064516129032,SCN3A:p.L247P;SCN5A:p.L839P;SCN5A:p.I1660V;SCN3A:p.I875T;SCN1A:p.I1656M,SCN3A;SCN5A;SCN5A;SCN3A;SCN1A,LOF;LOF;LOF;GOF;LOF
mutant_site,5,184,SCN2A:p.N1339D,SCN2A,GOF,0.8,0.379746835443038,2.1066666666666665,SCN1A:p.D249E;SCN5A:p.S1333Y;SCN5A:p.N1325S;SCN5A:p.A1656D;SCN3A:p.P1333L,SCN1A;SCN5A;SCN5A;SCN5A;SCN3A,LOF;GOF;GOF;GOF;GOF
mutant_site,5,185,SCN8A:p.L1331V,SCN8A,GOF,0.2,0.3803680981595092,0.5258064516129032,SCN4A:p.T704M;SCN1A:p.G1674R;SCN5A:p.G1661R;SCN5A:p.L839P;SCN3A:p.L247P,SCN4A;SCN1A;SCN5A;SCN5A;SCN3A,GOF;LOF;LOF;LOF;LOF
mutant_site,5,186,SCN11A:p.V1184A,SCN11A,GOF,0.4,0.38596491228070173,1.0363636363636364,SCN5A:p.V1340I;SCN1A:p.V1353L;SCN9A:p.V872G;SCN5A:p.F1344S;SCN5A:p.V1667I,SCN5A;SCN1A;SCN9A;SCN5A;SCN5A,LOF;LOF;GOF;LOF;GOF
mutant_site,5,187,SCN5A:p.V1340I,SCN5A,LOF,0.2,0.4869109947643979,0.410752688172043,SCN1A:p.V1353L;SCN11A:p.V1184A;SCN9A:p.V872G;SCN8A:p.I1327V;SCN4A:p.V1293I,SCN1A;SCN11A;SCN9A;SCN8A;SCN4A,LOF;GOF;GOF;GOF;GOF
mutant_site,5,188,SCN1A:p.V1353L,SCN1A,LOF,0.4,0.5609756097560976,0.7130434782608696,SCN5A:p.V1340I;SCN11A:p.V1184A;SCN9A:p.V872G;SCN5A:p.F1344S;SCN5A:p.V1667I,SCN5A;SCN11A;SCN9A;SCN5A;SCN5A,LOF;GOF;GOF;LOF;GOF
mutant_site,5,189,SCN5A:p.F1344S,SCN5A,LOF,0.6,0.4869109947643979,1.232258064516129,SCN11A:p.V1184A;SCN1A:p.V1353L;SCN9A:p.V872G;SCN1A:p.S259R;SCN1A:p.F902C,SCN11A;SCN1A;SCN9A;SCN1A;SCN1A,GOF;LOF;GOF;LOF;LOF
mutant_site,5,190,SCN5A:p.W1345C,SCN5A,LOF,0.6,0.4869109947643979,1.232258064516129,SCN1A:p.F902C;SCN3A:p.Y1669C;SCN1A:p.S259R;SCN9A:p.V872G;SCN8A:p.L1331V,SCN1A;SCN3A;SCN1A;SCN9A;SCN8A,LOF;LOF;LOF;GOF;GOF
mutant_site,5,191,SCN5A:p.L1346P,SCN5A,LOF,0.4,0.4869109947643979,0.821505376344086,SCN1A:p.S259R;SCN1A:p.F902C;SCN9A:p.V872G;SCN8A:p.L1331V;SCN1A:p.L263V,SCN1A;SCN1A;SCN9A;SCN8A;SCN1A,LOF;LOF;GOF;GOF;GOF
mutant_site,5,192,SCN1A:p.V1366I,SCN1A,LOF,0.2,0.5609756097560976,0.3565217391304348,SCN5A:p.V1667I;SCN4A:p.V1293I;SCN10A:p.A1304T;SCN5A:p.V1340I;SCN2A:p.T773I,SCN5A;SCN4A;SCN10A;SCN5A;SCN2A,GOF;GOF;GOF;LOF;GOF
mutant_site,5,193,SCN10A:p.A1304T,SCN10A,GOF,0.2,0.3885542168674699,0.5147286821705427,SCN1A:p.V1366I;SCN1A:p.M909K;SCN5A:p.A735T;SCN5A:p.L276Q;SCN2A:p.K908E,SCN1A;SCN1A;SCN5A;SCN5A;SCN2A,LOF;LOF;LOF;LOF;GOF
mutant_site,5,194,SCN8A:p.T1360N,SCN8A,LOF,0.6,0.6196319018404908,0.9683168316831683,SCN1A:p.G1749E;SCN2A:p.D12N;SCN9A:p.D623N;SCN5A:p.D84N;SCN5A:p.R18W,SCN1A;SCN2A;SCN9A;SCN5A;SCN5A,LOF;LOF;GOF;LOF;GOF
mutant_site,5,195,SCN5A:p.V1378M,SCN5A,LOF,0.2,0.4869109947643979,0.410752688172043,SCN2A:p.M1879T;SCN8A:p.R1872W;SCN4A:p.C1209F;SCN2A:p.R1882Q;SCN8A:p.R1872Q,SCN2A;SCN8A;SCN4A;SCN2A;SCN8A,GOF;GOF;LOF;GOF;GOF
mutant_site,5,196,SCN5A:p.N1380K,SCN5A,LOF,0.4,0.4869109947643979,0.821505376344086,SCN2A:p.E999K;SCN1A:p.G1749E;SCN2A:p.K908E;SCN2A:p.D12N;SCN8A:p.R1872W,SCN2A;SCN1A;SCN2A;SCN2A;SCN8A,GOF;LOF;GOF;LOF;GOF
mutant_site,5,197,SCN5A:p.S1382I,SCN5A,LOF,0.8,0.4869109947643979,1.643010752688172,SCN1A:p.T297I;SCN1A:p.G1749E;SCN1A:p.T1934I;SCN8A:p.R1872W;SCN1A:p.E78D,SCN1A;SCN1A;SCN1A;SCN8A;SCN1A,LOF;LOF;LOF;GOF;LOF
mutant_site,5,198,SCN4A:p.C1209F,SCN4A,LOF,0.6,0.6214511041009464,0.965482233502538,SCN2A:p.C1386R;SCN5A:p.V1378M;SCN8A:p.R1872W;SCN5A:p.C335R;SCN2A:p.M1879T,SCN2A;SCN5A;SCN8A;SCN5A;SCN2A,LOF;LOF;GOF;LOF;GOF
mutant_site,5,199,SCN2A:p.C1386R,SCN2A,LOF,0.8,0.620253164556962,1.289795918367347,SCN4A:p.C1209F;SCN5A:p.C335R;SCN8A:p.R1872W;SCN5A:p.V1378M;SCN5A:p.L325R,SCN4A;SCN5A;SCN8A;SCN5A;SCN5A,LOF;LOF;GOF;LOF;LOF
mutant_site,5,200,SCN5A:p.V1405L,SCN5A,LOF,0.8,0.4869109947643979,1.643010752688172,SCN1A:p.F1831S;SCN1A:p.G1421W;SCN1A:p.M956T;SCN3A:p.I875T;SCN1A:p.F1765L,SCN1A;SCN1A;SCN1A;SCN3A;SCN1A,LOF;LOF;LOF;GOF;LOF
mutant_site,5,201,SCN5A:p.V1405M,SCN5A,LOF,0.6,0.4869109947643979,1.232258064516129,SCN1A:p.F1831S;SCN1A:p.G1421W;SCN1A:p.M956T;SCN3A:p.I875T;SCN11A:p.I381T,SCN1A;SCN1A;SCN1A;SCN3A;SCN11A,LOF;LOF;LOF;GOF;GOF
mutant_site,5,202,SCN5A:p.G1406E,SCN5A,LOF,0.2,0.4869109947643979,0.410752688172043,SCN8A:p.R1872W;SCN2A:p.R1882Q;SCN4A:p.V1442E;SCN8A:p.R1872Q;SCN2A:p.M1879T,SCN8A;SCN2A;SCN4A;SCN8A;SCN2A,GOF;GOF;LOF;GOF;GOF
mutant_site,5,203,SCN5A:p.G1406R,SCN5A,LOF,0.2,0.4869109947643979,0.410752688172043,SCN8A:p.R1872W;SCN1A:p.C959R;SCN9A:p.Q10R;SCN2A:p.R1882Q;SCN2A:p.M1879T,SCN8A;SCN1A;SCN9A;SCN2A;SCN2A,GOF;LOF;GOF;GOF;GOF
mutant_site,5,204,SCN1A:p.G1421W,SCN1A,LOF,0.8,0.5609756097560976,1.4260869565217391,SCN5A:p.G1748D;SCN5A:p.A1428S;SCN5A:p.A1428V;SCN5A:p.A1330P;SCN5A:p.S1672Y,SCN5A;SCN5A;SCN5A;SCN5A;SCN5A,LOF;LOF;LOF;GOF;LOF
mutant_site,5,205,SCN2A:p.T1420M,SCN2A,LOF,1.0,0.620253164556962,1.6122448979591837,SCN5A:p.T1709M;SCN5A:p.M369K;SCN5A:p.G1420V;SCN5A:p.G1712C;SCN5A:p.G1420R,SCN5A;SCN5A;SCN5A;SCN5A;SCN5A,LOF;LOF;LOF;LOF;LOF
mutant_site,5,206,SCN5A:p.G1420R,SCN5A,LOF,0.6,0.4869109947643979,1.232258064516129,SCN10A:p.G1662S;SCN8A:p.N374K;SCN1A:p.H939Q;SCN2A:p.T1420M;SCN1A:p.C959R,SCN10A;SCN8A;SCN1A;SCN2A;SCN1A,GOF;GOF;LOF;LOF;LOF
mutant_site,5,207,SCN5A:p.G1420V,SCN5A,LOF,0.6,0.4869109947643979,1.232258064516129,SCN10A:p.G1662S;SCN8A:p.N374K;SCN2A:p.T1420M;SCN1A:p.H939Q;SCN1A:p.T1709I,SCN10A;SCN8A;SCN2A;SCN1A;SCN1A,GOF;GOF;LOF;LOF;LOF
mutant_site,5,208,SCN5A:p.A1428S,SCN5A,LOF,1.0,0.4869109947643979,2.053763440860215,SCN1A:p.C959R;SCN1A:p.G1421W;SCN1A:p.F1831S;SCN10A:p.L867F;SCN2A:p.C1386R,SCN1A;SCN1A;SCN1A;SCN10A;SCN2A,LOF;LOF;LOF;LOF;LOF
mutant_site,5,209,SCN5A:p.A1428V,SCN5A,LOF,0.8,0.4869109947643979,1.643010752688172,SCN1A:p.C959R;SCN8A:p.A1491V;SCN10A:p.L867F;SCN1A:p.F1831S;SCN1A:p.G1421W,SCN1A;SCN8A;SCN10A;SCN1A;SCN1A,LOF;GOF;LOF;LOF;LOF
mutant_site,5,210,SCN5A:p.D1430N,SCN5A,LOF,0.6,0.4869109947643979,1.232258064516129,SCN1A:p.R393H;SCN10A:p.D1639N;SCN2A:p.D12N;SCN1A:p.D1866Y;SCN9A:p.D623N,SCN1A;SCN10A;SCN2A;SCN1A;SCN9A,LOF;LOF;LOF;GOF;GOF
mutant_site,5,211,SCN5A:p.R1432G,SCN5A,LOF,0.4,0.4869109947643979,0.821505376344086,SCN10A:p.V94G;SCN2A:p.R1882G;SCN2A:p.D82G;SCN8A:p.R1872W;SCN9A:p.Q10R,SCN10A;SCN2A;SCN2A;SCN8A;SCN9A,LOF;GOF;LOF;GOF;GOF
mutant_site,5,212,SCN5A:p.Y1449C,SCN5A,LOF,0.4,0.4869109947643979,0.821505376344086,SCN1A:p.F1765L;SCN11A:p.I381T;SCN2A:p.Y1589C;SCN1A:p.F1831S;SCN4A:p.F1298C,SCN1A;SCN11A;SCN2A;SCN1A;SCN4A,LOF;GOF;GOF;LOF;GOF
mutant_site,5,213,SCN5A:p.T1461S,SCN5A,LOF,0.6,0.4869109947643979,1.232258064516129,SCN10A:p.L388M;SCN1A:p.V983A;SCN1A:p.F1774S;SCN8A:p.V1758A;SCN3A:p.V1769A,SCN10A;SCN1A;SCN1A;SCN8A;SCN3A,LOF;LOF;GOF;LOF;GOF
mutant_site,5,214,SCN4A:p.V1293I,SCN4A,GOF,0.8,0.3785488958990536,2.1133333333333337,SCN2A:p.V423L;SCN9A:p.V400M;SCN5A:p.V411M;SCN3A:p.V1769A;SCN2A:p.A1773T,SCN2A;SCN9A;SCN5A;SCN3A;SCN2A,GOF;GOF;GOF;GOF;LOF
mutant_site,5,215,SCN2A:p.I1473M,SCN2A,GOF,0.8,0.379746835443038,2.1066666666666665,SCN4A:p.F1298C;SCN5A:p.F1473C;SCN5A:p.F1473S;SCN5A:p.V1328M;SCN1A:p.Y426N,SCN4A;SCN5A;SCN5A;SCN5A;SCN1A,GOF;GOF;GOF;GOF;LOF
mutant_site,5,216,SCN4A:p.N1297K,SCN4A,GOF,1.0,0.3785488958990536,2.6416666666666666,SCN5A:p.N1774D;SCN8A:p.N1768D;SCN5A:p.S941N;SCN1A:p.Q1489K;SCN5A:p.Q1475P,SCN5A;SCN8A;SCN5A;SCN1A;SCN5A,GOF;GOF;GOF;GOF;GOF
mutant_site,5,217,SCN4A:p.N1297S,SCN4A,GOF,1.0,0.3785488958990536,2.6416666666666666,SCN5A:p.N1774D;SCN8A:p.N1768D;SCN5A:p.S941N;SCN1A:p.Q1489H;SCN5A:p.Q1475P,SCN5A;SCN8A;SCN5A;SCN1A;SCN5A,GOF;GOF;GOF;GOF;GOF
mutant_site,5,218,SCN4A:p.F1298C,SCN4A,GOF,0.6,0.3785488958990536,1.585,SCN5A:p.F1473C;SCN5A:p.F1473S;SCN1A:p.Y426N;SCN2A:p.I1473M;SCN1A:p.F1831S,SCN5A;SCN5A;SCN1A;SCN2A;SCN1A,GOF;GOF;LOF;GOF;LOF
mutant_site,5,219,SCN5A:p.F1473C,SCN5A,GOF,0.6,0.5130890052356021,1.1693877551020408,SCN4A:p.F1298C;SCN1A:p.Y426N;SCN2A:p.I1473M;SCN9A:p.F216S;SCN1A:p.F1831S,SCN4A;SCN1A;SCN2A;SCN9A;SCN1A,GOF;LOF;GOF;GOF;LOF
mutant_site,5,220,SCN5A:p.F1473S,SCN5A,GOF,0.6,0.5130890052356021,1.1693877551020408,SCN4A:p.F1298C;SCN1A:p.Y426N;SCN1A:p.F1831S;SCN2A:p.I1473M;SCN9A:p.F216S,SCN4A;SCN1A;SCN1A;SCN2A;SCN9A,GOF;LOF;LOF;GOF;GOF
mutant_site,5,221,SCN5A:p.Q1475P,SCN5A,GOF,1.0,0.5130890052356021,1.9489795918367347,SCN11A:p.N816K;SCN1A:p.Q1489H;SCN8A:p.R1872W;SCN2A:p.R1882G;SCN1A:p.Q1489K,SCN11A;SCN1A;SCN8A;SCN2A;SCN1A,GOF;GOF;GOF;GOF;GOF
mutant_site,5,222,SCN1A:p.Q1489H,SCN1A,GOF,1.0,0.43902439024390244,2.2777777777777777,SCN5A:p.Q1476R;SCN5A:p.Q1475P;SCN2A:p.M1879T;SCN8A:p.A1491V;SCN4A:p.I1310N,SCN5A;SCN5A;SCN2A;SCN8A;SCN4A,GOF;GOF;GOF;GOF;GOF
mutant_site,5,223,SCN1A:p.Q1489K,SCN1A,GOF,1.0,0.43902439024390244,2.2777777777777777,SCN5A:p.Q1476R;SCN5A:p.Q1475P;SCN11A:p.N816K;SCN2A:p.M1879T;SCN8A:p.A1491V,SCN5A;SCN5A;SCN11A;SCN2A;SCN8A,GOF;GOF;GOF;GOF;GOF
mutant_site,5,224,SCN5A:p.Q1476R,SCN5A,GOF,0.8,0.5130890052356021,1.5591836734693878,SCN1A:p.Q1489H;SCN1A:p.Q1489K;SCN8A:p.A1491V;SCN2A:p.M1879T;SCN1A:p.I1498M,SCN1A;SCN1A;SCN8A;SCN2A;SCN1A,GOF;GOF;GOF;GOF;LOF
mutant_site,5,225,SCN4A:p.G1306E,SCN4A,GOF,1.0,0.3785488958990536,2.6416666666666666,SCN8A:p.G1475R;SCN8A:p.R1872W;SCN2A:p.R1882Q;SCN8A:p.R1872Q;SCN8A:p.R1872L,SCN8A;SCN8A;SCN2A;SCN8A;SCN8A,GOF;GOF;GOF;GOF;GOF
mutant_site,5,226,SCN8A:p.G1475R,SCN8A,GOF,1.0,0.3803680981595092,2.629032258064516,SCN4A:p.G1306E;SCN9A:p.Q10R;SCN2A:p.R1882Q;SCN5A:p.R18W;SCN2A:p.R1882G,SCN4A;SCN9A;SCN2A;SCN5A;SCN2A,GOF;GOF;GOF;GOF;GOF
mutant_site,5,227,SCN1A:p.I1498M,SCN1A,LOF,0.2,0.5609756097560976,0.3565217391304348,SCN4A:p.I1310N;SCN5A:p.F1486L;SCN8A:p.R1872W;SCN2A:p.R1882Q;SCN5A:p.V1378M,SCN4A;SCN5A;SCN8A;SCN2A;SCN5A,GOF;GOF;GOF;GOF;LOF
mutant_site,5,228,SCN4A:p.I1310N,SCN4A,GOF,0.6,0.3785488958990536,1.585,SCN1A:p.I1498M;SCN1A:p.F1499L;SCN8A:p.R1872W;SCN5A:p.D84N;SCN5A:p.F1486L,SCN1A;SCN1A;SCN8A;SCN5A;SCN5A,LOF;GOF;GOF;LOF;GOF
mutant_site,5,229,SCN5A:p.F1486L,SCN5A,GOF,0.8,0.5130890052356021,1.5591836734693878,SCN1A:p.F1499L;SCN1A:p.I1498M;SCN4A:p.I1310N;SCN1A:p.M1500V;SCN8A:p.R1872L,SCN1A;SCN1A;SCN4A;SCN1A;SCN8A,GOF;LOF;GOF;GOF;GOF
mutant_site,5,230,SCN1A:p.F1499L,SCN1A,GOF,0.8,0.43902439024390244,1.8222222222222224,SCN5A:p.F1486L;SCN4A:p.I1310N;SCN8A:p.R1872L;SCN5A:p.R1897W;SCN2A:p.M1879T,SCN5A;SCN4A;SCN8A;SCN5A;SCN2A,GOF;GOF;GOF;LOF;GOF
mutant_site,5,231,SCN1A:p.M1500V,SCN1A,GOF,0.8,0.43902439024390244,1.8222222222222224,SCN5A:p.F1486L;SCN4A:p.I1310N;SCN8A:p.A1491V;SCN5A:p.R1897W;SCN2A:p.M1879T,SCN5A;SCN4A;SCN8A;SCN5A;SCN2A,GOF;GOF;GOF;LOF;GOF
mutant_site,5,232,SCN4A:p.T1313A,SCN4A,GOF,0.8,0.3785488958990536,2.1133333333333337,SCN3A:p.T1486I;SCN5A:p.S1787N;SCN5A:p.R1898C;SCN8A:p.R1872W;SCN2A:p.R1882Q,SCN3A;SCN5A;SCN5A;SCN8A;SCN2A,GOF;GOF;LOF;GOF;GOF
mutant_site,5,233,SCN4A:p.T1313M,SCN4A,GOF,0.6,0.3785488958990536,1.585,SCN3A:p.T1486I;SCN5A:p.S1787N;SCN5A:p.R1898C;SCN8A:p.R1872W;SCN5A:p.R1897W,SCN3A;SCN5A;SCN5A;SCN8A;SCN5A,GOF;GOF;LOF;GOF;LOF
mutant_site,5,234,SCN3A:p.T1486I,SCN3A,GOF,0.8,0.38095238095238093,2.1,SCN4A:p.T1313M;SCN4A:p.T1313A;SCN5A:p.S1787N;SCN5A:p.R1898C;SCN8A:p.R1872W,SCN4A;SCN4A;SCN5A;SCN5A;SCN8A,GOF;GOF;GOF;LOF;GOF
mutant_site,5,235,SCN8A:p.A1491V,SCN8A,GOF,0.6,0.3803680981595092,1.5774193548387094,SCN2A:p.M1879T;SCN2A:p.R1882Q;SCN5A:p.R1897W;SCN1A:p.I1498M;SCN2A:p.R1882G,SCN2A;SCN2A;SCN5A;SCN1A;SCN2A,GOF;GOF;LOF;LOF;GOF
mutant_site,5,236,SCN5A:p.P1506S,SCN5A,LOF,0.4,0.4869109947643979,0.821505376344086,SCN8A:p.R1872W;SCN10A:p.V94G;SCN2A:p.M1879T;SCN1A:p.R1525Q;SCN8A:p.R1872L,SCN8A;SCN10A;SCN2A;SCN1A;SCN8A,GOF;LOF;GOF;LOF;GOF
mutant_site,5,237,SCN5A:p.R1512W,SCN5A,LOF,0.6,0.4869109947643979,1.232258064516129,SCN1A:p.R1525Q;SCN4A:p.R104H;SCN2A:p.D82G;SCN8A:p.R1872W;SCN9A:p.Q10R,SCN1A;SCN4A;SCN2A;SCN8A;SCN9A,LOF;LOF;LOF;GOF;GOF
mutant_site,5,238,SCN1A:p.R1525Q,SCN1A,LOF,0.6,0.5609756097560976,1.0695652173913042,SCN5A:p.R1512W;SCN5A:p.R104Q;SCN8A:p.R1872Q;SCN5A:p.P1506S;SCN2A:p.R1882Q,SCN5A;SCN5A;SCN8A;SCN5A;SCN2A,LOF;LOF;GOF;LOF;GOF
mutant_site,5,239,SCN5A:p.N1541D,SCN5A,LOF,0.2,0.4869109947643979,0.410752688172043,SCN4A:p.N1366S;SCN1A:p.N985I;SCN4A:p.N440K;SCN9A:p.N395K;SCN8A:p.N1768D,SCN4A;SCN1A;SCN4A;SCN9A;SCN8A,GOF;LOF;GOF;GOF;GOF
mutant_site,5,240,SCN4A:p.N1366S,SCN4A,GOF,0.2,0.3785488958990536,0.5283333333333334,SCN5A:p.N1541D;SCN5A:p.S1218I;SCN1A:p.N985I;SCN5A:p.N406S;SCN9A:p.N395K,SCN5A;SCN5A;SCN1A;SCN5A;SCN9A,LOF;LOF;LOF;LOF;GOF
mutant_site,5,241,SCN1A:p.R1575C,SCN1A,GOF,0.6,0.43902439024390244,1.3666666666666667,SCN10A:p.Y158D;SCN5A:p.R965C;SCN5A:p.R458C;SCN5A:p.R1898C;SCN8A:p.R1872W,SCN10A;SCN5A;SCN5A;SCN5A;SCN8A,GOF;LOF;GOF;LOF;GOF
mutant_site,5,242,SCN2A:p.I1571T,SCN2A,GOF,0.4,0.379746835443038,1.0533333333333332,SCN11A:p.I381T;SCN8A:p.G822R;SCN5A:p.A735T;SCN10A:p.L867F;SCN10A:p.Y158D,SCN11A;SCN8A;SCN5A;SCN10A;SCN10A,GOF;LOF;LOF;LOF;GOF
mutant_site,5,243,SCN10A:p.V1518I,SCN10A,LOF,0.8,0.6114457831325302,1.3083743842364532,SCN5A:p.L136P;SCN5A:p.G752R;SCN1A:p.V1611F;SCN1A:p.F1831S;SCN4A:p.M203K,SCN5A;SCN5A;SCN1A;SCN1A;SCN4A,LOF;LOF;GOF;LOF;LOF
mutant_site,5,244,SCN1A:p.E1587K,SCN1A,LOF,0.6,0.5609756097560976,1.0695652173913042,SCN5A:p.E1574K;SCN5A:p.D1595N;SCN5A:p.D785N;SCN4A:p.N440K;SCN9A:p.N395K,SCN5A;SCN5A;SCN5A;SCN4A;SCN9A,LOF;LOF;LOF;GOF;GOF
mutant_site,5,245,SCN5A:p.E1574K,SCN5A,LOF,0.4,0.4869109947643979,0.821505376344086,SCN1A:p.E1587K;SCN4A:p.N440K;SCN9A:p.N395K;SCN4A:p.N1366S;SCN1A:p.N985I,SCN1A;SCN4A;SCN9A;SCN4A;SCN1A,LOF;GOF;GOF;GOF;LOF
mutant_site,5,246,SCN1A:p.R1596C,SCN1A,LOF,1.0,0.5609756097560976,1.7826086956521738,SCN5A:p.R1583C;SCN5A:p.G1262S;SCN5A:p.R965C;SCN5A:p.R1644C;SCN8A:p.R1638C,SCN5A;SCN5A;SCN5A;SCN5A;SCN8A,LOF;LOF;LOF;LOF;LOF
mutant_site,5,247,SCN5A:p.R1583C,SCN5A,LOF,1.0,0.4869109947643979,2.053763440860215,SCN1A:p.R1596C;SCN1A:p.G177A;SCN1A:p.G177E;SCN8A:p.R1638C;SCN1A:p.R1657C,SCN1A;SCN1A;SCN1A;SCN8A;SCN1A,LOF;LOF;LOF;LOF;LOF
mutant_site,5,248,SCN2A:p.Y1589C,SCN2A,GOF,0.0,0.379746835443038,0.0,SCN1A:p.F1831S;SCN5A:p.Y1449C;SCN5A:p.R1897W;SCN1A:p.F1765L;SCN5A:p.L1825P,SCN1A;SCN5A;SCN5A;SCN1A;SCN5A,LOF;LOF;LOF;LOF;LOF
mutant_site,5,249,SCN2A:p.F1597L,SCN2A,GOF,0.4,0.379746835443038,1.0533333333333332,SCN1A:p.F1765L;SCN4A:p.F1298C;SCN5A:p.Y1449C;SCN5A:p.F1473C;SCN5A:p.L136P,SCN1A;SCN4A;SCN5A;SCN5A;SCN5A,LOF;GOF;LOF;GOF;LOF
mutant_site,5,250,SCN5A:p.D1595N,SCN5A,LOF,0.8,0.4869109947643979,1.643010752688172,SCN1A:p.E1587K;SCN4A:p.N1366S;SCN1A:p.N985I;SCN1A:p.R859C;SCN1A:p.D249E,SCN1A;SCN4A;SCN1A;SCN1A;SCN1A,LOF;GOF;LOF;LOF;LOF
mutant_site,5,251,SCN1A:p.V1611F,SCN1A,GOF,0.8,0.43902439024390244,1.8222222222222224,SCN10A:p.V1518I;SCN4A:p.I141V;SCN9A:p.I136V;SCN2A:p.F1597L;SCN5A:p.I1762A,SCN10A;SCN4A;SCN9A;SCN2A;SCN5A,LOF;GOF;GOF;GOF;GOF
mutant_site,5,252,SCN5A:p.S1609L,SCN5A,GOF,1.0,0.5130890052356021,1.9489795918367347,SCN8A:p.R1872L;SCN8A:p.R1872W;SCN2A:p.R1882Q;SCN8A:p.R1872Q;SCN2A:p.R1882G,SCN8A;SCN8A;SCN2A;SCN8A;SCN2A,GOF;GOF;GOF;GOF;GOF
mutant_site,5,253,SCN1A:p.L1624P,SCN1A,GOF,1.0,0.43902439024390244,2.2777777777777777,SCN8A:p.R1872W;SCN5A:p.E1295K;SCN5A:p.R18W;SCN8A:p.R1872Q;SCN2A:p.R1882Q,SCN8A;SCN5A;SCN5A;SCN8A;SCN2A,GOF;GOF;GOF;GOF;GOF
mutant_site,5,254,SCN4A:p.V1442E,SCN4A,LOF,0.4,0.6214511041009464,0.6436548223350254,SCN5A:p.E1295K;SCN5A:p.A1294G;SCN2A:p.V208E;SCN2A:p.M1879T;SCN5A:p.R1897W,SCN5A;SCN5A;SCN2A;SCN2A;SCN5A,GOF;LOF;GOF;GOF;LOF
mutant_site,5,255,SCN1A:p.P1632S,SCN1A,LOF,0.8,0.5609756097560976,1.4260869565217391,SCN2A:p.P1622S;SCN5A:p.P1506S;SCN4A:p.V1442E;SCN5A:p.R18W;SCN5A:p.F93S,SCN2A;SCN5A;SCN4A;SCN5A;SCN5A,LOF;LOF;LOF;GOF;LOF
mutant_site,5,256,SCN2A:p.P1622S,SCN2A,LOF,0.8,0.620253164556962,1.289795918367347,SCN1A:p.P1632S;SCN4A:p.V1442E;SCN5A:p.P1506S;SCN5A:p.R18W;SCN5A:p.F93S,SCN1A;SCN4A;SCN5A;SCN5A;SCN5A,LOF;LOF;LOF;GOF;LOF
mutant_site,5,257,SCN2A:p.T1623N,SCN2A,GOF,0.6,0.379746835443038,1.5799999999999998,SCN5A:p.T1620M;SCN3A:p.R1621G;SCN9A:p.S211P;SCN4A:p.V1442E;SCN8A:p.R1617Q,SCN5A;SCN3A;SCN9A;SCN4A;SCN8A,LOF;GOF;GOF;LOF;GOF
mutant_site,5,258,SCN5A:p.T1620M,SCN5A,LOF,0.0,0.4869109947643979,0.0,SCN2A:p.T1623N;SCN3A:p.R1621G;SCN9A:p.S211P;SCN8A:p.R1617Q;SCN3A:p.R1621Q,SCN2A;SCN3A;SCN9A;SCN8A;SCN3A,GOF;GOF;GOF;GOF;GOF
mutant_site,5,259,SCN3A:p.R1621G,SCN3A,GOF,0.8,0.38095238095238093,2.1,SCN8A:p.R1617Q;SCN5A:p.R1623Q;SCN2A:p.T1623N;SCN11A:p.R222H;SCN5A:p.R808C,SCN8A;SCN5A;SCN2A;SCN11A;SCN5A,GOF;GOF;GOF;GOF;LOF
mutant_site,5,260,SCN3A:p.R1621Q,SCN3A,GOF,0.4,0.38095238095238093,1.05,SCN8A:p.R1617Q;SCN5A:p.R1623Q;SCN8A:p.R1620L;SCN5A:p.R808C;SCN4A:p.R1451L,SCN8A;SCN5A;SCN8A;SCN5A;SCN4A,GOF;GOF;LOF;LOF;LOF
mutant_site,5,261,SCN5A:p.R1623Q,SCN5A,GOF,0.6,0.5130890052356021,1.1693877551020408,SCN8A:p.R1617Q;SCN3A:p.R1621Q;SCN3A:p.R1621G;SCN8A:p.R1620L;SCN10A:p.R756W,SCN8A;SCN3A;SCN3A;SCN8A;SCN10A,GOF;GOF;GOF;LOF;LOF
mutant_site,5,262,SCN8A:p.R1617Q,SCN8A,GOF,0.6,0.3803680981595092,1.5774193548387094,SCN3A:p.R1621Q;SCN5A:p.R1623Q;SCN3A:p.R1621G;SCN5A:p.R808C;SCN4A:p.R1451L,SCN3A;SCN5A;SCN3A;SCN5A;SCN4A,GOF;GOF;GOF;LOF;LOF
mutant_site,5,263,SCN4A:p.R1451C,SCN4A,LOF,0.6,0.6214511041009464,0.965482233502538,SCN5A:p.R1626P;SCN8A:p.R1620L;SCN5A:p.R811H;SCN5A:p.R1632C;SCN1A:p.R865G,SCN5A;SCN8A;SCN5A;SCN5A;SCN1A,GOF;LOF;LOF;LOF;GOF
mutant_site,5,264,SCN5A:p.R1626P,SCN5A,GOF,0.0,0.5130890052356021,0.0,SCN4A:p.R1451C;SCN8A:p.R1620L;SCN4A:p.R1451L;SCN4A:p.R672G;SCN4A:p.R672H,SCN4A;SCN8A;SCN4A;SCN4A;SCN4A,LOF;LOF;LOF;LOF;LOF
mutant_site,5,265,SCN4A:p.R1451L,SCN4A,LOF,0.8,0.6214511041009464,1.2873096446700507,SCN8A:p.R1620L;SCN5A:p.R1626P;SCN5A:p.R1629Q;SCN5A:p.R811H;SCN5A:p.R808C,SCN8A;SCN5A;SCN5A;SCN5A;SCN5A,LOF;GOF;LOF;LOF;LOF
mutant_site,5,266,SCN8A:p.R1620L,SCN8A,LOF,0.8,0.6196319018404908,1.2910891089108911,SCN4A:p.R1451L;SCN5A:p.R1626P;SCN4A:p.R1451C;SCN4A:p.R672H;SCN4A:p.R672G,SCN4A;SCN5A;SCN4A;SCN4A;SCN4A,LOF;GOF;LOF;LOF;LOF
mutant_site,5,267,SCN8A:p.A1622D,SCN8A,GOF,0.8,0.3803680981595092,2.1032258064516127,SCN5A:p.G1631D;SCN9A:p.F216S;SCN1A:p.I227S;SCN11A:p.L1158P;SCN4A:p.F1298C,SCN5A;SCN9A;SCN1A;SCN11A;SCN4A,GOF;GOF;LOF;GOF;GOF
mutant_site,5,268,SCN5A:p.R1629Q,SCN5A,LOF,0.8,0.4869109947643979,1.643010752688172,SCN4A:p.R1454W;SCN4A:p.R1457H;SCN4A:p.R672H;SCN1A:p.R865G;SCN4A:p.R1451L,SCN4A;SCN4A;SCN4A;SCN1A;SCN4A,LOF;LOF;LOF;GOF;LOF
mutant_site,5,269,SCN4A:p.R1454W,SCN4A,LOF,0.6,0.6214511041009464,0.965482233502538,SCN5A:p.R1629Q;SCN5A:p.R1632C;SCN5A:p.R1626P;SCN5A:p.R811H;SCN1A:p.R865G,SCN5A;SCN5A;SCN5A;SCN5A;SCN1A,LOF;LOF;GOF;LOF;GOF
mutant_site,5,270,SCN5A:p.G1631D,SCN5A,GOF,0.8,0.5130890052356021,1.5591836734693878,SCN8A:p.A1622D;SCN9A:p.F216S;SCN1A:p.I227S;SCN11A:p.L1158P;SCN4A:p.T704M,SCN8A;SCN9A;SCN1A;SCN11A;SCN4A,GOF;GOF;LOF;GOF;GOF
mutant_site,5,271,SCN5A:p.R1632C,SCN5A,LOF,0.8,0.4869109947643979,1.643010752688172,SCN4A:p.R1457H;SCN4A:p.R1454W;SCN1A:p.R865G;SCN4A:p.R225W;SCN4A:p.R672H,SCN4A;SCN4A;SCN1A;SCN4A;SCN4A,LOF;LOF;GOF;LOF;LOF
mutant_site,5,272,SCN4A:p.R1457H,SCN4A,LOF,0.6,0.6214511041009464,0.965482233502538,SCN5A:p.R1632C;SCN1A:p.R865G;SCN5A:p.R1629Q;SCN5A:p.R811H;SCN5A:p.R225P,SCN5A;SCN1A;SCN5A;SCN5A;SCN5A,LOF;GOF;LOF;LOF;GOF
mutant_site,5,273,SCN10A:p.R1588Q,SCN10A,LOF,0.6,0.6114457831325302,0.9812807881773398,SCN8A:p.R1872Q;SCN2A:p.R1882Q;SCN5A:p.R1644C;SCN5A:p.R104Q;SCN1A:p.R1657C,SCN8A;SCN2A;SCN5A;SCN5A;SCN1A,GOF;GOF;LOF;LOF;LOF
mutant_site,5,274,SCN5A:p.G1642E,SCN5A,LOF,0.2,0.4869109947643979,0.410752688172043,SCN1A:p.T875M;SCN2A:p.T1623N;SCN2A:p.T236S;SCN3A:p.F1646C;SCN1A:p.F1661L,SCN1A;SCN2A;SCN2A;SCN3A;SCN1A,LOF;GOF;GOF;GOF;GOF
mutant_site,5,275,SCN1A:p.I1656M,SCN1A,LOF,0.6,0.5609756097560976,1.0695652173913042,SCN3A:p.I875T;SCN2A:p.L1330F;SCN3A:p.L247P;SCN9A:p.I234T;SCN5A:p.L839P,SCN3A;SCN2A;SCN3A;SCN9A;SCN5A,GOF;LOF;LOF;GOF;LOF
mutant_site,5,276,SCN1A:p.R1657C,SCN1A,LOF,0.6,0.5609756097560976,1.0695652173913042,SCN8A:p.R1638C;SCN5A:p.R1644C;SCN5A:p.R1644H;SCN3A:p.F1646C;SCN10A:p.R1588Q,SCN8A;SCN5A;SCN5A;SCN3A;SCN10A,LOF;LOF;GOF;GOF;LOF
mutant_site,5,277,SCN5A:p.R1644C,SCN5A,LOF,0.6,0.4869109947643979,1.232258064516129,SCN8A:p.R1638C;SCN1A:p.R1657C;SCN3A:p.F1646C;SCN10A:p.R1588Q;SCN4A:p.F1473S,SCN8A;SCN1A;SCN3A;SCN10A;SCN4A,LOF;LOF;GOF;LOF;GOF
mutant_site,5,278,SCN8A:p.R1638C,SCN8A,LOF,0.6,0.6196319018404908,0.9683168316831683,SCN1A:p.R1657C;SCN5A:p.R1644C;SCN5A:p.R1644H;SCN3A:p.F1646C;SCN10A:p.R1588Q,SCN1A;SCN5A;SCN5A;SCN3A;SCN10A,LOF;LOF;GOF;GOF;LOF
mutant_site,5,279,SCN5A:p.R1644H,SCN5A,GOF,0.4,0.5130890052356021,0.7795918367346939,SCN1A:p.R1657C;SCN8A:p.R1638C;SCN3A:p.F1646C;SCN4A:p.F1473S;SCN10A:p.R1588Q,SCN1A;SCN8A;SCN3A;SCN4A;SCN10A,LOF;LOF;GOF;GOF;LOF
mutant_site,5,280,SCN3A:p.F1646C,SCN3A,GOF,0.6,0.38095238095238093,1.575,SCN1A:p.F1661L;SCN4A:p.F1473S;SCN5A:p.N1325S;SCN5A:p.R1644C;SCN8A:p.R1638C,SCN1A;SCN4A;SCN5A;SCN5A;SCN8A,GOF;GOF;GOF;LOF;LOF
mutant_site,5,281,SCN1A:p.F1661L,SCN1A,GOF,1.0,0.43902439024390244,2.2777777777777777,SCN3A:p.F1646C;SCN4A:p.F1473S;SCN5A:p.N1325S;SCN5A:p.S1609L;SCN8A:p.R1872L,SCN3A;SCN4A;SCN5A;SCN5A;SCN8A,GOF;GOF;GOF;GOF;GOF
mutant_site,5,282,SCN4A:p.F1473S,SCN4A,GOF,0.8,0.3785488958990536,2.1133333333333337,SCN3A:p.F1646C;SCN1A:p.F1661L;SCN5A:p.N1325S;SCN8A:p.R1872W;SCN5A:p.R1898C,SCN3A;SCN1A;SCN5A;SCN8A;SCN5A,GOF;GOF;GOF;GOF;LOF
mutant_site,5,283,SCN1A:p.M1664K,SCN1A,LOF,0.2,0.5609756097560976,0.3565217391304348,SCN5A:p.V1328M;SCN5A:p.M1652R;SCN3A:p.F1646C;SCN4A:p.V1442E;SCN4A:p.F1473S,SCN5A;SCN5A;SCN3A;SCN4A;SCN4A,GOF;GOF;GOF;LOF;GOF
mutant_site,5,284,SCN5A:p.M1652R,SCN5A,GOF,0.8,0.5130890052356021,1.5591836734693878,SCN1A:p.M1664K;SCN3A:p.F1646C;SCN1A:p.F1661L;SCN4A:p.F1473S;SCN11A:p.G699R,SCN1A;SCN3A;SCN1A;SCN4A;SCN11A,LOF;GOF;GOF;GOF;GOF
mutant_site,5,285,SCN2A:p.P1658S,SCN2A,LOF,0.0,0.620253164556962,0.0,SCN4A:p.P1158L;SCN3A:p.P1333L;SCN5A:p.P1332L;SCN11A:p.G699R;SCN4A:p.F1473S,SCN4A;SCN3A;SCN5A;SCN11A;SCN4A,GOF;GOF;GOF;GOF;GOF
mutant_site,5,286,SCN5A:p.A1656D,SCN5A,GOF,0.8,0.5130890052356021,1.5591836734693878,SCN2A:p.S1336Y;SCN2A:p.P1658S;SCN2A:p.N1339D;SCN3A:p.P1333L;SCN4A:p.P1158L,SCN2A;SCN2A;SCN2A;SCN3A;SCN4A,GOF;LOF;GOF;GOF;GOF
mutant_site,5,287,SCN5A:p.I1660V,SCN5A,LOF,0.2,0.4869109947643979,0.410752688172043,SCN8A:p.I1327V;SCN9A:p.V872G;SCN1A:p.V1353L;SCN8A:p.L1331V;SCN11A:p.V1184A,SCN8A;SCN9A;SCN1A;SCN8A;SCN11A,GOF;GOF;LOF;GOF;GOF
mutant_site,5,288,SCN1A:p.G1674R,SCN1A,LOF,0.4,0.5609756097560976,0.7130434782608696,SCN5A:p.G1661R;SCN4A:p.T704M;SCN8A:p.L1331V;SCN5A:p.L839P;SCN3A:p.I875T,SCN5A;SCN4A;SCN8A;SCN5A;SCN3A,LOF;GOF;GOF;LOF;GOF
mutant_site,5,289,SCN5A:p.G1661R,SCN5A,LOF,0.4,0.4869109947643979,0.821505376344086,SCN1A:p.G1674R;SCN4A:p.T704M;SCN8A:p.L1331V;SCN3A:p.I875T;SCN3A:p.L247P,SCN1A;SCN4A;SCN8A;SCN3A;SCN3A,LOF;GOF;GOF;GOF;LOF
mutant_site,5,290,SCN5A:p.V1667I,SCN5A,GOF,0.4,0.5130890052356021,0.7795918367346939,SCN9A:p.V872G;SCN1A:p.V1353L;SCN11A:p.V1184A;SCN1A:p.F902C;SCN1A:p.S259R,SCN9A;SCN1A;SCN11A;SCN1A;SCN1A,GOF;LOF;GOF;LOF;LOF
mutant_site,5,291,SCN3A:p.Y1669C,SCN3A,LOF,1.0,0.6190476190476191,1.6153846153846154,SCN5A:p.F851L;SCN5A:p.W1345C;SCN1A:p.F902C;SCN5A:p.Y1449C;SCN5A:p.F1344S,SCN5A;SCN5A;SCN1A;SCN5A;SCN5A,LOF;LOF;LOF;LOF;LOF
mutant_site,5,292,SCN1A:p.A1685D,SCN1A,LOF,0.6,0.5609756097560976,1.0695652173913042,SCN5A:p.S1672Y;SCN2A:p.A263V;SCN8A:p.G269R;SCN5A:p.A1330P;SCN5A:p.L1346P,SCN5A;SCN2A;SCN8A;SCN5A;SCN5A,LOF;GOF;LOF;GOF;LOF
mutant_site,5,293,SCN1A:p.A1685V,SCN1A,LOF,0.4,0.5609756097560976,0.7130434782608696,SCN5A:p.S1672Y;SCN2A:p.A263V;SCN8A:p.G269R;SCN5A:p.A1330P;SCN5A:p.A1330T,SCN5A;SCN2A;SCN8A;SCN5A;SCN5A,LOF;GOF;LOF;GOF;GOF
mutant_site,5,294,SCN5A:p.S1672Y,SCN5A,LOF,0.8,0.4869109947643979,1.643010752688172,SCN1A:p.A1685D;SCN1A:p.A1685V;SCN2A:p.A263V;SCN8A:p.G269R;SCN1A:p.S259R,SCN1A;SCN1A;SCN2A;SCN8A;SCN1A,LOF;LOF;GOF;LOF;LOF
mutant_site,5,295,SCN10A:p.D1639N,SCN10A,LOF,0.6,0.6114457831325302,0.9812807881773398,SCN5A:p.D1690N;SCN2A:p.K908E;SCN9A:p.D623N;SCN2A:p.D12N;SCN5A:p.D84N,SCN5A;SCN2A;SCN9A;SCN2A;SCN5A,LOF;GOF;GOF;LOF;LOF
mutant_site,5,296,SCN5A:p.D1690N,SCN5A,LOF,0.4,0.4869109947643979,0.821505376344086,SCN10A:p.D1639N;SCN9A:p.D623N;SCN2A:p.D12N;SCN8A:p.R1872W;SCN9A:p.Q10R,SCN10A;SCN9A;SCN2A;SCN8A;SCN9A,LOF;GOF;LOF;GOF;GOF
mutant_site,5,297,SCN1A:p.T1709I,SCN1A,LOF,0.8,0.5609756097560976,1.4260869565217391,SCN10A:p.D1639N;SCN5A:p.N1380K;SCN3A:p.T1486I;SCN5A:p.S1382I;SCN5A:p.R1898C,SCN10A;SCN5A;SCN3A;SCN5A;SCN5A,LOF;LOF;GOF;LOF;LOF
mutant_site,5,298,SCN5A:p.T1709M,SCN5A,LOF,0.4,0.4869109947643979,0.821505376344086,SCN2A:p.T1420M;SCN10A:p.G1662S;SCN1A:p.T1709I;SCN4A:p.T1313M;SCN2A:p.I1473M,SCN2A;SCN10A;SCN1A;SCN4A;SCN2A,LOF;GOF;LOF;GOF;GOF
mutant_site,5,299,SCN5A:p.G1712C,SCN5A,LOF,0.6,0.4869109947643979,1.232258064516129,SCN10A:p.G1662S;SCN1A:p.H939Q;SCN8A:p.N374K;SCN1A:p.G1421W;SCN2A:p.T1420M,SCN10A;SCN1A;SCN8A;SCN1A;SCN2A,GOF;LOF;GOF;LOF;LOF
mutant_site,5,300,SCN10A:p.G1662S,SCN10A,GOF,0.0,0.3885542168674699,0.0,SCN5A:p.G1712C;SCN5A:p.G1420R;SCN5A:p.G1420V;SCN5A:p.D1714G;SCN5A:p.A1428S,SCN5A;SCN5A;SCN5A;SCN5A;SCN5A,LOF;LOF;LOF;LOF;LOF
mutant_site,5,301,SCN5A:p.D1714G,SCN5A,LOF,0.4,0.4869109947643979,0.821505376344086,SCN8A:p.N374K;SCN2A:p.D82G;SCN2A:p.R1882G;SCN10A:p.V94G;SCN2A:p.K908E,SCN8A;SCN2A;SCN2A;SCN10A;SCN2A,GOF;LOF;GOF;LOF;GOF
mutant_site,5,302,SCN5A:p.N1722D,SCN5A,LOF,0.4,0.4869109947643979,0.821505376344086,SCN1A:p.E78D;SCN8A:p.R1872W;SCN9A:p.Q10R;SCN1A:p.R393H;SCN8A:p.R1872L,SCN1A;SCN8A;SCN9A;SCN1A;SCN8A,LOF;GOF;GOF;LOF;GOF
mutant_site,5,303,SCN5A:p.P1730H,SCN5A,LOF,0.6,0.4869109947643979,1.232258064516129,SCN1A:p.G1749E;SCN9A:p.Q10R;SCN8A:p.R1872W;SCN2A:p.D12N;SCN1A:p.E78D,SCN1A;SCN9A;SCN8A;SCN2A;SCN1A,LOF;GOF;GOF;LOF;LOF
mutant_site,5,304,SCN1A:p.G1749E,SCN1A,LOF,0.4,0.5609756097560976,0.7130434782608696,SCN5A:p.R18W;SCN2A:p.D12N;SCN5A:p.P1730H;SCN9A:p.Q10R;SCN5A:p.R569W,SCN5A;SCN2A;SCN5A;SCN9A;SCN5A,GOF;LOF;LOF;GOF;GOF
mutant_site,5,305,SCN5A:p.G1740R,SCN5A,LOF,0.6,0.4869109947643979,1.232258064516129,SCN9A:p.Q10R;SCN1A:p.G1749E;SCN2A:p.D12N;SCN2A:p.D82G;SCN8A:p.R1872W,SCN9A;SCN1A;SCN2A;SCN2A;SCN8A,GOF;LOF;LOF;LOF;GOF
mutant_site,5,306,SCN5A:p.G1743R,SCN5A,LOF,0.6,0.4869109947643979,1.232258064516129,SCN9A:p.Q10R;SCN1A:p.G1749E;SCN8A:p.R1872W;SCN2A:p.D12N;SCN2A:p.D82G,SCN9A;SCN1A;SCN8A;SCN2A;SCN2A,GOF;LOF;GOF;LOF;LOF
mutant_site,5,307,SCN5A:p.G1748D,SCN5A,LOF,0.6,0.4869109947643979,1.232258064516129,SCN10A:p.L867F;SCN1A:p.C959R;SCN8A:p.R1872W;SCN1A:p.G1421W;SCN8A:p.R1872Q,SCN10A;SCN1A;SCN8A;SCN1A;SCN8A,LOF;LOF;GOF;LOF;GOF
mutant_site,5,308,SCN1A:p.F1765L,SCN1A,LOF,0.2,0.5609756097560976,0.3565217391304348,SCN5A:p.Y1449C;SCN2A:p.F1597L;SCN2A:p.Y1589C;SCN4A:p.F1298C;SCN5A:p.F1473C,SCN5A;SCN2A;SCN2A;SCN4A;SCN5A,LOF;GOF;GOF;GOF;GOF
mutant_site,5,309,SCN10A:p.I1706V,SCN10A,GOF,0.8,0.3885542168674699,2.0589147286821707,SCN11A:p.I381T;SCN1A:p.F1774S;SCN5A:p.I1762A;SCN5A:p.V1764M;SCN8A:p.V1758A,SCN11A;SCN1A;SCN5A;SCN5A;SCN8A,GOF;GOF;GOF;GOF;LOF
mutant_site,5,310,SCN1A:p.F1774S,SCN1A,GOF,0.4,0.43902439024390244,0.9111111111111112,SCN5A:p.N927S;SCN10A:p.I1706V;SCN5A:p.L928P;SCN8A:p.V1758A;SCN5A:p.Y1767C,SCN5A;SCN10A;SCN5A;SCN8A;SCN5A,LOF;GOF;LOF;LOF;GOF
mutant_site,5,311,SCN5A:p.I1762A,SCN5A,GOF,0.6,0.5130890052356021,1.1693877551020408,SCN3A:p.V1769A;SCN1A:p.V983A;SCN8A:p.V1758A;SCN8A:p.M1760I;SCN3A:p.M1765I,SCN3A;SCN1A;SCN8A;SCN8A;SCN3A,GOF;LOF;LOF;GOF;GOF
mutant_site,5,312,SCN5A:p.V1763M,SCN5A,GOF,0.2,0.5130890052356021,0.38979591836734695,SCN1A:p.V983A;SCN10A:p.L388M;SCN8A:p.V1758A;SCN1A:p.I1656M;SCN3A:p.V1769A,SCN1A;SCN10A;SCN8A;SCN1A;SCN3A,LOF;LOF;LOF;LOF;GOF
mutant_site,5,313,SCN8A:p.V1758A,SCN8A,LOF,0.2,0.6196319018404908,0.3227722772277228,SCN5A:p.V1764M;SCN3A:p.V1769A;SCN5A:p.I1762A;SCN1A:p.V983A;SCN5A:p.V1763M,SCN5A;SCN3A;SCN5A;SCN1A;SCN5A,GOF;GOF;GOF;LOF;GOF
mutant_site,5,314,SCN5A:p.V1764M,SCN5A,GOF,0.8,0.5130890052356021,1.5591836734693878,SCN8A:p.V1758A;SCN3A:p.V1769A;SCN10A:p.I1706V;SCN8A:p.M1760I;SCN3A:p.M1765I,SCN8A;SCN3A;SCN10A;SCN8A;SCN3A,LOF;GOF;GOF;GOF;GOF
mutant_site,5,315,SCN3A:p.M1765I,SCN3A,GOF,0.8,0.38095238095238093,2.1,SCN8A:p.M1760I;SCN4A:p.L796V;SCN1A:p.L986F;SCN5A:p.Y1767C;SCN5A:p.I1762A,SCN8A;SCN4A;SCN1A;SCN5A;SCN5A,GOF;GOF;LOF;GOF;GOF
mutant_site,5,316,SCN8A:p.M1760I,SCN8A,GOF,0.8,0.3803680981595092,2.1032258064516127,SCN3A:p.M1765I;SCN1A:p.L986F;SCN4A:p.L796V;SCN5A:p.Y1767C;SCN5A:p.I1762A,SCN3A;SCN1A;SCN4A;SCN5A;SCN5A,GOF;LOF;GOF;GOF;GOF
mutant_site,5,317,SCN5A:p.Y1767C,SCN5A,GOF,0.6,0.5130890052356021,1.1693877551020408,SCN8A:p.M1760I;SCN3A:p.M1765I;SCN4A:p.F1298C;SCN1A:p.F902C;SCN1A:p.F1765L,SCN8A;SCN3A;SCN4A;SCN1A;SCN1A,GOF;GOF;GOF;LOF;LOF
mutant_site,5,318,SCN5A:p.I1768V,SCN5A,GOF,1.0,0.5130890052356021,1.9489795918367347,SCN3A:p.V1769A;SCN4A:p.L796V;SCN4A:p.I141V;SCN8A:p.M1760I;SCN9A:p.I136V,SCN3A;SCN4A;SCN4A;SCN8A;SCN9A,GOF;GOF;GOF;GOF;GOF
mutant_site,5,319,SCN2A:p.A1773T,SCN2A,LOF,0.2,0.620253164556962,0.32244897959183677,SCN3A:p.V1769A;SCN5A:p.A735T;SCN9A:p.V400M;SCN4A:p.V445M;SCN5A:p.V411M,SCN3A;SCN5A;SCN9A;SCN4A;SCN5A,GOF;LOF;GOF;GOF;GOF
mutant_site,5,320,SCN3A:p.V1769A,SCN3A,GOF,1.0,0.38095238095238093,2.625,SCN4A:p.V1293I;SCN9A:p.V400M;SCN5A:p.V411M;SCN4A:p.V445M;SCN2A:p.V423L,SCN4A;SCN9A;SCN5A;SCN4A;SCN2A,GOF;GOF;GOF;GOF;GOF
mutant_site,5,321,SCN5A:p.N1774D,SCN5A,GOF,1.0,0.5130890052356021,1.9489795918367347,SCN8A:p.N1768D;SCN4A:p.N1297S;SCN4A:p.N1297K;SCN8A:p.R1872W;SCN2A:p.R1882Q,SCN8A;SCN4A;SCN4A;SCN8A;SCN2A,GOF;GOF;GOF;GOF;GOF
mutant_site,5,322,SCN8A:p.N1768D,SCN8A,GOF,1.0,0.3803680981595092,2.629032258064516,SCN5A:p.N1774D;SCN5A:p.S941N;SCN4A:p.N1297S;SCN4A:p.N1297K;SCN5A:p.Q1475P,SCN5A;SCN5A;SCN4A;SCN4A;SCN5A,GOF;GOF;GOF;GOF;GOF
mutant_site,5,323,SCN5A:p.S1787N,SCN5A,GOF,0.8,0.5130890052356021,1.5591836734693878,SCN2A:p.D12N;SCN8A:p.R1872W;SCN9A:p.D623N;SCN2A:p.R1882Q;SCN8A:p.R1872Q,SCN2A;SCN8A;SCN9A;SCN2A;SCN8A,LOF;GOF;GOF;GOF;GOF
mutant_site,5,324,SCN5A:p.Y1795C,SCN5A,GOF,1.0,0.5130890052356021,1.9489795918367347,SCN8A:p.R1872W;SCN2A:p.R1882Q;SCN8A:p.R1872Q;SCN2A:p.R1882G;SCN8A:p.R1872L,SCN8A;SCN2A;SCN8A;SCN2A;SCN8A,GOF;GOF;GOF;GOF;GOF
mutant_site,5,325,SCN5A:p.Y1795H,SCN5A,LOF,0.2,0.4869109947643979,0.410752688172043,SCN8A:p.R1872W;SCN8A:p.R1872Q;SCN2A:p.R1882Q;SCN4A:p.R104H;SCN2A:p.R1882G,SCN8A;SCN8A;SCN2A;SCN4A;SCN2A,GOF;GOF;GOF;LOF;GOF
mutant_site,5,326,SCN2A:p.E1803G,SCN2A,GOF,0.4,0.379746835443038,1.0533333333333332,SCN5A:p.Y1795C;SCN5A:p.Y1795H;SCN8A:p.R1872W;SCN5A:p.R1898C;SCN10A:p.V94G,SCN5A;SCN5A;SCN8A;SCN5A;SCN10A,GOF;LOF;GOF;LOF;LOF
mutant_site,5,327,SCN4A:p.Q1633E,SCN4A,GOF,0.6,0.3785488958990536,1.585,SCN5A:p.Q1832E;SCN8A:p.R1872W;SCN8A:p.R1872L;SCN5A:p.R1898C;SCN2A:p.R1882Q,SCN5A;SCN8A;SCN8A;SCN5A;SCN2A,LOF;GOF;GOF;LOF;GOF
mutant_site,5,328,SCN1A:p.F1831S,SCN1A,LOF,0.6,0.5609756097560976,1.0695652173913042,SCN5A:p.L1825P;SCN2A:p.M1879T;SCN5A:p.C1850S;SCN5A:p.F1486L;SCN5A:p.R1897W,SCN5A;SCN2A;SCN5A;SCN5A;SCN5A,LOF;GOF;LOF;GOF;LOF
mutant_site,5,329,SCN5A:p.L1825P,SCN5A,LOF,0.2,0.4869109947643979,0.410752688172043,SCN2A:p.M1879T;SCN8A:p.R1872W;SCN1A:p.F1831S;SCN1A:p.F1499L;SCN8A:p.R1872L,SCN2A;SCN8A;SCN1A;SCN1A;SCN8A,GOF;GOF;LOF;GOF;GOF
mutant_site,5,330,SCN5A:p.Q1832E,SCN5A,LOF,0.0,0.4869109947643979,0.0,SCN8A:p.R1872W;SCN8A:p.R1872Q;SCN2A:p.R1882Q;SCN2A:p.R1882G;SCN8A:p.R1872L,SCN8A;SCN8A;SCN2A;SCN2A;SCN8A,GOF;GOF;GOF;GOF;GOF
mutant_site,5,331,SCN5A:p.C1850S,SCN5A,LOF,0.2,0.4869109947643979,0.410752688172043,SCN8A:p.R1872W;SCN2A:p.R1882Q;SCN2A:p.M1879T;SCN8A:p.R1872Q;SCN1A:p.F1831S,SCN8A;SCN2A;SCN2A;SCN8A;SCN1A,GOF;GOF;GOF;GOF;LOF
mutant_site,5,332,SCN1A:p.D1866Y,SCN1A,GOF,0.8,0.43902439024390244,1.8222222222222224,SCN8A:p.R1872W;SCN5A:p.R18W;SCN2A:p.R1882Q;SCN5A:p.R1897W;SCN8A:p.R1872Q,SCN8A;SCN5A;SCN2A;SCN5A;SCN8A,GOF;GOF;GOF;LOF;GOF
mutant_site,5,333,SCN2A:p.M1879T,SCN2A,GOF,0.8,0.379746835443038,2.1066666666666665,SCN8A:p.R1872W;SCN8A:p.R1872Q;SCN8A:p.R1872L;SCN5A:p.R18W;SCN5A:p.R1897W,SCN8A;SCN8A;SCN8A;SCN5A;SCN5A,GOF;GOF;GOF;GOF;LOF
mutant_site,5,334,SCN8A:p.R1872L,SCN8A,GOF,0.8,0.3803680981595092,2.1032258064516127,SCN2A:p.R1882Q;SCN2A:p.R1882G;SCN5A:p.R18W;SCN2A:p.M1879T;SCN5A:p.R27H,SCN2A;SCN2A;SCN5A;SCN2A;SCN5A,GOF;GOF;GOF;GOF;LOF
mutant_site,5,335,SCN2A:p.R1882G,SCN2A,GOF,0.8,0.379746835443038,2.1066666666666665,SCN8A:p.R1872W;SCN8A:p.R1872Q;SCN8A:p.R1872L;SCN10A:p.V94G;SCN5A:p.R18W,SCN8A;SCN8A;SCN8A;SCN10A;SCN5A,GOF;GOF;GOF;LOF;GOF
mutant_site,5,336,SCN2A:p.R1882Q,SCN2A,GOF,0.8,0.379746835443038,2.1066666666666665,SCN8A:p.R1872Q;SCN8A:p.R1872W;SCN8A:p.R1872L;SCN5A:p.R27H;SCN5A:p.R18W,SCN8A;SCN8A;SCN8A;SCN5A;SCN5A,GOF;GOF;GOF;LOF;GOF
mutant_site,5,337,SCN8A:p.R1872Q,SCN8A,GOF,0.8,0.3803680981595092,2.1032258064516127,SCN2A:p.R1882Q;SCN2A:p.R1882G;SCN5A:p.R27H;SCN5A:p.R18W;SCN2A:p.M1879T,SCN2A;SCN2A;SCN5A;SCN5A;SCN2A,GOF;GOF;LOF;GOF;GOF
mutant_site,5,338,SCN8A:p.R1872W,SCN8A,GOF,0.8,0.3803680981595092,2.1032258064516127,SCN2A:p.R1882Q;SCN2A:p.R1882G;SCN5A:p.R18W;SCN2A:p.M1879T;SCN5A:p.R27H,SCN2A;SCN2A;SCN5A;SCN2A;SCN5A,GOF;GOF;GOF;GOF;LOF
mutant_site,5,339,SCN5A:p.R1897W,SCN5A,LOF,0.2,0.4869109947643979,0.410752688172043,SCN8A:p.R1872W;SCN9A:p.Q10R;SCN2A:p.R1882Q;SCN2A:p.D12N;SCN8A:p.R1872Q,SCN8A;SCN9A;SCN2A;SCN2A;SCN8A,GOF;GOF;GOF;LOF;GOF
mutant_site,5,340,SCN5A:p.R1898C,SCN5A,LOF,0.2,0.4869109947643979,0.410752688172043,SCN8A:p.R1872W;SCN2A:p.D12N;SCN9A:p.Q10R;SCN8A:p.R1872L;SCN2A:p.R1882Q,SCN8A;SCN2A;SCN9A;SCN8A;SCN2A,GOF;LOF;GOF;GOF;GOF
mutant_site,5,341,SCN1A:p.Q1923R,SCN1A,LOF,0.4,0.5609756097560976,0.7130434782608696,SCN5A:p.R1897W;SCN5A:p.R1898C;SCN8A:p.R1872W;SCN9A:p.Q10R;SCN2A:p.R1882Q,SCN5A;SCN5A;SCN8A;SCN9A;SCN2A,LOF;LOF;GOF;GOF;GOF
mutant_site,5,342,SCN1A:p.R1927G,SCN1A,LOF,0.6,0.5609756097560976,1.0695652173913042,SCN5A:p.R1897W;SCN2A:p.R1882G;SCN8A:p.R1872W;SCN5A:p.R1898C;SCN4A:p.R104H,SCN5A;SCN2A;SCN8A;SCN5A;SCN4A,LOF;GOF;GOF;LOF;LOF
mutant_site,5,343,SCN1A:p.T1934I,SCN1A,LOF,0.2,0.5609756097560976,0.3565217391304348,SCN5A:p.R18W;SCN8A:p.R1872W;SCN5A:p.R1897W;SCN5A:p.R569W;SCN8A:p.R1872L,SCN5A;SCN8A;SCN5A;SCN5A;SCN8A,GOF;GOF;LOF;GOF;GOF
mutant_site,5,344,SCN10A:p.A1886V,SCN10A,GOF,0.8,0.3885542168674699,2.0589147286821707,SCN5A:p.R569W;SCN5A:p.R18W;SCN5A:p.P2006A;SCN5A:p.F2004L;SCN5A:p.S1103Y,SCN5A;SCN5A;SCN5A;SCN5A;SCN5A,GOF;GOF;GOF;LOF;GOF
mutant_site,5,345,SCN5A:p.I1968S,SCN5A,LOF,0.2,0.4869109947643979,0.410752688172043,SCN10A:p.L554P;SCN9A:p.Q10R;SCN2A:p.D12N;SCN9A:p.D623N;SCN10A:p.P1102S,SCN10A;SCN9A;SCN2A;SCN9A;SCN10A,GOF;GOF;LOF;GOF;GOF
mutant_site,5,346,SCN5A:p.F2004L,SCN5A,LOF,0.2,0.4869109947643979,0.410752688172043,SCN10A:p.L554P;SCN8A:p.R1872L;SCN10A:p.A1886V;SCN9A:p.Q10R;SCN2A:p.D12N,SCN10A;SCN8A;SCN10A;SCN9A;SCN2A,GOF;GOF;GOF;GOF;LOF
mutant_site,5,347,SCN5A:p.P2006A,SCN5A,GOF,0.8,0.5130890052356021,1.5591836734693878,SCN9A:p.Q10R;SCN2A:p.D12N;SCN10A:p.L554P;SCN10A:p.A1886V;SCN9A:p.D623N,SCN9A;SCN2A;SCN10A;SCN10A;SCN9A,GOF;LOF;GOF;GOF;GOF
wt_site,1,0,SCN9A:p.Q10R,SCN9A,GOF,0.0,0.3768545994065282,0.0,SCN2A:p.D12N,SCN2A,LOF
wt_site,1,1,SCN2A:p.D12N,SCN2A,LOF,0.0,0.620253164556962,0.0,SCN9A:p.Q10R,SCN9A,GOF
wt_site,1,2,SCN5A:p.R18W,SCN5A,GOF,1.0,0.5130890052356021,1.9489795918367347,SCN9A:p.Q10R,SCN9A,GOF
wt_site,1,3,SCN5A:p.R27H,SCN5A,LOF,0.0,0.4869109947643979,0.0,SCN8A:p.R1872W,SCN8A,GOF
wt_site,1,4,SCN1A:p.E78D,SCN1A,LOF,1.0,0.5609756097560976,1.7826086956521738,SCN5A:p.D84N,SCN5A,LOF
wt_site,1,5,SCN5A:p.D84N,SCN5A,LOF,1.0,0.4869109947643979,2.053763440860215,SCN2A:p.D82G,SCN2A,LOF
wt_site,1,6,SCN2A:p.D82G,SCN2A,LOF,1.0,0.620253164556962,1.6122448979591837,SCN5A:p.D84N,SCN5A,LOF
wt_site,1,7,SCN5A:p.F93S,SCN5A,LOF,1.0,0.4869109947643979,2.053763440860215,SCN10A:p.V94G,SCN10A,LOF
wt_site,1,8,SCN10A:p.V94G,SCN10A,LOF,1.0,0.6114457831325302,1.6354679802955663,SCN5A:p.F93S,SCN5A,LOF
wt_site,1,9,SCN4A:p.R104H,SCN4A,LOF,1.0,0.6214511041009464,1.6091370558375635,SCN5A:p.R104Q,SCN5A,LOF
wt_site,1,10,SCN5A:p.R104Q,SCN5A,LOF,1.0,0.4869109947643979,2.053763440860215,SCN4A:p.R104H,SCN4A,LOF
wt_site,1,11,SCN5A:p.R104W,SCN5A,LOF,1.0,0.4869109947643979,2.053763440860215,SCN4A:p.R104H,SCN4A,LOF
wt_site,1,12,SCN5A:p.R121W,SCN5A,LOF,1.0,0.4869109947643979,2.053763440860215,SCN4A:p.R104H,SCN4A,LOF
wt_site,1,13,SCN5A:p.A124D,SCN5A,LOF,0.0,0.4869109947643979,0.0,SCN3A:p.I875T,SCN3A,GOF
wt_site,1,14,SCN5A:p.V125L,SCN5A,GOF,0.0,0.5130890052356021,0.0,SCN10A:p.V94G,SCN10A,LOF
wt_site,1,15,SCN5A:p.K126E,SCN5A,LOF,1.0,0.4869109947643979,2.053763440860215,SCN10A:p.V94G,SCN10A,LOF
wt_site,1,16,SCN5A:p.L136P,SCN5A,LOF,0.0,0.4869109947643979,0.0,SCN8A:p.L1331V,SCN8A,GOF
wt_site,1,17,SCN8A:p.M139I,SCN8A,GOF,1.0,0.3803680981595092,2.629032258064516,SCN9A:p.I136V,SCN9A,GOF
wt_site,1,18,SCN4A:p.I141V,SCN4A,GOF,1.0,0.3785488958990536,2.6416666666666666,SCN9A:p.I136V,SCN9A,GOF
wt_site,1,19,SCN9A:p.I136V,SCN9A,GOF,1.0,0.3768545994065282,2.653543307086614,SCN4A:p.I141V,SCN4A,GOF
wt_site,1,20,SCN1A:p.M145T,SCN1A,LOF,1.0,0.5609756097560976,1.7826086956521738,SCN5A:p.M734V,SCN5A,LOF
wt_site,1,21,SCN5A:p.E161K,SCN5A,LOF,1.0,0.4869109947643979,2.053763440860215,SCN1A:p.E788K,SCN1A,LOF
wt_site,1,22,SCN10A:p.Y158D,SCN10A,GOF,1.0,0.3885542168674699,2.5736434108527133,SCN1A:p.R1575C,SCN1A,GOF
wt_site,1,23,SCN5A:p.K175N,SCN5A,LOF,1.0,0.4869109947643979,2.053763440860215,SCN1A:p.E1587K,SCN1A,LOF
wt_site,1,24,SCN5A:p.A178G,SCN5A,LOF,1.0,0.4869109947643979,2.053763440860215,SCN1A:p.G177E,SCN1A,LOF
wt_site,1,25,SCN1A:p.G177A,SCN1A,LOF,1.0,0.5609756097560976,1.7826086956521738,SCN5A:p.G1262S,SCN5A,LOF
wt_site,1,26,SCN1A:p.G177E,SCN1A,LOF,1.0,0.5609756097560976,1.7826086956521738,SCN5A:p.G1262S,SCN5A,LOF
wt_site,1,27,SCN5A:p.T187I,SCN5A,LOF,0.0,0.4869109947643979,0.0,SCN3A:p.T1486I,SCN3A,GOF
wt_site,1,28,SCN4A:p.M203K,SCN4A,LOF,0.0,0.6214511041009464,0.0,SCN3A:p.M1765I,SCN3A,GOF
wt_site,1,29,SCN2A:p.V208E,SCN2A,GOF,1.0,0.379746835443038,2.6333333333333333,SCN1A:p.L1624P,SCN1A,GOF
wt_site,1,30,SCN9A:p.S211P,SCN9A,GOF,1.0,0.3768545994065282,2.653543307086614,SCN2A:p.T1623N,SCN2A,GOF
wt_site,1,31,SCN11A:p.R222H,SCN11A,GOF,0.0,0.38596491228070173,0.0,SCN10A:p.R756W,SCN10A,LOF
wt_site,1,32,SCN9A:p.F216S,SCN9A,GOF,1.0,0.3768545994065282,2.653543307086614,SCN8A:p.A1622D,SCN8A,GOF
wt_site,1,33,SCN8A:p.R223G,SCN8A,LOF,1.0,0.6196319018404908,1.613861386138614,SCN4A:p.R672H,SCN4A,LOF
wt_site,1,34,SCN5A:p.V223L,SCN5A,LOF,0.0,0.4869109947643979,0.0,SCN3A:p.L855P,SCN3A,GOF
wt_site,1,35,SCN4A:p.R225W,SCN4A,LOF,1.0,0.6214511041009464,1.6091370558375635,SCN5A:p.R225W,SCN5A,LOF
wt_site,1,36,SCN5A:p.R225W,SCN5A,LOF,1.0,0.4869109947643979,2.053763440860215,SCN4A:p.R225W,SCN4A,LOF
wt_site,1,37,SCN5A:p.R225P,SCN5A,GOF,0.0,0.5130890052356021,0.0,SCN4A:p.R225W,SCN4A,LOF
wt_site,1,38,SCN5A:p.A226V,SCN5A,LOF,0.0,0.4869109947643979,0.0,SCN3A:p.L855P,SCN3A,GOF
wt_site,1,39,SCN1A:p.I227S,SCN1A,LOF,0.0,0.5609756097560976,0.0,SCN11A:p.L1158P,SCN11A,GOF
wt_site,1,40,SCN9A:p.I228M,SCN9A,GOF,0.0,0.3768545994065282,0.0,SCN1A:p.I227S,SCN1A,LOF
wt_site,1,41,SCN2A:p.T236S,SCN2A,GOF,0.0,0.379746835443038,0.0,SCN1A:p.T875M,SCN1A,LOF
wt_site,1,42,SCN9A:p.I234T,SCN9A,GOF,0.0,0.3768545994065282,0.0,SCN2A:p.L1330F,SCN2A,LOF
wt_site,1,43,SCN9A:p.S241T,SCN9A,GOF,1.0,0.3768545994065282,2.653543307086614,SCN10A:p.S242T,SCN10A,GOF
wt_site,1,44,SCN10A:p.S242T,SCN10A,GOF,1.0,0.3885542168674699,2.5736434108527133,SCN9A:p.S241T,SCN9A,GOF
wt_site,1,45,SCN3A:p.L247P,SCN3A,LOF,1.0,0.6190476190476191,1.6153846153846154,SCN5A:p.L839P,SCN5A,LOF
wt_site,1,46,SCN1A:p.D249E,SCN1A,LOF,0.0,0.5609756097560976,0.0,SCN2A:p.N1339D,SCN2A,GOF
wt_site,1,47,SCN1A:p.S259R,SCN1A,LOF,1.0,0.5609756097560976,1.7826086956521738,SCN5A:p.L1346P,SCN5A,LOF
wt_site,1,48,SCN2A:p.A263V,SCN2A,GOF,0.0,0.379746835443038,0.0,SCN1A:p.A1685V,SCN1A,LOF
wt_site,1,49,SCN1A:p.L263V,SCN1A,GOF,1.0,0.43902439024390244,2.2777777777777777,SCN4A:p.L796V,SCN4A,GOF
wt_site,1,50,SCN8A:p.G269R,SCN8A,LOF,1.0,0.6196319018404908,1.613861386138614,SCN2A:p.G899S,SCN2A,LOF
wt_site,1,51,SCN5A:p.L276Q,SCN5A,LOF,1.0,0.4869109947643979,2.053763440860215,SCN1A:p.L986F,SCN1A,LOF
wt_site,1,52,SCN5A:p.R282H,SCN5A,LOF,0.0,0.4869109947643979,0.0,SCN8A:p.R1872L,SCN8A,GOF
wt_site,1,53,SCN5A:p.R282C,SCN5A,LOF,0.0,0.4869109947643979,0.0,SCN8A:p.R1872L,SCN8A,GOF
wt_site,1,54,SCN1A:p.T297I,SCN1A,LOF,1.0,0.5609756097560976,1.7826086956521738,SCN8A:p.T1360N,SCN8A,LOF
wt_site,1,55,SCN5A:p.L325R,SCN5A,LOF,1.0,0.4869109947643979,2.053763440860215,SCN10A:p.V94G,SCN10A,LOF
wt_site,1,56,SCN5A:p.C335R,SCN5A,LOF,1.0,0.4869109947643979,2.053763440860215,SCN4A:p.C1209F,SCN4A,LOF
wt_site,1,57,SCN5A:p.P336L,SCN5A,LOF,1.0,0.4869109947643979,2.053763440860215,SCN4A:p.P382T,SCN4A,LOF
wt_site,1,58,SCN3A:p.K354Q,SCN3A,GOF,1.0,0.38095238095238093,2.625,SCN2A:p.K908E,SCN2A,GOF
wt_site,1,59,SCN4A:p.P382T,SCN4A,LOF,1.0,0.6214511041009464,1.6091370558375635,SCN5A:p.P336L,SCN5A,LOF
wt_site,1,60,SCN5A:p.D349N,SCN5A,LOF,1.0,0.4869109947643979,2.053763440860215,SCN2A:p.D12N,SCN2A,LOF
wt_site,1,61,SCN5A:p.T353I,SCN5A,LOF,1.0,0.4869109947643979,2.053763440860215,SCN4A:p.P382T,SCN4A,LOF
wt_site,1,62,SCN5A:p.D356N,SCN5A,LOF,0.0,0.4869109947643979,0.0,SCN1A:p.D1866Y,SCN1A,GOF
wt_site,1,63,SCN5A:p.R367C,SCN5A,LOF,1.0,0.4869109947643979,2.053763440860215,SCN2A:p.R379H,SCN2A,LOF
wt_site,1,64,SCN2A:p.R379H,SCN2A,LOF,1.0,0.620253164556962,1.6122448979591837,SCN5A:p.R367L,SCN5A,LOF
wt_site,1,65,SCN5A:p.R367H,SCN5A,LOF,1.0,0.4869109947643979,2.053763440860215,SCN2A:p.R379H,SCN2A,LOF
wt_site,1,66,SCN5A:p.R367L,SCN5A,LOF,1.0,0.4869109947643979,2.053763440860215,SCN2A:p.R379H,SCN2A,LOF
wt_site,1,67,SCN5A:p.M369K,SCN5A,LOF,1.0,0.4869109947643979,2.053763440860215,SCN2A:p.T1420M,SCN2A,LOF
wt_site,1,68,SCN5A:p.W374G,SCN5A,LOF,0.0,0.4869109947643979,0.0,SCN10A:p.G1662S,SCN10A,GOF
wt_site,1,69,SCN5A:p.R376H,SCN5A,LOF,0.0,0.4869109947643979,0.0,SCN8A:p.N374K,SCN8A,GOF
wt_site,1,70,SCN8A:p.N374K,SCN8A,GOF,0.0,0.3803680981595092,0.0,SCN5A:p.R376H,SCN5A,LOF
wt_site,1,71,SCN1A:p.R393H,SCN1A,LOF,1.0,0.5609756097560976,1.7826086956521738,SCN5A:p.N1722D,SCN5A,LOF
wt_site,1,72,SCN5A:p.G386R,SCN5A,LOF,1.0,0.4869109947643979,2.053763440860215,SCN10A:p.D1639N,SCN10A,LOF
wt_site,1,73,SCN11A:p.I381T,SCN11A,GOF,1.0,0.38596491228070173,2.5909090909090913,SCN10A:p.I1706V,SCN10A,GOF
wt_site,1,74,SCN5A:p.V396L,SCN5A,LOF,1.0,0.4869109947643979,2.053763440860215,SCN1A:p.V983A,SCN1A,LOF
wt_site,1,75,SCN10A:p.L388M,SCN10A,LOF,1.0,0.6114457831325302,1.6354679802955663,SCN1A:p.V983A,SCN1A,LOF
wt_site,1,76,SCN4A:p.N440K,SCN4A,GOF,0.0,0.3785488958990536,0.0,SCN5A:p.N406S,SCN5A,LOF
wt_site,1,77,SCN9A:p.N395K,SCN9A,GOF,0.0,0.3768545994065282,0.0,SCN5A:p.N406S,SCN5A,LOF
wt_site,1,78,SCN5A:p.N406S,SCN5A,LOF,0.0,0.4869109947643979,0.0,SCN9A:p.N395K,SCN9A,GOF
wt_site,1,79,SCN2A:p.V423L,SCN2A,GOF,1.0,0.379746835443038,2.6333333333333333,SCN9A:p.V400M,SCN9A,GOF
wt_site,1,80,SCN4A:p.V445M,SCN4A,GOF,1.0,0.3785488958990536,2.6416666666666666,SCN2A:p.V423L,SCN2A,GOF
wt_site,1,81,SCN5A:p.V411M,SCN5A,GOF,1.0,0.5130890052356021,1.9489795918367347,SCN9A:p.V400M,SCN9A,GOF
wt_site,1,82,SCN9A:p.V400M,SCN9A,GOF,1.0,0.3768545994065282,2.653543307086614,SCN2A:p.V423L,SCN2A,GOF
wt_site,1,83,SCN1A:p.Y426N,SCN1A,LOF,0.0,0.5609756097560976,0.0,SCN4A:p.F1298C,SCN4A,GOF
wt_site,1,84,SCN5A:p.R458C,SCN5A,GOF,1.0,0.5130890052356021,1.9489795918367347,SCN9A:p.Q10R,SCN9A,GOF
wt_site,1,85,SCN5A:p.A551T,SCN5A,LOF,0.0,0.4869109947643979,0.0,SCN10A:p.A1886V,SCN10A,GOF
wt_site,1,86,SCN5A:p.L567Q,SCN5A,LOF,0.0,0.4869109947643979,0.0,SCN10A:p.L554P,SCN10A,GOF
wt_site,1,87,SCN5A:p.R569W,SCN5A,GOF,1.0,0.5130890052356021,1.9489795918367347,SCN9A:p.Q10R,SCN9A,GOF
wt_site,1,88,SCN10A:p.L554P,SCN10A,GOF,0.0,0.3885542168674699,0.0,SCN5A:p.L567Q,SCN5A,LOF
wt_site,1,89,SCN5A:p.N592K,SCN5A,LOF,0.0,0.4869109947643979,0.0,SCN9A:p.Q10R,SCN9A,GOF
wt_site,1,90,SCN9A:p.D623N,SCN9A,GOF,0.0,0.3768545994065282,0.0,SCN2A:p.D12N,SCN2A,LOF
wt_site,1,91,SCN5A:p.L619F,SCN5A,GOF,1.0,0.5130890052356021,1.9489795918367347,SCN10A:p.L554P,SCN10A,GOF
wt_site,1,92,SCN5A:p.R689H,SCN5A,LOF,0.0,0.4869109947643979,0.0,SCN8A:p.R1872W,SCN8A,GOF
wt_site,1,93,SCN2A:p.T773I,SCN2A,GOF,1.0,0.379746835443038,2.6333333333333333,SCN8A:p.T767I,SCN8A,GOF
wt_site,1,94,SCN8A:p.T767I,SCN8A,GOF,1.0,0.3803680981595092,2.629032258064516,SCN2A:p.T773I,SCN2A,GOF
wt_site,1,95,SCN5A:p.M734V,SCN5A,LOF,1.0,0.4869109947643979,2.053763440860215,SCN1A:p.M145T,SCN1A,LOF
wt_site,1,96,SCN5A:p.A735E,SCN5A,LOF,0.0,0.4869109947643979,0.0,SCN2A:p.A263V,SCN2A,GOF
wt_site,1,97,SCN5A:p.A735T,SCN5A,LOF,0.0,0.4869109947643979,0.0,SCN2A:p.A263V,SCN2A,GOF
wt_site,1,98,SCN5A:p.A735V,SCN5A,LOF,0.0,0.4869109947643979,0.0,SCN2A:p.A263V,SCN2A,GOF
wt_site,1,99,SCN1A:p.E788K,SCN1A,LOF,1.0,0.5609756097560976,1.7826086956521738,SCN5A:p.E1225K,SCN5A,LOF
wt_site,1,100,SCN1A:p.Y790C,SCN1A,LOF,1.0,0.5609756097560976,1.7826086956521738,SCN5A:p.F93S,SCN5A,LOF
wt_site,1,101,SCN5A:p.E746K,SCN5A,LOF,1.0,0.4869109947643979,2.053763440860215,SCN1A:p.E78D,SCN1A,LOF
wt_site,1,102,SCN5A:p.G752R,SCN5A,LOF,0.0,0.4869109947643979,0.0,SCN1A:p.R1575C,SCN1A,GOF
wt_site,1,103,SCN5A:p.D785N,SCN5A,LOF,1.0,0.4869109947643979,2.053763440860215,SCN1A:p.E1587K,SCN1A,LOF
wt_site,1,104,SCN8A:p.G822R,SCN8A,LOF,0.0,0.6196319018404908,0.0,SCN2A:p.F1597L,SCN2A,GOF
wt_site,1,105,SCN10A:p.R756W,SCN10A,LOF,1.0,0.6114457831325302,1.6354679802955663,SCN5A:p.R808C,SCN5A,LOF
wt_site,1,106,SCN1A:p.R859H,SCN1A,LOF,1.0,0.5609756097560976,1.7826086956521738,SCN4A:p.R669H,SCN4A,LOF
wt_site,1,107,SCN4A:p.R669H,SCN4A,LOF,1.0,0.6214511041009464,1.6091370558375635,SCN1A:p.R859H,SCN1A,LOF
wt_site,1,108,SCN1A:p.R859C,SCN1A,LOF,1.0,0.5609756097560976,1.7826086956521738,SCN4A:p.R669H,SCN4A,LOF
wt_site,1,109,SCN5A:p.R808C,SCN5A,LOF,1.0,0.4869109947643979,2.053763440860215,SCN10A:p.R756W,SCN10A,LOF
wt_site,1,110,SCN4A:p.R672G,SCN4A,LOF,1.0,0.6214511041009464,1.6091370558375635,SCN5A:p.R811H,SCN5A,LOF
wt_site,1,111,SCN4A:p.R672H,SCN4A,LOF,1.0,0.6214511041009464,1.6091370558375635,SCN5A:p.R811H,SCN5A,LOF
wt_site,1,112,SCN5A:p.R811H,SCN5A,LOF,1.0,0.4869109947643979,2.053763440860215,SCN4A:p.R672G,SCN4A,LOF
wt_site,1,113,SCN3A:p.L855P,SCN3A,GOF,0.0,0.38095238095238093,0.0,SCN5A:p.L812Q,SCN5A,LOF
wt_site,1,114,SCN5A:p.L812Q,SCN5A,LOF,0.0,0.4869109947643979,0.0,SCN3A:p.L855P,SCN3A,GOF
wt_site,1,115,SCN1A:p.R865G,SCN1A,GOF,0.0,0.43902439024390244,0.0,SCN4A:p.R225W,SCN4A,LOF
wt_site,1,116,SCN5A:p.K817E,SCN5A,LOF,1.0,0.4869109947643979,2.053763440860215,SCN4A:p.R1457H,SCN4A,LOF
wt_site,1,117,SCN1A:p.T875M,SCN1A,LOF,1.0,0.5609756097560976,1.7826086956521738,SCN5A:p.G1642E,SCN5A,LOF
wt_site,1,118,SCN3A:p.I875T,SCN3A,GOF,0.0,0.38095238095238093,0.0,SCN2A:p.L1330F,SCN2A,LOF
wt_site,1,119,SCN11A:p.G699R,SCN11A,GOF,1.0,0.38596491228070173,2.5909090909090913,SCN5A:p.P1332L,SCN5A,GOF
wt_site,1,120,SCN5A:p.L839P,SCN5A,LOF,1.0,0.4869109947643979,2.053763440860215,SCN3A:p.L247P,SCN3A,LOF
wt_site,1,121,SCN4A:p.T704M,SCN4A,GOF,0.0,0.3785488958990536,0.0,SCN5A:p.G1661R,SCN5A,LOF
wt_site,1,122,SCN1A:p.F902C,SCN1A,LOF,1.0,0.5609756097560976,1.7826086956521738,SCN5A:p.F851L,SCN5A,LOF
wt_site,1,123,SCN5A:p.F851L,SCN5A,LOF,1.0,0.4869109947643979,2.053763440860215,SCN1A:p.F902C,SCN1A,LOF
wt_site,1,124,SCN9A:p.V872G,SCN9A,GOF,1.0,0.3768545994065282,2.653543307086614,SCN11A:p.V1184A,SCN11A,GOF
wt_site,1,125,SCN2A:p.G899S,SCN2A,LOF,1.0,0.620253164556962,1.6122448979591837,SCN8A:p.G269R,SCN8A,LOF
wt_site,1,126,SCN1A:p.M909K,SCN1A,LOF,1.0,0.5609756097560976,1.7826086956521738,SCN5A:p.F851L,SCN5A,LOF
wt_site,1,127,SCN10A:p.R814H,SCN10A,GOF,1.0,0.3885542168674699,2.5736434108527133,SCN2A:p.K908E,SCN2A,GOF
wt_site,1,128,SCN2A:p.K908E,SCN2A,GOF,1.0,0.379746835443038,2.6333333333333333,SCN10A:p.R814H,SCN10A,GOF
wt_site,1,129,SCN5A:p.W879R,SCN5A,LOF,0.0,0.4869109947643979,0.0,SCN10A:p.R814H,SCN10A,GOF
wt_site,1,130,SCN1A:p.H939Q,SCN1A,LOF,1.0,0.5609756097560976,1.7826086956521738,SCN5A:p.N1722D,SCN5A,LOF
wt_site,1,131,SCN5A:p.I890T,SCN5A,LOF,1.0,0.4869109947643979,2.053763440860215,SCN1A:p.M956T,SCN1A,LOF
wt_site,1,132,SCN5A:p.F892I,SCN5A,LOF,1.0,0.4869109947643979,2.053763440860215,SCN1A:p.M956T,SCN1A,LOF
wt_site,1,133,SCN1A:p.R946C,SCN1A,LOF,1.0,0.5609756097560976,1.7826086956521738,SCN2A:p.R937H,SCN2A,LOF
wt_site,1,134,SCN2A:p.R937C,SCN2A,LOF,1.0,0.620253164556962,1.6122448979591837,SCN1A:p.R946C,SCN1A,LOF
wt_site,1,135,SCN1A:p.R946H,SCN1A,LOF,1.0,0.5609756097560976,1.7826086956521738,SCN2A:p.R937H,SCN2A,LOF
wt_site,1,136,SCN2A:p.R937H,SCN2A,LOF,1.0,0.620253164556962,1.6122448979591837,SCN1A:p.R946C,SCN1A,LOF
wt_site,1,137,SCN5A:p.E901K,SCN5A,LOF,0.0,0.4869109947643979,0.0,SCN8A:p.N374K,SCN8A,GOF
wt_site,1,138,SCN1A:p.M956T,SCN1A,LOF,1.0,0.5609756097560976,1.7826086956521738,SCN2A:p.L1330F,SCN2A,LOF
wt_site,1,139,SCN1A:p.C959R,SCN1A,LOF,1.0,0.5609756097560976,1.7826086956521738,SCN5A:p.A1428V,SCN5A,LOF
wt_site,1,140,SCN5A:p.S910L,SCN5A,LOF,0.0,0.4869109947643979,0.0,SCN2A:p.R1882Q,SCN2A,GOF
wt_site,1,141,SCN10A:p.L867F,SCN10A,LOF,1.0,0.6114457831325302,1.6354679802955663,SCN5A:p.L325R,SCN5A,LOF
wt_site,1,142,SCN1A:p.G979R,SCN1A,LOF,1.0,0.5609756097560976,1.7826086956521738,SCN8A:p.G964R,SCN8A,LOF
wt_site,1,143,SCN8A:p.G964R,SCN8A,LOF,1.0,0.6196319018404908,1.613861386138614,SCN1A:p.G979R,SCN1A,LOF
wt_site,1,144,SCN5A:p.N927S,SCN5A,LOF,0.0,0.4869109947643979,0.0,SCN1A:p.F1774S,SCN1A,GOF
wt_site,1,145,SCN5A:p.L928P,SCN5A,LOF,1.0,0.4869109947643979,2.053763440860215,SCN1A:p.L986F,SCN1A,LOF
wt_site,1,146,SCN1A:p.V983A,SCN1A,LOF,0.0,0.5609756097560976,0.0,SCN5A:p.V1763M,SCN5A,GOF
wt_site,1,147,SCN1A:p.N985I,SCN1A,LOF,1.0,0.5609756097560976,1.7826086956521738,SCN5A:p.N406S,SCN5A,LOF
wt_site,1,148,SCN1A:p.L986F,SCN1A,LOF,0.0,0.5609756097560976,0.0,SCN4A:p.L796V,SCN4A,GOF
wt_site,1,149,SCN4A:p.L796V,SCN4A,GOF,0.0,0.3785488958990536,0.0,SCN1A:p.L986F,SCN1A,LOF
wt_site,1,150,SCN5A:p.S941N,SCN5A,GOF,1.0,0.5130890052356021,1.9489795918367347,SCN8A:p.N1768D,SCN8A,GOF
wt_site,1,151,SCN11A:p.N816K,SCN11A,GOF,0.0,0.38596491228070173,0.0,SCN1A:p.N1011I,SCN1A,LOF
wt_site,1,152,SCN2A:p.E999K,SCN2A,GOF,0.0,0.379746835443038,0.0,SCN1A:p.E78D,SCN1A,LOF
wt_site,1,153,SCN1A:p.N1011I,SCN1A,LOF,0.0,0.5609756097560976,0.0,SCN2A:p.E999K,SCN2A,GOF
wt_site,1,154,SCN5A:p.R965C,SCN5A,LOF,0.0,0.4869109947643979,0.0,SCN8A:p.R1872W,SCN8A,GOF
wt_site,1,155,SCN5A:p.R1023H,SCN5A,LOF,0.0,0.4869109947643979,0.0,SCN9A:p.Q10R,SCN9A,GOF
wt_site,1,156,SCN10A:p.P1102S,SCN10A,GOF,1.0,0.3885542168674699,2.5736434108527133,SCN5A:p.P2006A,SCN5A,GOF
wt_site,1,157,SCN5A:p.S1103Y,SCN5A,GOF,1.0,0.5130890052356021,1.9489795918367347,SCN10A:p.L554P,SCN10A,GOF
wt_site,1,158,SCN5A:p.P1177L,SCN5A,GOF,1.0,0.5130890052356021,1.9489795918367347,SCN10A:p.P1102S,SCN10A,GOF
wt_site,1,159,SCN5A:p.R1193Q,SCN5A,LOF,0.0,0.4869109947643979,0.0,SCN8A:p.R1872W,SCN8A,GOF
wt_site,1,160,SCN5A:p.S1218I,SCN5A,LOF,0.0,0.4869109947643979,0.0,SCN4A:p.N1366S,SCN4A,GOF
wt_site,1,161,SCN5A:p.E1225K,SCN5A,LOF,1.0,0.4869109947643979,2.053763440860215,SCN1A:p.E788K,SCN1A,LOF
wt_site,1,162,SCN5A:p.R1232W,SCN5A,LOF,0.0,0.4869109947643979,0.0,SCN8A:p.R1872W,SCN8A,GOF
wt_site,1,163,SCN1A:p.M1267I,SCN1A,LOF,0.0,0.5609756097560976,0.0,SCN3A:p.M1765I,SCN3A,GOF
wt_site,1,164,SCN5A:p.G1262S,SCN5A,LOF,1.0,0.4869109947643979,2.053763440860215,SCN1A:p.G177E,SCN1A,LOF
wt_site,1,165,SCN5A:p.A1294G,SCN5A,LOF,0.0,0.4869109947643979,0.0,SCN10A:p.A1886V,SCN10A,GOF
wt_site,1,166,SCN5A:p.E1295K,SCN5A,GOF,0.0,0.5130890052356021,0.0,SCN2A:p.D12N,SCN2A,LOF
wt_site,1,167,SCN5A:p.T1304M,SCN5A,GOF,1.0,0.5130890052356021,1.9489795918367347,SCN3A:p.L855P,SCN3A,GOF
wt_site,1,168,SCN2A:p.R1312T,SCN2A,LOF,1.0,0.620253164556962,1.6122448979591837,SCN4A:p.R225W,SCN4A,LOF
wt_site,1,169,SCN11A:p.L1158P,SCN11A,GOF,0.0,0.38596491228070173,0.0,SCN1A:p.I227S,SCN1A,LOF
wt_site,1,170,SCN2A:p.R1319Q,SCN2A,LOF,1.0,0.620253164556962,1.6122448979591837,SCN10A:p.R1588Q,SCN10A,LOF
wt_site,1,171,SCN5A:p.G1319V,SCN5A,LOF,1.0,0.4869109947643979,2.053763440860215,SCN1A:p.T875M,SCN1A,LOF
wt_site,1,172,SCN5A:p.N1325S,SCN5A,GOF,1.0,0.5130890052356021,1.9489795918367347,SCN4A:p.F1473S,SCN4A,GOF
wt_site,1,173,SCN2A:p.L1330F,SCN2A,LOF,0.0,0.620253164556962,0.0,SCN3A:p.I875T,SCN3A,GOF
wt_site,1,174,SCN5A:p.V1328M,SCN5A,GOF,0.0,0.5130890052356021,0.0,SCN1A:p.M1664K,SCN1A,LOF
wt_site,1,175,SCN5A:p.A1330P,SCN5A,GOF,1.0,0.5130890052356021,1.9489795918367347,SCN4A:p.A1156T,SCN4A,GOF
wt_site,1,176,SCN4A:p.A1156T,SCN4A,GOF,1.0,0.3785488958990536,2.6416666666666666,SCN5A:p.A1330T,SCN5A,GOF
wt_site,1,177,SCN5A:p.A1330T,SCN5A,GOF,1.0,0.5130890052356021,1.9489795918367347,SCN4A:p.A1156T,SCN4A,GOF
wt_site,1,178,SCN3A:p.P1333L,SCN3A,GOF,1.0,0.38095238095238093,2.625,SCN4A:p.P1158L,SCN4A,GOF
wt_site,1,179,SCN4A:p.P1158L,SCN4A,GOF,1.0,0.3785488958990536,2.6416666666666666,SCN3A:p.P1333L,SCN3A,GOF
wt_site,1,180,SCN5A:p.P1332L,SCN5A,GOF,1.0,0.5130890052356021,1.9489795918367347,SCN3A:p.P1333L,SCN3A,GOF
wt_site,1,181,SCN5A:p.S1333Y,SCN5A,GOF,1.0,0.5130890052356021,1.9489795918367347,SCN2A:p.S1336Y,SCN2A,GOF
wt_site,1,182,SCN2A:p.S1336Y,SCN2A,GOF,1.0,0.379746835443038,2.6333333333333333,SCN5A:p.S1333Y,SCN5A,GOF
wt_site,1,183,SCN8A:p.I1327V,SCN8A,GOF,0.0,0.3803680981595092,0.0,SCN3A:p.L247P,SCN3A,LOF
wt_site,1,184,SCN2A:p.N1339D,SCN2A,GOF,0.0,0.379746835443038,0.0,SCN1A:p.D249E,SCN1A,LOF
wt_site,1,185,SCN8A:p.L1331V,SCN8A,GOF,1.0,0.3803680981595092,2.629032258064516,SCN4A:p.T704M,SCN4A,GOF
wt_site,1,186,SCN11A:p.V1184A,SCN11A,GOF,0.0,0.38596491228070173,0.0,SCN1A:p.V1353L,SCN1A,LOF
wt_site,1,187,SCN5A:p.V1340I,SCN5A,LOF,1.0,0.4869109947643979,2.053763440860215,SCN1A:p.V1353L,SCN1A,LOF
wt_site,1,188,SCN1A:p.V1353L,SCN1A,LOF,1.0,0.5609756097560976,1.7826086956521738,SCN5A:p.V1340I,SCN5A,LOF
wt_site,1,189,SCN5A:p.F1344S,SCN5A,LOF,1.0,0.4869109947643979,2.053763440860215,SCN1A:p.V1353L,SCN1A,LOF
wt_site,1,190,SCN5A:p.W1345C,SCN5A,LOF,1.0,0.4869109947643979,2.053763440860215,SCN1A:p.F902C,SCN1A,LOF
wt_site,1,191,SCN5A:p.L1346P,SCN5A,LOF,1.0,0.4869109947643979,2.053763440860215,SCN1A:p.S259R,SCN1A,LOF
wt_site,1,192,SCN1A:p.V1366I,SCN1A,LOF,0.0,0.5609756097560976,0.0,SCN5A:p.V1667I,SCN5A,GOF
wt_site,1,193,SCN10A:p.A1304T,SCN10A,GOF,0.0,0.3885542168674699,0.0,SCN1A:p.A1685V,SCN1A,LOF
wt_site,1,194,SCN8A:p.T1360N,SCN8A,LOF,1.0,0.6196319018404908,1.613861386138614,SCN1A:p.T297I,SCN1A,LOF
wt_site,1,195,SCN5A:p.V1378M,SCN5A,LOF,1.0,0.4869109947643979,2.053763440860215,SCN10A:p.V94G,SCN10A,LOF
wt_site,1,196,SCN5A:p.N1380K,SCN5A,LOF,0.0,0.4869109947643979,0.0,SCN2A:p.K908E,SCN2A,GOF
wt_site,1,197,SCN5A:p.S1382I,SCN5A,LOF,1.0,0.4869109947643979,2.053763440860215,SCN1A:p.G1749E,SCN1A,LOF
wt_site,1,198,SCN4A:p.C1209F,SCN4A,LOF,1.0,0.6214511041009464,1.6091370558375635,SCN2A:p.C1386R,SCN2A,LOF
wt_site,1,199,SCN2A:p.C1386R,SCN2A,LOF,1.0,0.620253164556962,1.6122448979591837,SCN4A:p.C1209F,SCN4A,LOF
wt_site,1,200,SCN5A:p.V1405L,SCN5A,LOF,0.0,0.4869109947643979,0.0,SCN3A:p.V1769A,SCN3A,GOF
wt_site,1,201,SCN5A:p.V1405M,SCN5A,LOF,0.0,0.4869109947643979,0.0,SCN3A:p.V1769A,SCN3A,GOF
wt_site,1,202,SCN5A:p.G1406E,SCN5A,LOF,0.0,0.4869109947643979,0.0,SCN2A:p.M1879T,SCN2A,GOF
wt_site,1,203,SCN5A:p.G1406R,SCN5A,LOF,0.0,0.4869109947643979,0.0,SCN2A:p.M1879T,SCN2A,GOF
wt_site,1,204,SCN1A:p.G1421W,SCN1A,LOF,1.0,0.5609756097560976,1.7826086956521738,SCN5A:p.G1748D,SCN5A,LOF
wt_site,1,205,SCN2A:p.T1420M,SCN2A,LOF,1.0,0.620253164556962,1.6122448979591837,SCN5A:p.T1709M,SCN5A,LOF
wt_site,1,206,SCN5A:p.G1420R,SCN5A,LOF,0.0,0.4869109947643979,0.0,SCN10A:p.G1662S,SCN10A,GOF
wt_site,1,207,SCN5A:p.G1420V,SCN5A,LOF,0.0,0.4869109947643979,0.0,SCN10A:p.G1662S,SCN10A,GOF
wt_site,1,208,SCN5A:p.A1428S,SCN5A,LOF,1.0,0.4869109947643979,2.053763440860215,SCN1A:p.C959R,SCN1A,LOF
wt_site,1,209,SCN5A:p.A1428V,SCN5A,LOF,1.0,0.4869109947643979,2.053763440860215,SCN1A:p.C959R,SCN1A,LOF
wt_site,1,210,SCN5A:p.D1430N,SCN5A,LOF,0.0,0.4869109947643979,0.0,SCN1A:p.D1866Y,SCN1A,GOF
wt_site,1,211,SCN5A:p.R1432G,SCN5A,LOF,0.0,0.4869109947643979,0.0,SCN8A:p.R1872W,SCN8A,GOF
wt_site,1,212,SCN5A:p.Y1449C,SCN5A,LOF,1.0,0.4869109947643979,2.053763440860215,SCN1A:p.F1765L,SCN1A,LOF
wt_site,1,213,SCN5A:p.T1461S,SCN5A,LOF,1.0,0.4869109947643979,2.053763440860215,SCN10A:p.L388M,SCN10A,LOF
wt_site,1,214,SCN4A:p.V1293I,SCN4A,GOF,1.0,0.3785488958990536,2.6416666666666666,SCN2A:p.V423L,SCN2A,GOF
wt_site,1,215,SCN2A:p.I1473M,SCN2A,GOF,1.0,0.379746835443038,2.6333333333333333,SCN4A:p.F1298C,SCN4A,GOF
wt_site,1,216,SCN4A:p.N1297K,SCN4A,GOF,1.0,0.3785488958990536,2.6416666666666666,SCN5A:p.N1774D,SCN5A,GOF
wt_site,1,217,SCN4A:p.N1297S,SCN4A,GOF,1.0,0.3785488958990536,2.6416666666666666,SCN5A:p.N1774D,SCN5A,GOF
wt_site,1,218,SCN4A:p.F1298C,SCN4A,GOF,1.0,0.3785488958990536,2.6416666666666666,SCN5A:p.F1473C,SCN5A,GOF
wt_site,1,219,SCN5A:p.F1473C,SCN5A,GOF,1.0,0.5130890052356021,1.9489795918367347,SCN4A:p.F1298C,SCN4A,GOF
wt_site,1,220,SCN5A:p.F1473S,SCN5A,GOF,1.0,0.5130890052356021,1.9489795918367347,SCN4A:p.F1298C,SCN4A,GOF
wt_site,1,221,SCN5A:p.Q1475P,SCN5A,GOF,1.0,0.5130890052356021,1.9489795918367347,SCN1A:p.Q1489H,SCN1A,GOF
wt_site,1,222,SCN1A:p.Q1489H,SCN1A,GOF,1.0,0.43902439024390244,2.2777777777777777,SCN5A:p.Q1476R,SCN5A,GOF
wt_site,1,223,SCN1A:p.Q1489K,SCN1A,GOF,1.0,0.43902439024390244,2.2777777777777777,SCN5A:p.Q1476R,SCN5A,GOF
wt_site,1,224,SCN5A:p.Q1476R,SCN5A,GOF,1.0,0.5130890052356021,1.9489795918367347,SCN1A:p.Q1489K,SCN1A,GOF
wt_site,1,225,SCN4A:p.G1306E,SCN4A,GOF,1.0,0.3785488958990536,2.6416666666666666,SCN8A:p.G1475R,SCN8A,GOF
wt_site,1,226,SCN8A:p.G1475R,SCN8A,GOF,1.0,0.3803680981595092,2.629032258064516,SCN4A:p.G1306E,SCN4A,GOF
wt_site,1,227,SCN1A:p.I1498M,SCN1A,LOF,0.0,0.5609756097560976,0.0,SCN4A:p.I1310N,SCN4A,GOF
wt_site,1,228,SCN4A:p.I1310N,SCN4A,GOF,0.0,0.3785488958990536,0.0,SCN1A:p.I1498M,SCN1A,LOF
wt_site,1,229,SCN5A:p.F1486L,SCN5A,GOF,1.0,0.5130890052356021,1.9489795918367347,SCN1A:p.F1499L,SCN1A,GOF
wt_site,1,230,SCN1A:p.F1499L,SCN1A,GOF,1.0,0.43902439024390244,2.2777777777777777,SCN5A:p.F1486L,SCN5A,GOF
wt_site,1,231,SCN1A:p.M1500V,SCN1A,GOF,1.0,0.43902439024390244,2.2777777777777777,SCN5A:p.F1486L,SCN5A,GOF
wt_site,1,232,SCN4A:p.T1313A,SCN4A,GOF,1.0,0.3785488958990536,2.6416666666666666,SCN3A:p.T1486I,SCN3A,GOF
wt_site,1,233,SCN4A:p.T1313M,SCN4A,GOF,1.0,0.3785488958990536,2.6416666666666666,SCN3A:p.T1486I,SCN3A,GOF
wt_site,1,234,SCN3A:p.T1486I,SCN3A,GOF,1.0,0.38095238095238093,2.625,SCN4A:p.T1313A,SCN4A,GOF
wt_site,1,235,SCN8A:p.A1491V,SCN8A,GOF,1.0,0.3803680981595092,2.629032258064516,SCN2A:p.M1879T,SCN2A,GOF
wt_site,1,236,SCN5A:p.P1506S,SCN5A,LOF,1.0,0.4869109947643979,2.053763440860215,SCN10A:p.V94G,SCN10A,LOF
wt_site,1,237,SCN5A:p.R1512W,SCN5A,LOF,1.0,0.4869109947643979,2.053763440860215,SCN1A:p.R1525Q,SCN1A,LOF
wt_site,1,238,SCN1A:p.R1525Q,SCN1A,LOF,1.0,0.5609756097560976,1.7826086956521738,SCN5A:p.R1512W,SCN5A,LOF
wt_site,1,239,SCN5A:p.N1541D,SCN5A,LOF,0.0,0.4869109947643979,0.0,SCN4A:p.N1366S,SCN4A,GOF
wt_site,1,240,SCN4A:p.N1366S,SCN4A,GOF,0.0,0.3785488958990536,0.0,SCN5A:p.N1541D,SCN5A,LOF
wt_site,1,241,SCN1A:p.R1575C,SCN1A,GOF,1.0,0.43902439024390244,2.2777777777777777,SCN8A:p.R1872W,SCN8A,GOF
wt_site,1,242,SCN2A:p.I1571T,SCN2A,GOF,1.0,0.379746835443038,2.6333333333333333,SCN11A:p.I381T,SCN11A,GOF
wt_site,1,243,SCN10A:p.V1518I,SCN10A,LOF,0.0,0.6114457831325302,0.0,SCN1A:p.V1611F,SCN1A,GOF
wt_site,1,244,SCN1A:p.E1587K,SCN1A,LOF,1.0,0.5609756097560976,1.7826086956521738,SCN5A:p.E1574K,SCN5A,LOF
wt_site,1,245,SCN5A:p.E1574K,SCN5A,LOF,1.0,0.4869109947643979,2.053763440860215,SCN1A:p.E1587K,SCN1A,LOF
wt_site,1,246,SCN1A:p.R1596C,SCN1A,LOF,1.0,0.5609756097560976,1.7826086956521738,SCN5A:p.R1583C,SCN5A,LOF
wt_site,1,247,SCN5A:p.R1583C,SCN5A,LOF,1.0,0.4869109947643979,2.053763440860215,SCN1A:p.R1596C,SCN1A,LOF
wt_site,1,248,SCN2A:p.Y1589C,SCN2A,GOF,0.0,0.379746835443038,0.0,SCN5A:p.Y1449C,SCN5A,LOF
wt_site,1,249,SCN2A:p.F1597L,SCN2A,GOF,1.0,0.379746835443038,2.6333333333333333,SCN4A:p.F1298C,SCN4A,GOF
wt_site,1,250,SCN5A:p.D1595N,SCN5A,LOF,1.0,0.4869109947643979,2.053763440860215,SCN1A:p.E1587K,SCN1A,LOF
wt_site,1,251,SCN1A:p.V1611F,SCN1A,GOF,0.0,0.43902439024390244,0.0,SCN10A:p.V1518I,SCN10A,LOF
wt_site,1,252,SCN5A:p.S1609L,SCN5A,GOF,1.0,0.5130890052356021,1.9489795918367347,SCN2A:p.R1882G,SCN2A,GOF
wt_site,1,253,SCN1A:p.L1624P,SCN1A,GOF,0.0,0.43902439024390244,0.0,SCN5A:p.L567Q,SCN5A,LOF
wt_site,1,254,SCN4A:p.V1442E,SCN4A,LOF,0.0,0.6214511041009464,0.0,SCN2A:p.V208E,SCN2A,GOF
wt_site,1,255,SCN1A:p.P1632S,SCN1A,LOF,1.0,0.5609756097560976,1.7826086956521738,SCN2A:p.P1622S,SCN2A,LOF
wt_site,1,256,SCN2A:p.P1622S,SCN2A,LOF,1.0,0.620253164556962,1.6122448979591837,SCN1A:p.P1632S,SCN1A,LOF
wt_site,1,257,SCN2A:p.T1623N,SCN2A,GOF,0.0,0.379746835443038,0.0,SCN5A:p.T1620M,SCN5A,LOF
wt_site,1,258,SCN5A:p.T1620M,SCN5A,LOF,0.0,0.4869109947643979,0.0,SCN2A:p.T1623N,SCN2A,GOF
wt_site,1,259,SCN3A:p.R1621G,SCN3A,GOF,1.0,0.38095238095238093,2.625,SCN8A:p.R1617Q,SCN8A,GOF
wt_site,1,260,SCN3A:p.R1621Q,SCN3A,GOF,1.0,0.38095238095238093,2.625,SCN8A:p.R1617Q,SCN8A,GOF
wt_site,1,261,SCN5A:p.R1623Q,SCN5A,GOF,1.0,0.5130890052356021,1.9489795918367347,SCN8A:p.R1617Q,SCN8A,GOF
wt_site,1,262,SCN8A:p.R1617Q,SCN8A,GOF,1.0,0.3803680981595092,2.629032258064516,SCN3A:p.R1621Q,SCN3A,GOF
wt_site,1,263,SCN4A:p.R1451C,SCN4A,LOF,1.0,0.6214511041009464,1.6091370558375635,SCN8A:p.R1620L,SCN8A,LOF
wt_site,1,264,SCN5A:p.R1626P,SCN5A,GOF,0.0,0.5130890052356021,0.0,SCN4A:p.R1451C,SCN4A,LOF
wt_site,1,265,SCN4A:p.R1451L,SCN4A,LOF,1.0,0.6214511041009464,1.6091370558375635,SCN8A:p.R1620L,SCN8A,LOF
wt_site,1,266,SCN8A:p.R1620L,SCN8A,LOF,1.0,0.6196319018404908,1.613861386138614,SCN4A:p.R1451C,SCN4A,LOF
wt_site,1,267,SCN8A:p.A1622D,SCN8A,GOF,1.0,0.3803680981595092,2.629032258064516,SCN5A:p.G1631D,SCN5A,GOF
wt_site,1,268,SCN5A:p.R1629Q,SCN5A,LOF,1.0,0.4869109947643979,2.053763440860215,SCN4A:p.R1454W,SCN4A,LOF
wt_site,1,269,SCN4A:p.R1454W,SCN4A,LOF,1.0,0.6214511041009464,1.6091370558375635,SCN5A:p.R1629Q,SCN5A,LOF
wt_site,1,270,SCN5A:p.G1631D,SCN5A,GOF,1.0,0.5130890052356021,1.9489795918367347,SCN8A:p.A1622D,SCN8A,GOF
wt_site,1,271,SCN5A:p.R1632C,SCN5A,LOF,1.0,0.4869109947643979,2.053763440860215,SCN4A:p.R1457H,SCN4A,LOF
wt_site,1,272,SCN4A:p.R1457H,SCN4A,LOF,1.0,0.6214511041009464,1.6091370558375635,SCN5A:p.R1632C,SCN5A,LOF
wt_site,1,273,SCN10A:p.R1588Q,SCN10A,LOF,1.0,0.6114457831325302,1.6354679802955663,SCN5A:p.R1644C,SCN5A,LOF
wt_site,1,274,SCN5A:p.G1642E,SCN5A,LOF,1.0,0.4869109947643979,2.053763440860215,SCN1A:p.T875M,SCN1A,LOF
wt_site,1,275,SCN1A:p.I1656M,SCN1A,LOF,0.0,0.5609756097560976,0.0,SCN3A:p.I875T,SCN3A,GOF
wt_site,1,276,SCN1A:p.R1657C,SCN1A,LOF,1.0,0.5609756097560976,1.7826086956521738,SCN8A:p.R1638C,SCN8A,LOF
wt_site,1,277,SCN5A:p.R1644C,SCN5A,LOF,1.0,0.4869109947643979,2.053763440860215,SCN8A:p.R1638C,SCN8A,LOF
wt_site,1,278,SCN8A:p.R1638C,SCN8A,LOF,1.0,0.6196319018404908,1.613861386138614,SCN1A:p.R1657C,SCN1A,LOF
wt_site,1,279,SCN5A:p.R1644H,SCN5A,GOF,0.0,0.5130890052356021,0.0,SCN8A:p.R1638C,SCN8A,LOF
wt_site,1,280,SCN3A:p.F1646C,SCN3A,GOF,1.0,0.38095238095238093,2.625,SCN1A:p.F1661L,SCN1A,GOF
wt_site,1,281,SCN1A:p.F1661L,SCN1A,GOF,1.0,0.43902439024390244,2.2777777777777777,SCN3A:p.F1646C,SCN3A,GOF
wt_site,1,282,SCN4A:p.F1473S,SCN4A,GOF,1.0,0.3785488958990536,2.6416666666666666,SCN1A:p.F1661L,SCN1A,GOF
wt_site,1,283,SCN1A:p.M1664K,SCN1A,LOF,0.0,0.5609756097560976,0.0,SCN5A:p.V1328M,SCN5A,GOF
wt_site,1,284,SCN5A:p.M1652R,SCN5A,GOF,0.0,0.5130890052356021,0.0,SCN1A:p.M1664K,SCN1A,LOF
wt_site,1,285,SCN2A:p.P1658S,SCN2A,LOF,0.0,0.620253164556962,0.0,SCN4A:p.P1158L,SCN4A,GOF
wt_site,1,286,SCN5A:p.A1656D,SCN5A,GOF,1.0,0.5130890052356021,1.9489795918367347,SCN2A:p.S1336Y,SCN2A,GOF
wt_site,1,287,SCN5A:p.I1660V,SCN5A,LOF,0.0,0.4869109947643979,0.0,SCN8A:p.I1327V,SCN8A,GOF
wt_site,1,288,SCN1A:p.G1674R,SCN1A,LOF,1.0,0.5609756097560976,1.7826086956521738,SCN5A:p.G1661R,SCN5A,LOF
wt_site,1,289,SCN5A:p.G1661R,SCN5A,LOF,1.0,0.4869109947643979,2.053763440860215,SCN1A:p.G1674R,SCN1A,LOF
wt_site,1,290,SCN5A:p.V1667I,SCN5A,GOF,1.0,0.5130890052356021,1.9489795918367347,SCN9A:p.V872G,SCN9A,GOF
wt_site,1,291,SCN3A:p.Y1669C,SCN3A,LOF,1.0,0.6190476190476191,1.6153846153846154,SCN5A:p.F851L,SCN5A,LOF
wt_site,1,292,SCN1A:p.A1685D,SCN1A,LOF,1.0,0.5609756097560976,1.7826086956521738,SCN5A:p.S1672Y,SCN5A,LOF
wt_site,1,293,SCN1A:p.A1685V,SCN1A,LOF,1.0,0.5609756097560976,1.7826086956521738,SCN5A:p.S1672Y,SCN5A,LOF
wt_site,1,294,SCN5A:p.S1672Y,SCN5A,LOF,1.0,0.4869109947643979,2.053763440860215,SCN1A:p.A1685V,SCN1A,LOF
wt_site,1,295,SCN10A:p.D1639N,SCN10A,LOF,1.0,0.6114457831325302,1.6354679802955663,SCN5A:p.D1690N,SCN5A,LOF
wt_site,1,296,SCN5A:p.D1690N,SCN5A,LOF,1.0,0.4869109947643979,2.053763440860215,SCN10A:p.D1639N,SCN10A,LOF
wt_site,1,297,SCN1A:p.T1709I,SCN1A,LOF,1.0,0.5609756097560976,1.7826086956521738,SCN10A:p.D1639N,SCN10A,LOF
wt_site,1,298,SCN5A:p.T1709M,SCN5A,LOF,1.0,0.4869109947643979,2.053763440860215,SCN2A:p.T1420M,SCN2A,LOF
wt_site,1,299,SCN5A:p.G1712C,SCN5A,LOF,0.0,0.4869109947643979,0.0,SCN10A:p.G1662S,SCN10A,GOF
wt_site,1,300,SCN10A:p.G1662S,SCN10A,GOF,0.0,0.3885542168674699,0.0,SCN5A:p.G1712C,SCN5A,LOF
wt_site,1,301,SCN5A:p.D1714G,SCN5A,LOF,0.0,0.4869109947643979,0.0,SCN8A:p.N374K,SCN8A,GOF
wt_site,1,302,SCN5A:p.N1722D,SCN5A,LOF,0.0,0.4869109947643979,0.0,SCN11A:p.N816K,SCN11A,GOF
wt_site,1,303,SCN5A:p.P1730H,SCN5A,LOF,1.0,0.4869109947643979,2.053763440860215,SCN1A:p.G1749E,SCN1A,LOF
wt_site,1,304,SCN1A:p.G1749E,SCN1A,LOF,1.0,0.5609756097560976,1.7826086956521738,SCN2A:p.D12N,SCN2A,LOF
wt_site,1,305,SCN5A:p.G1740R,SCN5A,LOF,1.0,0.4869109947643979,2.053763440860215,SCN1A:p.G1749E,SCN1A,LOF
wt_site,1,306,SCN5A:p.G1743R,SCN5A,LOF,1.0,0.4869109947643979,2.053763440860215,SCN1A:p.G1749E,SCN1A,LOF
wt_site,1,307,SCN5A:p.G1748D,SCN5A,LOF,1.0,0.4869109947643979,2.053763440860215,SCN10A:p.L867F,SCN10A,LOF
wt_site,1,308,SCN1A:p.F1765L,SCN1A,LOF,1.0,0.5609756097560976,1.7826086956521738,SCN5A:p.Y1449C,SCN5A,LOF
wt_site,1,309,SCN10A:p.I1706V,SCN10A,GOF,1.0,0.3885542168674699,2.5736434108527133,SCN11A:p.I381T,SCN11A,GOF
wt_site,1,310,SCN1A:p.F1774S,SCN1A,GOF,0.0,0.43902439024390244,0.0,SCN5A:p.N927S,SCN5A,LOF
wt_site,1,311,SCN5A:p.I1762A,SCN5A,GOF,1.0,0.5130890052356021,1.9489795918367347,SCN10A:p.I1706V,SCN10A,GOF
wt_site,1,312,SCN5A:p.V1763M,SCN5A,GOF,0.0,0.5130890052356021,0.0,SCN1A:p.V983A,SCN1A,LOF
wt_site,1,313,SCN8A:p.V1758A,SCN8A,LOF,0.0,0.6196319018404908,0.0,SCN5A:p.V1764M,SCN5A,GOF
wt_site,1,314,SCN5A:p.V1764M,SCN5A,GOF,0.0,0.5130890052356021,0.0,SCN8A:p.V1758A,SCN8A,LOF
wt_site,1,315,SCN3A:p.M1765I,SCN3A,GOF,1.0,0.38095238095238093,2.625,SCN8A:p.M1760I,SCN8A,GOF
wt_site,1,316,SCN8A:p.M1760I,SCN8A,GOF,1.0,0.3803680981595092,2.629032258064516,SCN3A:p.M1765I,SCN3A,GOF
wt_site,1,317,SCN5A:p.Y1767C,SCN5A,GOF,1.0,0.5130890052356021,1.9489795918367347,SCN8A:p.M1760I,SCN8A,GOF
wt_site,1,318,SCN5A:p.I1768V,SCN5A,GOF,1.0,0.5130890052356021,1.9489795918367347,SCN2A:p.I1473M,SCN2A,GOF
wt_site,1,319,SCN2A:p.A1773T,SCN2A,LOF,0.0,0.620253164556962,0.0,SCN3A:p.V1769A,SCN3A,GOF
wt_site,1,320,SCN3A:p.V1769A,SCN3A,GOF,1.0,0.38095238095238093,2.625,SCN4A:p.V1293I,SCN4A,GOF
wt_site,1,321,SCN5A:p.N1774D,SCN5A,GOF,1.0,0.5130890052356021,1.9489795918367347,SCN8A:p.N1768D,SCN8A,GOF
wt_site,1,322,SCN8A:p.N1768D,SCN8A,GOF,1.0,0.3803680981595092,2.629032258064516,SCN5A:p.N1774D,SCN5A,GOF
wt_site,1,323,SCN5A:p.S1787N,SCN5A,GOF,1.0,0.5130890052356021,1.9489795918367347,SCN2A:p.R1882Q,SCN2A,GOF
wt_site,1,324,SCN5A:p.Y1795C,SCN5A,GOF,1.0,0.5130890052356021,1.9489795918367347,SCN2A:p.M1879T,SCN2A,GOF
wt_site,1,325,SCN5A:p.Y1795H,SCN5A,LOF,0.0,0.4869109947643979,0.0,SCN2A:p.M1879T,SCN2A,GOF
wt_site,1,326,SCN2A:p.E1803G,SCN2A,GOF,0.0,0.379746835443038,0.0,SCN5A:p.E746K,SCN5A,LOF
wt_site,1,327,SCN4A:p.Q1633E,SCN4A,GOF,0.0,0.3785488958990536,0.0,SCN5A:p.Q1832E,SCN5A,LOF
wt_site,1,328,SCN1A:p.F1831S,SCN1A,LOF,1.0,0.5609756097560976,1.7826086956521738,SCN5A:p.L1825P,SCN5A,LOF
wt_site,1,329,SCN5A:p.L1825P,SCN5A,LOF,0.0,0.4869109947643979,0.0,SCN2A:p.M1879T,SCN2A,GOF
wt_site,1,330,SCN5A:p.Q1832E,SCN5A,LOF,0.0,0.4869109947643979,0.0,SCN9A:p.Q10R,SCN9A,GOF
wt_site,1,331,SCN5A:p.C1850S,SCN5A,LOF,0.0,0.4869109947643979,0.0,SCN2A:p.M1879T,SCN2A,GOF
wt_site,1,332,SCN1A:p.D1866Y,SCN1A,GOF,0.0,0.43902439024390244,0.0,SCN2A:p.D82G,SCN2A,LOF
wt_site,1,333,SCN2A:p.M1879T,SCN2A,GOF,1.0,0.379746835443038,2.6333333333333333,SCN8A:p.R1872W,SCN8A,GOF
wt_site,1,334,SCN8A:p.R1872L,SCN8A,GOF,1.0,0.3803680981595092,2.629032258064516,SCN2A:p.R1882Q,SCN2A,GOF
wt_site,1,335,SCN2A:p.R1882G,SCN2A,GOF,1.0,0.379746835443038,2.6333333333333333,SCN8A:p.R1872W,SCN8A,GOF
wt_site,1,336,SCN2A:p.R1882Q,SCN2A,GOF,1.0,0.379746835443038,2.6333333333333333,SCN8A:p.R1872W,SCN8A,GOF
wt_site,1,337,SCN8A:p.R1872Q,SCN8A,GOF,1.0,0.3803680981595092,2.629032258064516,SCN2A:p.R1882Q,SCN2A,GOF
wt_site,1,338,SCN8A:p.R1872W,SCN8A,GOF,1.0,0.3803680981595092,2.629032258064516,SCN2A:p.R1882Q,SCN2A,GOF
wt_site,1,339,SCN5A:p.R1897W,SCN5A,LOF,0.0,0.4869109947643979,0.0,SCN8A:p.R1872W,SCN8A,GOF
wt_site,1,340,SCN5A:p.R1898C,SCN5A,LOF,0.0,0.4869109947643979,0.0,SCN8A:p.R1872W,SCN8A,GOF
wt_site,1,341,SCN1A:p.Q1923R,SCN1A,LOF,1.0,0.5609756097560976,1.7826086956521738,SCN5A:p.R1897W,SCN5A,LOF
wt_site,1,342,SCN1A:p.R1927G,SCN1A,LOF,1.0,0.5609756097560976,1.7826086956521738,SCN5A:p.R1897W,SCN5A,LOF
wt_site,1,343,SCN1A:p.T1934I,SCN1A,LOF,0.0,0.5609756097560976,0.0,SCN8A:p.R1872W,SCN8A,GOF
wt_site,1,344,SCN10A:p.A1886V,SCN10A,GOF,0.0,0.3885542168674699,0.0,SCN5A:p.A551T,SCN5A,LOF
wt_site,1,345,SCN5A:p.I1968S,SCN5A,LOF,0.0,0.4869109947643979,0.0,SCN9A:p.Q10R,SCN9A,GOF
wt_site,1,346,SCN5A:p.F2004L,SCN5A,LOF,0.0,0.4869109947643979,0.0,SCN10A:p.L554P,SCN10A,GOF
wt_site,1,347,SCN5A:p.P2006A,SCN5A,GOF,1.0,0.5130890052356021,1.9489795918367347,SCN9A:p.Q10R,SCN9A,GOF
wt_site,3,0,SCN9A:p.Q10R,SCN9A,GOF,0.6666666666666666,0.3768545994065282,1.769028871391076,SCN2A:p.D12N;SCN5A:p.R18W;SCN5A:p.P2006A,SCN2A;SCN5A;SCN5A,LOF;GOF;GOF
wt_site,3,1,SCN2A:p.D12N,SCN2A,LOF,0.3333333333333333,0.620253164556962,0.5374149659863946,SCN9A:p.Q10R;SCN9A:p.D623N;SCN5A:p.D84N,SCN9A;SCN9A;SCN5A,GOF;GOF;LOF
wt_site,3,2,SCN5A:p.R18W,SCN5A,GOF,1.0,0.5130890052356021,1.9489795918367347,SCN9A:p.Q10R;SCN8A:p.R1872W;SCN8A:p.R1872Q,SCN9A;SCN8A;SCN8A,GOF;GOF;GOF
wt_site,3,3,SCN5A:p.R27H,SCN5A,LOF,0.0,0.4869109947643979,0.0,SCN8A:p.R1872W;SCN8A:p.R1872Q;SCN8A:p.R1872L,SCN8A;SCN8A;SCN8A,GOF;GOF;GOF
wt_site,3,4,SCN1A:p.E78D,SCN1A,LOF,1.0,0.5609756097560976,1.7826086956521738,SCN5A:p.D84N;SCN2A:p.D82G;SCN2A:p.D12N,SCN5A;SCN2A;SCN2A,LOF;LOF;LOF
wt_site,3,5,SCN5A:p.D84N,SCN5A,LOF,0.6666666666666666,0.4869109947643979,1.3691756272401432,SCN2A:p.D82G;SCN2A:p.D12N;SCN9A:p.D623N,SCN2A;SCN2A;SCN9A,LOF;LOF;GOF
wt_site,3,6,SCN2A:p.D82G,SCN2A,LOF,0.6666666666666666,0.620253164556962,1.0748299319727892,SCN5A:p.D84N;SCN9A:p.D623N;SCN1A:p.E78D,SCN5A;SCN9A;SCN1A,LOF;GOF;LOF
wt_site,3,7,SCN5A:p.F93S,SCN5A,LOF,0.6666666666666666,0.4869109947643979,1.3691756272401432,SCN10A:p.V94G;SCN1A:p.E78D;SCN9A:p.Q10R,SCN10A;SCN1A;SCN9A,LOF;LOF;GOF
wt_site,3,8,SCN10A:p.V94G,SCN10A,LOF,0.6666666666666666,0.6114457831325302,1.0903119868637108,SCN5A:p.F93S;SCN5A:p.D84N;SCN5A:p.R18W,SCN5A;SCN5A;SCN5A,LOF;LOF;GOF
wt_site,3,9,SCN4A:p.R104H,SCN4A,LOF,1.0,0.6214511041009464,1.6091370558375635,SCN5A:p.R104Q;SCN5A:p.R104W;SCN10A:p.V94G,SCN5A;SCN5A;SCN10A,LOF;LOF;LOF
wt_site,3,10,SCN5A:p.R104Q,SCN5A,LOF,0.6666666666666666,0.4869109947643979,1.3691756272401432,SCN4A:p.R104H;SCN10A:p.V94G;SCN8A:p.R1872W,SCN4A;SCN10A;SCN8A,LOF;LOF;GOF
wt_site,3,11,SCN5A:p.R104W,SCN5A,LOF,0.6666666666666666,0.4869109947643979,1.3691756272401432,SCN4A:p.R104H;SCN10A:p.V94G;SCN8A:p.R1872W,SCN4A;SCN10A;SCN8A,LOF;LOF;GOF
wt_site,3,12,SCN5A:p.R121W,SCN5A,LOF,0.6666666666666666,0.4869109947643979,1.3691756272401432,SCN4A:p.R104H;SCN11A:p.R222H;SCN1A:p.R1927G,SCN4A;SCN11A;SCN1A,LOF;GOF;LOF
wt_site,3,13,SCN5A:p.A124D,SCN5A,LOF,0.3333333333333333,0.4869109947643979,0.6845878136200716,SCN3A:p.I875T;SCN8A:p.A1491V;SCN1A:p.F1831S,SCN3A;SCN8A;SCN1A,GOF;GOF;LOF
wt_site,3,14,SCN5A:p.V125L,SCN5A,GOF,0.3333333333333333,0.5130890052356021,0.6496598639455782,SCN10A:p.V94G;SCN2A:p.M1879T;SCN4A:p.R104H,SCN10A;SCN2A;SCN4A,LOF;GOF;LOF
wt_site,3,15,SCN5A:p.K126E,SCN5A,LOF,0.3333333333333333,0.4869109947643979,0.6845878136200716,SCN10A:p.V94G;SCN8A:p.R1872L;SCN8A:p.R1872W,SCN10A;SCN8A;SCN8A,LOF;GOF;GOF
wt_site,3,16,SCN5A:p.L136P,SCN5A,LOF,0.3333333333333333,0.4869109947643979,0.6845878136200716,SCN8A:p.L1331V;SCN4A:p.T704M;SCN10A:p.L867F,SCN8A;SCN4A;SCN10A,GOF;GOF;LOF
wt_site,3,17,SCN8A:p.M139I,SCN8A,GOF,0.6666666666666666,0.3803680981595092,1.7526881720430105,SCN9A:p.I136V;SCN4A:p.I141V;SCN5A:p.L136P,SCN9A;SCN4A;SCN5A,GOF;GOF;LOF
wt_site,3,18,SCN4A:p.I141V,SCN4A,GOF,1.0,0.3785488958990536,2.6416666666666666,SCN9A:p.I136V;SCN5A:p.I1762A;SCN5A:p.I1768V,SCN9A;SCN5A;SCN5A,GOF;GOF;GOF
wt_site,3,19,SCN9A:p.I136V,SCN9A,GOF,1.0,0.3768545994065282,2.653543307086614,SCN4A:p.I141V;SCN5A:p.I1762A;SCN5A:p.I1768V,SCN4A;SCN5A;SCN5A,GOF;GOF;GOF
wt_site,3,20,SCN1A:p.M145T,SCN1A,LOF,1.0,0.5609756097560976,1.7826086956521738,SCN5A:p.M734V;SCN5A:p.A735V;SCN5A:p.A735T,SCN5A;SCN5A;SCN5A,LOF;LOF;LOF
wt_site,3,21,SCN5A:p.E161K,SCN5A,LOF,0.6666666666666666,0.4869109947643979,1.3691756272401432,SCN1A:p.E788K;SCN1A:p.D1866Y;SCN10A:p.D1639N,SCN1A;SCN1A;SCN10A,LOF;GOF;LOF
wt_site,3,22,SCN10A:p.Y158D,SCN10A,GOF,0.3333333333333333,0.3885542168674699,0.8578811369509043,SCN1A:p.R1575C;SCN5A:p.F93S;SCN5A:p.R1897W,SCN1A;SCN5A;SCN5A,GOF;LOF;LOF
wt_site,3,23,SCN5A:p.K175N,SCN5A,LOF,0.3333333333333333,0.4869109947643979,0.6845878136200716,SCN1A:p.E1587K;SCN4A:p.N1366S;SCN9A:p.N395K,SCN1A;SCN4A;SCN9A,LOF;GOF;GOF
wt_site,3,24,SCN5A:p.A178G,SCN5A,LOF,0.6666666666666666,0.4869109947643979,1.3691756272401432,SCN1A:p.G177E;SCN1A:p.G177A;SCN2A:p.A263V,SCN1A;SCN1A;SCN2A,LOF;LOF;GOF
wt_site,3,25,SCN1A:p.G177A,SCN1A,LOF,1.0,0.5609756097560976,1.7826086956521738,SCN5A:p.G1262S;SCN5A:p.R1583C;SCN5A:p.G1319V,SCN5A;SCN5A;SCN5A,LOF;LOF;LOF
wt_site,3,26,SCN1A:p.G177E,SCN1A,LOF,1.0,0.5609756097560976,1.7826086956521738,SCN5A:p.G1262S;SCN5A:p.R1583C;SCN5A:p.G1319V,SCN5A;SCN5A;SCN5A,LOF;LOF;LOF
wt_site,3,27,SCN5A:p.T187I,SCN5A,LOF,0.0,0.4869109947643979,0.0,SCN3A:p.T1486I;SCN4A:p.T1313A;SCN4A:p.T1313M,SCN3A;SCN4A;SCN4A,GOF;GOF;GOF
wt_site,3,28,SCN4A:p.M203K,SCN4A,LOF,0.0,0.6214511041009464,0.0,SCN3A:p.M1765I;SCN8A:p.M1760I;SCN8A:p.M139I,SCN3A;SCN8A;SCN8A,GOF;GOF;GOF
wt_site,3,29,SCN2A:p.V208E,SCN2A,GOF,0.3333333333333333,0.379746835443038,0.8777777777777777,SCN1A:p.L1624P;SCN4A:p.V1442E;SCN5A:p.A1294G,SCN1A;SCN4A;SCN5A,GOF;LOF;LOF
wt_site,3,30,SCN9A:p.S211P,SCN9A,GOF,0.3333333333333333,0.3768545994065282,0.884514435695538,SCN2A:p.T1623N;SCN5A:p.T1620M;SCN2A:p.P1622S,SCN2A;SCN5A;SCN2A,GOF;LOF;LOF
wt_site,3,31,SCN11A:p.R222H,SCN11A,GOF,0.0,0.38596491228070173,0.0,SCN10A:p.R756W;SCN5A:p.R808C;SCN1A:p.R859C,SCN10A;SCN5A;SCN1A,LOF;LOF;LOF
wt_site,3,32,SCN9A:p.F216S,SCN9A,GOF,1.0,0.3768545994065282,2.653543307086614,SCN8A:p.A1622D;SCN5A:p.F1473S;SCN5A:p.F1473C,SCN8A;SCN5A;SCN5A,GOF;GOF;GOF
wt_site,3,33,SCN8A:p.R223G,SCN8A,LOF,1.0,0.6196319018404908,1.613861386138614,SCN4A:p.R672H;SCN4A:p.R672G;SCN5A:p.R811H,SCN4A;SCN4A;SCN5A,LOF;LOF;LOF
wt_site,3,34,SCN5A:p.V223L,SCN5A,LOF,0.3333333333333333,0.4869109947643979,0.6845878136200716,SCN3A:p.L855P;SCN1A:p.V1353L;SCN11A:p.V1184A,SCN3A;SCN1A;SCN11A,GOF;LOF;GOF
wt_site,3,35,SCN4A:p.R225W,SCN4A,LOF,0.3333333333333333,0.6214511041009464,0.5363790186125211,SCN5A:p.R225W;SCN5A:p.R225P;SCN1A:p.R865G,SCN5A;SCN5A;SCN1A,LOF;GOF;GOF
wt_site,3,36,SCN5A:p.R225W,SCN5A,LOF,0.6666666666666666,0.4869109947643979,1.3691756272401432,SCN4A:p.R225W;SCN1A:p.R865G;SCN2A:p.R1312T,SCN4A;SCN1A;SCN2A,LOF;GOF;LOF
wt_site,3,37,SCN5A:p.R225P,SCN5A,GOF,0.3333333333333333,0.5130890052356021,0.6496598639455782,SCN4A:p.R225W;SCN1A:p.R865G;SCN2A:p.R1312T,SCN4A;SCN1A;SCN2A,LOF;GOF;LOF
wt_site,3,38,SCN5A:p.A226V,SCN5A,LOF,0.0,0.4869109947643979,0.0,SCN3A:p.L855P;SCN4A:p.A1156T;SCN2A:p.A263V,SCN3A;SCN4A;SCN2A,GOF;GOF;GOF
wt_site,3,39,SCN1A:p.I227S,SCN1A,LOF,0.0,0.5609756097560976,0.0,SCN11A:p.L1158P;SCN9A:p.I228M;SCN9A:p.I234T,SCN11A;SCN9A;SCN9A,GOF;GOF;GOF
wt_site,3,40,SCN9A:p.I228M,SCN9A,GOF,0.3333333333333333,0.3768545994065282,0.884514435695538,SCN1A:p.I227S;SCN1A:p.I1656M;SCN11A:p.L1158P,SCN1A;SCN1A;SCN11A,LOF;LOF;GOF
wt_site,3,41,SCN2A:p.T236S,SCN2A,GOF,0.3333333333333333,0.379746835443038,0.8777777777777777,SCN1A:p.T875M;SCN5A:p.N1325S;SCN5A:p.T1620M,SCN1A;SCN5A;SCN5A,LOF;GOF;LOF
wt_site,3,42,SCN9A:p.I234T,SCN9A,GOF,0.0,0.3768545994065282,0.0,SCN2A:p.L1330F;SCN3A:p.L247P;SCN1A:p.I1656M,SCN2A;SCN3A;SCN1A,LOF;LOF;LOF
wt_site,3,43,SCN9A:p.S241T,SCN9A,GOF,1.0,0.3768545994065282,2.653543307086614,SCN10A:p.S242T;SCN5A:p.A1330T;SCN5A:p.A1330P,SCN10A;SCN5A;SCN5A,GOF;GOF;GOF
wt_site,3,44,SCN10A:p.S242T,SCN10A,GOF,1.0,0.3885542168674699,2.5736434108527133,SCN9A:p.S241T;SCN5A:p.A1330T;SCN5A:p.A1330P,SCN9A;SCN5A;SCN5A,GOF;GOF;GOF
wt_site,3,45,SCN3A:p.L247P,SCN3A,LOF,0.6666666666666666,0.6190476190476191,1.0769230769230769,SCN5A:p.L839P;SCN8A:p.I1327V;SCN2A:p.L1330F,SCN5A;SCN8A;SCN2A,LOF;GOF;LOF
wt_site,3,46,SCN1A:p.D249E,SCN1A,LOF,0.0,0.5609756097560976,0.0,SCN2A:p.N1339D;SCN11A:p.G699R;SCN4A:p.P1158L,SCN2A;SCN11A;SCN4A,GOF;GOF;GOF
wt_site,3,47,SCN1A:p.S259R,SCN1A,LOF,1.0,0.5609756097560976,1.7826086956521738,SCN5A:p.L1346P;SCN5A:p.F851L;SCN5A:p.F1344S,SCN5A;SCN5A;SCN5A,LOF;LOF;LOF
wt_site,3,48,SCN2A:p.A263V,SCN2A,GOF,0.0,0.379746835443038,0.0,SCN1A:p.A1685V;SCN1A:p.A1685D;SCN5A:p.S1672Y,SCN1A;SCN1A;SCN5A,LOF;LOF;LOF
wt_site,3,49,SCN1A:p.L263V,SCN1A,GOF,0.3333333333333333,0.43902439024390244,0.7592592592592592,SCN4A:p.L796V;SCN5A:p.L1346P;SCN3A:p.L247P,SCN4A;SCN5A;SCN3A,GOF;LOF;LOF
wt_site,3,50,SCN8A:p.G269R,SCN8A,LOF,0.6666666666666666,0.6196319018404908,1.0759075907590758,SCN2A:p.G899S;SCN2A:p.A263V;SCN1A:p.A1685D,SCN2A;SCN2A;SCN1A,LOF;GOF;LOF
wt_site,3,51,SCN5A:p.L276Q,SCN5A,LOF,0.3333333333333333,0.4869109947643979,0.6845878136200716,SCN1A:p.L986F;SCN10A:p.R814H;SCN4A:p.L796V,SCN1A;SCN10A;SCN4A,LOF;GOF;GOF
wt_site,3,52,SCN5A:p.R282H,SCN5A,LOF,0.0,0.4869109947643979,0.0,SCN8A:p.R1872L;SCN8A:p.R1872W;SCN8A:p.R1872Q,SCN8A;SCN8A;SCN8A,GOF;GOF;GOF
wt_site,3,53,SCN5A:p.R282C,SCN5A,LOF,0.0,0.4869109947643979,0.0,SCN8A:p.R1872L;SCN8A:p.R1872W;SCN8A:p.R1872Q,SCN8A;SCN8A;SCN8A,GOF;GOF;GOF
wt_site,3,54,SCN1A:p.T297I,SCN1A,LOF,1.0,0.5609756097560976,1.7826086956521738,SCN8A:p.T1360N;SCN5A:p.S1382I;SCN5A:p.F93S,SCN8A;SCN5A;SCN5A,LOF;LOF;LOF
wt_site,3,55,SCN5A:p.L325R,SCN5A,LOF,0.3333333333333333,0.4869109947643979,0.6845878136200716,SCN10A:p.V94G;SCN2A:p.M1879T;SCN10A:p.L554P,SCN10A;SCN2A;SCN10A,LOF;GOF;GOF
wt_site,3,56,SCN5A:p.C335R,SCN5A,LOF,1.0,0.4869109947643979,2.053763440860215,SCN4A:p.C1209F;SCN2A:p.C1386R;SCN10A:p.V94G,SCN4A;SCN2A;SCN10A,LOF;LOF;LOF
wt_site,3,57,SCN5A:p.P336L,SCN5A,LOF,0.6666666666666666,0.4869109947643979,1.3691756272401432,SCN4A:p.P382T;SCN2A:p.D82G;SCN10A:p.P1102S,SCN4A;SCN2A;SCN10A,LOF;LOF;GOF
wt_site,3,58,SCN3A:p.K354Q,SCN3A,GOF,0.3333333333333333,0.38095238095238093,0.875,SCN2A:p.K908E;SCN5A:p.R282H;SCN5A:p.R282C,SCN2A;SCN5A;SCN5A,GOF;LOF;LOF
wt_site,3,59,SCN4A:p.P382T,SCN4A,LOF,1.0,0.6214511041009464,1.6091370558375635,SCN5A:p.P336L;SCN5A:p.P1506S;SCN5A:p.P1730H,SCN5A;SCN5A;SCN5A,LOF;LOF;LOF
wt_site,3,60,SCN5A:p.D349N,SCN5A,LOF,0.6666666666666666,0.4869109947643979,1.3691756272401432,SCN2A:p.D12N;SCN2A:p.D82G;SCN9A:p.D623N,SCN2A;SCN2A;SCN9A,LOF;LOF;GOF
wt_site,3,61,SCN5A:p.T353I,SCN5A,LOF,1.0,0.4869109947643979,2.053763440860215,SCN4A:p.P382T;SCN8A:p.T1360N;SCN1A:p.T1709I,SCN4A;SCN8A;SCN1A,LOF;LOF;LOF
wt_site,3,62,SCN5A:p.D356N,SCN5A,LOF,0.6666666666666666,0.4869109947643979,1.3691756272401432,SCN1A:p.D1866Y;SCN10A:p.D1639N;SCN1A:p.R393H,SCN1A;SCN10A;SCN1A,GOF;LOF;LOF
wt_site,3,63,SCN5A:p.R367C,SCN5A,LOF,1.0,0.4869109947643979,2.053763440860215,SCN2A:p.R379H;SCN1A:p.R946C;SCN1A:p.R946H,SCN2A;SCN1A;SCN1A,LOF;LOF;LOF
wt_site,3,64,SCN2A:p.R379H,SCN2A,LOF,1.0,0.620253164556962,1.6122448979591837,SCN5A:p.R367L;SCN5A:p.R367C;SCN5A:p.R367H,SCN5A;SCN5A;SCN5A,LOF;LOF;LOF
wt_site,3,65,SCN5A:p.R367H,SCN5A,LOF,1.0,0.4869109947643979,2.053763440860215,SCN2A:p.R379H;SCN1A:p.R946C;SCN1A:p.R946H,SCN2A;SCN1A;SCN1A,LOF;LOF;LOF
wt_site,3,66,SCN5A:p.R367L,SCN5A,LOF,1.0,0.4869109947643979,2.053763440860215,SCN2A:p.R379H;SCN1A:p.R946C;SCN1A:p.R946H,SCN2A;SCN1A;SCN1A,LOF;LOF;LOF
wt_site,3,67,SCN5A:p.M369K,SCN5A,LOF,0.6666666666666666,0.4869109947643979,1.3691756272401432,SCN2A:p.T1420M;SCN2A:p.R379H;SCN2A:p.V423L,SCN2A;SCN2A;SCN2A,LOF;LOF;GOF
wt_site,3,68,SCN5A:p.W374G,SCN5A,LOF,0.3333333333333333,0.4869109947643979,0.6845878136200716,SCN10A:p.G1662S;SCN1A:p.M956T;SCN4A:p.F1298C,SCN10A;SCN1A;SCN4A,GOF;LOF;GOF
wt_site,3,69,SCN5A:p.R376H,SCN5A,LOF,0.0,0.4869109947643979,0.0,SCN8A:p.N374K;SCN8A:p.R1872W;SCN8A:p.R1872Q,SCN8A;SCN8A;SCN8A,GOF;GOF;GOF
wt_site,3,70,SCN8A:p.N374K,SCN8A,GOF,0.0,0.3803680981595092,0.0,SCN5A:p.R376H;SCN5A:p.E901K;SCN5A:p.N1722D,SCN5A;SCN5A;SCN5A,LOF;LOF;LOF
wt_site,3,71,SCN1A:p.R393H,SCN1A,LOF,1.0,0.5609756097560976,1.7826086956521738,SCN5A:p.N1722D;SCN5A:p.R104W;SCN5A:p.R104Q,SCN5A;SCN5A;SCN5A,LOF;LOF;LOF
wt_site,3,72,SCN5A:p.G386R,SCN5A,LOF,0.3333333333333333,0.4869109947643979,0.6845878136200716,SCN10A:p.D1639N;SCN8A:p.G1475R;SCN4A:p.G1306E,SCN10A;SCN8A;SCN4A,LOF;GOF;GOF
wt_site,3,73,SCN11A:p.I381T,SCN11A,GOF,0.6666666666666666,0.38596491228070173,1.7272727272727273,SCN10A:p.I1706V;SCN10A:p.L867F;SCN1A:p.R1575C,SCN10A;SCN10A;SCN1A,GOF;LOF;GOF
wt_site,3,74,SCN5A:p.V396L,SCN5A,LOF,0.6666666666666666,0.4869109947643979,1.3691756272401432,SCN1A:p.V983A;SCN10A:p.I1706V;SCN8A:p.V1758A,SCN1A;SCN10A;SCN8A,LOF;GOF;LOF
wt_site,3,75,SCN10A:p.L388M,SCN10A,LOF,0.6666666666666666,0.6114457831325302,1.0903119868637108,SCN1A:p.V983A;SCN5A:p.T1461S;SCN5A:p.V1763M,SCN1A;SCN5A;SCN5A,LOF;LOF;GOF
wt_site,3,76,SCN4A:p.N440K,SCN4A,GOF,0.3333333333333333,0.3785488958990536,0.8805555555555555,SCN5A:p.N406S;SCN9A:p.N395K;SCN1A:p.N985I,SCN5A;SCN9A;SCN1A,LOF;GOF;LOF
wt_site,3,77,SCN9A:p.N395K,SCN9A,GOF,0.3333333333333333,0.3768545994065282,0.884514435695538,SCN5A:p.N406S;SCN4A:p.N440K;SCN1A:p.N985I,SCN5A;SCN4A;SCN1A,LOF;GOF;LOF
wt_site,3,78,SCN5A:p.N406S,SCN5A,LOF,0.3333333333333333,0.4869109947643979,0.6845878136200716,SCN9A:p.N395K;SCN4A:p.N440K;SCN1A:p.N985I,SCN9A;SCN4A;SCN1A,GOF;GOF;LOF
wt_site,3,79,SCN2A:p.V423L,SCN2A,GOF,1.0,0.379746835443038,2.6333333333333333,SCN9A:p.V400M;SCN5A:p.V411M;SCN4A:p.V445M,SCN9A;SCN5A;SCN4A,GOF;GOF;GOF
wt_site,3,80,SCN4A:p.V445M,SCN4A,GOF,1.0,0.3785488958990536,2.6416666666666666,SCN2A:p.V423L;SCN5A:p.V411M;SCN9A:p.V400M,SCN2A;SCN5A;SCN9A,GOF;GOF;GOF
wt_site,3,81,SCN5A:p.V411M,SCN5A,GOF,1.0,0.5130890052356021,1.9489795918367347,SCN9A:p.V400M;SCN2A:p.V423L;SCN4A:p.V445M,SCN9A;SCN2A;SCN4A,GOF;GOF;GOF
wt_site,3,82,SCN9A:p.V400M,SCN9A,GOF,1.0,0.3768545994065282,2.653543307086614,SCN2A:p.V423L;SCN5A:p.V411M;SCN4A:p.V445M,SCN2A;SCN5A;SCN4A,GOF;GOF;GOF
wt_site,3,83,SCN1A:p.Y426N,SCN1A,LOF,0.0,0.5609756097560976,0.0,SCN4A:p.F1298C;SCN5A:p.F1473C;SCN5A:p.F1473S,SCN4A;SCN5A;SCN5A,GOF;GOF;GOF
wt_site,3,84,SCN5A:p.R458C,SCN5A,GOF,0.6666666666666666,0.5130890052356021,1.2993197278911564,SCN9A:p.Q10R;SCN2A:p.D12N;SCN8A:p.R1872W,SCN9A;SCN2A;SCN8A,GOF;LOF;GOF
wt_site,3,85,SCN5A:p.A551T,SCN5A,LOF,0.3333333333333333,0.4869109947643979,0.6845878136200716,SCN10A:p.A1886V;SCN2A:p.D12N;SCN10A:p.L554P,SCN10A;SCN2A;SCN10A,GOF;LOF;GOF
wt_site,3,86,SCN5A:p.L567Q,SCN5A,LOF,0.3333333333333333,0.4869109947643979,0.6845878136200716,SCN10A:p.L554P;SCN9A:p.Q10R;SCN2A:p.D12N,SCN10A;SCN9A;SCN2A,GOF;GOF;LOF
wt_site,3,87,SCN5A:p.R569W,SCN5A,GOF,0.6666666666666666,0.5130890052356021,1.2993197278911564,SCN9A:p.Q10R;SCN2A:p.D12N;SCN8A:p.R1872W,SCN9A;SCN2A;SCN8A,GOF;LOF;GOF
wt_site,3,88,SCN10A:p.L554P,SCN10A,GOF,0.3333333333333333,0.3885542168674699,0.8578811369509043,SCN5A:p.L567Q;SCN5A:p.L619F;SCN5A:p.F2004L,SCN5A;SCN5A;SCN5A,LOF;GOF;LOF
wt_site,3,89,SCN5A:p.N592K,SCN5A,LOF,0.3333333333333333,0.4869109947643979,0.6845878136200716,SCN9A:p.Q10R;SCN9A:p.D623N;SCN2A:p.D12N,SCN9A;SCN9A;SCN2A,GOF;GOF;LOF
wt_site,3,90,SCN9A:p.D623N,SCN9A,GOF,0.0,0.3768545994065282,0.0,SCN2A:p.D12N;SCN5A:p.D84N;SCN5A:p.N592K,SCN2A;SCN5A;SCN5A,LOF;LOF;LOF
wt_site,3,91,SCN5A:p.L619F,SCN5A,GOF,1.0,0.5130890052356021,1.9489795918367347,SCN10A:p.L554P;SCN9A:p.Q10R;SCN9A:p.D623N,SCN10A;SCN9A;SCN9A,GOF;GOF;GOF
wt_site,3,92,SCN5A:p.R689H,SCN5A,LOF,0.0,0.4869109947643979,0.0,SCN8A:p.R1872W;SCN8A:p.R1872Q;SCN8A:p.R1872L,SCN8A;SCN8A;SCN8A,GOF;GOF;GOF
wt_site,3,93,SCN2A:p.T773I,SCN2A,GOF,1.0,0.379746835443038,2.6333333333333333,SCN8A:p.T767I;SCN4A:p.I141V;SCN9A:p.I136V,SCN8A;SCN4A;SCN9A,GOF;GOF;GOF
wt_site,3,94,SCN8A:p.T767I,SCN8A,GOF,1.0,0.3803680981595092,2.629032258064516,SCN2A:p.T773I;SCN4A:p.I141V;SCN9A:p.I136V,SCN2A;SCN4A;SCN9A,GOF;GOF;GOF
wt_site,3,95,SCN5A:p.M734V,SCN5A,LOF,0.3333333333333333,0.4869109947643979,0.6845878136200716,SCN1A:p.M145T;SCN8A:p.T767I;SCN2A:p.T773I,SCN1A;SCN8A;SCN2A,LOF;GOF;GOF
wt_site,3,96,SCN5A:p.A735E,SCN5A,LOF,0.6666666666666666,0.4869109947643979,1.3691756272401432,SCN2A:p.A263V;SCN2A:p.A1773T;SCN1A:p.A1685D,SCN2A;SCN2A;SCN1A,GOF;LOF;LOF
wt_site,3,97,SCN5A:p.A735T,SCN5A,LOF,0.6666666666666666,0.4869109947643979,1.3691756272401432,SCN2A:p.A263V;SCN2A:p.A1773T;SCN1A:p.A1685D,SCN2A;SCN2A;SCN1A,GOF;LOF;LOF
wt_site,3,98,SCN5A:p.A735V,SCN5A,LOF,0.6666666666666666,0.4869109947643979,1.3691756272401432,SCN2A:p.A263V;SCN2A:p.A1773T;SCN1A:p.A1685D,SCN2A;SCN2A;SCN1A,GOF;LOF;LOF
wt_site,3,99,SCN1A:p.E788K,SCN1A,LOF,0.6666666666666666,0.5609756097560976,1.188405797101449,SCN5A:p.E1225K;SCN5A:p.S1609L;SCN5A:p.E746K,SCN5A;SCN5A;SCN5A,LOF;GOF;LOF
wt_site,3,100,SCN1A:p.Y790C,SCN1A,LOF,0.6666666666666666,0.5609756097560976,1.188405797101449,SCN5A:p.F93S;SCN5A:p.D84N;SCN2A:p.R1882Q,SCN5A;SCN5A;SCN2A,LOF;LOF;GOF
wt_site,3,101,SCN5A:p.E746K,SCN5A,LOF,0.3333333333333333,0.4869109947643979,0.6845878136200716,SCN1A:p.E78D;SCN2A:p.R1882Q;SCN2A:p.R1882G,SCN1A;SCN2A;SCN2A,LOF;GOF;GOF
wt_site,3,102,SCN5A:p.G752R,SCN5A,LOF,0.0,0.4869109947643979,0.0,SCN1A:p.R1575C;SCN2A:p.M1879T;SCN11A:p.I381T,SCN1A;SCN2A;SCN11A,GOF;GOF;GOF
wt_site,3,103,SCN5A:p.D785N,SCN5A,LOF,0.6666666666666666,0.4869109947643979,1.3691756272401432,SCN1A:p.E1587K;SCN4A:p.R669H;SCN4A:p.N1366S,SCN1A;SCN4A;SCN4A,LOF;LOF;GOF
wt_site,3,104,SCN8A:p.G822R,SCN8A,LOF,0.3333333333333333,0.6196319018404908,0.5379537953795379,SCN2A:p.F1597L;SCN1A:p.M1267I;SCN5A:p.G1631D,SCN2A;SCN1A;SCN5A,GOF;LOF;GOF
wt_site,3,105,SCN10A:p.R756W,SCN10A,LOF,1.0,0.6114457831325302,1.6354679802955663,SCN5A:p.R808C;SCN1A:p.R859C;SCN1A:p.R859H,SCN5A;SCN1A;SCN1A,LOF;LOF;LOF
wt_site,3,106,SCN1A:p.R859H,SCN1A,LOF,1.0,0.5609756097560976,1.7826086956521738,SCN4A:p.R669H;SCN5A:p.R808C;SCN10A:p.R756W,SCN4A;SCN5A;SCN10A,LOF;LOF;LOF
wt_site,3,107,SCN4A:p.R669H,SCN4A,LOF,1.0,0.6214511041009464,1.6091370558375635,SCN1A:p.R859H;SCN1A:p.R859C;SCN5A:p.R808C,SCN1A;SCN1A;SCN5A,LOF;LOF;LOF
wt_site,3,108,SCN1A:p.R859C,SCN1A,LOF,1.0,0.5609756097560976,1.7826086956521738,SCN4A:p.R669H;SCN5A:p.R808C;SCN10A:p.R756W,SCN4A;SCN5A;SCN10A,LOF;LOF;LOF
wt_site,3,109,SCN5A:p.R808C,SCN5A,LOF,1.0,0.4869109947643979,2.053763440860215,SCN10A:p.R756W;SCN1A:p.R859C;SCN1A:p.R859H,SCN10A;SCN1A;SCN1A,LOF;LOF;LOF
wt_site,3,110,SCN4A:p.R672G,SCN4A,LOF,0.6666666666666666,0.6214511041009464,1.0727580372250423,SCN5A:p.R811H;SCN8A:p.R223G;SCN1A:p.R865G,SCN5A;SCN8A;SCN1A,LOF;LOF;GOF
wt_site,3,111,SCN4A:p.R672H,SCN4A,LOF,0.6666666666666666,0.6214511041009464,1.0727580372250423,SCN5A:p.R811H;SCN8A:p.R223G;SCN1A:p.R865G,SCN5A;SCN8A;SCN1A,LOF;LOF;GOF
wt_site,3,112,SCN5A:p.R811H,SCN5A,LOF,1.0,0.4869109947643979,2.053763440860215,SCN4A:p.R672G;SCN4A:p.R672H;SCN8A:p.R223G,SCN4A;SCN4A;SCN8A,LOF;LOF;LOF
wt_site,3,113,SCN3A:p.L855P,SCN3A,GOF,0.3333333333333333,0.38095238095238093,0.875,SCN5A:p.L812Q;SCN5A:p.V223L;SCN5A:p.T1304M,SCN5A;SCN5A;SCN5A,LOF;LOF;GOF
wt_site,3,114,SCN5A:p.L812Q,SCN5A,LOF,0.3333333333333333,0.4869109947643979,0.6845878136200716,SCN3A:p.L855P;SCN2A:p.L1330F;SCN4A:p.L796V,SCN3A;SCN2A;SCN4A,GOF;LOF;GOF
wt_site,3,115,SCN1A:p.R865G,SCN1A,GOF,0.3333333333333333,0.43902439024390244,0.7592592592592592,SCN4A:p.R225W;SCN5A:p.R811H;SCN5A:p.R225P,SCN4A;SCN5A;SCN5A,LOF;LOF;GOF
wt_site,3,116,SCN5A:p.K817E,SCN5A,LOF,0.6666666666666666,0.4869109947643979,1.3691756272401432,SCN4A:p.R1457H;SCN1A:p.R865G;SCN4A:p.R1454W,SCN4A;SCN1A;SCN4A,LOF;GOF;LOF
wt_site,3,117,SCN1A:p.T875M,SCN1A,LOF,0.6666666666666666,0.5609756097560976,1.188405797101449,SCN5A:p.G1642E;SCN5A:p.G1319V;SCN2A:p.T236S,SCN5A;SCN5A;SCN2A,LOF;LOF;GOF
wt_site,3,118,SCN3A:p.I875T,SCN3A,GOF,0.0,0.38095238095238093,0.0,SCN2A:p.L1330F;SCN1A:p.I1656M;SCN5A:p.L839P,SCN2A;SCN1A;SCN5A,LOF;LOF;LOF
wt_site,3,119,SCN11A:p.G699R,SCN11A,GOF,1.0,0.38596491228070173,2.5909090909090913,SCN5A:p.P1332L;SCN3A:p.P1333L;SCN4A:p.P1158L,SCN5A;SCN3A;SCN4A,GOF;GOF;GOF
wt_site,3,120,SCN5A:p.L839P,SCN5A,LOF,0.3333333333333333,0.4869109947643979,0.6845878136200716,SCN3A:p.L247P;SCN8A:p.I1327V;SCN8A:p.L1331V,SCN3A;SCN8A;SCN8A,LOF;GOF;GOF
wt_site,3,121,SCN4A:p.T704M,SCN4A,GOF,0.3333333333333333,0.3785488958990536,0.8805555555555555,SCN5A:p.G1661R;SCN1A:p.G1674R;SCN8A:p.L1331V,SCN5A;SCN1A;SCN8A,LOF;LOF;GOF
wt_site,3,122,SCN1A:p.F902C,SCN1A,LOF,1.0,0.5609756097560976,1.7826086956521738,SCN5A:p.F851L;SCN5A:p.L1346P;SCN5A:p.F1344S,SCN5A;SCN5A;SCN5A,LOF;LOF;LOF
wt_site,3,123,SCN5A:p.F851L,SCN5A,LOF,1.0,0.4869109947643979,2.053763440860215,SCN1A:p.F902C;SCN1A:p.S259R;SCN3A:p.Y1669C,SCN1A;SCN1A;SCN3A,LOF;LOF;LOF
wt_site,3,124,SCN9A:p.V872G,SCN9A,GOF,0.3333333333333333,0.3768545994065282,0.884514435695538,SCN11A:p.V1184A;SCN1A:p.V1353L;SCN5A:p.V1340I,SCN11A;SCN1A;SCN5A,GOF;LOF;LOF
wt_site,3,125,SCN2A:p.G899S,SCN2A,LOF,1.0,0.620253164556962,1.6122448979591837,SCN8A:p.G269R;SCN1A:p.A1685V;SCN1A:p.A1685D,SCN8A;SCN1A;SCN1A,LOF;LOF;LOF
wt_site,3,126,SCN1A:p.M909K,SCN1A,LOF,0.6666666666666666,0.5609756097560976,1.188405797101449,SCN5A:p.F851L;SCN10A:p.A1304T;SCN5A:p.L276Q,SCN5A;SCN10A;SCN5A,LOF;GOF;LOF
wt_site,3,127,SCN10A:p.R814H,SCN10A,GOF,0.3333333333333333,0.3885542168674699,0.8578811369509043,SCN2A:p.K908E;SCN5A:p.R1897W;SCN5A:p.R282H,SCN2A;SCN5A;SCN5A,GOF;LOF;LOF
wt_site,3,128,SCN2A:p.K908E,SCN2A,GOF,0.6666666666666666,0.379746835443038,1.7555555555555553,SCN10A:p.R814H;SCN5A:p.R18W;SCN5A:p.R1897W,SCN10A;SCN5A;SCN5A,GOF;GOF;LOF
wt_site,3,129,SCN5A:p.W879R,SCN5A,LOF,0.0,0.4869109947643979,0.0,SCN10A:p.R814H;SCN2A:p.K908E;SCN3A:p.K354Q,SCN10A;SCN2A;SCN3A,GOF;GOF;GOF
wt_site,3,130,SCN1A:p.H939Q,SCN1A,LOF,0.6666666666666666,0.5609756097560976,1.188405797101449,SCN5A:p.N1722D;SCN2A:p.K908E;SCN5A:p.P1730H,SCN5A;SCN2A;SCN5A,LOF;GOF;LOF
wt_site,3,131,SCN5A:p.I890T,SCN5A,LOF,1.0,0.4869109947643979,2.053763440860215,SCN1A:p.M956T;SCN2A:p.R937H;SCN2A:p.R937C,SCN1A;SCN2A;SCN2A,LOF;LOF;LOF
wt_site,3,132,SCN5A:p.F892I,SCN5A,LOF,0.3333333333333333,0.4869109947643979,0.6845878136200716,SCN1A:p.M956T;SCN9A:p.F216S;SCN2A:p.F1597L,SCN1A;SCN9A;SCN2A,LOF;GOF;GOF
wt_site,3,133,SCN1A:p.R946C,SCN1A,LOF,1.0,0.5609756097560976,1.7826086956521738,SCN2A:p.R937H;SCN2A:p.R937C;SCN2A:p.R379H,SCN2A;SCN2A;SCN2A,LOF;LOF;LOF
wt_site,3,134,SCN2A:p.R937C,SCN2A,LOF,1.0,0.620253164556962,1.6122448979591837,SCN1A:p.R946C;SCN1A:p.R946H;SCN5A:p.R367L,SCN1A;SCN1A;SCN5A,LOF;LOF;LOF
wt_site,3,135,SCN1A:p.R946H,SCN1A,LOF,1.0,0.5609756097560976,1.7826086956521738,SCN2A:p.R937H;SCN2A:p.R937C;SCN2A:p.R379H,SCN2A;SCN2A;SCN2A,LOF;LOF;LOF
wt_site,3,136,SCN2A:p.R937H,SCN2A,LOF,1.0,0.620253164556962,1.6122448979591837,SCN1A:p.R946C;SCN1A:p.R946H;SCN5A:p.R367L,SCN1A;SCN1A;SCN5A,LOF;LOF;LOF
wt_site,3,137,SCN5A:p.E901K,SCN5A,LOF,0.3333333333333333,0.4869109947643979,0.6845878136200716,SCN8A:p.N374K;SCN1A:p.H939Q;SCN1A:p.D1866Y,SCN8A;SCN1A;SCN1A,GOF;LOF;GOF
wt_site,3,138,SCN1A:p.M956T,SCN1A,LOF,0.6666666666666666,0.5609756097560976,1.188405797101449,SCN2A:p.L1330F;SCN5A:p.F892I;SCN4A:p.L796V,SCN2A;SCN5A;SCN4A,LOF;LOF;GOF
wt_site,3,139,SCN1A:p.C959R,SCN1A,LOF,1.0,0.5609756097560976,1.7826086956521738,SCN5A:p.A1428V;SCN5A:p.A1428S;SCN2A:p.C1386R,SCN5A;SCN5A;SCN2A,LOF;LOF;LOF
wt_site,3,140,SCN5A:p.S910L,SCN5A,LOF,0.0,0.4869109947643979,0.0,SCN2A:p.R1882Q;SCN2A:p.R1882G;SCN8A:p.R1872W,SCN2A;SCN2A;SCN8A,GOF;GOF;GOF
wt_site,3,141,SCN10A:p.L867F,SCN10A,LOF,0.6666666666666666,0.6114457831325302,1.0903119868637108,SCN5A:p.L325R;SCN1A:p.L1624P;SCN5A:p.F93S,SCN5A;SCN1A;SCN5A,LOF;GOF;LOF
wt_site,3,142,SCN1A:p.G979R,SCN1A,LOF,1.0,0.5609756097560976,1.7826086956521738,SCN8A:p.G964R;SCN8A:p.G269R;SCN5A:p.N927S,SCN8A;SCN8A;SCN5A,LOF;LOF;LOF
wt_site,3,143,SCN8A:p.G964R,SCN8A,LOF,1.0,0.6196319018404908,1.613861386138614,SCN1A:p.G979R;SCN5A:p.N927S;SCN2A:p.G899S,SCN1A;SCN5A;SCN2A,LOF;LOF;LOF
wt_site,3,144,SCN5A:p.N927S,SCN5A,LOF,0.3333333333333333,0.4869109947643979,0.6845878136200716,SCN1A:p.F1774S;SCN1A:p.N985I;SCN8A:p.N1768D,SCN1A;SCN1A;SCN8A,GOF;LOF;GOF
wt_site,3,145,SCN5A:p.L928P,SCN5A,LOF,0.3333333333333333,0.4869109947643979,0.6845878136200716,SCN1A:p.L986F;SCN4A:p.L796V;SCN3A:p.M1765I,SCN1A;SCN4A;SCN3A,LOF;GOF;GOF
wt_site,3,146,SCN1A:p.V983A,SCN1A,LOF,0.6666666666666666,0.5609756097560976,1.188405797101449,SCN5A:p.V1763M;SCN10A:p.L388M;SCN5A:p.T1461S,SCN5A;SCN10A;SCN5A,GOF;LOF;LOF
wt_site,3,147,SCN1A:p.N985I,SCN1A,LOF,0.3333333333333333,0.5609756097560976,0.5942028985507245,SCN5A:p.N406S;SCN9A:p.N395K;SCN4A:p.N440K,SCN5A;SCN9A;SCN4A,LOF;GOF;GOF
wt_site,3,148,SCN1A:p.L986F,SCN1A,LOF,0.0,0.5609756097560976,0.0,SCN4A:p.L796V;SCN3A:p.M1765I;SCN8A:p.M1760I,SCN4A;SCN3A;SCN8A,GOF;GOF;GOF
wt_site,3,149,SCN4A:p.L796V,SCN4A,GOF,0.6666666666666666,0.3785488958990536,1.761111111111111,SCN1A:p.L986F;SCN3A:p.M1765I;SCN8A:p.M1760I,SCN1A;SCN3A;SCN8A,LOF;GOF;GOF
wt_site,3,150,SCN5A:p.S941N,SCN5A,GOF,1.0,0.5130890052356021,1.9489795918367347,SCN8A:p.N1768D;SCN4A:p.N1297S;SCN4A:p.N1297K,SCN8A;SCN4A;SCN4A,GOF;GOF;GOF
wt_site,3,151,SCN11A:p.N816K,SCN11A,GOF,0.3333333333333333,0.38596491228070173,0.8636363636363636,SCN1A:p.N1011I;SCN5A:p.N592K;SCN5A:p.R18W,SCN1A;SCN5A;SCN5A,LOF;LOF;GOF
wt_site,3,152,SCN2A:p.E999K,SCN2A,GOF,0.3333333333333333,0.379746835443038,0.8777777777777777,SCN1A:p.E78D;SCN1A:p.N1011I;SCN9A:p.Q10R,SCN1A;SCN1A;SCN9A,LOF;LOF;GOF
wt_site,3,153,SCN1A:p.N1011I,SCN1A,LOF,0.3333333333333333,0.5609756097560976,0.5942028985507245,SCN2A:p.E999K;SCN5A:p.N592K;SCN5A:p.R18W,SCN2A;SCN5A;SCN5A,GOF;LOF;GOF
wt_site,3,154,SCN5A:p.R965C,SCN5A,LOF,0.0,0.4869109947643979,0.0,SCN8A:p.R1872W;SCN8A:p.R1872Q;SCN8A:p.R1872L,SCN8A;SCN8A;SCN8A,GOF;GOF;GOF
wt_site,3,155,SCN5A:p.R1023H,SCN5A,LOF,0.3333333333333333,0.4869109947643979,0.6845878136200716,SCN9A:p.Q10R;SCN10A:p.A1886V;SCN2A:p.D12N,SCN9A;SCN10A;SCN2A,GOF;GOF;LOF
wt_site,3,156,SCN10A:p.P1102S,SCN10A,GOF,1.0,0.3885542168674699,2.5736434108527133,SCN5A:p.P2006A;SCN5A:p.R18W;SCN5A:p.P1177L,SCN5A;SCN5A;SCN5A,GOF;GOF;GOF
wt_site,3,157,SCN5A:p.S1103Y,SCN5A,GOF,0.6666666666666666,0.5130890052356021,1.2993197278911564,SCN10A:p.L554P;SCN10A:p.A1886V;SCN2A:p.D12N,SCN10A;SCN10A;SCN2A,GOF;GOF;LOF
wt_site,3,158,SCN5A:p.P1177L,SCN5A,GOF,0.6666666666666666,0.5130890052356021,1.2993197278911564,SCN10A:p.P1102S;SCN2A:p.D12N;SCN9A:p.Q10R,SCN10A;SCN2A;SCN9A,GOF;LOF;GOF
wt_site,3,159,SCN5A:p.R1193Q,SCN5A,LOF,0.0,0.4869109947643979,0.0,SCN8A:p.R1872W;SCN8A:p.R1872Q;SCN8A:p.R1872L,SCN8A;SCN8A;SCN8A,GOF;GOF;GOF
wt_site,3,160,SCN5A:p.S1218I,SCN5A,LOF,0.3333333333333333,0.4869109947643979,0.6845878136200716,SCN4A:p.N1366S;SCN1A:p.N985I;SCN4A:p.N440K,SCN4A;SCN1A;SCN4A,GOF;LOF;GOF
wt_site,3,161,SCN5A:p.E1225K,SCN5A,LOF,0.3333333333333333,0.4869109947643979,0.6845878136200716,SCN1A:p.E788K;SCN1A:p.D1866Y;SCN2A:p.E999K,SCN1A;SCN1A;SCN2A,LOF;GOF;GOF
wt_site,3,162,SCN5A:p.R1232W,SCN5A,LOF,0.0,0.4869109947643979,0.0,SCN8A:p.R1872W;SCN8A:p.R1872Q;SCN8A:p.R1872L,SCN8A;SCN8A;SCN8A,GOF;GOF;GOF
wt_site,3,163,SCN1A:p.M1267I,SCN1A,LOF,0.3333333333333333,0.5609756097560976,0.5942028985507245,SCN3A:p.M1765I;SCN8A:p.M1760I;SCN8A:p.G822R,SCN3A;SCN8A;SCN8A,GOF;GOF;LOF
wt_site,3,164,SCN5A:p.G1262S,SCN5A,LOF,1.0,0.4869109947643979,2.053763440860215,SCN1A:p.G177E;SCN1A:p.G177A;SCN1A:p.R1596C,SCN1A;SCN1A;SCN1A,LOF;LOF;LOF
wt_site,3,165,SCN5A:p.A1294G,SCN5A,LOF,0.3333333333333333,0.4869109947643979,0.6845878136200716,SCN10A:p.A1886V;SCN9A:p.Q10R;SCN2A:p.D12N,SCN10A;SCN9A;SCN2A,GOF;GOF;LOF
wt_site,3,166,SCN5A:p.E1295K,SCN5A,GOF,0.3333333333333333,0.5130890052356021,0.6496598639455782,SCN2A:p.D12N;SCN1A:p.E78D;SCN9A:p.Q10R,SCN2A;SCN1A;SCN9A,LOF;LOF;GOF
wt_site,3,167,SCN5A:p.T1304M,SCN5A,GOF,1.0,0.5130890052356021,1.9489795918367347,SCN3A:p.L855P;SCN2A:p.T1623N;SCN2A:p.T236S,SCN3A;SCN2A;SCN2A,GOF;GOF;GOF
wt_site,3,168,SCN2A:p.R1312T,SCN2A,LOF,0.6666666666666666,0.620253164556962,1.0748299319727892,SCN4A:p.R225W;SCN5A:p.R225P;SCN5A:p.R225W,SCN4A;SCN5A;SCN5A,LOF;GOF;LOF
wt_site,3,169,SCN11A:p.L1158P,SCN11A,GOF,0.0,0.38596491228070173,0.0,SCN1A:p.I227S;SCN1A:p.I1656M;SCN2A:p.L1330F,SCN1A;SCN1A;SCN2A,LOF;LOF;LOF
wt_site,3,170,SCN2A:p.R1319Q,SCN2A,LOF,0.3333333333333333,0.620253164556962,0.5374149659863946,SCN10A:p.R1588Q;SCN11A:p.R222H;SCN5A:p.R1644H,SCN10A;SCN11A;SCN5A,LOF;GOF;GOF
wt_site,3,171,SCN5A:p.G1319V,SCN5A,LOF,1.0,0.4869109947643979,2.053763440860215,SCN1A:p.T875M;SCN8A:p.G269R;SCN1A:p.G177E,SCN1A;SCN8A;SCN1A,LOF;LOF;LOF
wt_site,3,172,SCN5A:p.N1325S,SCN5A,GOF,1.0,0.5130890052356021,1.9489795918367347,SCN4A:p.F1473S;SCN3A:p.F1646C;SCN1A:p.F1661L,SCN4A;SCN3A;SCN1A,GOF;GOF;GOF
wt_site,3,173,SCN2A:p.L1330F,SCN2A,LOF,0.6666666666666666,0.620253164556962,1.0748299319727892,SCN3A:p.I875T;SCN3A:p.L247P;SCN1A:p.I1656M,SCN3A;SCN3A;SCN1A,GOF;LOF;LOF
wt_site,3,174,SCN5A:p.V1328M,SCN5A,GOF,0.3333333333333333,0.5130890052356021,0.6496598639455782,SCN1A:p.M1664K;SCN3A:p.I875T;SCN2A:p.L1330F,SCN1A;SCN3A;SCN2A,LOF;GOF;LOF
wt_site,3,175,SCN5A:p.A1330P,SCN5A,GOF,1.0,0.5130890052356021,1.9489795918367347,SCN4A:p.A1156T;SCN10A:p.S242T;SCN9A:p.S241T,SCN4A;SCN10A;SCN9A,GOF;GOF;GOF
wt_site,3,176,SCN4A:p.A1156T,SCN4A,GOF,1.0,0.3785488958990536,2.6416666666666666,SCN5A:p.A1330T;SCN5A:p.A1330P;SCN9A:p.S241T,SCN5A;SCN5A;SCN9A,GOF;GOF;GOF
wt_site,3,177,SCN5A:p.A1330T,SCN5A,GOF,1.0,0.5130890052356021,1.9489795918367347,SCN4A:p.A1156T;SCN10A:p.S242T;SCN9A:p.S241T,SCN4A;SCN10A;SCN9A,GOF;GOF;GOF
wt_site,3,178,SCN3A:p.P1333L,SCN3A,GOF,0.6666666666666666,0.38095238095238093,1.75,SCN4A:p.P1158L;SCN5A:p.P1332L;SCN2A:p.P1658S,SCN4A;SCN5A;SCN2A,GOF;GOF;LOF
wt_site,3,179,SCN4A:p.P1158L,SCN4A,GOF,0.6666666666666666,0.3785488958990536,1.761111111111111,SCN3A:p.P1333L;SCN5A:p.P1332L;SCN2A:p.P1658S,SCN3A;SCN5A;SCN2A,GOF;GOF;LOF
wt_site,3,180,SCN5A:p.P1332L,SCN5A,GOF,0.6666666666666666,0.5130890052356021,1.2993197278911564,SCN3A:p.P1333L;SCN4A:p.P1158L;SCN2A:p.P1658S,SCN3A;SCN4A;SCN2A,GOF;GOF;LOF
wt_site,3,181,SCN5A:p.S1333Y,SCN5A,GOF,1.0,0.5130890052356021,1.9489795918367347,SCN2A:p.S1336Y;SCN4A:p.P1158L;SCN3A:p.P1333L,SCN2A;SCN4A;SCN3A,GOF;GOF;GOF
wt_site,3,182,SCN2A:p.S1336Y,SCN2A,GOF,1.0,0.379746835443038,2.6333333333333333,SCN5A:p.S1333Y;SCN5A:p.A1656D;SCN5A:p.A1330T,SCN5A;SCN5A;SCN5A,GOF;GOF;GOF
wt_site,3,183,SCN8A:p.I1327V,SCN8A,GOF,0.0,0.3803680981595092,0.0,SCN3A:p.L247P;SCN5A:p.L839P;SCN5A:p.I1660V,SCN3A;SCN5A;SCN5A,LOF;LOF;LOF
wt_site,3,184,SCN2A:p.N1339D,SCN2A,GOF,0.6666666666666666,0.379746835443038,1.7555555555555553,SCN1A:p.D249E;SCN5A:p.N1325S;SCN3A:p.P1333L,SCN1A;SCN5A;SCN3A,LOF;GOF;GOF
wt_site,3,185,SCN8A:p.L1331V,SCN8A,GOF,0.3333333333333333,0.3803680981595092,0.8763440860215053,SCN4A:p.T704M;SCN1A:p.G1674R;SCN5A:p.G1661R,SCN4A;SCN1A;SCN5A,GOF;LOF;LOF
wt_site,3,186,SCN11A:p.V1184A,SCN11A,GOF,0.3333333333333333,0.38596491228070173,0.8636363636363636,SCN1A:p.V1353L;SCN5A:p.V1340I;SCN9A:p.V872G,SCN1A;SCN5A;SCN9A,LOF;LOF;GOF
wt_site,3,187,SCN5A:p.V1340I,SCN5A,LOF,0.3333333333333333,0.4869109947643979,0.6845878136200716,SCN1A:p.V1353L;SCN11A:p.V1184A;SCN9A:p.V872G,SCN1A;SCN11A;SCN9A,LOF;GOF;GOF
wt_site,3,188,SCN1A:p.V1353L,SCN1A,LOF,0.3333333333333333,0.5609756097560976,0.5942028985507245,SCN5A:p.V1340I;SCN11A:p.V1184A;SCN9A:p.V872G,SCN5A;SCN11A;SCN9A,LOF;GOF;GOF
wt_site,3,189,SCN5A:p.F1344S,SCN5A,LOF,0.6666666666666666,0.4869109947643979,1.3691756272401432,SCN1A:p.V1353L;SCN11A:p.V1184A;SCN1A:p.F902C,SCN1A;SCN11A;SCN1A,LOF;GOF;LOF
wt_site,3,190,SCN5A:p.W1345C,SCN5A,LOF,1.0,0.4869109947643979,2.053763440860215,SCN1A:p.F902C;SCN3A:p.Y1669C;SCN1A:p.S259R,SCN1A;SCN3A;SCN1A,LOF;LOF;LOF
wt_site,3,191,SCN5A:p.L1346P,SCN5A,LOF,0.6666666666666666,0.4869109947643979,1.3691756272401432,SCN1A:p.S259R;SCN1A:p.F902C;SCN8A:p.L1331V,SCN1A;SCN1A;SCN8A,LOF;LOF;GOF
wt_site,3,192,SCN1A:p.V1366I,SCN1A,LOF,0.3333333333333333,0.5609756097560976,0.5942028985507245,SCN5A:p.V1667I;SCN4A:p.V1293I;SCN8A:p.V1758A,SCN5A;SCN4A;SCN8A,GOF;GOF;LOF
wt_site,3,193,SCN10A:p.A1304T,SCN10A,GOF,0.3333333333333333,0.3885542168674699,0.8578811369509043,SCN1A:p.A1685V;SCN1A:p.A1685D;SCN2A:p.A263V,SCN1A;SCN1A;SCN2A,LOF;LOF;GOF
wt_site,3,194,SCN8A:p.T1360N,SCN8A,LOF,1.0,0.6196319018404908,1.613861386138614,SCN1A:p.T297I;SCN5A:p.S1382I;SCN1A:p.G1749E,SCN1A;SCN5A;SCN1A,LOF;LOF;LOF
wt_site,3,195,SCN5A:p.V1378M,SCN5A,LOF,0.3333333333333333,0.4869109947643979,0.6845878136200716,SCN10A:p.V94G;SCN2A:p.M1879T;SCN2A:p.R1882Q,SCN10A;SCN2A;SCN2A,LOF;GOF;GOF
wt_site,3,196,SCN5A:p.N1380K,SCN5A,LOF,0.6666666666666666,0.4869109947643979,1.3691756272401432,SCN2A:p.K908E;SCN1A:p.N1011I;SCN1A:p.G1749E,SCN2A;SCN1A;SCN1A,GOF;LOF;LOF
wt_site,3,197,SCN5A:p.S1382I,SCN5A,LOF,0.6666666666666666,0.4869109947643979,1.3691756272401432,SCN1A:p.G1749E;SCN9A:p.D623N;SCN2A:p.D82G,SCN1A;SCN9A;SCN2A,LOF;GOF;LOF
wt_site,3,198,SCN4A:p.C1209F,SCN4A,LOF,1.0,0.6214511041009464,1.6091370558375635,SCN2A:p.C1386R;SCN5A:p.C335R;SCN5A:p.V1378M,SCN2A;SCN5A;SCN5A,LOF;LOF;LOF
wt_site,3,199,SCN2A:p.C1386R,SCN2A,LOF,1.0,0.620253164556962,1.6122448979591837,SCN4A:p.C1209F;SCN5A:p.C335R;SCN5A:p.V1378M,SCN4A;SCN5A;SCN5A,LOF;LOF;LOF
wt_site,3,200,SCN5A:p.V1405L,SCN5A,LOF,0.3333333333333333,0.4869109947643979,0.6845878136200716,SCN3A:p.V1769A;SCN3A:p.I875T;SCN1A:p.F1831S,SCN3A;SCN3A;SCN1A,GOF;GOF;LOF
wt_site,3,201,SCN5A:p.V1405M,SCN5A,LOF,0.3333333333333333,0.4869109947643979,0.6845878136200716,SCN3A:p.V1769A;SCN3A:p.I875T;SCN1A:p.F1831S,SCN3A;SCN3A;SCN1A,GOF;GOF;LOF
wt_site,3,202,SCN5A:p.G1406E,SCN5A,LOF,0.0,0.4869109947643979,0.0,SCN2A:p.M1879T;SCN2A:p.R1882Q;SCN2A:p.R1882G,SCN2A;SCN2A;SCN2A,GOF;GOF;GOF
wt_site,3,203,SCN5A:p.G1406R,SCN5A,LOF,0.0,0.4869109947643979,0.0,SCN2A:p.M1879T;SCN2A:p.R1882Q;SCN2A:p.R1882G,SCN2A;SCN2A;SCN2A,GOF;GOF;GOF
wt_site,3,204,SCN1A:p.G1421W,SCN1A,LOF,1.0,0.5609756097560976,1.7826086956521738,SCN5A:p.G1748D;SCN5A:p.A1428S;SCN5A:p.A1428V,SCN5A;SCN5A;SCN5A,LOF;LOF;LOF
wt_site,3,205,SCN2A:p.T1420M,SCN2A,LOF,1.0,0.620253164556962,1.6122448979591837,SCN5A:p.T1709M;SCN5A:p.M369K;SCN5A:p.G1420R,SCN5A;SCN5A;SCN5A,LOF;LOF;LOF
wt_site,3,206,SCN5A:p.G1420R,SCN5A,LOF,0.3333333333333333,0.4869109947643979,0.6845878136200716,SCN10A:p.G1662S;SCN8A:p.N374K;SCN2A:p.T1420M,SCN10A;SCN8A;SCN2A,GOF;GOF;LOF
wt_site,3,207,SCN5A:p.G1420V,SCN5A,LOF,0.3333333333333333,0.4869109947643979,0.6845878136200716,SCN10A:p.G1662S;SCN8A:p.N374K;SCN2A:p.T1420M,SCN10A;SCN8A;SCN2A,GOF;GOF;LOF
wt_site,3,208,SCN5A:p.A1428S,SCN5A,LOF,0.6666666666666666,0.4869109947643979,1.3691756272401432,SCN1A:p.C959R;SCN8A:p.A1491V;SCN4A:p.C1209F,SCN1A;SCN8A;SCN4A,LOF;GOF;LOF
wt_site,3,209,SCN5A:p.A1428V,SCN5A,LOF,0.6666666666666666,0.4869109947643979,1.3691756272401432,SCN1A:p.C959R;SCN8A:p.A1491V;SCN4A:p.C1209F,SCN1A;SCN8A;SCN4A,LOF;GOF;LOF
wt_site,3,210,SCN5A:p.D1430N,SCN5A,LOF,0.6666666666666666,0.4869109947643979,1.3691756272401432,SCN1A:p.D1866Y;SCN1A:p.R393H;SCN10A:p.D1639N,SCN1A;SCN1A;SCN10A,GOF;LOF;LOF
wt_site,3,211,SCN5A:p.R1432G,SCN5A,LOF,0.0,0.4869109947643979,0.0,SCN8A:p.R1872W;SCN8A:p.R1872Q;SCN8A:p.R1872L,SCN8A;SCN8A;SCN8A,GOF;GOF;GOF
wt_site,3,212,SCN5A:p.Y1449C,SCN5A,LOF,0.6666666666666666,0.4869109947643979,1.3691756272401432,SCN1A:p.F1765L;SCN2A:p.Y1589C;SCN3A:p.Y1669C,SCN1A;SCN2A;SCN3A,LOF;GOF;LOF
wt_site,3,213,SCN5A:p.T1461S,SCN5A,LOF,1.0,0.4869109947643979,2.053763440860215,SCN10A:p.L388M;SCN1A:p.V983A;SCN8A:p.V1758A,SCN10A;SCN1A;SCN8A,LOF;LOF;LOF
wt_site,3,214,SCN4A:p.V1293I,SCN4A,GOF,1.0,0.3785488958990536,2.6416666666666666,SCN2A:p.V423L;SCN9A:p.V400M;SCN5A:p.V411M,SCN2A;SCN9A;SCN5A,GOF;GOF;GOF
wt_site,3,215,SCN2A:p.I1473M,SCN2A,GOF,1.0,0.379746835443038,2.6333333333333333,SCN4A:p.F1298C;SCN5A:p.F1473S;SCN5A:p.F1473C,SCN4A;SCN5A;SCN5A,GOF;GOF;GOF
wt_site,3,216,SCN4A:p.N1297K,SCN4A,GOF,1.0,0.3785488958990536,2.6416666666666666,SCN5A:p.N1774D;SCN8A:p.N1768D;SCN5A:p.S941N,SCN5A;SCN8A;SCN5A,GOF;GOF;GOF
wt_site,3,217,SCN4A:p.N1297S,SCN4A,GOF,1.0,0.3785488958990536,2.6416666666666666,SCN5A:p.N1774D;SCN8A:p.N1768D;SCN5A:p.S941N,SCN5A;SCN8A;SCN5A,GOF;GOF;GOF
wt_site,3,218,SCN4A:p.F1298C,SCN4A,GOF,0.6666666666666666,0.3785488958990536,1.761111111111111,SCN5A:p.F1473C;SCN5A:p.F1473S;SCN1A:p.Y426N,SCN5A;SCN5A;SCN1A,GOF;GOF;LOF
wt_site,3,219,SCN5A:p.F1473C,SCN5A,GOF,0.3333333333333333,0.5130890052356021,0.6496598639455782,SCN4A:p.F1298C;SCN1A:p.Y426N;SCN1A:p.F1831S,SCN4A;SCN1A;SCN1A,GOF;LOF;LOF
wt_site,3,220,SCN5A:p.F1473S,SCN5A,GOF,0.3333333333333333,0.5130890052356021,0.6496598639455782,SCN4A:p.F1298C;SCN1A:p.Y426N;SCN1A:p.F1831S,SCN4A;SCN1A;SCN1A,GOF;LOF;LOF
wt_site,3,221,SCN5A:p.Q1475P,SCN5A,GOF,1.0,0.5130890052356021,1.9489795918367347,SCN1A:p.Q1489H;SCN1A:p.Q1489K;SCN11A:p.N816K,SCN1A;SCN1A;SCN11A,GOF;GOF;GOF
wt_site,3,222,SCN1A:p.Q1489H,SCN1A,GOF,1.0,0.43902439024390244,2.2777777777777777,SCN5A:p.Q1476R;SCN5A:p.Q1475P;SCN2A:p.M1879T,SCN5A;SCN5A;SCN2A,GOF;GOF;GOF
wt_site,3,223,SCN1A:p.Q1489K,SCN1A,GOF,1.0,0.43902439024390244,2.2777777777777777,SCN5A:p.Q1476R;SCN5A:p.Q1475P;SCN2A:p.M1879T,SCN5A;SCN5A;SCN2A,GOF;GOF;GOF
wt_site,3,224,SCN5A:p.Q1476R,SCN5A,GOF,1.0,0.5130890052356021,1.9489795918367347,SCN1A:p.Q1489K;SCN1A:p.Q1489H;SCN2A:p.M1879T,SCN1A;SCN1A;SCN2A,GOF;GOF;GOF
wt_site,3,225,SCN4A:p.G1306E,SCN4A,GOF,1.0,0.3785488958990536,2.6416666666666666,SCN8A:p.G1475R;SCN2A:p.R1882G;SCN2A:p.R1882Q,SCN8A;SCN2A;SCN2A,GOF;GOF;GOF
wt_site,3,226,SCN8A:p.G1475R,SCN8A,GOF,1.0,0.3803680981595092,2.629032258064516,SCN4A:p.G1306E;SCN2A:p.R1882G;SCN2A:p.R1882Q,SCN4A;SCN2A;SCN2A,GOF;GOF;GOF
wt_site,3,227,SCN1A:p.I1498M,SCN1A,LOF,0.3333333333333333,0.5609756097560976,0.5942028985507245,SCN4A:p.I1310N;SCN5A:p.F1486L;SCN5A:p.I1968S,SCN4A;SCN5A;SCN5A,GOF;GOF;LOF
wt_site,3,228,SCN4A:p.I1310N,SCN4A,GOF,0.6666666666666666,0.3785488958990536,1.761111111111111,SCN1A:p.I1498M;SCN1A:p.F1499L;SCN5A:p.F1486L,SCN1A;SCN1A;SCN5A,LOF;GOF;GOF
wt_site,3,229,SCN5A:p.F1486L,SCN5A,GOF,0.6666666666666666,0.5130890052356021,1.2993197278911564,SCN1A:p.F1499L;SCN1A:p.I1498M;SCN4A:p.I1310N,SCN1A;SCN1A;SCN4A,GOF;LOF;GOF
wt_site,3,230,SCN1A:p.F1499L,SCN1A,GOF,0.6666666666666666,0.43902439024390244,1.5185185185185184,SCN5A:p.F1486L;SCN4A:p.I1310N;SCN5A:p.F93S,SCN5A;SCN4A;SCN5A,GOF;GOF;LOF
wt_site,3,231,SCN1A:p.M1500V,SCN1A,GOF,1.0,0.43902439024390244,2.2777777777777777,SCN5A:p.F1486L;SCN2A:p.M1879T;SCN4A:p.I1310N,SCN5A;SCN2A;SCN4A,GOF;GOF;GOF
wt_site,3,232,SCN4A:p.T1313A,SCN4A,GOF,0.6666666666666666,0.3785488958990536,1.761111111111111,SCN3A:p.T1486I;SCN5A:p.S1787N;SCN5A:p.R1898C,SCN3A;SCN5A;SCN5A,GOF;GOF;LOF
wt_site,3,233,SCN4A:p.T1313M,SCN4A,GOF,0.6666666666666666,0.3785488958990536,1.761111111111111,SCN3A:p.T1486I;SCN5A:p.S1787N;SCN5A:p.R1898C,SCN3A;SCN5A;SCN5A,GOF;GOF;LOF
wt_site,3,234,SCN3A:p.T1486I,SCN3A,GOF,1.0,0.38095238095238093,2.625,SCN4A:p.T1313A;SCN4A:p.T1313M;SCN5A:p.S1787N,SCN4A;SCN4A;SCN5A,GOF;GOF;GOF
wt_site,3,235,SCN8A:p.A1491V,SCN8A,GOF,1.0,0.3803680981595092,2.629032258064516,SCN2A:p.M1879T;SCN2A:p.R1882G;SCN2A:p.R1882Q,SCN2A;SCN2A;SCN2A,GOF;GOF;GOF
wt_site,3,236,SCN5A:p.P1506S,SCN5A,LOF,0.3333333333333333,0.4869109947643979,0.6845878136200716,SCN10A:p.V94G;SCN2A:p.M1879T;SCN8A:p.R1872W,SCN10A;SCN2A;SCN8A,LOF;GOF;GOF
wt_site,3,237,SCN5A:p.R1512W,SCN5A,LOF,0.6666666666666666,0.4869109947643979,1.3691756272401432,SCN1A:p.R1525Q;SCN4A:p.R104H;SCN8A:p.R1872W,SCN1A;SCN4A;SCN8A,LOF;LOF;GOF
wt_site,3,238,SCN1A:p.R1525Q,SCN1A,LOF,1.0,0.5609756097560976,1.7826086956521738,SCN5A:p.R1512W;SCN4A:p.R104H;SCN5A:p.R104Q,SCN5A;SCN4A;SCN5A,LOF;LOF;LOF
wt_site,3,239,SCN5A:p.N1541D,SCN5A,LOF,0.3333333333333333,0.4869109947643979,0.6845878136200716,SCN4A:p.N1366S;SCN1A:p.N985I;SCN4A:p.N440K,SCN4A;SCN1A;SCN4A,GOF;LOF;GOF
wt_site,3,240,SCN4A:p.N1366S,SCN4A,GOF,0.0,0.3785488958990536,0.0,SCN5A:p.N1541D;SCN5A:p.S1218I;SCN1A:p.N985I,SCN5A;SCN5A;SCN1A,LOF;LOF;LOF
wt_site,3,241,SCN1A:p.R1575C,SCN1A,GOF,1.0,0.43902439024390244,2.2777777777777777,SCN8A:p.R1872W;SCN8A:p.R1872Q;SCN8A:p.R1872L,SCN8A;SCN8A;SCN8A,GOF;GOF;GOF
wt_site,3,242,SCN2A:p.I1571T,SCN2A,GOF,0.3333333333333333,0.379746835443038,0.8777777777777777,SCN11A:p.I381T;SCN10A:p.L867F;SCN1A:p.I1498M,SCN11A;SCN10A;SCN1A,GOF;LOF;LOF
wt_site,3,243,SCN10A:p.V1518I,SCN10A,LOF,0.3333333333333333,0.6114457831325302,0.5451559934318554,SCN1A:p.V1611F;SCN5A:p.L136P;SCN5A:p.V1667I,SCN1A;SCN5A;SCN5A,GOF;LOF;GOF
wt_site,3,244,SCN1A:p.E1587K,SCN1A,LOF,1.0,0.5609756097560976,1.7826086956521738,SCN5A:p.E1574K;SCN5A:p.D1595N;SCN5A:p.D785N,SCN5A;SCN5A;SCN5A,LOF;LOF;LOF
wt_site,3,245,SCN5A:p.E1574K,SCN5A,LOF,0.6666666666666666,0.4869109947643979,1.3691756272401432,SCN1A:p.E1587K;SCN4A:p.N1366S;SCN4A:p.R669H,SCN1A;SCN4A;SCN4A,LOF;GOF;LOF
wt_site,3,246,SCN1A:p.R1596C,SCN1A,LOF,1.0,0.5609756097560976,1.7826086956521738,SCN5A:p.R1583C;SCN5A:p.G1262S;SCN5A:p.R1644C,SCN5A;SCN5A;SCN5A,LOF;LOF;LOF
wt_site,3,247,SCN5A:p.R1583C,SCN5A,LOF,1.0,0.4869109947643979,2.053763440860215,SCN1A:p.R1596C;SCN1A:p.G177A;SCN1A:p.G177E,SCN1A;SCN1A;SCN1A,LOF;LOF;LOF
wt_site,3,248,SCN2A:p.Y1589C,SCN2A,GOF,0.0,0.379746835443038,0.0,SCN5A:p.Y1449C;SCN1A:p.Y426N;SCN1A:p.F1831S,SCN5A;SCN1A;SCN1A,LOF;LOF;LOF
wt_site,3,249,SCN2A:p.F1597L,SCN2A,GOF,1.0,0.379746835443038,2.6333333333333333,SCN4A:p.F1298C;SCN5A:p.F1473C;SCN5A:p.F1473S,SCN4A;SCN5A;SCN5A,GOF;GOF;GOF
wt_site,3,250,SCN5A:p.D1595N,SCN5A,LOF,0.6666666666666666,0.4869109947643979,1.3691756272401432,SCN1A:p.E1587K;SCN4A:p.N1366S;SCN4A:p.R669H,SCN1A;SCN4A;SCN4A,LOF;GOF;LOF
wt_site,3,251,SCN1A:p.V1611F,SCN1A,GOF,0.6666666666666666,0.43902439024390244,1.5185185185185184,SCN10A:p.V1518I;SCN9A:p.I136V;SCN4A:p.I141V,SCN10A;SCN9A;SCN4A,LOF;GOF;GOF
wt_site,3,252,SCN5A:p.S1609L,SCN5A,GOF,1.0,0.5130890052356021,1.9489795918367347,SCN2A:p.R1882G;SCN2A:p.R1882Q;SCN8A:p.R1872L,SCN2A;SCN2A;SCN8A,GOF;GOF;GOF
wt_site,3,253,SCN1A:p.L1624P,SCN1A,GOF,0.6666666666666666,0.43902439024390244,1.5185185185185184,SCN5A:p.L567Q;SCN5A:p.L619F;SCN2A:p.R1882Q,SCN5A;SCN5A;SCN2A,LOF;GOF;GOF
wt_site,3,254,SCN4A:p.V1442E,SCN4A,LOF,0.6666666666666666,0.6214511041009464,1.0727580372250423,SCN2A:p.V208E;SCN5A:p.V1378M;SCN5A:p.A1294G,SCN2A;SCN5A;SCN5A,GOF;LOF;LOF
wt_site,3,255,SCN1A:p.P1632S,SCN1A,LOF,0.6666666666666666,0.5609756097560976,1.188405797101449,SCN2A:p.P1622S;SCN5A:p.P1730H;SCN5A:p.E1295K,SCN2A;SCN5A;SCN5A,LOF;LOF;GOF
wt_site,3,256,SCN2A:p.P1622S,SCN2A,LOF,1.0,0.620253164556962,1.6122448979591837,SCN1A:p.P1632S;SCN5A:p.A1294G;SCN5A:p.P1730H,SCN1A;SCN5A;SCN5A,LOF;LOF;LOF
wt_site,3,257,SCN2A:p.T1623N,SCN2A,GOF,0.3333333333333333,0.379746835443038,0.8777777777777777,SCN5A:p.T1620M;SCN9A:p.S211P;SCN4A:p.V1442E,SCN5A;SCN9A;SCN4A,LOF;GOF;LOF
wt_site,3,258,SCN5A:p.T1620M,SCN5A,LOF,0.3333333333333333,0.4869109947643979,0.6845878136200716,SCN2A:p.T1623N;SCN9A:p.S211P;SCN4A:p.V1442E,SCN2A;SCN9A;SCN4A,GOF;GOF;LOF
wt_site,3,259,SCN3A:p.R1621G,SCN3A,GOF,0.6666666666666666,0.38095238095238093,1.75,SCN8A:p.R1617Q;SCN5A:p.R1623Q;SCN5A:p.R808C,SCN8A;SCN5A;SCN5A,GOF;GOF;LOF
wt_site,3,260,SCN3A:p.R1621Q,SCN3A,GOF,0.6666666666666666,0.38095238095238093,1.75,SCN8A:p.R1617Q;SCN5A:p.R1623Q;SCN5A:p.R808C,SCN8A;SCN5A;SCN5A,GOF;GOF;LOF
wt_site,3,261,SCN5A:p.R1623Q,SCN5A,GOF,1.0,0.5130890052356021,1.9489795918367347,SCN8A:p.R1617Q;SCN3A:p.R1621G;SCN3A:p.R1621Q,SCN8A;SCN3A;SCN3A,GOF;GOF;GOF
wt_site,3,262,SCN8A:p.R1617Q,SCN8A,GOF,1.0,0.3803680981595092,2.629032258064516,SCN3A:p.R1621Q;SCN3A:p.R1621G;SCN5A:p.R1623Q,SCN3A;SCN3A;SCN5A,GOF;GOF;GOF
wt_site,3,263,SCN4A:p.R1451C,SCN4A,LOF,0.6666666666666666,0.6214511041009464,1.0727580372250423,SCN8A:p.R1620L;SCN5A:p.R1626P;SCN5A:p.R811H,SCN8A;SCN5A;SCN5A,LOF;GOF;LOF
wt_site,3,264,SCN5A:p.R1626P,SCN5A,GOF,0.0,0.5130890052356021,0.0,SCN4A:p.R1451C;SCN4A:p.R1451L;SCN8A:p.R1620L,SCN4A;SCN4A;SCN8A,LOF;LOF;LOF
wt_site,3,265,SCN4A:p.R1451L,SCN4A,LOF,0.6666666666666666,0.6214511041009464,1.0727580372250423,SCN8A:p.R1620L;SCN5A:p.R1626P;SCN5A:p.R811H,SCN8A;SCN5A;SCN5A,LOF;GOF;LOF
wt_site,3,266,SCN8A:p.R1620L,SCN8A,LOF,0.6666666666666666,0.6196319018404908,1.0759075907590758,SCN4A:p.R1451C;SCN4A:p.R1451L;SCN5A:p.R1626P,SCN4A;SCN4A;SCN5A,LOF;LOF;GOF
wt_site,3,267,SCN8A:p.A1622D,SCN8A,GOF,1.0,0.3803680981595092,2.629032258064516,SCN5A:p.G1631D;SCN9A:p.F216S;SCN11A:p.L1158P,SCN5A;SCN9A;SCN11A,GOF;GOF;GOF
wt_site,3,268,SCN5A:p.R1629Q,SCN5A,LOF,1.0,0.4869109947643979,2.053763440860215,SCN4A:p.R1454W;SCN4A:p.R1457H;SCN8A:p.R1620L,SCN4A;SCN4A;SCN8A,LOF;LOF;LOF
wt_site,3,269,SCN4A:p.R1454W,SCN4A,LOF,1.0,0.6214511041009464,1.6091370558375635,SCN5A:p.R1629Q;SCN5A:p.R1632C;SCN8A:p.R1620L,SCN5A;SCN5A;SCN8A,LOF;LOF;LOF
wt_site,3,270,SCN5A:p.G1631D,SCN5A,GOF,0.6666666666666666,0.5130890052356021,1.2993197278911564,SCN8A:p.A1622D;SCN9A:p.F216S;SCN1A:p.G1674R,SCN8A;SCN9A;SCN1A,GOF;GOF;LOF
wt_site,3,271,SCN5A:p.R1632C,SCN5A,LOF,0.6666666666666666,0.4869109947643979,1.3691756272401432,SCN4A:p.R1457H;SCN4A:p.R1454W;SCN1A:p.R865G,SCN4A;SCN4A;SCN1A,LOF;LOF;GOF
wt_site,3,272,SCN4A:p.R1457H,SCN4A,LOF,0.6666666666666666,0.6214511041009464,1.0727580372250423,SCN5A:p.R1632C;SCN5A:p.R1629Q;SCN1A:p.R865G,SCN5A;SCN5A;SCN1A,LOF;LOF;GOF
wt_site,3,273,SCN10A:p.R1588Q,SCN10A,LOF,0.6666666666666666,0.6114457831325302,1.0903119868637108,SCN5A:p.R1644C;SCN5A:p.R1644H;SCN1A:p.R1657C,SCN5A;SCN5A;SCN1A,LOF;GOF;LOF
wt_site,3,274,SCN5A:p.G1642E,SCN5A,LOF,0.3333333333333333,0.4869109947643979,0.6845878136200716,SCN1A:p.T875M;SCN11A:p.G699R;SCN2A:p.T236S,SCN1A;SCN11A;SCN2A,LOF;GOF;GOF
wt_site,3,275,SCN1A:p.I1656M,SCN1A,LOF,0.3333333333333333,0.5609756097560976,0.5942028985507245,SCN3A:p.I875T;SCN2A:p.L1330F;SCN9A:p.I234T,SCN3A;SCN2A;SCN9A,GOF;LOF;GOF
wt_site,3,276,SCN1A:p.R1657C,SCN1A,LOF,0.6666666666666666,0.5609756097560976,1.188405797101449,SCN8A:p.R1638C;SCN5A:p.R1644H;SCN5A:p.R1644C,SCN8A;SCN5A;SCN5A,LOF;GOF;LOF
wt_site,3,277,SCN5A:p.R1644C,SCN5A,LOF,1.0,0.4869109947643979,2.053763440860215,SCN8A:p.R1638C;SCN1A:p.R1657C;SCN10A:p.R1588Q,SCN8A;SCN1A;SCN10A,LOF;LOF;LOF
wt_site,3,278,SCN8A:p.R1638C,SCN8A,LOF,0.6666666666666666,0.6196319018404908,1.0759075907590758,SCN1A:p.R1657C;SCN5A:p.R1644H;SCN5A:p.R1644C,SCN1A;SCN5A;SCN5A,LOF;GOF;LOF
wt_site,3,279,SCN5A:p.R1644H,SCN5A,GOF,0.0,0.5130890052356021,0.0,SCN8A:p.R1638C;SCN1A:p.R1657C;SCN10A:p.R1588Q,SCN8A;SCN1A;SCN10A,LOF;LOF;LOF
wt_site,3,280,SCN3A:p.F1646C,SCN3A,GOF,1.0,0.38095238095238093,2.625,SCN1A:p.F1661L;SCN4A:p.F1473S;SCN5A:p.N1325S,SCN1A;SCN4A;SCN5A,GOF;GOF;GOF
wt_site,3,281,SCN1A:p.F1661L,SCN1A,GOF,1.0,0.43902439024390244,2.2777777777777777,SCN3A:p.F1646C;SCN4A:p.F1473S;SCN5A:p.N1325S,SCN3A;SCN4A;SCN5A,GOF;GOF;GOF
wt_site,3,282,SCN4A:p.F1473S,SCN4A,GOF,1.0,0.3785488958990536,2.6416666666666666,SCN1A:p.F1661L;SCN3A:p.F1646C;SCN5A:p.N1325S,SCN1A;SCN3A;SCN5A,GOF;GOF;GOF
wt_site,3,283,SCN1A:p.M1664K,SCN1A,LOF,0.0,0.5609756097560976,0.0,SCN5A:p.V1328M;SCN5A:p.M1652R;SCN4A:p.F1473S,SCN5A;SCN5A;SCN4A,GOF;GOF;GOF
wt_site,3,284,SCN5A:p.M1652R,SCN5A,GOF,0.6666666666666666,0.5130890052356021,1.2993197278911564,SCN1A:p.M1664K;SCN4A:p.F1473S;SCN3A:p.F1646C,SCN1A;SCN4A;SCN3A,LOF;GOF;GOF
wt_site,3,285,SCN2A:p.P1658S,SCN2A,LOF,0.0,0.620253164556962,0.0,SCN4A:p.P1158L;SCN3A:p.P1333L;SCN5A:p.P1332L,SCN4A;SCN3A;SCN5A,GOF;GOF;GOF
wt_site,3,286,SCN5A:p.A1656D,SCN5A,GOF,0.6666666666666666,0.5130890052356021,1.2993197278911564,SCN2A:p.S1336Y;SCN4A:p.A1156T;SCN2A:p.P1658S,SCN2A;SCN4A;SCN2A,GOF;GOF;LOF
wt_site,3,287,SCN5A:p.I1660V,SCN5A,LOF,0.3333333333333333,0.4869109947643979,0.6845878136200716,SCN8A:p.I1327V;SCN1A:p.V1353L;SCN9A:p.V872G,SCN8A;SCN1A;SCN9A,GOF;LOF;GOF
wt_site,3,288,SCN1A:p.G1674R,SCN1A,LOF,0.3333333333333333,0.5609756097560976,0.5942028985507245,SCN5A:p.G1661R;SCN4A:p.T704M;SCN8A:p.L1331V,SCN5A;SCN4A;SCN8A,LOF;GOF;GOF
wt_site,3,289,SCN5A:p.G1661R,SCN5A,LOF,0.3333333333333333,0.4869109947643979,0.6845878136200716,SCN1A:p.G1674R;SCN4A:p.T704M;SCN8A:p.L1331V,SCN1A;SCN4A;SCN8A,LOF;GOF;GOF
wt_site,3,290,SCN5A:p.V1667I,SCN5A,GOF,0.6666666666666666,0.5130890052356021,1.2993197278911564,SCN9A:p.V872G;SCN1A:p.V1353L;SCN11A:p.V1184A,SCN9A;SCN1A;SCN11A,GOF;LOF;GOF
wt_site,3,291,SCN3A:p.Y1669C,SCN3A,LOF,1.0,0.6190476190476191,1.6153846153846154,SCN5A:p.F851L;SCN5A:p.W1345C;SCN1A:p.F902C,SCN5A;SCN5A;SCN1A,LOF;LOF;LOF
wt_site,3,292,SCN1A:p.A1685D,SCN1A,LOF,0.3333333333333333,0.5609756097560976,0.5942028985507245,SCN5A:p.S1672Y;SCN2A:p.A263V;SCN5A:p.A1330P,SCN5A;SCN2A;SCN5A,LOF;GOF;GOF
wt_site,3,293,SCN1A:p.A1685V,SCN1A,LOF,0.3333333333333333,0.5609756097560976,0.5942028985507245,SCN5A:p.S1672Y;SCN2A:p.A263V;SCN5A:p.A1330P,SCN5A;SCN2A;SCN5A,LOF;GOF;GOF
wt_site,3,294,SCN5A:p.S1672Y,SCN5A,LOF,0.6666666666666666,0.4869109947643979,1.3691756272401432,SCN1A:p.A1685V;SCN1A:p.A1685D;SCN2A:p.A263V,SCN1A;SCN1A;SCN2A,LOF;LOF;GOF
wt_site,3,295,SCN10A:p.D1639N,SCN10A,LOF,0.3333333333333333,0.6114457831325302,0.5451559934318554,SCN5A:p.D1690N;SCN2A:p.K908E;SCN9A:p.D623N,SCN5A;SCN2A;SCN9A,LOF;GOF;GOF
wt_site,3,296,SCN5A:p.D1690N,SCN5A,LOF,0.6666666666666666,0.4869109947643979,1.3691756272401432,SCN10A:p.D1639N;SCN9A:p.D623N;SCN2A:p.D12N,SCN10A;SCN9A;SCN2A,LOF;GOF;LOF
wt_site,3,297,SCN1A:p.T1709I,SCN1A,LOF,0.3333333333333333,0.5609756097560976,0.5942028985507245,SCN10A:p.D1639N;SCN3A:p.T1486I;SCN4A:p.T1313A,SCN10A;SCN3A;SCN4A,LOF;GOF;GOF
wt_site,3,298,SCN5A:p.T1709M,SCN5A,LOF,0.6666666666666666,0.4869109947643979,1.3691756272401432,SCN2A:p.T1420M;SCN1A:p.T1709I;SCN10A:p.G1662S,SCN2A;SCN1A;SCN10A,LOF;LOF;GOF
wt_site,3,299,SCN5A:p.G1712C,SCN5A,LOF,0.3333333333333333,0.4869109947643979,0.6845878136200716,SCN10A:p.G1662S;SCN1A:p.H939Q;SCN8A:p.N374K,SCN10A;SCN1A;SCN8A,GOF;LOF;GOF
wt_site,3,300,SCN10A:p.G1662S,SCN10A,GOF,0.0,0.3885542168674699,0.0,SCN5A:p.G1712C;SCN5A:p.G1420R;SCN5A:p.G1420V,SCN5A;SCN5A;SCN5A,LOF;LOF;LOF
wt_site,3,301,SCN5A:p.D1714G,SCN5A,LOF,0.3333333333333333,0.4869109947643979,0.6845878136200716,SCN8A:p.N374K;SCN10A:p.D1639N;SCN10A:p.G1662S,SCN8A;SCN10A;SCN10A,GOF;LOF;GOF
wt_site,3,302,SCN5A:p.N1722D,SCN5A,LOF,0.3333333333333333,0.4869109947643979,0.6845878136200716,SCN11A:p.N816K;SCN1A:p.N1011I;SCN2A:p.K908E,SCN11A;SCN1A;SCN2A,GOF;LOF;GOF
wt_site,3,303,SCN5A:p.P1730H,SCN5A,LOF,0.6666666666666666,0.4869109947643979,1.3691756272401432,SCN1A:p.G1749E;SCN10A:p.P1102S;SCN2A:p.D12N,SCN1A;SCN10A;SCN2A,LOF;GOF;LOF
wt_site,3,304,SCN1A:p.G1749E,SCN1A,LOF,0.6666666666666666,0.5609756097560976,1.188405797101449,SCN2A:p.D12N;SCN9A:p.Q10R;SCN5A:p.P1730H,SCN2A;SCN9A;SCN5A,LOF;GOF;LOF
wt_site,3,305,SCN5A:p.G1740R,SCN5A,LOF,0.6666666666666666,0.4869109947643979,1.3691756272401432,SCN1A:p.G1749E;SCN2A:p.D12N;SCN9A:p.Q10R,SCN1A;SCN2A;SCN9A,LOF;LOF;GOF
wt_site,3,306,SCN5A:p.G1743R,SCN5A,LOF,0.6666666666666666,0.4869109947643979,1.3691756272401432,SCN1A:p.G1749E;SCN2A:p.D12N;SCN9A:p.Q10R,SCN1A;SCN2A;SCN9A,LOF;LOF;GOF
wt_site,3,307,SCN5A:p.G1748D,SCN5A,LOF,0.6666666666666666,0.4869109947643979,1.3691756272401432,SCN10A:p.L867F;SCN1A:p.G1421W;SCN8A:p.G1475R,SCN10A;SCN1A;SCN8A,LOF;LOF;GOF
wt_site,3,308,SCN1A:p.F1765L,SCN1A,LOF,0.3333333333333333,0.5609756097560976,0.5942028985507245,SCN5A:p.Y1449C;SCN4A:p.F1298C;SCN5A:p.F1473S,SCN5A;SCN4A;SCN5A,LOF;GOF;GOF
wt_site,3,309,SCN10A:p.I1706V,SCN10A,GOF,1.0,0.3885542168674699,2.5736434108527133,SCN11A:p.I381T;SCN5A:p.I1762A;SCN5A:p.I1768V,SCN11A;SCN5A;SCN5A,GOF;GOF;GOF
wt_site,3,310,SCN1A:p.F1774S,SCN1A,GOF,0.6666666666666666,0.43902439024390244,1.5185185185185184,SCN5A:p.N927S;SCN10A:p.I1706V;SCN5A:p.Y1767C,SCN5A;SCN10A;SCN5A,LOF;GOF;GOF
wt_site,3,311,SCN5A:p.I1762A,SCN5A,GOF,0.6666666666666666,0.5130890052356021,1.2993197278911564,SCN10A:p.I1706V;SCN1A:p.V983A;SCN3A:p.V1769A,SCN10A;SCN1A;SCN3A,GOF;LOF;GOF
wt_site,3,312,SCN5A:p.V1763M,SCN5A,GOF,0.0,0.5130890052356021,0.0,SCN1A:p.V983A;SCN10A:p.L388M;SCN8A:p.V1758A,SCN1A;SCN10A;SCN8A,LOF;LOF;LOF
wt_site,3,313,SCN8A:p.V1758A,SCN8A,LOF,0.0,0.6196319018404908,0.0,SCN5A:p.V1764M;SCN3A:p.V1769A;SCN5A:p.V1763M,SCN5A;SCN3A;SCN5A,GOF;GOF;GOF
wt_site,3,314,SCN5A:p.V1764M,SCN5A,GOF,0.3333333333333333,0.5130890052356021,0.6496598639455782,SCN8A:p.V1758A;SCN3A:p.V1769A;SCN1A:p.V983A,SCN8A;SCN3A;SCN1A,LOF;GOF;LOF
wt_site,3,315,SCN3A:p.M1765I,SCN3A,GOF,0.6666666666666666,0.38095238095238093,1.75,SCN8A:p.M1760I;SCN1A:p.L986F;SCN4A:p.L796V,SCN8A;SCN1A;SCN4A,GOF;LOF;GOF
wt_site,3,316,SCN8A:p.M1760I,SCN8A,GOF,0.6666666666666666,0.3803680981595092,1.7526881720430105,SCN3A:p.M1765I;SCN1A:p.L986F;SCN4A:p.L796V,SCN3A;SCN1A;SCN4A,GOF;LOF;GOF
wt_site,3,317,SCN5A:p.Y1767C,SCN5A,GOF,0.6666666666666666,0.5130890052356021,1.2993197278911564,SCN8A:p.M1760I;SCN3A:p.M1765I;SCN1A:p.Y426N,SCN8A;SCN3A;SCN1A,GOF;GOF;LOF
wt_site,3,318,SCN5A:p.I1768V,SCN5A,GOF,1.0,0.5130890052356021,1.9489795918367347,SCN2A:p.I1473M;SCN3A:p.V1769A;SCN9A:p.I136V,SCN2A;SCN3A;SCN9A,GOF;GOF;GOF
wt_site,3,319,SCN2A:p.A1773T,SCN2A,LOF,0.0,0.620253164556962,0.0,SCN3A:p.V1769A;SCN4A:p.V445M;SCN9A:p.V400M,SCN3A;SCN4A;SCN9A,GOF;GOF;GOF
wt_site,3,320,SCN3A:p.V1769A,SCN3A,GOF,1.0,0.38095238095238093,2.625,SCN4A:p.V1293I;SCN9A:p.V400M;SCN5A:p.V411M,SCN4A;SCN9A;SCN5A,GOF;GOF;GOF
wt_site,3,321,SCN5A:p.N1774D,SCN5A,GOF,1.0,0.5130890052356021,1.9489795918367347,SCN8A:p.N1768D;SCN4A:p.N1297S;SCN4A:p.N1297K,SCN8A;SCN4A;SCN4A,GOF;GOF;GOF
wt_site,3,322,SCN8A:p.N1768D,SCN8A,GOF,1.0,0.3803680981595092,2.629032258064516,SCN5A:p.N1774D;SCN4A:p.N1297S;SCN4A:p.N1297K,SCN5A;SCN4A;SCN4A,GOF;GOF;GOF
wt_site,3,323,SCN5A:p.S1787N,SCN5A,GOF,1.0,0.5130890052356021,1.9489795918367347,SCN2A:p.R1882Q;SCN2A:p.R1882G;SCN8A:p.R1872W,SCN2A;SCN2A;SCN8A,GOF;GOF;GOF
wt_site,3,324,SCN5A:p.Y1795C,SCN5A,GOF,1.0,0.5130890052356021,1.9489795918367347,SCN2A:p.M1879T;SCN2A:p.R1882Q;SCN2A:p.R1882G,SCN2A;SCN2A;SCN2A,GOF;GOF;GOF
wt_site,3,325,SCN5A:p.Y1795H,SCN5A,LOF,0.0,0.4869109947643979,0.0,SCN2A:p.M1879T;SCN2A:p.R1882Q;SCN2A:p.R1882G,SCN2A;SCN2A;SCN2A,GOF;GOF;GOF
wt_site,3,326,SCN2A:p.E1803G,SCN2A,GOF,0.3333333333333333,0.379746835443038,0.8777777777777777,SCN5A:p.E746K;SCN5A:p.Y1795H;SCN5A:p.Y1795C,SCN5A;SCN5A;SCN5A,LOF;LOF;GOF
wt_site,3,327,SCN4A:p.Q1633E,SCN4A,GOF,0.6666666666666666,0.3785488958990536,1.761111111111111,SCN5A:p.Q1832E;SCN2A:p.M1879T;SCN9A:p.Q10R,SCN5A;SCN2A;SCN9A,LOF;GOF;GOF
wt_site,3,328,SCN1A:p.F1831S,SCN1A,LOF,0.3333333333333333,0.5609756097560976,0.5942028985507245,SCN5A:p.L1825P;SCN5A:p.F1486L;SCN2A:p.M1879T,SCN5A;SCN5A;SCN2A,LOF;GOF;GOF
wt_site,3,329,SCN5A:p.L1825P,SCN5A,LOF,0.0,0.4869109947643979,0.0,SCN2A:p.M1879T;SCN1A:p.L1624P;SCN1A:p.F1499L,SCN2A;SCN1A;SCN1A,GOF;GOF;GOF
wt_site,3,330,SCN5A:p.Q1832E,SCN5A,LOF,0.0,0.4869109947643979,0.0,SCN9A:p.Q10R;SCN2A:p.R1882Q;SCN2A:p.R1882G,SCN9A;SCN2A;SCN2A,GOF;GOF;GOF
wt_site,3,331,SCN5A:p.C1850S,SCN5A,LOF,0.0,0.4869109947643979,0.0,SCN2A:p.M1879T;SCN2A:p.R1882Q;SCN2A:p.R1882G,SCN2A;SCN2A;SCN2A,GOF;GOF;GOF
wt_site,3,332,SCN1A:p.D1866Y,SCN1A,GOF,0.0,0.43902439024390244,0.0,SCN2A:p.D82G;SCN2A:p.D12N;SCN5A:p.D84N,SCN2A;SCN2A;SCN5A,LOF;LOF;LOF
wt_site,3,333,SCN2A:p.M1879T,SCN2A,GOF,1.0,0.379746835443038,2.6333333333333333,SCN8A:p.R1872W;SCN8A:p.R1872Q;SCN8A:p.R1872L,SCN8A;SCN8A;SCN8A,GOF;GOF;GOF
wt_site,3,334,SCN8A:p.R1872L,SCN8A,GOF,0.6666666666666666,0.3803680981595092,1.7526881720430105,SCN2A:p.R1882Q;SCN2A:p.R1882G;SCN5A:p.R27H,SCN2A;SCN2A;SCN5A,GOF;GOF;LOF
wt_site,3,335,SCN2A:p.R1882G,SCN2A,GOF,1.0,0.379746835443038,2.6333333333333333,SCN8A:p.R1872W;SCN8A:p.R1872Q;SCN8A:p.R1872L,SCN8A;SCN8A;SCN8A,GOF;GOF;GOF
wt_site,3,336,SCN2A:p.R1882Q,SCN2A,GOF,1.0,0.379746835443038,2.6333333333333333,SCN8A:p.R1872W;SCN8A:p.R1872Q;SCN8A:p.R1872L,SCN8A;SCN8A;SCN8A,GOF;GOF;GOF
wt_site,3,337,SCN8A:p.R1872Q,SCN8A,GOF,0.6666666666666666,0.3803680981595092,1.7526881720430105,SCN2A:p.R1882Q;SCN2A:p.R1882G;SCN5A:p.R27H,SCN2A;SCN2A;SCN5A,GOF;GOF;LOF
wt_site,3,338,SCN8A:p.R1872W,SCN8A,GOF,0.6666666666666666,0.3803680981595092,1.7526881720430105,SCN2A:p.R1882Q;SCN2A:p.R1882G;SCN5A:p.R27H,SCN2A;SCN2A;SCN5A,GOF;GOF;LOF
wt_site,3,339,SCN5A:p.R1897W,SCN5A,LOF,0.0,0.4869109947643979,0.0,SCN8A:p.R1872W;SCN8A:p.R1872Q;SCN8A:p.R1872L,SCN8A;SCN8A;SCN8A,GOF;GOF;GOF
wt_site,3,340,SCN5A:p.R1898C,SCN5A,LOF,0.0,0.4869109947643979,0.0,SCN8A:p.R1872W;SCN8A:p.R1872Q;SCN8A:p.R1872L,SCN8A;SCN8A;SCN8A,GOF;GOF;GOF
wt_site,3,341,SCN1A:p.Q1923R,SCN1A,LOF,0.6666666666666666,0.5609756097560976,1.188405797101449,SCN5A:p.R1897W;SCN9A:p.Q10R;SCN5A:p.Q1832E,SCN5A;SCN9A;SCN5A,LOF;GOF;LOF
wt_site,3,342,SCN1A:p.R1927G,SCN1A,LOF,0.6666666666666666,0.5609756097560976,1.188405797101449,SCN5A:p.R1897W;SCN5A:p.R1898C;SCN2A:p.R1882G,SCN5A;SCN5A;SCN2A,LOF;LOF;GOF
wt_site,3,343,SCN1A:p.T1934I,SCN1A,LOF,0.0,0.5609756097560976,0.0,SCN8A:p.R1872W;SCN8A:p.R1872Q;SCN8A:p.R1872L,SCN8A;SCN8A;SCN8A,GOF;GOF;GOF
wt_site,3,344,SCN10A:p.A1886V,SCN10A,GOF,0.3333333333333333,0.3885542168674699,0.8578811369509043,SCN5A:p.A551T;SCN5A:p.P2006A;SCN5A:p.N592K,SCN5A;SCN5A;SCN5A,LOF;GOF;LOF
wt_site,3,345,SCN5A:p.I1968S,SCN5A,LOF,0.3333333333333333,0.4869109947643979,0.6845878136200716,SCN9A:p.Q10R;SCN10A:p.L554P;SCN2A:p.D12N,SCN9A;SCN10A;SCN2A,GOF;GOF;LOF
wt_site,3,346,SCN5A:p.F2004L,SCN5A,LOF,0.0,0.4869109947643979,0.0,SCN10A:p.L554P;SCN9A:p.Q10R;SCN10A:p.A1886V,SCN10A;SCN9A;SCN10A,GOF;GOF;GOF
wt_site,3,347,SCN5A:p.P2006A,SCN5A,GOF,0.6666666666666666,0.5130890052356021,1.2993197278911564,SCN9A:p.Q10R;SCN2A:p.D12N;SCN10A:p.A1886V,SCN9A;SCN2A;SCN10A,GOF;LOF;GOF
wt_site,5,0,SCN9A:p.Q10R,SCN9A,GOF,0.6,0.3768545994065282,1.5921259842519684,SCN2A:p.D12N;SCN5A:p.R18W;SCN5A:p.P2006A;SCN5A:p.R458C;SCN5A:p.N592K,SCN2A;SCN5A;SCN5A;SCN5A;SCN5A,LOF;GOF;GOF;GOF;LOF
wt_site,5,1,SCN2A:p.D12N,SCN2A,LOF,0.2,0.620253164556962,0.32244897959183677,SCN9A:p.Q10R;SCN9A:p.D623N;SCN5A:p.D84N;SCN5A:p.R18W;SCN5A:p.P2006A,SCN9A;SCN9A;SCN5A;SCN5A;SCN5A,GOF;GOF;LOF;GOF;GOF
wt_site,5,2,SCN5A:p.R18W,SCN5A,GOF,0.8,0.5130890052356021,1.5591836734693878,SCN9A:p.Q10R;SCN8A:p.R1872W;SCN8A:p.R1872Q;SCN8A:p.R1872L;SCN2A:p.D12N,SCN9A;SCN8A;SCN8A;SCN8A;SCN2A,GOF;GOF;GOF;GOF;LOF
wt_site,5,3,SCN5A:p.R27H,SCN5A,LOF,0.0,0.4869109947643979,0.0,SCN8A:p.R1872W;SCN8A:p.R1872Q;SCN8A:p.R1872L;SCN2A:p.R1882Q;SCN2A:p.R1882G,SCN8A;SCN8A;SCN8A;SCN2A;SCN2A,GOF;GOF;GOF;GOF;GOF
wt_site,5,4,SCN1A:p.E78D,SCN1A,LOF,0.6,0.5609756097560976,1.0695652173913042,SCN5A:p.D84N;SCN2A:p.D82G;SCN2A:p.D12N;SCN9A:p.Q10R;SCN2A:p.E999K,SCN5A;SCN2A;SCN2A;SCN9A;SCN2A,LOF;LOF;LOF;GOF;GOF
wt_site,5,5,SCN5A:p.D84N,SCN5A,LOF,0.6,0.4869109947643979,1.232258064516129,SCN2A:p.D82G;SCN2A:p.D12N;SCN9A:p.D623N;SCN1A:p.E78D;SCN9A:p.Q10R,SCN2A;SCN2A;SCN9A;SCN1A;SCN9A,LOF;LOF;GOF;LOF;GOF
wt_site,5,6,SCN2A:p.D82G,SCN2A,LOF,0.4,0.620253164556962,0.6448979591836735,SCN5A:p.D84N;SCN9A:p.D623N;SCN1A:p.E78D;SCN9A:p.Q10R;SCN5A:p.R18W,SCN5A;SCN9A;SCN1A;SCN9A;SCN5A,LOF;GOF;LOF;GOF;GOF
wt_site,5,7,SCN5A:p.F93S,SCN5A,LOF,0.8,0.4869109947643979,1.643010752688172,SCN10A:p.V94G;SCN1A:p.E78D;SCN9A:p.Q10R;SCN2A:p.D12N;SCN2A:p.D82G,SCN10A;SCN1A;SCN9A;SCN2A;SCN2A,LOF;LOF;GOF;LOF;LOF
wt_site,5,8,SCN10A:p.V94G,SCN10A,LOF,0.8,0.6114457831325302,1.3083743842364532,SCN5A:p.F93S;SCN5A:p.D84N;SCN5A:p.R18W;SCN1A:p.E78D;SCN2A:p.D12N,SCN5A;SCN5A;SCN5A;SCN1A;SCN2A,LOF;LOF;GOF;LOF;LOF
wt_site,5,9,SCN4A:p.R104H,SCN4A,LOF,0.6,0.6214511041009464,0.965482233502538,SCN5A:p.R104Q;SCN5A:p.R104W;SCN10A:p.V94G;SCN2A:p.R1882G;SCN2A:p.R1882Q,SCN5A;SCN5A;SCN10A;SCN2A;SCN2A,LOF;LOF;LOF;GOF;GOF
wt_site,5,10,SCN5A:p.R104Q,SCN5A,LOF,0.4,0.4869109947643979,0.821505376344086,SCN4A:p.R104H;SCN10A:p.V94G;SCN8A:p.R1872W;SCN8A:p.R1872Q;SCN8A:p.R1872L,SCN4A;SCN10A;SCN8A;SCN8A;SCN8A,LOF;LOF;GOF;GOF;GOF
wt_site,5,11,SCN5A:p.R104W,SCN5A,LOF,0.4,0.4869109947643979,0.821505376344086,SCN4A:p.R104H;SCN10A:p.V94G;SCN8A:p.R1872W;SCN8A:p.R1872Q;SCN8A:p.R1872L,SCN4A;SCN10A;SCN8A;SCN8A;SCN8A,LOF;LOF;GOF;GOF;GOF
wt_site,5,12,SCN5A:p.R121W,SCN5A,LOF,0.4,0.4869109947643979,0.821505376344086,SCN4A:p.R104H;SCN11A:p.R222H;SCN1A:p.R1927G;SCN3A:p.R1621G;SCN3A:p.R1621Q,SCN4A;SCN11A;SCN1A;SCN3A;SCN3A,LOF;GOF;LOF;GOF;GOF
wt_site,5,13,SCN5A:p.A124D,SCN5A,LOF,0.6,0.4869109947643979,1.232258064516129,SCN3A:p.I875T;SCN8A:p.A1491V;SCN1A:p.F1831S;SCN4A:p.C1209F;SCN2A:p.C1386R,SCN3A;SCN8A;SCN1A;SCN4A;SCN2A,GOF;GOF;LOF;LOF;LOF
wt_site,5,14,SCN5A:p.V125L,SCN5A,GOF,0.6,0.5130890052356021,1.1693877551020408,SCN10A:p.V94G;SCN2A:p.M1879T;SCN4A:p.R104H;SCN8A:p.A1491V;SCN2A:p.R1882G,SCN10A;SCN2A;SCN4A;SCN8A;SCN2A,LOF;GOF;LOF;GOF;GOF
wt_site,5,15,SCN5A:p.K126E,SCN5A,LOF,0.2,0.4869109947643979,0.410752688172043,SCN10A:p.V94G;SCN8A:p.R1872L;SCN8A:p.R1872W;SCN8A:p.R1872Q;SCN2A:p.R1882Q,SCN10A;SCN8A;SCN8A;SCN8A;SCN2A,LOF;GOF;GOF;GOF;GOF
wt_site,5,16,SCN5A:p.L136P,SCN5A,LOF,0.4,0.4869109947643979,0.821505376344086,SCN8A:p.L1331V;SCN4A:p.T704M;SCN10A:p.L867F;SCN1A:p.F1831S;SCN11A:p.I381T,SCN8A;SCN4A;SCN10A;SCN1A;SCN11A,GOF;GOF;LOF;LOF;GOF
wt_site,5,17,SCN8A:p.M139I,SCN8A,GOF,0.6,0.3803680981595092,1.5774193548387094,SCN9A:p.I136V;SCN4A:p.I141V;SCN5A:p.L136P;SCN4A:p.M203K;SCN3A:p.M1765I,SCN9A;SCN4A;SCN5A;SCN4A;SCN3A,GOF;GOF;LOF;LOF;GOF
wt_site,5,18,SCN4A:p.I141V,SCN4A,GOF,0.8,0.3785488958990536,2.1133333333333337,SCN9A:p.I136V;SCN5A:p.I1762A;SCN5A:p.I1768V;SCN5A:p.I1660V;SCN1A:p.V1611F,SCN9A;SCN5A;SCN5A;SCN5A;SCN1A,GOF;GOF;GOF;LOF;GOF
wt_site,5,19,SCN9A:p.I136V,SCN9A,GOF,0.8,0.3768545994065282,2.1228346456692915,SCN4A:p.I141V;SCN5A:p.I1762A;SCN5A:p.I1768V;SCN5A:p.I1660V;SCN1A:p.V1611F,SCN4A;SCN5A;SCN5A;SCN5A;SCN1A,GOF;GOF;GOF;LOF;GOF
wt_site,5,20,SCN1A:p.M145T,SCN1A,LOF,0.8,0.5609756097560976,1.4260869565217391,SCN5A:p.M734V;SCN5A:p.A735V;SCN5A:p.A735T;SCN5A:p.A735E;SCN3A:p.M1765I,SCN5A;SCN5A;SCN5A;SCN5A;SCN3A,LOF;LOF;LOF;LOF;GOF
wt_site,5,21,SCN5A:p.E161K,SCN5A,LOF,0.4,0.4869109947643979,0.821505376344086,SCN1A:p.E788K;SCN1A:p.D1866Y;SCN10A:p.D1639N;SCN2A:p.R1882G;SCN2A:p.R1882Q,SCN1A;SCN1A;SCN10A;SCN2A;SCN2A,LOF;GOF;LOF;GOF;GOF
wt_site,5,22,SCN10A:p.Y158D,SCN10A,GOF,0.6,0.3885542168674699,1.544186046511628,SCN1A:p.R1575C;SCN5A:p.F93S;SCN5A:p.R1897W;SCN2A:p.M1879T;SCN1A:p.L1624P,SCN1A;SCN5A;SCN5A;SCN2A;SCN1A,GOF;LOF;LOF;GOF;GOF
wt_site,5,23,SCN5A:p.K175N,SCN5A,LOF,0.4,0.4869109947643979,0.821505376344086,SCN1A:p.E1587K;SCN4A:p.N1366S;SCN9A:p.N395K;SCN4A:p.N440K;SCN1A:p.N985I,SCN1A;SCN4A;SCN9A;SCN4A;SCN1A,LOF;GOF;GOF;GOF;LOF
wt_site,5,24,SCN5A:p.A178G,SCN5A,LOF,0.8,0.4869109947643979,1.643010752688172,SCN1A:p.G177E;SCN1A:p.G177A;SCN2A:p.A263V;SCN1A:p.A1685V;SCN1A:p.A1685D,SCN1A;SCN1A;SCN2A;SCN1A;SCN1A,LOF;LOF;GOF;LOF;LOF
wt_site,5,25,SCN1A:p.G177A,SCN1A,LOF,1.0,0.5609756097560976,1.7826086956521738,SCN5A:p.G1262S;SCN5A:p.R1583C;SCN5A:p.G1319V;SCN5A:p.A178G;SCN8A:p.G269R,SCN5A;SCN5A;SCN5A;SCN5A;SCN8A,LOF;LOF;LOF;LOF;LOF
wt_site,5,26,SCN1A:p.G177E,SCN1A,LOF,1.0,0.5609756097560976,1.7826086956521738,SCN5A:p.G1262S;SCN5A:p.R1583C;SCN5A:p.G1319V;SCN5A:p.A178G;SCN8A:p.G269R,SCN5A;SCN5A;SCN5A;SCN5A;SCN8A,LOF;LOF;LOF;LOF;LOF
wt_site,5,27,SCN5A:p.T187I,SCN5A,LOF,0.2,0.4869109947643979,0.410752688172043,SCN3A:p.T1486I;SCN4A:p.T1313A;SCN4A:p.T1313M;SCN2A:p.T236S;SCN1A:p.T1709I,SCN3A;SCN4A;SCN4A;SCN2A;SCN1A,GOF;GOF;GOF;GOF;LOF
wt_site,5,28,SCN4A:p.M203K,SCN4A,LOF,0.2,0.6214511041009464,0.3218274111675127,SCN3A:p.M1765I;SCN8A:p.M1760I;SCN8A:p.M139I;SCN2A:p.V208E;SCN1A:p.M1664K,SCN3A;SCN8A;SCN8A;SCN2A;SCN1A,GOF;GOF;GOF;GOF;LOF
wt_site,5,29,SCN2A:p.V208E,SCN2A,GOF,0.4,0.379746835443038,1.0533333333333332,SCN1A:p.L1624P;SCN4A:p.V1442E;SCN5A:p.A1294G;SCN5A:p.E1295K;SCN10A:p.V94G,SCN1A;SCN4A;SCN5A;SCN5A;SCN10A,GOF;LOF;LOF;GOF;LOF
wt_site,5,30,SCN9A:p.S211P,SCN9A,GOF,0.4,0.3768545994065282,1.0614173228346457,SCN2A:p.T1623N;SCN5A:p.T1620M;SCN2A:p.P1622S;SCN1A:p.P1632S;SCN5A:p.S1609L,SCN2A;SCN5A;SCN2A;SCN1A;SCN5A,GOF;LOF;LOF;LOF;GOF
wt_site,5,31,SCN11A:p.R222H,SCN11A,GOF,0.0,0.38596491228070173,0.0,SCN10A:p.R756W;SCN5A:p.R808C;SCN1A:p.R859C;SCN1A:p.R859H;SCN4A:p.R669H,SCN10A;SCN5A;SCN1A;SCN1A;SCN4A,LOF;LOF;LOF;LOF;LOF
wt_site,5,32,SCN9A:p.F216S,SCN9A,GOF,1.0,0.3768545994065282,2.653543307086614,SCN8A:p.A1622D;SCN5A:p.F1473S;SCN5A:p.F1473C;SCN4A:p.F1298C;SCN2A:p.F1597L,SCN8A;SCN5A;SCN5A;SCN4A;SCN2A,GOF;GOF;GOF;GOF;GOF
wt_site,5,33,SCN8A:p.R223G,SCN8A,LOF,0.8,0.6196319018404908,1.2910891089108911,SCN4A:p.R672H;SCN4A:p.R672G;SCN5A:p.R811H;SCN4A:p.R225W;SCN5A:p.R1626P,SCN4A;SCN4A;SCN5A;SCN4A;SCN5A,LOF;LOF;LOF;LOF;GOF
wt_site,5,34,SCN5A:p.V223L,SCN5A,LOF,0.4,0.4869109947643979,0.821505376344086,SCN3A:p.L855P;SCN1A:p.V1353L;SCN11A:p.V1184A;SCN1A:p.I227S;SCN4A:p.V1293I,SCN3A;SCN1A;SCN11A;SCN1A;SCN4A,GOF;LOF;GOF;LOF;GOF
wt_site,5,35,SCN4A:p.R225W,SCN4A,LOF,0.6,0.6214511041009464,0.965482233502538,SCN5A:p.R225W;SCN5A:p.R225P;SCN1A:p.R865G;SCN2A:p.R1312T;SCN5A:p.R811H,SCN5A;SCN5A;SCN1A;SCN2A;SCN5A,LOF;GOF;GOF;LOF;LOF
wt_site,5,36,SCN5A:p.R225W,SCN5A,LOF,0.8,0.4869109947643979,1.643010752688172,SCN4A:p.R225W;SCN1A:p.R865G;SCN2A:p.R1312T;SCN4A:p.R672H;SCN4A:p.R672G,SCN4A;SCN1A;SCN2A;SCN4A;SCN4A,LOF;GOF;LOF;LOF;LOF
wt_site,5,37,SCN5A:p.R225P,SCN5A,GOF,0.2,0.5130890052356021,0.38979591836734695,SCN4A:p.R225W;SCN1A:p.R865G;SCN2A:p.R1312T;SCN4A:p.R672H;SCN4A:p.R672G,SCN4A;SCN1A;SCN2A;SCN4A;SCN4A,LOF;GOF;LOF;LOF;LOF
wt_site,5,38,SCN5A:p.A226V,SCN5A,LOF,0.0,0.4869109947643979,0.0,SCN3A:p.L855P;SCN4A:p.A1156T;SCN2A:p.A263V;SCN10A:p.S242T;SCN9A:p.S241T,SCN3A;SCN4A;SCN2A;SCN10A;SCN9A,GOF;GOF;GOF;GOF;GOF
wt_site,5,39,SCN1A:p.I227S,SCN1A,LOF,0.0,0.5609756097560976,0.0,SCN11A:p.L1158P;SCN9A:p.I228M;SCN9A:p.I234T;SCN9A:p.F216S;SCN3A:p.I875T,SCN11A;SCN9A;SCN9A;SCN9A;SCN3A,GOF;GOF;GOF;GOF;GOF
wt_site,5,40,SCN9A:p.I228M,SCN9A,GOF,0.6,0.3768545994065282,1.5921259842519684,SCN1A:p.I227S;SCN1A:p.I1656M;SCN11A:p.L1158P;SCN3A:p.L855P;SCN3A:p.I875T,SCN1A;SCN1A;SCN11A;SCN3A;SCN3A,LOF;LOF;GOF;GOF;GOF
wt_site,5,41,SCN2A:p.T236S,SCN2A,GOF,0.6,0.379746835443038,1.5799999999999998,SCN1A:p.T875M;SCN5A:p.N1325S;SCN5A:p.T1620M;SCN3A:p.F1646C;SCN1A:p.F1661L,SCN1A;SCN5A;SCN5A;SCN3A;SCN1A,LOF;GOF;LOF;GOF;GOF
wt_site,5,42,SCN9A:p.I234T,SCN9A,GOF,0.4,0.3768545994065282,1.0614173228346457,SCN2A:p.L1330F;SCN3A:p.L247P;SCN1A:p.I1656M;SCN3A:p.I875T;SCN8A:p.I1327V,SCN2A;SCN3A;SCN1A;SCN3A;SCN8A,LOF;LOF;LOF;GOF;GOF
wt_site,5,43,SCN9A:p.S241T,SCN9A,GOF,1.0,0.3768545994065282,2.653543307086614,SCN10A:p.S242T;SCN5A:p.A1330T;SCN5A:p.A1330P;SCN4A:p.A1156T;SCN2A:p.A263V,SCN10A;SCN5A;SCN5A;SCN4A;SCN2A,GOF;GOF;GOF;GOF;GOF
wt_site,5,44,SCN10A:p.S242T,SCN10A,GOF,0.8,0.3885542168674699,2.0589147286821707,SCN9A:p.S241T;SCN5A:p.A1330T;SCN5A:p.A1330P;SCN4A:p.A1156T;SCN5A:p.S1672Y,SCN9A;SCN5A;SCN5A;SCN4A;SCN5A,GOF;GOF;GOF;GOF;LOF
wt_site,5,45,SCN3A:p.L247P,SCN3A,LOF,0.4,0.6190476190476191,0.6461538461538462,SCN5A:p.L839P;SCN8A:p.I1327V;SCN2A:p.L1330F;SCN9A:p.I234T;SCN8A:p.L1331V,SCN5A;SCN8A;SCN2A;SCN9A;SCN8A,LOF;GOF;LOF;GOF;GOF
wt_site,5,46,SCN1A:p.D249E,SCN1A,LOF,0.0,0.5609756097560976,0.0,SCN2A:p.N1339D;SCN11A:p.G699R;SCN4A:p.P1158L;SCN5A:p.P1332L;SCN3A:p.P1333L,SCN2A;SCN11A;SCN4A;SCN5A;SCN3A,GOF;GOF;GOF;GOF;GOF
wt_site,5,47,SCN1A:p.S259R,SCN1A,LOF,0.6,0.5609756097560976,1.0695652173913042,SCN5A:p.L1346P;SCN5A:p.F851L;SCN5A:p.F1344S;SCN2A:p.A263V;SCN9A:p.V872G,SCN5A;SCN5A;SCN5A;SCN2A;SCN9A,LOF;LOF;LOF;GOF;GOF
wt_site,5,48,SCN2A:p.A263V,SCN2A,GOF,0.0,0.379746835443038,0.0,SCN1A:p.A1685V;SCN1A:p.A1685D;SCN5A:p.S1672Y;SCN8A:p.G269R;SCN1A:p.S259R,SCN1A;SCN1A;SCN5A;SCN8A;SCN1A,LOF;LOF;LOF;LOF;LOF
wt_site,5,49,SCN1A:p.L263V,SCN1A,GOF,0.6,0.43902439024390244,1.3666666666666667,SCN4A:p.L796V;SCN5A:p.L1346P;SCN3A:p.L247P;SCN9A:p.V872G;SCN2A:p.A263V,SCN4A;SCN5A;SCN3A;SCN9A;SCN2A,GOF;LOF;LOF;GOF;GOF
wt_site,5,50,SCN8A:p.G269R,SCN8A,LOF,0.8,0.6196319018404908,1.2910891089108911,SCN2A:p.G899S;SCN2A:p.A263V;SCN1A:p.A1685D;SCN1A:p.A1685V;SCN5A:p.S1672Y,SCN2A;SCN2A;SCN1A;SCN1A;SCN5A,LOF;GOF;LOF;LOF;LOF
wt_site,5,51,SCN5A:p.L276Q,SCN5A,LOF,0.4,0.4869109947643979,0.821505376344086,SCN1A:p.L986F;SCN10A:p.R814H;SCN4A:p.L796V;SCN1A:p.M956T;SCN1A:p.L263V,SCN1A;SCN10A;SCN4A;SCN1A;SCN1A,LOF;GOF;GOF;LOF;GOF
wt_site,5,52,SCN5A:p.R282H,SCN5A,LOF,0.0,0.4869109947643979,0.0,SCN8A:p.R1872L;SCN8A:p.R1872W;SCN8A:p.R1872Q;SCN10A:p.R814H;SCN2A:p.R1882Q,SCN8A;SCN8A;SCN8A;SCN10A;SCN2A,GOF;GOF;GOF;GOF;GOF
wt_site,5,53,SCN5A:p.R282C,SCN5A,LOF,0.0,0.4869109947643979,0.0,SCN8A:p.R1872L;SCN8A:p.R1872W;SCN8A:p.R1872Q;SCN10A:p.R814H;SCN2A:p.R1882Q,SCN8A;SCN8A;SCN8A;SCN10A;SCN2A,GOF;GOF;GOF;GOF;GOF
wt_site,5,54,SCN1A:p.T297I,SCN1A,LOF,0.8,0.5609756097560976,1.4260869565217391,SCN8A:p.T1360N;SCN5A:p.S1382I;SCN5A:p.F93S;SCN10A:p.V94G;SCN10A:p.A1886V,SCN8A;SCN5A;SCN5A;SCN10A;SCN10A,LOF;LOF;LOF;LOF;GOF
wt_site,5,55,SCN5A:p.L325R,SCN5A,LOF,0.2,0.4869109947643979,0.410752688172043,SCN10A:p.V94G;SCN2A:p.M1879T;SCN10A:p.L554P;SCN9A:p.D623N;SCN2A:p.R1882Q,SCN10A;SCN2A;SCN10A;SCN9A;SCN2A,LOF;GOF;GOF;GOF;GOF
wt_site,5,56,SCN5A:p.C335R,SCN5A,LOF,0.8,0.4869109947643979,1.643010752688172,SCN4A:p.C1209F;SCN2A:p.C1386R;SCN10A:p.V94G;SCN2A:p.D82G;SCN9A:p.D623N,SCN4A;SCN2A;SCN10A;SCN2A;SCN9A,LOF;LOF;LOF;LOF;GOF
wt_site,5,57,SCN5A:p.P336L,SCN5A,LOF,0.6,0.4869109947643979,1.232258064516129,SCN4A:p.P382T;SCN2A:p.D82G;SCN10A:p.P1102S;SCN2A:p.D12N;SCN9A:p.Q10R,SCN4A;SCN2A;SCN10A;SCN2A;SCN9A,LOF;LOF;GOF;LOF;GOF
wt_site,5,58,SCN3A:p.K354Q,SCN3A,GOF,0.6,0.38095238095238093,1.575,SCN2A:p.K908E;SCN5A:p.R282H;SCN5A:p.R282C;SCN5A:p.R18W;SCN9A:p.Q10R,SCN2A;SCN5A;SCN5A;SCN5A;SCN9A,GOF;LOF;LOF;GOF;GOF
wt_site,5,59,SCN4A:p.P382T,SCN4A,LOF,0.8,0.6214511041009464,1.2873096446700507,SCN5A:p.P336L;SCN5A:p.P1506S;SCN5A:p.P1730H;SCN5A:p.P2006A;SCN5A:p.D349N,SCN5A;SCN5A;SCN5A;SCN5A;SCN5A,LOF;LOF;LOF;GOF;LOF
wt_site,5,60,SCN5A:p.D349N,SCN5A,LOF,0.8,0.4869109947643979,1.643010752688172,SCN2A:p.D12N;SCN2A:p.D82G;SCN9A:p.D623N;SCN10A:p.D1639N;SCN4A:p.P382T,SCN2A;SCN2A;SCN9A;SCN10A;SCN4A,LOF;LOF;GOF;LOF;LOF
wt_site,5,61,SCN5A:p.T353I,SCN5A,LOF,1.0,0.4869109947643979,2.053763440860215,SCN4A:p.P382T;SCN8A:p.T1360N;SCN1A:p.T1709I;SCN1A:p.T297I;SCN10A:p.L867F,SCN4A;SCN8A;SCN1A;SCN1A;SCN10A,LOF;LOF;LOF;LOF;LOF
wt_site,5,62,SCN5A:p.D356N,SCN5A,LOF,0.6,0.4869109947643979,1.232258064516129,SCN1A:p.D1866Y;SCN10A:p.D1639N;SCN1A:p.R393H;SCN1A:p.H939Q;SCN8A:p.N374K,SCN1A;SCN10A;SCN1A;SCN1A;SCN8A,GOF;LOF;LOF;LOF;GOF
wt_site,5,63,SCN5A:p.R367C,SCN5A,LOF,1.0,0.4869109947643979,2.053763440860215,SCN2A:p.R379H;SCN1A:p.R946C;SCN1A:p.R946H;SCN2A:p.R937H;SCN2A:p.R937C,SCN2A;SCN1A;SCN1A;SCN2A;SCN2A,LOF;LOF;LOF;LOF;LOF
wt_site,5,64,SCN2A:p.R379H,SCN2A,LOF,1.0,0.620253164556962,1.6122448979591837,SCN5A:p.R367L;SCN5A:p.R367C;SCN5A:p.R367H;SCN1A:p.R946C;SCN1A:p.R946H,SCN5A;SCN5A;SCN5A;SCN1A;SCN1A,LOF;LOF;LOF;LOF;LOF
wt_site,5,65,SCN5A:p.R367H,SCN5A,LOF,1.0,0.4869109947643979,2.053763440860215,SCN2A:p.R379H;SCN1A:p.R946C;SCN1A:p.R946H;SCN2A:p.R937H;SCN2A:p.R937C,SCN2A;SCN1A;SCN1A;SCN2A;SCN2A,LOF;LOF;LOF;LOF;LOF
wt_site,5,66,SCN5A:p.R367L,SCN5A,LOF,1.0,0.4869109947643979,2.053763440860215,SCN2A:p.R379H;SCN1A:p.R946C;SCN1A:p.R946H;SCN2A:p.R937H;SCN2A:p.R937C,SCN2A;SCN1A;SCN1A;SCN2A;SCN2A,LOF;LOF;LOF;LOF;LOF
wt_site,5,67,SCN5A:p.M369K,SCN5A,LOF,0.6,0.4869109947643979,1.232258064516129,SCN2A:p.T1420M;SCN2A:p.R379H;SCN2A:p.V423L;SCN1A:p.M956T;SCN4A:p.V445M,SCN2A;SCN2A;SCN2A;SCN1A;SCN4A,LOF;LOF;GOF;LOF;GOF
wt_site,5,68,SCN5A:p.W374G,SCN5A,LOF,0.6,0.4869109947643979,1.232258064516129,SCN10A:p.G1662S;SCN1A:p.M956T;SCN4A:p.F1298C;SCN2A:p.T1420M;SCN1A:p.Y426N,SCN10A;SCN1A;SCN4A;SCN2A;SCN1A,GOF;LOF;GOF;LOF;LOF
wt_site,5,69,SCN5A:p.R376H,SCN5A,LOF,0.0,0.4869109947643979,0.0,SCN8A:p.N374K;SCN8A:p.R1872W;SCN8A:p.R1872Q;SCN8A:p.R1872L;SCN2A:p.R1882Q,SCN8A;SCN8A;SCN8A;SCN8A;SCN2A,GOF;GOF;GOF;GOF;GOF
wt_site,5,70,SCN8A:p.N374K,SCN8A,GOF,0.0,0.3803680981595092,0.0,SCN5A:p.R376H;SCN5A:p.E901K;SCN5A:p.N1722D;SCN5A:p.D1714G;SCN1A:p.H939Q,SCN5A;SCN5A;SCN5A;SCN5A;SCN1A,LOF;LOF;LOF;LOF;LOF
wt_site,5,71,SCN1A:p.R393H,SCN1A,LOF,1.0,0.5609756097560976,1.7826086956521738,SCN5A:p.N1722D;SCN5A:p.R104W;SCN5A:p.R104Q;SCN4A:p.R104H;SCN5A:p.R27H,SCN5A;SCN5A;SCN5A;SCN4A;SCN5A,LOF;LOF;LOF;LOF;LOF
wt_site,5,72,SCN5A:p.G386R,SCN5A,LOF,0.6,0.4869109947643979,1.232258064516129,SCN10A:p.D1639N;SCN8A:p.G1475R;SCN4A:p.G1306E;SCN1A:p.R393H;SCN1A:p.G1749E,SCN10A;SCN8A;SCN4A;SCN1A;SCN1A,LOF;GOF;GOF;LOF;LOF
wt_site,5,73,SCN11A:p.I381T,SCN11A,GOF,0.6,0.38596491228070173,1.5545454545454547,SCN10A:p.I1706V;SCN10A:p.L867F;SCN1A:p.R1575C;SCN4A:p.I1310N;SCN1A:p.I1498M,SCN10A;SCN10A;SCN1A;SCN4A;SCN1A,GOF;LOF;GOF;GOF;LOF
wt_site,5,74,SCN5A:p.V396L,SCN5A,LOF,0.6,0.4869109947643979,1.232258064516129,SCN1A:p.V983A;SCN10A:p.I1706V;SCN8A:p.V1758A;SCN1A:p.V1611F;SCN10A:p.V1518I,SCN1A;SCN10A;SCN8A;SCN1A;SCN10A,LOF;GOF;LOF;GOF;LOF
wt_site,5,75,SCN10A:p.L388M,SCN10A,LOF,0.6,0.6114457831325302,0.9812807881773398,SCN1A:p.V983A;SCN5A:p.T1461S;SCN5A:p.V1763M;SCN4A:p.L796V;SCN1A:p.L986F,SCN1A;SCN5A;SCN5A;SCN4A;SCN1A,LOF;LOF;GOF;GOF;LOF
wt_site,5,76,SCN4A:p.N440K,SCN4A,GOF,0.2,0.3785488958990536,0.5283333333333334,SCN5A:p.N406S;SCN9A:p.N395K;SCN1A:p.N985I;SCN5A:p.N1541D;SCN5A:p.S1218I,SCN5A;SCN9A;SCN1A;SCN5A;SCN5A,LOF;GOF;LOF;LOF;LOF
wt_site,5,77,SCN9A:p.N395K,SCN9A,GOF,0.4,0.3768545994065282,1.0614173228346457,SCN5A:p.N406S;SCN4A:p.N440K;SCN1A:p.N985I;SCN5A:p.N1541D;SCN4A:p.N1366S,SCN5A;SCN4A;SCN1A;SCN5A;SCN4A,LOF;GOF;LOF;LOF;GOF
wt_site,5,78,SCN5A:p.N406S,SCN5A,LOF,0.4,0.4869109947643979,0.821505376344086,SCN9A:p.N395K;SCN4A:p.N440K;SCN1A:p.N985I;SCN4A:p.N1366S;SCN1A:p.E1587K,SCN9A;SCN4A;SCN1A;SCN4A;SCN1A,GOF;GOF;LOF;GOF;LOF
wt_site,5,79,SCN2A:p.V423L,SCN2A,GOF,1.0,0.379746835443038,2.6333333333333333,SCN9A:p.V400M;SCN5A:p.V411M;SCN4A:p.V445M;SCN4A:p.V1293I;SCN3A:p.V1769A,SCN9A;SCN5A;SCN4A;SCN4A;SCN3A,GOF;GOF;GOF;GOF;GOF
wt_site,5,80,SCN4A:p.V445M,SCN4A,GOF,0.8,0.3785488958990536,2.1133333333333337,SCN2A:p.V423L;SCN5A:p.V411M;SCN9A:p.V400M;SCN3A:p.V1769A;SCN1A:p.V983A,SCN2A;SCN5A;SCN9A;SCN3A;SCN1A,GOF;GOF;GOF;GOF;LOF
wt_site,5,81,SCN5A:p.V411M,SCN5A,GOF,1.0,0.5130890052356021,1.9489795918367347,SCN9A:p.V400M;SCN2A:p.V423L;SCN4A:p.V445M;SCN4A:p.V1293I;SCN3A:p.V1769A,SCN9A;SCN2A;SCN4A;SCN4A;SCN3A,GOF;GOF;GOF;GOF;GOF
wt_site,5,82,SCN9A:p.V400M,SCN9A,GOF,1.0,0.3768545994065282,2.653543307086614,SCN2A:p.V423L;SCN5A:p.V411M;SCN4A:p.V445M;SCN4A:p.V1293I;SCN3A:p.V1769A,SCN2A;SCN5A;SCN4A;SCN4A;SCN3A,GOF;GOF;GOF;GOF;GOF
wt_site,5,83,SCN1A:p.Y426N,SCN1A,LOF,0.0,0.5609756097560976,0.0,SCN4A:p.F1298C;SCN5A:p.F1473C;SCN5A:p.F1473S;SCN9A:p.V400M;SCN2A:p.V423L,SCN4A;SCN5A;SCN5A;SCN9A;SCN2A,GOF;GOF;GOF;GOF;GOF
wt_site,5,84,SCN5A:p.R458C,SCN5A,GOF,0.8,0.5130890052356021,1.5591836734693878,SCN9A:p.Q10R;SCN2A:p.D12N;SCN8A:p.R1872W;SCN8A:p.R1872Q;SCN8A:p.R1872L,SCN9A;SCN2A;SCN8A;SCN8A;SCN8A,GOF;LOF;GOF;GOF;GOF
wt_site,5,85,SCN5A:p.A551T,SCN5A,LOF,0.2,0.4869109947643979,0.410752688172043,SCN10A:p.A1886V;SCN2A:p.D12N;SCN10A:p.L554P;SCN9A:p.D623N;SCN9A:p.Q10R,SCN10A;SCN2A;SCN10A;SCN9A;SCN9A,GOF;LOF;GOF;GOF;GOF
wt_site,5,86,SCN5A:p.L567Q,SCN5A,LOF,0.2,0.4869109947643979,0.410752688172043,SCN10A:p.L554P;SCN9A:p.Q10R;SCN2A:p.D12N;SCN9A:p.D623N;SCN10A:p.A1886V,SCN10A;SCN9A;SCN2A;SCN9A;SCN10A,GOF;GOF;LOF;GOF;GOF
wt_site,5,87,SCN5A:p.R569W,SCN5A,GOF,0.8,0.5130890052356021,1.5591836734693878,SCN9A:p.Q10R;SCN2A:p.D12N;SCN8A:p.R1872W;SCN8A:p.R1872Q;SCN8A:p.R1872L,SCN9A;SCN2A;SCN8A;SCN8A;SCN8A,GOF;LOF;GOF;GOF;GOF
wt_site,5,88,SCN10A:p.L554P,SCN10A,GOF,0.4,0.3885542168674699,1.0294573643410854,SCN5A:p.L567Q;SCN5A:p.L619F;SCN5A:p.F2004L;SCN5A:p.P2006A;SCN5A:p.I1968S,SCN5A;SCN5A;SCN5A;SCN5A;SCN5A,LOF;GOF;LOF;GOF;LOF
wt_site,5,89,SCN5A:p.N592K,SCN5A,LOF,0.4,0.4869109947643979,0.821505376344086,SCN9A:p.Q10R;SCN9A:p.D623N;SCN2A:p.D12N;SCN10A:p.A1886V;SCN1A:p.N1011I,SCN9A;SCN9A;SCN2A;SCN10A;SCN1A,GOF;GOF;LOF;GOF;LOF
wt_site,5,90,SCN9A:p.D623N,SCN9A,GOF,0.2,0.3768545994065282,0.5307086614173229,SCN2A:p.D12N;SCN5A:p.D84N;SCN5A:p.N592K;SCN2A:p.D82G;SCN5A:p.L619F,SCN2A;SCN5A;SCN5A;SCN2A;SCN5A,LOF;LOF;LOF;LOF;GOF
wt_site,5,91,SCN5A:p.L619F,SCN5A,GOF,0.8,0.5130890052356021,1.5591836734693878,SCN10A:p.L554P;SCN9A:p.Q10R;SCN9A:p.D623N;SCN2A:p.D12N;SCN10A:p.A1886V,SCN10A;SCN9A;SCN9A;SCN2A;SCN10A,GOF;GOF;GOF;LOF;GOF
wt_site,5,92,SCN5A:p.R689H,SCN5A,LOF,0.0,0.4869109947643979,0.0,SCN8A:p.R1872W;SCN8A:p.R1872Q;SCN8A:p.R1872L;SCN2A:p.R1882Q;SCN2A:p.R1882G,SCN8A;SCN8A;SCN8A;SCN2A;SCN2A,GOF;GOF;GOF;GOF;GOF
wt_site,5,93,SCN2A:p.T773I,SCN2A,GOF,0.8,0.379746835443038,2.1066666666666665,SCN8A:p.T767I;SCN4A:p.I141V;SCN9A:p.I136V;SCN8A:p.M139I;SCN5A:p.A735T,SCN8A;SCN4A;SCN9A;SCN8A;SCN5A,GOF;GOF;GOF;GOF;LOF
wt_site,5,94,SCN8A:p.T767I,SCN8A,GOF,0.6,0.3803680981595092,1.5774193548387094,SCN2A:p.T773I;SCN4A:p.I141V;SCN9A:p.I136V;SCN5A:p.A735E;SCN5A:p.A735V,SCN2A;SCN4A;SCN9A;SCN5A;SCN5A,GOF;GOF;GOF;LOF;LOF
wt_site,5,95,SCN5A:p.M734V,SCN5A,LOF,0.4,0.4869109947643979,0.821505376344086,SCN1A:p.M145T;SCN8A:p.T767I;SCN2A:p.T773I;SCN3A:p.M1765I;SCN1A:p.M1267I,SCN1A;SCN8A;SCN2A;SCN3A;SCN1A,LOF;GOF;GOF;GOF;LOF
wt_site,5,96,SCN5A:p.A735E,SCN5A,LOF,0.8,0.4869109947643979,1.643010752688172,SCN2A:p.A263V;SCN2A:p.A1773T;SCN1A:p.A1685D;SCN1A:p.A1685V;SCN1A:p.M145T,SCN2A;SCN2A;SCN1A;SCN1A;SCN1A,GOF;LOF;LOF;LOF;LOF
wt_site,5,97,SCN5A:p.A735T,SCN5A,LOF,0.8,0.4869109947643979,1.643010752688172,SCN2A:p.A263V;SCN2A:p.A1773T;SCN1A:p.A1685D;SCN1A:p.A1685V;SCN1A:p.M145T,SCN2A;SCN2A;SCN1A;SCN1A;SCN1A,GOF;LOF;LOF;LOF;LOF
wt_site,5,98,SCN5A:p.A735V,SCN5A,LOF,0.8,0.4869109947643979,1.643010752688172,SCN2A:p.A263V;SCN2A:p.A1773T;SCN1A:p.A1685D;SCN1A:p.A1685V;SCN1A:p.M145T,SCN2A;SCN2A;SCN1A;SCN1A;SCN1A,GOF;LOF;LOF;LOF;LOF
wt_site,5,99,SCN1A:p.E788K,SCN1A,LOF,0.4,0.5609756097560976,0.7130434782608696,SCN5A:p.E1225K;SCN5A:p.S1609L;SCN5A:p.E746K;SCN5A:p.E1295K;SCN2A:p.E999K,SCN5A;SCN5A;SCN5A;SCN5A;SCN2A,LOF;GOF;LOF;GOF;GOF
wt_site,5,100,SCN1A:p.Y790C,SCN1A,LOF,0.6,0.5609756097560976,1.0695652173913042,SCN5A:p.F93S;SCN5A:p.D84N;SCN2A:p.R1882Q;SCN2A:p.R1882G;SCN10A:p.V94G,SCN5A;SCN5A;SCN2A;SCN2A;SCN10A,LOF;LOF;GOF;GOF;LOF
wt_site,5,101,SCN5A:p.E746K,SCN5A,LOF,0.2,0.4869109947643979,0.410752688172043,SCN1A:p.E78D;SCN2A:p.R1882Q;SCN2A:p.R1882G;SCN8A:p.R1872W;SCN8A:p.R1872Q,SCN1A;SCN2A;SCN2A;SCN8A;SCN8A,LOF;GOF;GOF;GOF;GOF
wt_site,5,102,SCN5A:p.G752R,SCN5A,LOF,0.0,0.4869109947643979,0.0,SCN1A:p.R1575C;SCN2A:p.M1879T;SCN11A:p.I381T;SCN8A:p.G1475R;SCN2A:p.V208E,SCN1A;SCN2A;SCN11A;SCN8A;SCN2A,GOF;GOF;GOF;GOF;GOF
wt_site,5,103,SCN5A:p.D785N,SCN5A,LOF,0.8,0.4869109947643979,1.643010752688172,SCN1A:p.E1587K;SCN4A:p.R669H;SCN4A:p.N1366S;SCN1A:p.R859H;SCN1A:p.R859C,SCN1A;SCN4A;SCN4A;SCN1A;SCN1A,LOF;LOF;GOF;LOF;LOF
wt_site,5,104,SCN8A:p.G822R,SCN8A,LOF,0.4,0.6196319018404908,0.6455445544554456,SCN2A:p.F1597L;SCN1A:p.M1267I;SCN5A:p.G1631D;SCN1A:p.G1674R;SCN2A:p.I1571T,SCN2A;SCN1A;SCN5A;SCN1A;SCN2A,GOF;LOF;GOF;LOF;GOF
wt_site,5,105,SCN10A:p.R756W,SCN10A,LOF,0.8,0.6114457831325302,1.3083743842364532,SCN5A:p.R808C;SCN1A:p.R859C;SCN1A:p.R859H;SCN4A:p.R669H;SCN5A:p.R1623Q,SCN5A;SCN1A;SCN1A;SCN4A;SCN5A,LOF;LOF;LOF;LOF;GOF
wt_site,5,106,SCN1A:p.R859H,SCN1A,LOF,0.6,0.5609756097560976,1.0695652173913042,SCN4A:p.R669H;SCN5A:p.R808C;SCN10A:p.R756W;SCN3A:p.R1621G;SCN3A:p.R1621Q,SCN4A;SCN5A;SCN10A;SCN3A;SCN3A,LOF;LOF;LOF;GOF;GOF
wt_site,5,107,SCN4A:p.R669H,SCN4A,LOF,0.8,0.6214511041009464,1.2873096446700507,SCN1A:p.R859H;SCN1A:p.R859C;SCN5A:p.R808C;SCN10A:p.R756W;SCN5A:p.R1623Q,SCN1A;SCN1A;SCN5A;SCN10A;SCN5A,LOF;LOF;LOF;LOF;GOF
wt_site,5,108,SCN1A:p.R859C,SCN1A,LOF,0.6,0.5609756097560976,1.0695652173913042,SCN4A:p.R669H;SCN5A:p.R808C;SCN10A:p.R756W;SCN3A:p.R1621G;SCN3A:p.R1621Q,SCN4A;SCN5A;SCN10A;SCN3A;SCN3A,LOF;LOF;LOF;GOF;GOF
wt_site,5,109,SCN5A:p.R808C,SCN5A,LOF,0.8,0.4869109947643979,1.643010752688172,SCN10A:p.R756W;SCN1A:p.R859C;SCN1A:p.R859H;SCN4A:p.R669H;SCN8A:p.R1617Q,SCN10A;SCN1A;SCN1A;SCN4A;SCN8A,LOF;LOF;LOF;LOF;GOF
wt_site,5,110,SCN4A:p.R672G,SCN4A,LOF,0.6,0.6214511041009464,0.965482233502538,SCN5A:p.R811H;SCN8A:p.R223G;SCN1A:p.R865G;SCN5A:p.R1626P;SCN8A:p.R1620L,SCN5A;SCN8A;SCN1A;SCN5A;SCN8A,LOF;LOF;GOF;GOF;LOF
wt_site,5,111,SCN4A:p.R672H,SCN4A,LOF,0.6,0.6214511041009464,0.965482233502538,SCN5A:p.R811H;SCN8A:p.R223G;SCN1A:p.R865G;SCN5A:p.R1626P;SCN8A:p.R1620L,SCN5A;SCN8A;SCN1A;SCN5A;SCN8A,LOF;LOF;GOF;GOF;LOF
wt_site,5,112,SCN5A:p.R811H,SCN5A,LOF,0.8,0.4869109947643979,1.643010752688172,SCN4A:p.R672G;SCN4A:p.R672H;SCN8A:p.R223G;SCN1A:p.R865G;SCN8A:p.R1620L,SCN4A;SCN4A;SCN8A;SCN1A;SCN8A,LOF;LOF;LOF;GOF;LOF
wt_site,5,113,SCN3A:p.L855P,SCN3A,GOF,0.4,0.38095238095238093,1.05,SCN5A:p.L812Q;SCN5A:p.V223L;SCN5A:p.T1304M;SCN1A:p.L986F;SCN4A:p.L796V,SCN5A;SCN5A;SCN5A;SCN1A;SCN4A,LOF;LOF;GOF;LOF;GOF
wt_site,5,114,SCN5A:p.L812Q,SCN5A,LOF,0.6,0.4869109947643979,1.232258064516129,SCN3A:p.L855P;SCN2A:p.L1330F;SCN4A:p.L796V;SCN1A:p.L986F;SCN3A:p.L247P,SCN3A;SCN2A;SCN4A;SCN1A;SCN3A,GOF;LOF;GOF;LOF;LOF
wt_site,5,115,SCN1A:p.R865G,SCN1A,GOF,0.2,0.43902439024390244,0.4555555555555556,SCN4A:p.R225W;SCN5A:p.R811H;SCN5A:p.R225P;SCN5A:p.R225W;SCN4A:p.R672G,SCN4A;SCN5A;SCN5A;SCN5A;SCN4A,LOF;LOF;GOF;LOF;LOF
wt_site,5,116,SCN5A:p.K817E,SCN5A,LOF,0.8,0.4869109947643979,1.643010752688172,SCN4A:p.R1457H;SCN1A:p.R865G;SCN4A:p.R1454W;SCN4A:p.R225W;SCN2A:p.R1312T,SCN4A;SCN1A;SCN4A;SCN4A;SCN2A,LOF;GOF;LOF;LOF;LOF
wt_site,5,117,SCN1A:p.T875M,SCN1A,LOF,0.6,0.5609756097560976,1.0695652173913042,SCN5A:p.G1642E;SCN5A:p.G1319V;SCN2A:p.T236S;SCN2A:p.T1623N;SCN5A:p.T1620M,SCN5A;SCN5A;SCN2A;SCN2A;SCN5A,LOF;LOF;GOF;GOF;LOF
wt_site,5,118,SCN3A:p.I875T,SCN3A,GOF,0.4,0.38095238095238093,1.05,SCN2A:p.L1330F;SCN1A:p.I1656M;SCN5A:p.L839P;SCN8A:p.I1327V;SCN9A:p.I234T,SCN2A;SCN1A;SCN5A;SCN8A;SCN9A,LOF;LOF;LOF;GOF;GOF
wt_site,5,119,SCN11A:p.G699R,SCN11A,GOF,0.8,0.38596491228070173,2.0727272727272728,SCN5A:p.P1332L;SCN3A:p.P1333L;SCN4A:p.P1158L;SCN2A:p.P1658S;SCN4A:p.F1473S,SCN5A;SCN3A;SCN4A;SCN2A;SCN4A,GOF;GOF;GOF;LOF;GOF
wt_site,5,120,SCN5A:p.L839P,SCN5A,LOF,0.2,0.4869109947643979,0.410752688172043,SCN3A:p.L247P;SCN8A:p.I1327V;SCN8A:p.L1331V;SCN3A:p.I875T;SCN4A:p.T704M,SCN3A;SCN8A;SCN8A;SCN3A;SCN4A,LOF;GOF;GOF;GOF;GOF
wt_site,5,121,SCN4A:p.T704M,SCN4A,GOF,0.4,0.3785488958990536,1.0566666666666669,SCN5A:p.G1661R;SCN1A:p.G1674R;SCN8A:p.L1331V;SCN5A:p.L839P;SCN3A:p.I875T,SCN5A;SCN1A;SCN8A;SCN5A;SCN3A,LOF;LOF;GOF;LOF;GOF
wt_site,5,122,SCN1A:p.F902C,SCN1A,LOF,0.8,0.5609756097560976,1.4260869565217391,SCN5A:p.F851L;SCN5A:p.L1346P;SCN5A:p.F1344S;SCN5A:p.V1667I;SCN5A:p.W1345C,SCN5A;SCN5A;SCN5A;SCN5A;SCN5A,LOF;LOF;LOF;GOF;LOF
wt_site,5,123,SCN5A:p.F851L,SCN5A,LOF,0.6,0.4869109947643979,1.232258064516129,SCN1A:p.F902C;SCN1A:p.S259R;SCN3A:p.Y1669C;SCN9A:p.V872G;SCN1A:p.L263V,SCN1A;SCN1A;SCN3A;SCN9A;SCN1A,LOF;LOF;LOF;GOF;GOF
wt_site,5,124,SCN9A:p.V872G,SCN9A,GOF,0.4,0.3768545994065282,1.0614173228346457,SCN11A:p.V1184A;SCN1A:p.V1353L;SCN5A:p.V1340I;SCN5A:p.V1667I;SCN5A:p.I1660V,SCN11A;SCN1A;SCN5A;SCN5A;SCN5A,GOF;LOF;LOF;GOF;LOF
wt_site,5,125,SCN2A:p.G899S,SCN2A,LOF,1.0,0.620253164556962,1.6122448979591837,SCN8A:p.G269R;SCN1A:p.A1685V;SCN1A:p.A1685D;SCN5A:p.S1672Y;SCN1A:p.G1674R,SCN8A;SCN1A;SCN1A;SCN5A;SCN1A,LOF;LOF;LOF;LOF;LOF
wt_site,5,126,SCN1A:p.M909K,SCN1A,LOF,0.8,0.5609756097560976,1.4260869565217391,SCN5A:p.F851L;SCN10A:p.A1304T;SCN5A:p.L276Q;SCN2A:p.G899S;SCN5A:p.M734V,SCN5A;SCN10A;SCN5A;SCN2A;SCN5A,LOF;GOF;LOF;LOF;LOF
wt_site,5,127,SCN10A:p.R814H,SCN10A,GOF,0.4,0.3885542168674699,1.0294573643410854,SCN2A:p.K908E;SCN5A:p.R1897W;SCN5A:p.R282H;SCN5A:p.R282C;SCN5A:p.R18W,SCN2A;SCN5A;SCN5A;SCN5A;SCN5A,GOF;LOF;LOF;LOF;GOF
wt_site,5,128,SCN2A:p.K908E,SCN2A,GOF,0.6,0.379746835443038,1.5799999999999998,SCN10A:p.R814H;SCN5A:p.R18W;SCN5A:p.R1897W;SCN9A:p.Q10R;SCN5A:p.D84N,SCN10A;SCN5A;SCN5A;SCN9A;SCN5A,GOF;GOF;LOF;GOF;LOF
wt_site,5,129,SCN5A:p.W879R,SCN5A,LOF,0.4,0.4869109947643979,0.821505376344086,SCN10A:p.R814H;SCN2A:p.K908E;SCN3A:p.K354Q;SCN10A:p.D1639N;SCN4A:p.P382T,SCN10A;SCN2A;SCN3A;SCN10A;SCN4A,GOF;GOF;GOF;LOF;LOF
wt_site,5,130,SCN1A:p.H939Q,SCN1A,LOF,0.8,0.5609756097560976,1.4260869565217391,SCN5A:p.N1722D;SCN2A:p.K908E;SCN5A:p.P1730H;SCN5A:p.R282H;SCN5A:p.R282C,SCN5A;SCN2A;SCN5A;SCN5A;SCN5A,LOF;GOF;LOF;LOF;LOF
wt_site,5,131,SCN5A:p.I890T,SCN5A,LOF,1.0,0.4869109947643979,2.053763440860215,SCN1A:p.M956T;SCN2A:p.R937H;SCN2A:p.R937C;SCN1A:p.R946H;SCN1A:p.R946C,SCN1A;SCN2A;SCN2A;SCN1A;SCN1A,LOF;LOF;LOF;LOF;LOF
wt_site,5,132,SCN5A:p.F892I,SCN5A,LOF,0.4,0.4869109947643979,0.821505376344086,SCN1A:p.M956T;SCN9A:p.F216S;SCN2A:p.F1597L;SCN4A:p.F1298C;SCN1A:p.F1765L,SCN1A;SCN9A;SCN2A;SCN4A;SCN1A,LOF;GOF;GOF;GOF;LOF
wt_site,5,133,SCN1A:p.R946C,SCN1A,LOF,1.0,0.5609756097560976,1.7826086956521738,SCN2A:p.R937H;SCN2A:p.R937C;SCN2A:p.R379H;SCN5A:p.R367H;SCN5A:p.R367C,SCN2A;SCN2A;SCN2A;SCN5A;SCN5A,LOF;LOF;LOF;LOF;LOF
wt_site,5,134,SCN2A:p.R937C,SCN2A,LOF,1.0,0.620253164556962,1.6122448979591837,SCN1A:p.R946C;SCN1A:p.R946H;SCN5A:p.R367L;SCN5A:p.R367H;SCN5A:p.R367C,SCN1A;SCN1A;SCN5A;SCN5A;SCN5A,LOF;LOF;LOF;LOF;LOF
wt_site,5,135,SCN1A:p.R946H,SCN1A,LOF,1.0,0.5609756097560976,1.7826086956521738,SCN2A:p.R937H;SCN2A:p.R937C;SCN2A:p.R379H;SCN5A:p.R367H;SCN5A:p.R367C,SCN2A;SCN2A;SCN2A;SCN5A;SCN5A,LOF;LOF;LOF;LOF;LOF
wt_site,5,136,SCN2A:p.R937H,SCN2A,LOF,1.0,0.620253164556962,1.6122448979591837,SCN1A:p.R946C;SCN1A:p.R946H;SCN5A:p.R367L;SCN5A:p.R367H;SCN5A:p.R367C,SCN1A;SCN1A;SCN5A;SCN5A;SCN5A,LOF;LOF;LOF;LOF;LOF
wt_site,5,137,SCN5A:p.E901K,SCN5A,LOF,0.4,0.4869109947643979,0.821505376344086,SCN8A:p.N374K;SCN1A:p.H939Q;SCN1A:p.D1866Y;SCN10A:p.G1662S;SCN1A:p.R393H,SCN8A;SCN1A;SCN1A;SCN10A;SCN1A,GOF;LOF;GOF;GOF;LOF
wt_site,5,138,SCN1A:p.M956T,SCN1A,LOF,0.4,0.5609756097560976,0.7130434782608696,SCN2A:p.L1330F;SCN5A:p.F892I;SCN4A:p.L796V;SCN8A:p.M1760I;SCN3A:p.M1765I,SCN2A;SCN5A;SCN4A;SCN8A;SCN3A,LOF;LOF;GOF;GOF;GOF
wt_site,5,139,SCN1A:p.C959R,SCN1A,LOF,1.0,0.5609756097560976,1.7826086956521738,SCN5A:p.A1428V;SCN5A:p.A1428S;SCN2A:p.C1386R;SCN4A:p.C1209F;SCN5A:p.C1850S,SCN5A;SCN5A;SCN2A;SCN4A;SCN5A,LOF;LOF;LOF;LOF;LOF
wt_site,5,140,SCN5A:p.S910L,SCN5A,LOF,0.0,0.4869109947643979,0.0,SCN2A:p.R1882Q;SCN2A:p.R1882G;SCN8A:p.R1872W;SCN8A:p.R1872Q;SCN8A:p.R1872L,SCN2A;SCN2A;SCN8A;SCN8A;SCN8A,GOF;GOF;GOF;GOF;GOF
wt_site,5,141,SCN10A:p.L867F,SCN10A,LOF,0.4,0.6114457831325302,0.6541871921182266,SCN5A:p.L325R;SCN1A:p.L1624P;SCN5A:p.F93S;SCN11A:p.I381T;SCN5A:p.L619F,SCN5A;SCN1A;SCN5A;SCN11A;SCN5A,LOF;GOF;LOF;GOF;GOF
wt_site,5,142,SCN1A:p.G979R,SCN1A,LOF,1.0,0.5609756097560976,1.7826086956521738,SCN8A:p.G964R;SCN8A:p.G269R;SCN5A:p.N927S;SCN2A:p.G899S;SCN5A:p.G1661R,SCN8A;SCN8A;SCN5A;SCN2A;SCN5A,LOF;LOF;LOF;LOF;LOF
wt_site,5,143,SCN8A:p.G964R,SCN8A,LOF,1.0,0.6196319018404908,1.613861386138614,SCN1A:p.G979R;SCN5A:p.N927S;SCN2A:p.G899S;SCN1A:p.G1674R;SCN5A:p.G752R,SCN1A;SCN5A;SCN2A;SCN1A;SCN5A,LOF;LOF;LOF;LOF;LOF
wt_site,5,144,SCN5A:p.N927S,SCN5A,LOF,0.6,0.4869109947643979,1.232258064516129,SCN1A:p.F1774S;SCN1A:p.N985I;SCN8A:p.N1768D;SCN8A:p.G964R;SCN1A:p.G979R,SCN1A;SCN1A;SCN8A;SCN8A;SCN1A,GOF;LOF;GOF;LOF;LOF
wt_site,5,145,SCN5A:p.L928P,SCN5A,LOF,0.4,0.4869109947643979,0.821505376344086,SCN1A:p.L986F;SCN4A:p.L796V;SCN3A:p.M1765I;SCN8A:p.M1760I;SCN10A:p.L388M,SCN1A;SCN4A;SCN3A;SCN8A;SCN10A,LOF;GOF;GOF;GOF;LOF
wt_site,5,146,SCN1A:p.V983A,SCN1A,LOF,0.6,0.5609756097560976,1.0695652173913042,SCN5A:p.V1763M;SCN10A:p.L388M;SCN5A:p.T1461S;SCN5A:p.I1762A;SCN8A:p.V1758A,SCN5A;SCN10A;SCN5A;SCN5A;SCN8A,GOF;LOF;LOF;GOF;LOF
wt_site,5,147,SCN1A:p.N985I,SCN1A,LOF,0.4,0.5609756097560976,0.7130434782608696,SCN5A:p.N406S;SCN9A:p.N395K;SCN4A:p.N440K;SCN5A:p.N1541D;SCN4A:p.N1366S,SCN5A;SCN9A;SCN4A;SCN5A;SCN4A,LOF;GOF;GOF;LOF;GOF
wt_site,5,148,SCN1A:p.L986F,SCN1A,LOF,0.4,0.5609756097560976,0.7130434782608696,SCN4A:p.L796V;SCN3A:p.M1765I;SCN8A:p.M1760I;SCN2A:p.L1330F;SCN5A:p.L928P,SCN4A;SCN3A;SCN8A;SCN2A;SCN5A,GOF;GOF;GOF;LOF;LOF
wt_site,5,149,SCN4A:p.L796V,SCN4A,GOF,0.6,0.3785488958990536,1.585,SCN1A:p.L986F;SCN3A:p.M1765I;SCN8A:p.M1760I;SCN1A:p.L263V;SCN2A:p.L1330F,SCN1A;SCN3A;SCN8A;SCN1A;SCN2A,LOF;GOF;GOF;GOF;LOF
wt_site,5,150,SCN5A:p.S941N,SCN5A,GOF,1.0,0.5130890052356021,1.9489795918367347,SCN8A:p.N1768D;SCN4A:p.N1297S;SCN4A:p.N1297K;SCN11A:p.N816K;SCN1A:p.Q1489H,SCN8A;SCN4A;SCN4A;SCN11A;SCN1A,GOF;GOF;GOF;GOF;GOF
wt_site,5,151,SCN11A:p.N816K,SCN11A,GOF,0.6,0.38596491228070173,1.5545454545454547,SCN1A:p.N1011I;SCN5A:p.N592K;SCN5A:p.R18W;SCN2A:p.R1882Q;SCN2A:p.R1882G,SCN1A;SCN5A;SCN5A;SCN2A;SCN2A,LOF;LOF;GOF;GOF;GOF
wt_site,5,152,SCN2A:p.E999K,SCN2A,GOF,0.6,0.379746835443038,1.5799999999999998,SCN1A:p.E78D;SCN1A:p.N1011I;SCN9A:p.Q10R;SCN5A:p.R18W;SCN10A:p.A1886V,SCN1A;SCN1A;SCN9A;SCN5A;SCN10A,LOF;LOF;GOF;GOF;GOF
wt_site,5,153,SCN1A:p.N1011I,SCN1A,LOF,0.4,0.5609756097560976,0.7130434782608696,SCN2A:p.E999K;SCN5A:p.N592K;SCN5A:p.R18W;SCN2A:p.D12N;SCN9A:p.Q10R,SCN2A;SCN5A;SCN5A;SCN2A;SCN9A,GOF;LOF;GOF;LOF;GOF
wt_site,5,154,SCN5A:p.R965C,SCN5A,LOF,0.0,0.4869109947643979,0.0,SCN8A:p.R1872W;SCN8A:p.R1872Q;SCN8A:p.R1872L;SCN2A:p.R1882Q;SCN2A:p.R1882G,SCN8A;SCN8A;SCN8A;SCN2A;SCN2A,GOF;GOF;GOF;GOF;GOF
wt_site,5,155,SCN5A:p.R1023H,SCN5A,LOF,0.2,0.4869109947643979,0.410752688172043,SCN9A:p.Q10R;SCN10A:p.A1886V;SCN2A:p.D12N;SCN10A:p.L554P;SCN8A:p.R1872L,SCN9A;SCN10A;SCN2A;SCN10A;SCN8A,GOF;GOF;LOF;GOF;GOF
wt_site,5,156,SCN10A:p.P1102S,SCN10A,GOF,0.6,0.3885542168674699,1.544186046511628,SCN5A:p.P2006A;SCN5A:p.R18W;SCN5A:p.P1177L;SCN5A:p.R27H;SCN5A:p.D84N,SCN5A;SCN5A;SCN5A;SCN5A;SCN5A,GOF;GOF;GOF;LOF;LOF
wt_site,5,157,SCN5A:p.S1103Y,SCN5A,GOF,0.8,0.5130890052356021,1.5591836734693878,SCN10A:p.L554P;SCN10A:p.A1886V;SCN2A:p.D12N;SCN9A:p.D623N;SCN9A:p.Q10R,SCN10A;SCN10A;SCN2A;SCN9A;SCN9A,GOF;GOF;LOF;GOF;GOF
wt_site,5,158,SCN5A:p.P1177L,SCN5A,GOF,0.6,0.5130890052356021,1.1693877551020408,SCN10A:p.P1102S;SCN2A:p.D12N;SCN9A:p.Q10R;SCN10A:p.V94G;SCN9A:p.D623N,SCN10A;SCN2A;SCN9A;SCN10A;SCN9A,GOF;LOF;GOF;LOF;GOF
wt_site,5,159,SCN5A:p.R1193Q,SCN5A,LOF,0.0,0.4869109947643979,0.0,SCN8A:p.R1872W;SCN8A:p.R1872Q;SCN8A:p.R1872L;SCN2A:p.R1882Q;SCN2A:p.R1882G,SCN8A;SCN8A;SCN8A;SCN2A;SCN2A,GOF;GOF;GOF;GOF;GOF
wt_site,5,160,SCN5A:p.S1218I,SCN5A,LOF,0.2,0.4869109947643979,0.410752688172043,SCN4A:p.N1366S;SCN1A:p.N985I;SCN4A:p.N440K;SCN9A:p.N395K;SCN8A:p.T767I,SCN4A;SCN1A;SCN4A;SCN9A;SCN8A,GOF;LOF;GOF;GOF;GOF
wt_site,5,161,SCN5A:p.E1225K,SCN5A,LOF,0.2,0.4869109947643979,0.410752688172043,SCN1A:p.E788K;SCN1A:p.D1866Y;SCN2A:p.E999K;SCN8A:p.R1872W;SCN8A:p.R1872Q,SCN1A;SCN1A;SCN2A;SCN8A;SCN8A,LOF;GOF;GOF;GOF;GOF
wt_site,5,162,SCN5A:p.R1232W,SCN5A,LOF,0.0,0.4869109947643979,0.0,SCN8A:p.R1872W;SCN8A:p.R1872Q;SCN8A:p.R1872L;SCN2A:p.R1882Q;SCN2A:p.R1882G,SCN8A;SCN8A;SCN8A;SCN2A;SCN2A,GOF;GOF;GOF;GOF;GOF
wt_site,5,163,SCN1A:p.M1267I,SCN1A,LOF,0.4,0.5609756097560976,0.7130434782608696,SCN3A:p.M1765I;SCN8A:p.M1760I;SCN8A:p.G822R;SCN5A:p.M734V;SCN2A:p.F1597L,SCN3A;SCN8A;SCN8A;SCN5A;SCN2A,GOF;GOF;LOF;LOF;GOF
wt_site,5,164,SCN5A:p.G1262S,SCN5A,LOF,0.6,0.4869109947643979,1.232258064516129,SCN1A:p.G177E;SCN1A:p.G177A;SCN1A:p.R1596C;SCN8A:p.G1475R;SCN4A:p.G1306E,SCN1A;SCN1A;SCN1A;SCN8A;SCN4A,LOF;LOF;LOF;GOF;GOF
wt_site,5,165,SCN5A:p.A1294G,SCN5A,LOF,0.4,0.4869109947643979,0.821505376344086,SCN10A:p.A1886V;SCN9A:p.Q10R;SCN2A:p.D12N;SCN1A:p.E78D;SCN8A:p.R1872W,SCN10A;SCN9A;SCN2A;SCN1A;SCN8A,GOF;GOF;LOF;LOF;GOF
wt_site,5,166,SCN5A:p.E1295K,SCN5A,GOF,0.6,0.5130890052356021,1.1693877551020408,SCN2A:p.D12N;SCN1A:p.E78D;SCN9A:p.Q10R;SCN2A:p.E999K;SCN8A:p.R1872W,SCN2A;SCN1A;SCN9A;SCN2A;SCN8A,LOF;LOF;GOF;GOF;GOF
wt_site,5,167,SCN5A:p.T1304M,SCN5A,GOF,1.0,0.5130890052356021,1.9489795918367347,SCN3A:p.L855P;SCN2A:p.T1623N;SCN2A:p.T236S;SCN9A:p.S211P;SCN11A:p.L1158P,SCN3A;SCN2A;SCN2A;SCN9A;SCN11A,GOF;GOF;GOF;GOF;GOF
wt_site,5,168,SCN2A:p.R1312T,SCN2A,LOF,0.6,0.620253164556962,0.9673469387755103,SCN4A:p.R225W;SCN5A:p.R225P;SCN5A:p.R225W;SCN1A:p.R865G;SCN5A:p.R1632C,SCN4A;SCN5A;SCN5A;SCN1A;SCN5A,LOF;GOF;LOF;GOF;LOF
wt_site,5,169,SCN11A:p.L1158P,SCN11A,GOF,0.2,0.38596491228070173,0.5181818181818182,SCN1A:p.I227S;SCN1A:p.I1656M;SCN2A:p.L1330F;SCN3A:p.L855P;SCN5A:p.L812Q,SCN1A;SCN1A;SCN2A;SCN3A;SCN5A,LOF;LOF;LOF;GOF;LOF
wt_site,5,170,SCN2A:p.R1319Q,SCN2A,LOF,0.6,0.620253164556962,0.9673469387755103,SCN10A:p.R1588Q;SCN11A:p.R222H;SCN5A:p.R1644H;SCN5A:p.R1644C;SCN8A:p.R1638C,SCN10A;SCN11A;SCN5A;SCN5A;SCN8A,LOF;GOF;GOF;LOF;LOF
wt_site,5,171,SCN5A:p.G1319V,SCN5A,LOF,0.8,0.4869109947643979,1.643010752688172,SCN1A:p.T875M;SCN8A:p.G269R;SCN1A:p.G177E;SCN1A:p.G177A;SCN11A:p.G699R,SCN1A;SCN8A;SCN1A;SCN1A;SCN11A,LOF;LOF;LOF;LOF;GOF
wt_site,5,172,SCN5A:p.N1325S,SCN5A,GOF,1.0,0.5130890052356021,1.9489795918367347,SCN4A:p.F1473S;SCN3A:p.F1646C;SCN1A:p.F1661L;SCN11A:p.G699R;SCN2A:p.N1339D,SCN4A;SCN3A;SCN1A;SCN11A;SCN2A,GOF;GOF;GOF;GOF;GOF
wt_site,5,173,SCN2A:p.L1330F,SCN2A,LOF,0.6,0.620253164556962,0.9673469387755103,SCN3A:p.I875T;SCN3A:p.L247P;SCN1A:p.I1656M;SCN9A:p.I234T;SCN5A:p.L839P,SCN3A;SCN3A;SCN1A;SCN9A;SCN5A,GOF;LOF;LOF;GOF;LOF
wt_site,5,174,SCN5A:p.V1328M,SCN5A,GOF,0.4,0.5130890052356021,0.7795918367346939,SCN1A:p.M1664K;SCN3A:p.I875T;SCN2A:p.L1330F;SCN4A:p.V1442E;SCN1A:p.F1661L,SCN1A;SCN3A;SCN2A;SCN4A;SCN1A,LOF;GOF;LOF;LOF;GOF
wt_site,5,175,SCN5A:p.A1330P,SCN5A,GOF,0.6,0.5130890052356021,1.1693877551020408,SCN4A:p.A1156T;SCN10A:p.S242T;SCN9A:p.S241T;SCN1A:p.A1685D;SCN1A:p.A1685V,SCN4A;SCN10A;SCN9A;SCN1A;SCN1A,GOF;GOF;GOF;LOF;LOF
wt_site,5,176,SCN4A:p.A1156T,SCN4A,GOF,0.8,0.3785488958990536,2.1133333333333337,SCN5A:p.A1330T;SCN5A:p.A1330P;SCN9A:p.S241T;SCN10A:p.S242T;SCN1A:p.A1685D,SCN5A;SCN5A;SCN9A;SCN10A;SCN1A,GOF;GOF;GOF;GOF;LOF
wt_site,5,177,SCN5A:p.A1330T,SCN5A,GOF,0.6,0.5130890052356021,1.1693877551020408,SCN4A:p.A1156T;SCN10A:p.S242T;SCN9A:p.S241T;SCN1A:p.A1685D;SCN1A:p.A1685V,SCN4A;SCN10A;SCN9A;SCN1A;SCN1A,GOF;GOF;GOF;LOF;LOF
wt_site,5,178,SCN3A:p.P1333L,SCN3A,GOF,0.8,0.38095238095238093,2.1,SCN4A:p.P1158L;SCN5A:p.P1332L;SCN2A:p.P1658S;SCN11A:p.G699R;SCN5A:p.N1325S,SCN4A;SCN5A;SCN2A;SCN11A;SCN5A,GOF;GOF;LOF;GOF;GOF
wt_site,5,179,SCN4A:p.P1158L,SCN4A,GOF,0.8,0.3785488958990536,2.1133333333333337,SCN3A:p.P1333L;SCN5A:p.P1332L;SCN2A:p.P1658S;SCN11A:p.G699R;SCN5A:p.N1325S,SCN3A;SCN5A;SCN2A;SCN11A;SCN5A,GOF;GOF;LOF;GOF;GOF
wt_site,5,180,SCN5A:p.P1332L,SCN5A,GOF,0.8,0.5130890052356021,1.5591836734693878,SCN3A:p.P1333L;SCN4A:p.P1158L;SCN2A:p.P1658S;SCN11A:p.G699R;SCN4A:p.F1473S,SCN3A;SCN4A;SCN2A;SCN11A;SCN4A,GOF;GOF;LOF;GOF;GOF
wt_site,5,181,SCN5A:p.S1333Y,SCN5A,GOF,0.8,0.5130890052356021,1.5591836734693878,SCN2A:p.S1336Y;SCN4A:p.P1158L;SCN3A:p.P1333L;SCN2A:p.N1339D;SCN1A:p.D249E,SCN2A;SCN4A;SCN3A;SCN2A;SCN1A,GOF;GOF;GOF;GOF;LOF
wt_site,5,182,SCN2A:p.S1336Y,SCN2A,GOF,1.0,0.379746835443038,2.6333333333333333,SCN5A:p.S1333Y;SCN5A:p.A1656D;SCN5A:p.A1330T;SCN5A:p.A1330P;SCN4A:p.A1156T,SCN5A;SCN5A;SCN5A;SCN5A;SCN4A,GOF;GOF;GOF;GOF;GOF
wt_site,5,183,SCN8A:p.I1327V,SCN8A,GOF,0.2,0.3803680981595092,0.5258064516129032,SCN3A:p.L247P;SCN5A:p.L839P;SCN5A:p.I1660V;SCN3A:p.I875T;SCN1A:p.I1656M,SCN3A;SCN5A;SCN5A;SCN3A;SCN1A,LOF;LOF;LOF;GOF;LOF
wt_site,5,184,SCN2A:p.N1339D,SCN2A,GOF,0.8,0.379746835443038,2.1066666666666665,SCN1A:p.D249E;SCN5A:p.N1325S;SCN3A:p.P1333L;SCN4A:p.P1158L;SCN5A:p.P1332L,SCN1A;SCN5A;SCN3A;SCN4A;SCN5A,LOF;GOF;GOF;GOF;GOF
wt_site,5,185,SCN8A:p.L1331V,SCN8A,GOF,0.2,0.3803680981595092,0.5258064516129032,SCN4A:p.T704M;SCN1A:p.G1674R;SCN5A:p.G1661R;SCN5A:p.L839P;SCN5A:p.L1346P,SCN4A;SCN1A;SCN5A;SCN5A;SCN5A,GOF;LOF;LOF;LOF;LOF
wt_site,5,186,SCN11A:p.V1184A,SCN11A,GOF,0.4,0.38596491228070173,1.0363636363636364,SCN1A:p.V1353L;SCN5A:p.V1340I;SCN9A:p.V872G;SCN5A:p.V1667I;SCN5A:p.F1344S,SCN1A;SCN5A;SCN9A;SCN5A;SCN5A,LOF;LOF;GOF;GOF;LOF
wt_site,5,187,SCN5A:p.V1340I,SCN5A,LOF,0.2,0.4869109947643979,0.410752688172043,SCN1A:p.V1353L;SCN11A:p.V1184A;SCN9A:p.V872G;SCN8A:p.I1327V;SCN4A:p.V1293I,SCN1A;SCN11A;SCN9A;SCN8A;SCN4A,LOF;GOF;GOF;GOF;GOF
wt_site,5,188,SCN1A:p.V1353L,SCN1A,LOF,0.4,0.5609756097560976,0.7130434782608696,SCN5A:p.V1340I;SCN11A:p.V1184A;SCN9A:p.V872G;SCN5A:p.V1667I;SCN5A:p.F1344S,SCN5A;SCN11A;SCN9A;SCN5A;SCN5A,LOF;GOF;GOF;GOF;LOF
wt_site,5,189,SCN5A:p.F1344S,SCN5A,LOF,0.6,0.4869109947643979,1.232258064516129,SCN1A:p.V1353L;SCN11A:p.V1184A;SCN1A:p.F902C;SCN9A:p.V872G;SCN1A:p.S259R,SCN1A;SCN11A;SCN1A;SCN9A;SCN1A,LOF;GOF;LOF;GOF;LOF
wt_site,5,190,SCN5A:p.W1345C,SCN5A,LOF,0.6,0.4869109947643979,1.232258064516129,SCN1A:p.F902C;SCN3A:p.Y1669C;SCN1A:p.S259R;SCN8A:p.L1331V;SCN1A:p.L263V,SCN1A;SCN3A;SCN1A;SCN8A;SCN1A,LOF;LOF;LOF;GOF;GOF
wt_site,5,191,SCN5A:p.L1346P,SCN5A,LOF,0.4,0.4869109947643979,0.821505376344086,SCN1A:p.S259R;SCN1A:p.F902C;SCN8A:p.L1331V;SCN1A:p.L263V;SCN9A:p.V872G,SCN1A;SCN1A;SCN8A;SCN1A;SCN9A,LOF;LOF;GOF;GOF;GOF
wt_site,5,192,SCN1A:p.V1366I,SCN1A,LOF,0.2,0.5609756097560976,0.3565217391304348,SCN5A:p.V1667I;SCN4A:p.V1293I;SCN8A:p.V1758A;SCN5A:p.V1764M;SCN3A:p.V1769A,SCN5A;SCN4A;SCN8A;SCN5A;SCN3A,GOF;GOF;LOF;GOF;GOF
wt_site,5,193,SCN10A:p.A1304T,SCN10A,GOF,0.2,0.3885542168674699,0.5147286821705427,SCN1A:p.A1685V;SCN1A:p.A1685D;SCN2A:p.A263V;SCN1A:p.V1366I;SCN1A:p.M909K,SCN1A;SCN1A;SCN2A;SCN1A;SCN1A,LOF;LOF;GOF;LOF;LOF
wt_site,5,194,SCN8A:p.T1360N,SCN8A,LOF,0.8,0.6196319018404908,1.2910891089108911,SCN1A:p.T297I;SCN5A:p.S1382I;SCN1A:p.G1749E;SCN1A:p.T1934I;SCN5A:p.R18W,SCN1A;SCN5A;SCN1A;SCN1A;SCN5A,LOF;LOF;LOF;LOF;GOF
wt_site,5,195,SCN5A:p.V1378M,SCN5A,LOF,0.2,0.4869109947643979,0.410752688172043,SCN10A:p.V94G;SCN2A:p.M1879T;SCN2A:p.R1882Q;SCN2A:p.R1882G;SCN8A:p.R1872W,SCN10A;SCN2A;SCN2A;SCN2A;SCN8A,LOF;GOF;GOF;GOF;GOF
wt_site,5,196,SCN5A:p.N1380K,SCN5A,LOF,0.8,0.4869109947643979,1.643010752688172,SCN2A:p.K908E;SCN1A:p.N1011I;SCN1A:p.G1749E;SCN10A:p.D1639N;SCN10A:p.V94G,SCN2A;SCN1A;SCN1A;SCN10A;SCN10A,GOF;LOF;LOF;LOF;LOF
wt_site,5,197,SCN5A:p.S1382I,SCN5A,LOF,0.6,0.4869109947643979,1.232258064516129,SCN1A:p.G1749E;SCN9A:p.D623N;SCN2A:p.D82G;SCN8A:p.T1360N;SCN10A:p.P1102S,SCN1A;SCN9A;SCN2A;SCN8A;SCN10A,LOF;GOF;LOF;LOF;GOF
wt_site,5,198,SCN4A:p.C1209F,SCN4A,LOF,0.8,0.6214511041009464,1.2873096446700507,SCN2A:p.C1386R;SCN5A:p.C335R;SCN5A:p.V1378M;SCN1A:p.C959R;SCN2A:p.M1879T,SCN2A;SCN5A;SCN5A;SCN1A;SCN2A,LOF;LOF;LOF;LOF;GOF
wt_site,5,199,SCN2A:p.C1386R,SCN2A,LOF,0.8,0.620253164556962,1.289795918367347,SCN4A:p.C1209F;SCN5A:p.C335R;SCN5A:p.V1378M;SCN1A:p.C959R;SCN8A:p.R1872W,SCN4A;SCN5A;SCN5A;SCN1A;SCN8A,LOF;LOF;LOF;LOF;GOF
wt_site,5,200,SCN5A:p.V1405L,SCN5A,LOF,0.2,0.4869109947643979,0.410752688172043,SCN3A:p.V1769A;SCN3A:p.I875T;SCN1A:p.F1831S;SCN11A:p.I381T;SCN8A:p.I1327V,SCN3A;SCN3A;SCN1A;SCN11A;SCN8A,GOF;GOF;LOF;GOF;GOF
wt_site,5,201,SCN5A:p.V1405M,SCN5A,LOF,0.2,0.4869109947643979,0.410752688172043,SCN3A:p.V1769A;SCN3A:p.I875T;SCN1A:p.F1831S;SCN11A:p.I381T;SCN8A:p.I1327V,SCN3A;SCN3A;SCN1A;SCN11A;SCN8A,GOF;GOF;LOF;GOF;GOF
wt_site,5,202,SCN5A:p.G1406E,SCN5A,LOF,0.0,0.4869109947643979,0.0,SCN2A:p.M1879T;SCN2A:p.R1882Q;SCN2A:p.R1882G;SCN11A:p.G699R;SCN8A:p.R1872Q,SCN2A;SCN2A;SCN2A;SCN11A;SCN8A,GOF;GOF;GOF;GOF;GOF
wt_site,5,203,SCN5A:p.G1406R,SCN5A,LOF,0.0,0.4869109947643979,0.0,SCN2A:p.M1879T;SCN2A:p.R1882Q;SCN2A:p.R1882G;SCN11A:p.G699R;SCN8A:p.R1872Q,SCN2A;SCN2A;SCN2A;SCN11A;SCN8A,GOF;GOF;GOF;GOF;GOF
wt_site,5,204,SCN1A:p.G1421W,SCN1A,LOF,1.0,0.5609756097560976,1.7826086956521738,SCN5A:p.G1748D;SCN5A:p.A1428S;SCN5A:p.A1428V;SCN5A:p.G1406E;SCN5A:p.G1406R,SCN5A;SCN5A;SCN5A;SCN5A;SCN5A,LOF;LOF;LOF;LOF;LOF
wt_site,5,205,SCN2A:p.T1420M,SCN2A,LOF,0.8,0.620253164556962,1.289795918367347,SCN5A:p.T1709M;SCN5A:p.M369K;SCN5A:p.G1420R;SCN5A:p.G1420V;SCN8A:p.T767I,SCN5A;SCN5A;SCN5A;SCN5A;SCN8A,LOF;LOF;LOF;LOF;GOF
wt_site,5,206,SCN5A:p.G1420R,SCN5A,LOF,0.6,0.4869109947643979,1.232258064516129,SCN10A:p.G1662S;SCN8A:p.N374K;SCN2A:p.T1420M;SCN1A:p.G1421W;SCN1A:p.H939Q,SCN10A;SCN8A;SCN2A;SCN1A;SCN1A,GOF;GOF;LOF;LOF;LOF
wt_site,5,207,SCN5A:p.G1420V,SCN5A,LOF,0.6,0.4869109947643979,1.232258064516129,SCN10A:p.G1662S;SCN8A:p.N374K;SCN2A:p.T1420M;SCN1A:p.G1421W;SCN1A:p.H939Q,SCN10A;SCN8A;SCN2A;SCN1A;SCN1A,GOF;GOF;LOF;LOF;LOF
wt_site,5,208,SCN5A:p.A1428S,SCN5A,LOF,0.8,0.4869109947643979,1.643010752688172,SCN1A:p.C959R;SCN8A:p.A1491V;SCN4A:p.C1209F;SCN2A:p.C1386R;SCN1A:p.G1421W,SCN1A;SCN8A;SCN4A;SCN2A;SCN1A,LOF;GOF;LOF;LOF;LOF
wt_site,5,209,SCN5A:p.A1428V,SCN5A,LOF,0.8,0.4869109947643979,1.643010752688172,SCN1A:p.C959R;SCN8A:p.A1491V;SCN4A:p.C1209F;SCN2A:p.C1386R;SCN1A:p.G1421W,SCN1A;SCN8A;SCN4A;SCN2A;SCN1A,LOF;GOF;LOF;LOF;LOF
wt_site,5,210,SCN5A:p.D1430N,SCN5A,LOF,0.6,0.4869109947643979,1.232258064516129,SCN1A:p.D1866Y;SCN1A:p.R393H;SCN10A:p.D1639N;SCN2A:p.D82G;SCN3A:p.K354Q,SCN1A;SCN1A;SCN10A;SCN2A;SCN3A,GOF;LOF;LOF;LOF;GOF
wt_site,5,211,SCN5A:p.R1432G,SCN5A,LOF,0.0,0.4869109947643979,0.0,SCN8A:p.R1872W;SCN8A:p.R1872Q;SCN8A:p.R1872L;SCN2A:p.R1882Q;SCN2A:p.R1882G,SCN8A;SCN8A;SCN8A;SCN2A;SCN2A,GOF;GOF;GOF;GOF;GOF
wt_site,5,212,SCN5A:p.Y1449C,SCN5A,LOF,0.4,0.4869109947643979,0.821505376344086,SCN1A:p.F1765L;SCN2A:p.Y1589C;SCN3A:p.Y1669C;SCN11A:p.I381T;SCN2A:p.F1597L,SCN1A;SCN2A;SCN3A;SCN11A;SCN2A,LOF;GOF;LOF;GOF;GOF
wt_site,5,213,SCN5A:p.T1461S,SCN5A,LOF,0.6,0.4869109947643979,1.232258064516129,SCN10A:p.L388M;SCN1A:p.V983A;SCN8A:p.V1758A;SCN10A:p.I1706V;SCN3A:p.V1769A,SCN10A;SCN1A;SCN8A;SCN10A;SCN3A,LOF;LOF;LOF;GOF;GOF
wt_site,5,214,SCN4A:p.V1293I,SCN4A,GOF,0.8,0.3785488958990536,2.1133333333333337,SCN2A:p.V423L;SCN9A:p.V400M;SCN5A:p.V411M;SCN3A:p.V1769A;SCN8A:p.V1758A,SCN2A;SCN9A;SCN5A;SCN3A;SCN8A,GOF;GOF;GOF;GOF;LOF
wt_site,5,215,SCN2A:p.I1473M,SCN2A,GOF,1.0,0.379746835443038,2.6333333333333333,SCN4A:p.F1298C;SCN5A:p.F1473S;SCN5A:p.F1473C;SCN5A:p.I1768V;SCN5A:p.I1762A,SCN4A;SCN5A;SCN5A;SCN5A;SCN5A,GOF;GOF;GOF;GOF;GOF
wt_site,5,216,SCN4A:p.N1297K,SCN4A,GOF,1.0,0.3785488958990536,2.6416666666666666,SCN5A:p.N1774D;SCN8A:p.N1768D;SCN5A:p.S941N;SCN1A:p.Q1489K;SCN1A:p.Q1489H,SCN5A;SCN8A;SCN5A;SCN1A;SCN1A,GOF;GOF;GOF;GOF;GOF
wt_site,5,217,SCN4A:p.N1297S,SCN4A,GOF,1.0,0.3785488958990536,2.6416666666666666,SCN5A:p.N1774D;SCN8A:p.N1768D;SCN5A:p.S941N;SCN1A:p.Q1489K;SCN1A:p.Q1489H,SCN5A;SCN8A;SCN5A;SCN1A;SCN1A,GOF;GOF;GOF;GOF;GOF
wt_site,5,218,SCN4A:p.F1298C,SCN4A,GOF,0.4,0.3785488958990536,1.0566666666666669,SCN5A:p.F1473C;SCN5A:p.F1473S;SCN1A:p.Y426N;SCN1A:p.F1831S;SCN1A:p.F1765L,SCN5A;SCN5A;SCN1A;SCN1A;SCN1A,GOF;GOF;LOF;LOF;LOF
wt_site,5,219,SCN5A:p.F1473C,SCN5A,GOF,0.4,0.5130890052356021,0.7795918367346939,SCN4A:p.F1298C;SCN1A:p.Y426N;SCN1A:p.F1831S;SCN1A:p.F1765L;SCN2A:p.I1473M,SCN4A;SCN1A;SCN1A;SCN1A;SCN2A,GOF;LOF;LOF;LOF;GOF
wt_site,5,220,SCN5A:p.F1473S,SCN5A,GOF,0.4,0.5130890052356021,0.7795918367346939,SCN4A:p.F1298C;SCN1A:p.Y426N;SCN1A:p.F1831S;SCN1A:p.F1765L;SCN2A:p.I1473M,SCN4A;SCN1A;SCN1A;SCN1A;SCN2A,GOF;LOF;LOF;LOF;GOF
wt_site,5,221,SCN5A:p.Q1475P,SCN5A,GOF,1.0,0.5130890052356021,1.9489795918367347,SCN1A:p.Q1489H;SCN1A:p.Q1489K;SCN11A:p.N816K;SCN2A:p.R1882Q;SCN2A:p.R1882G,SCN1A;SCN1A;SCN11A;SCN2A;SCN2A,GOF;GOF;GOF;GOF;GOF
wt_site,5,222,SCN1A:p.Q1489H,SCN1A,GOF,0.8,0.43902439024390244,1.8222222222222224,SCN5A:p.Q1476R;SCN5A:p.Q1475P;SCN2A:p.M1879T;SCN8A:p.A1491V;SCN5A:p.Q1832E,SCN5A;SCN5A;SCN2A;SCN8A;SCN5A,GOF;GOF;GOF;GOF;LOF
wt_site,5,223,SCN1A:p.Q1489K,SCN1A,GOF,0.8,0.43902439024390244,1.8222222222222224,SCN5A:p.Q1476R;SCN5A:p.Q1475P;SCN2A:p.M1879T;SCN8A:p.A1491V;SCN5A:p.Q1832E,SCN5A;SCN5A;SCN2A;SCN8A;SCN5A,GOF;GOF;GOF;GOF;LOF
wt_site,5,224,SCN5A:p.Q1476R,SCN5A,GOF,1.0,0.5130890052356021,1.9489795918367347,SCN1A:p.Q1489K;SCN1A:p.Q1489H;SCN2A:p.M1879T;SCN8A:p.A1491V;SCN11A:p.N816K,SCN1A;SCN1A;SCN2A;SCN8A;SCN11A,GOF;GOF;GOF;GOF;GOF
wt_site,5,225,SCN4A:p.G1306E,SCN4A,GOF,1.0,0.3785488958990536,2.6416666666666666,SCN8A:p.G1475R;SCN2A:p.R1882G;SCN2A:p.R1882Q;SCN8A:p.R1872L;SCN8A:p.R1872Q,SCN8A;SCN2A;SCN2A;SCN8A;SCN8A,GOF;GOF;GOF;GOF;GOF
wt_site,5,226,SCN8A:p.G1475R,SCN8A,GOF,0.6,0.3803680981595092,1.5774193548387094,SCN4A:p.G1306E;SCN2A:p.R1882G;SCN2A:p.R1882Q;SCN2A:p.D82G;SCN5A:p.D84N,SCN4A;SCN2A;SCN2A;SCN2A;SCN5A,GOF;GOF;GOF;LOF;LOF
wt_site,5,227,SCN1A:p.I1498M,SCN1A,LOF,0.2,0.5609756097560976,0.3565217391304348,SCN4A:p.I1310N;SCN5A:p.F1486L;SCN5A:p.I1968S;SCN2A:p.M1879T;SCN2A:p.R1882Q,SCN4A;SCN5A;SCN5A;SCN2A;SCN2A,GOF;GOF;LOF;GOF;GOF
wt_site,5,228,SCN4A:p.I1310N,SCN4A,GOF,0.6,0.3785488958990536,1.585,SCN1A:p.I1498M;SCN1A:p.F1499L;SCN5A:p.F1486L;SCN5A:p.I1968S;SCN2A:p.M1879T,SCN1A;SCN1A;SCN5A;SCN5A;SCN2A,LOF;GOF;GOF;LOF;GOF
wt_site,5,229,SCN5A:p.F1486L,SCN5A,GOF,0.8,0.5130890052356021,1.5591836734693878,SCN1A:p.F1499L;SCN1A:p.I1498M;SCN4A:p.I1310N;SCN1A:p.M1500V;SCN2A:p.M1879T,SCN1A;SCN1A;SCN4A;SCN1A;SCN2A,GOF;LOF;GOF;GOF;GOF
wt_site,5,230,SCN1A:p.F1499L,SCN1A,GOF,0.6,0.43902439024390244,1.3666666666666667,SCN5A:p.F1486L;SCN4A:p.I1310N;SCN5A:p.F93S;SCN2A:p.M1879T;SCN5A:p.F2004L,SCN5A;SCN4A;SCN5A;SCN2A;SCN5A,GOF;GOF;LOF;GOF;LOF
wt_site,5,231,SCN1A:p.M1500V,SCN1A,GOF,0.8,0.43902439024390244,1.8222222222222224,SCN5A:p.F1486L;SCN2A:p.M1879T;SCN4A:p.I1310N;SCN5A:p.R1897W;SCN2A:p.R1882G,SCN5A;SCN2A;SCN4A;SCN5A;SCN2A,GOF;GOF;GOF;LOF;GOF
wt_site,5,232,SCN4A:p.T1313A,SCN4A,GOF,0.8,0.3785488958990536,2.1133333333333337,SCN3A:p.T1486I;SCN5A:p.S1787N;SCN5A:p.R1898C;SCN2A:p.R1882G;SCN2A:p.R1882Q,SCN3A;SCN5A;SCN5A;SCN2A;SCN2A,GOF;GOF;LOF;GOF;GOF
wt_site,5,233,SCN4A:p.T1313M,SCN4A,GOF,0.8,0.3785488958990536,2.1133333333333337,SCN3A:p.T1486I;SCN5A:p.S1787N;SCN5A:p.R1898C;SCN2A:p.R1882G;SCN2A:p.R1882Q,SCN3A;SCN5A;SCN5A;SCN2A;SCN2A,GOF;GOF;LOF;GOF;GOF
wt_site,5,234,SCN3A:p.T1486I,SCN3A,GOF,0.8,0.38095238095238093,2.1,SCN4A:p.T1313A;SCN4A:p.T1313M;SCN5A:p.S1787N;SCN5A:p.R1898C;SCN2A:p.R1882G,SCN4A;SCN4A;SCN5A;SCN5A;SCN2A,GOF;GOF;GOF;LOF;GOF
wt_site,5,235,SCN8A:p.A1491V,SCN8A,GOF,0.6,0.3803680981595092,1.5774193548387094,SCN2A:p.M1879T;SCN2A:p.R1882G;SCN2A:p.R1882Q;SCN5A:p.P1506S;SCN1A:p.I1498M,SCN2A;SCN2A;SCN2A;SCN5A;SCN1A,GOF;GOF;GOF;LOF;LOF
wt_site,5,236,SCN5A:p.P1506S,SCN5A,LOF,0.2,0.4869109947643979,0.410752688172043,SCN10A:p.V94G;SCN2A:p.M1879T;SCN8A:p.R1872W;SCN8A:p.R1872Q;SCN8A:p.R1872L,SCN10A;SCN2A;SCN8A;SCN8A;SCN8A,LOF;GOF;GOF;GOF;GOF
wt_site,5,237,SCN5A:p.R1512W,SCN5A,LOF,0.4,0.4869109947643979,0.821505376344086,SCN1A:p.R1525Q;SCN4A:p.R104H;SCN8A:p.R1872W;SCN8A:p.R1872Q;SCN8A:p.R1872L,SCN1A;SCN4A;SCN8A;SCN8A;SCN8A,LOF;LOF;GOF;GOF;GOF
wt_site,5,238,SCN1A:p.R1525Q,SCN1A,LOF,1.0,0.5609756097560976,1.7826086956521738,SCN5A:p.R1512W;SCN4A:p.R104H;SCN5A:p.R104Q;SCN5A:p.R104W;SCN5A:p.P1506S,SCN5A;SCN4A;SCN5A;SCN5A;SCN5A,LOF;LOF;LOF;LOF;LOF
wt_site,5,239,SCN5A:p.N1541D,SCN5A,LOF,0.4,0.4869109947643979,0.821505376344086,SCN4A:p.N1366S;SCN1A:p.N985I;SCN4A:p.N440K;SCN9A:p.N395K;SCN1A:p.E1587K,SCN4A;SCN1A;SCN4A;SCN9A;SCN1A,GOF;LOF;GOF;GOF;LOF
wt_site,5,240,SCN4A:p.N1366S,SCN4A,GOF,0.2,0.3785488958990536,0.5283333333333334,SCN5A:p.N1541D;SCN5A:p.S1218I;SCN1A:p.N985I;SCN9A:p.N395K;SCN5A:p.N406S,SCN5A;SCN5A;SCN1A;SCN9A;SCN5A,LOF;LOF;LOF;GOF;LOF
wt_site,5,241,SCN1A:p.R1575C,SCN1A,GOF,0.8,0.43902439024390244,1.8222222222222224,SCN8A:p.R1872W;SCN8A:p.R1872Q;SCN8A:p.R1872L;SCN5A:p.R965C;SCN2A:p.R1882Q,SCN8A;SCN8A;SCN8A;SCN5A;SCN2A,GOF;GOF;GOF;LOF;GOF
wt_site,5,242,SCN2A:p.I1571T,SCN2A,GOF,0.6,0.379746835443038,1.5799999999999998,SCN11A:p.I381T;SCN10A:p.L867F;SCN1A:p.I1498M;SCN4A:p.I1310N;SCN1A:p.R1575C,SCN11A;SCN10A;SCN1A;SCN4A;SCN1A,GOF;LOF;LOF;GOF;GOF
wt_site,5,243,SCN10A:p.V1518I,SCN10A,LOF,0.4,0.6114457831325302,0.6541871921182266,SCN1A:p.V1611F;SCN5A:p.L136P;SCN5A:p.V1667I;SCN5A:p.V1763M;SCN5A:p.G752R,SCN1A;SCN5A;SCN5A;SCN5A;SCN5A,GOF;LOF;GOF;GOF;LOF
wt_site,5,244,SCN1A:p.E1587K,SCN1A,LOF,0.8,0.5609756097560976,1.4260869565217391,SCN5A:p.E1574K;SCN5A:p.D1595N;SCN5A:p.D785N;SCN5A:p.N1541D;SCN4A:p.N1366S,SCN5A;SCN5A;SCN5A;SCN5A;SCN4A,LOF;LOF;LOF;LOF;GOF
wt_site,5,245,SCN5A:p.E1574K,SCN5A,LOF,0.8,0.4869109947643979,1.643010752688172,SCN1A:p.E1587K;SCN4A:p.N1366S;SCN4A:p.R669H;SCN1A:p.R859H;SCN1A:p.R859C,SCN1A;SCN4A;SCN4A;SCN1A;SCN1A,LOF;GOF;LOF;LOF;LOF
wt_site,5,246,SCN1A:p.R1596C,SCN1A,LOF,0.8,0.5609756097560976,1.4260869565217391,SCN5A:p.R1583C;SCN5A:p.G1262S;SCN5A:p.R1644C;SCN5A:p.R1644H;SCN8A:p.R1638C,SCN5A;SCN5A;SCN5A;SCN5A;SCN8A,LOF;LOF;LOF;GOF;LOF
wt_site,5,247,SCN5A:p.R1583C,SCN5A,LOF,1.0,0.4869109947643979,2.053763440860215,SCN1A:p.R1596C;SCN1A:p.G177A;SCN1A:p.G177E;SCN1A:p.R1657C;SCN8A:p.R1638C,SCN1A;SCN1A;SCN1A;SCN1A;SCN8A,LOF;LOF;LOF;LOF;LOF
wt_site,5,248,SCN2A:p.Y1589C,SCN2A,GOF,0.2,0.379746835443038,0.5266666666666666,SCN5A:p.Y1449C;SCN1A:p.Y426N;SCN1A:p.F1831S;SCN1A:p.F1765L;SCN10A:p.Y158D,SCN5A;SCN1A;SCN1A;SCN1A;SCN10A,LOF;LOF;LOF;LOF;GOF
wt_site,5,249,SCN2A:p.F1597L,SCN2A,GOF,0.8,0.379746835443038,2.1066666666666665,SCN4A:p.F1298C;SCN5A:p.F1473C;SCN5A:p.F1473S;SCN1A:p.F1765L;SCN9A:p.F216S,SCN4A;SCN5A;SCN5A;SCN1A;SCN9A,GOF;GOF;GOF;LOF;GOF
wt_site,5,250,SCN5A:p.D1595N,SCN5A,LOF,0.8,0.4869109947643979,1.643010752688172,SCN1A:p.E1587K;SCN4A:p.N1366S;SCN4A:p.R669H;SCN1A:p.R859H;SCN1A:p.R859C,SCN1A;SCN4A;SCN4A;SCN1A;SCN1A,LOF;GOF;LOF;LOF;LOF
wt_site,5,251,SCN1A:p.V1611F,SCN1A,GOF,0.8,0.43902439024390244,1.8222222222222224,SCN10A:p.V1518I;SCN9A:p.I136V;SCN4A:p.I141V;SCN5A:p.I1768V;SCN3A:p.V1769A,SCN10A;SCN9A;SCN4A;SCN5A;SCN3A,LOF;GOF;GOF;GOF;GOF
wt_site,5,252,SCN5A:p.S1609L,SCN5A,GOF,1.0,0.5130890052356021,1.9489795918367347,SCN2A:p.R1882G;SCN2A:p.R1882Q;SCN8A:p.R1872L;SCN8A:p.R1872Q;SCN8A:p.R1872W,SCN2A;SCN2A;SCN8A;SCN8A;SCN8A,GOF;GOF;GOF;GOF;GOF
wt_site,5,253,SCN1A:p.L1624P,SCN1A,GOF,0.8,0.43902439024390244,1.8222222222222224,SCN5A:p.L567Q;SCN5A:p.L619F;SCN2A:p.R1882Q;SCN2A:p.R1882G;SCN2A:p.V208E,SCN5A;SCN5A;SCN2A;SCN2A;SCN2A,LOF;GOF;GOF;GOF;GOF
wt_site,5,254,SCN4A:p.V1442E,SCN4A,LOF,0.6,0.6214511041009464,0.965482233502538,SCN2A:p.V208E;SCN5A:p.V1378M;SCN5A:p.A1294G;SCN10A:p.V94G;SCN1A:p.L1624P,SCN2A;SCN5A;SCN5A;SCN10A;SCN1A,GOF;LOF;LOF;LOF;GOF
wt_site,5,255,SCN1A:p.P1632S,SCN1A,LOF,0.6,0.5609756097560976,1.0695652173913042,SCN2A:p.P1622S;SCN5A:p.P1730H;SCN5A:p.E1295K;SCN5A:p.A1294G;SCN5A:p.P2006A,SCN2A;SCN5A;SCN5A;SCN5A;SCN5A,LOF;LOF;GOF;LOF;GOF
wt_site,5,256,SCN2A:p.P1622S,SCN2A,LOF,0.6,0.620253164556962,0.9673469387755103,SCN1A:p.P1632S;SCN5A:p.A1294G;SCN5A:p.P1730H;SCN5A:p.E1295K;SCN5A:p.P2006A,SCN1A;SCN5A;SCN5A;SCN5A;SCN5A,LOF;LOF;LOF;GOF;GOF
wt_site,5,257,SCN2A:p.T1623N,SCN2A,GOF,0.4,0.379746835443038,1.0533333333333332,SCN5A:p.T1620M;SCN9A:p.S211P;SCN4A:p.V1442E;SCN1A:p.P1632S;SCN5A:p.T1304M,SCN5A;SCN9A;SCN4A;SCN1A;SCN5A,LOF;GOF;LOF;LOF;GOF
wt_site,5,258,SCN5A:p.T1620M,SCN5A,LOF,0.6,0.4869109947643979,1.232258064516129,SCN2A:p.T1623N;SCN9A:p.S211P;SCN4A:p.V1442E;SCN2A:p.P1622S;SCN1A:p.P1632S,SCN2A;SCN9A;SCN4A;SCN2A;SCN1A,GOF;GOF;LOF;LOF;LOF
wt_site,5,259,SCN3A:p.R1621G,SCN3A,GOF,0.4,0.38095238095238093,1.05,SCN8A:p.R1617Q;SCN5A:p.R1623Q;SCN5A:p.R808C;SCN1A:p.R859H;SCN1A:p.R859C,SCN8A;SCN5A;SCN5A;SCN1A;SCN1A,GOF;GOF;LOF;LOF;LOF
wt_site,5,260,SCN3A:p.R1621Q,SCN3A,GOF,0.4,0.38095238095238093,1.05,SCN8A:p.R1617Q;SCN5A:p.R1623Q;SCN5A:p.R808C;SCN1A:p.R859H;SCN1A:p.R859C,SCN8A;SCN5A;SCN5A;SCN1A;SCN1A,GOF;GOF;LOF;LOF;LOF
wt_site,5,261,SCN5A:p.R1623Q,SCN5A,GOF,0.6,0.5130890052356021,1.1693877551020408,SCN8A:p.R1617Q;SCN3A:p.R1621G;SCN3A:p.R1621Q;SCN10A:p.R756W;SCN1A:p.R859C,SCN8A;SCN3A;SCN3A;SCN10A;SCN1A,GOF;GOF;GOF;LOF;LOF
wt_site,5,262,SCN8A:p.R1617Q,SCN8A,GOF,0.6,0.3803680981595092,1.5774193548387094,SCN3A:p.R1621Q;SCN3A:p.R1621G;SCN5A:p.R1623Q;SCN5A:p.R808C;SCN10A:p.R756W,SCN3A;SCN3A;SCN5A;SCN5A;SCN10A,GOF;GOF;GOF;LOF;LOF
wt_site,5,263,SCN4A:p.R1451C,SCN4A,LOF,0.6,0.6214511041009464,0.965482233502538,SCN8A:p.R1620L;SCN5A:p.R1626P;SCN5A:p.R811H;SCN5A:p.R1629Q;SCN1A:p.R865G,SCN8A;SCN5A;SCN5A;SCN5A;SCN1A,LOF;GOF;LOF;LOF;GOF
wt_site,5,264,SCN5A:p.R1626P,SCN5A,GOF,0.0,0.5130890052356021,0.0,SCN4A:p.R1451C;SCN4A:p.R1451L;SCN8A:p.R1620L;SCN4A:p.R672G;SCN4A:p.R672H,SCN4A;SCN4A;SCN8A;SCN4A;SCN4A,LOF;LOF;LOF;LOF;LOF
wt_site,5,265,SCN4A:p.R1451L,SCN4A,LOF,0.6,0.6214511041009464,0.965482233502538,SCN8A:p.R1620L;SCN5A:p.R1626P;SCN5A:p.R811H;SCN5A:p.R1629Q;SCN1A:p.R865G,SCN8A;SCN5A;SCN5A;SCN5A;SCN1A,LOF;GOF;LOF;LOF;GOF
wt_site,5,266,SCN8A:p.R1620L,SCN8A,LOF,0.8,0.6196319018404908,1.2910891089108911,SCN4A:p.R1451C;SCN4A:p.R1451L;SCN5A:p.R1626P;SCN4A:p.R672H;SCN4A:p.R672G,SCN4A;SCN4A;SCN5A;SCN4A;SCN4A,LOF;LOF;GOF;LOF;LOF
wt_site,5,267,SCN8A:p.A1622D,SCN8A,GOF,0.6,0.3803680981595092,1.5774193548387094,SCN5A:p.G1631D;SCN9A:p.F216S;SCN11A:p.L1158P;SCN1A:p.I227S;SCN5A:p.L812Q,SCN5A;SCN9A;SCN11A;SCN1A;SCN5A,GOF;GOF;GOF;LOF;LOF
wt_site,5,268,SCN5A:p.R1629Q,SCN5A,LOF,1.0,0.4869109947643979,2.053763440860215,SCN4A:p.R1454W;SCN4A:p.R1457H;SCN8A:p.R1620L;SCN4A:p.R1451L;SCN4A:p.R1451C,SCN4A;SCN4A;SCN8A;SCN4A;SCN4A,LOF;LOF;LOF;LOF;LOF
wt_site,5,269,SCN4A:p.R1454W,SCN4A,LOF,0.6,0.6214511041009464,0.965482233502538,SCN5A:p.R1629Q;SCN5A:p.R1632C;SCN8A:p.R1620L;SCN5A:p.R1626P;SCN1A:p.R865G,SCN5A;SCN5A;SCN8A;SCN5A;SCN1A,LOF;LOF;LOF;GOF;GOF
wt_site,5,270,SCN5A:p.G1631D,SCN5A,GOF,0.6,0.5130890052356021,1.1693877551020408,SCN8A:p.A1622D;SCN9A:p.F216S;SCN1A:p.G1674R;SCN11A:p.L1158P;SCN1A:p.I227S,SCN8A;SCN9A;SCN1A;SCN11A;SCN1A,GOF;GOF;LOF;GOF;LOF
wt_site,5,271,SCN5A:p.R1632C,SCN5A,LOF,0.8,0.4869109947643979,1.643010752688172,SCN4A:p.R1457H;SCN4A:p.R1454W;SCN1A:p.R865G;SCN4A:p.R225W;SCN4A:p.R1451L,SCN4A;SCN4A;SCN1A;SCN4A;SCN4A,LOF;LOF;GOF;LOF;LOF
wt_site,5,272,SCN4A:p.R1457H,SCN4A,LOF,0.8,0.6214511041009464,1.2873096446700507,SCN5A:p.R1632C;SCN5A:p.R1629Q;SCN1A:p.R865G;SCN2A:p.R1312T;SCN8A:p.R1620L,SCN5A;SCN5A;SCN1A;SCN2A;SCN8A,LOF;LOF;GOF;LOF;LOF
wt_site,5,273,SCN10A:p.R1588Q,SCN10A,LOF,0.8,0.6114457831325302,1.3083743842364532,SCN5A:p.R1644C;SCN5A:p.R1644H;SCN1A:p.R1657C;SCN8A:p.R1638C;SCN4A:p.R1457H,SCN5A;SCN5A;SCN1A;SCN8A;SCN4A,LOF;GOF;LOF;LOF;LOF
wt_site,5,274,SCN5A:p.G1642E,SCN5A,LOF,0.2,0.4869109947643979,0.410752688172043,SCN1A:p.T875M;SCN11A:p.G699R;SCN2A:p.T236S;SCN2A:p.T1623N;SCN4A:p.F1473S,SCN1A;SCN11A;SCN2A;SCN2A;SCN4A,LOF;GOF;GOF;GOF;GOF
wt_site,5,275,SCN1A:p.I1656M,SCN1A,LOF,0.4,0.5609756097560976,0.7130434782608696,SCN3A:p.I875T;SCN2A:p.L1330F;SCN9A:p.I234T;SCN8A:p.I1327V;SCN3A:p.L247P,SCN3A;SCN2A;SCN9A;SCN8A;SCN3A,GOF;LOF;GOF;GOF;LOF
wt_site,5,276,SCN1A:p.R1657C,SCN1A,LOF,0.6,0.5609756097560976,1.0695652173913042,SCN8A:p.R1638C;SCN5A:p.R1644H;SCN5A:p.R1644C;SCN10A:p.R1588Q;SCN4A:p.F1473S,SCN8A;SCN5A;SCN5A;SCN10A;SCN4A,LOF;GOF;LOF;LOF;GOF
wt_site,5,277,SCN5A:p.R1644C,SCN5A,LOF,0.6,0.4869109947643979,1.232258064516129,SCN8A:p.R1638C;SCN1A:p.R1657C;SCN10A:p.R1588Q;SCN4A:p.F1473S;SCN1A:p.F1661L,SCN8A;SCN1A;SCN10A;SCN4A;SCN1A,LOF;LOF;LOF;GOF;GOF
wt_site,5,278,SCN8A:p.R1638C,SCN8A,LOF,0.6,0.6196319018404908,0.9683168316831683,SCN1A:p.R1657C;SCN5A:p.R1644H;SCN5A:p.R1644C;SCN10A:p.R1588Q;SCN4A:p.F1473S,SCN1A;SCN5A;SCN5A;SCN10A;SCN4A,LOF;GOF;LOF;LOF;GOF
wt_site,5,279,SCN5A:p.R1644H,SCN5A,GOF,0.4,0.5130890052356021,0.7795918367346939,SCN8A:p.R1638C;SCN1A:p.R1657C;SCN10A:p.R1588Q;SCN4A:p.F1473S;SCN1A:p.F1661L,SCN8A;SCN1A;SCN10A;SCN4A;SCN1A,LOF;LOF;LOF;GOF;GOF
wt_site,5,280,SCN3A:p.F1646C,SCN3A,GOF,0.8,0.38095238095238093,2.1,SCN1A:p.F1661L;SCN4A:p.F1473S;SCN5A:p.N1325S;SCN5A:p.F93S;SCN11A:p.G699R,SCN1A;SCN4A;SCN5A;SCN5A;SCN11A,GOF;GOF;GOF;LOF;GOF
wt_site,5,281,SCN1A:p.F1661L,SCN1A,GOF,0.8,0.43902439024390244,1.8222222222222224,SCN3A:p.F1646C;SCN4A:p.F1473S;SCN5A:p.N1325S;SCN5A:p.F93S;SCN11A:p.G699R,SCN3A;SCN4A;SCN5A;SCN5A;SCN11A,GOF;GOF;GOF;LOF;GOF
wt_site,5,282,SCN4A:p.F1473S,SCN4A,GOF,0.8,0.3785488958990536,2.1133333333333337,SCN1A:p.F1661L;SCN3A:p.F1646C;SCN5A:p.N1325S;SCN5A:p.F93S;SCN11A:p.G699R,SCN1A;SCN3A;SCN5A;SCN5A;SCN11A,GOF;GOF;GOF;LOF;GOF
wt_site,5,283,SCN1A:p.M1664K,SCN1A,LOF,0.0,0.5609756097560976,0.0,SCN5A:p.V1328M;SCN5A:p.M1652R;SCN4A:p.F1473S;SCN3A:p.F1646C;SCN2A:p.M1879T,SCN5A;SCN5A;SCN4A;SCN3A;SCN2A,GOF;GOF;GOF;GOF;GOF
wt_site,5,284,SCN5A:p.M1652R,SCN5A,GOF,0.8,0.5130890052356021,1.5591836734693878,SCN1A:p.M1664K;SCN4A:p.F1473S;SCN3A:p.F1646C;SCN1A:p.F1661L;SCN2A:p.M1879T,SCN1A;SCN4A;SCN3A;SCN1A;SCN2A,LOF;GOF;GOF;GOF;GOF
wt_site,5,285,SCN2A:p.P1658S,SCN2A,LOF,0.2,0.620253164556962,0.32244897959183677,SCN4A:p.P1158L;SCN3A:p.P1333L;SCN5A:p.P1332L;SCN11A:p.G699R;SCN1A:p.P1632S,SCN4A;SCN3A;SCN5A;SCN11A;SCN1A,GOF;GOF;GOF;GOF;LOF
wt_site,5,286,SCN5A:p.A1656D,SCN5A,GOF,0.8,0.5130890052356021,1.5591836734693878,SCN2A:p.S1336Y;SCN4A:p.A1156T;SCN2A:p.P1658S;SCN4A:p.P1158L;SCN3A:p.P1333L,SCN2A;SCN4A;SCN2A;SCN4A;SCN3A,GOF;GOF;LOF;GOF;GOF
wt_site,5,287,SCN5A:p.I1660V,SCN5A,LOF,0.4,0.4869109947643979,0.821505376344086,SCN8A:p.I1327V;SCN1A:p.V1353L;SCN9A:p.V872G;SCN11A:p.V1184A;SCN3A:p.L247P,SCN8A;SCN1A;SCN9A;SCN11A;SCN3A,GOF;LOF;GOF;GOF;LOF
wt_site,5,288,SCN1A:p.G1674R,SCN1A,LOF,0.6,0.5609756097560976,1.0695652173913042,SCN5A:p.G1661R;SCN4A:p.T704M;SCN8A:p.L1331V;SCN5A:p.L839P;SCN5A:p.I1660V,SCN5A;SCN4A;SCN8A;SCN5A;SCN5A,LOF;GOF;GOF;LOF;LOF
wt_site,5,289,SCN5A:p.G1661R,SCN5A,LOF,0.2,0.4869109947643979,0.410752688172043,SCN1A:p.G1674R;SCN4A:p.T704M;SCN8A:p.L1331V;SCN3A:p.I875T;SCN9A:p.V872G,SCN1A;SCN4A;SCN8A;SCN3A;SCN9A,LOF;GOF;GOF;GOF;GOF
wt_site,5,290,SCN5A:p.V1667I,SCN5A,GOF,0.6,0.5130890052356021,1.1693877551020408,SCN9A:p.V872G;SCN1A:p.V1353L;SCN11A:p.V1184A;SCN1A:p.F902C;SCN8A:p.L1331V,SCN9A;SCN1A;SCN11A;SCN1A;SCN8A,GOF;LOF;GOF;LOF;GOF
wt_site,5,291,SCN3A:p.Y1669C,SCN3A,LOF,0.8,0.6190476190476191,1.2923076923076924,SCN5A:p.F851L;SCN5A:p.W1345C;SCN1A:p.F902C;SCN5A:p.Y1449C;SCN5A:p.Y1767C,SCN5A;SCN5A;SCN1A;SCN5A;SCN5A,LOF;LOF;LOF;LOF;GOF
wt_site,5,292,SCN1A:p.A1685D,SCN1A,LOF,0.2,0.5609756097560976,0.3565217391304348,SCN5A:p.S1672Y;SCN2A:p.A263V;SCN5A:p.A1330P;SCN5A:p.A1330T;SCN4A:p.A1156T,SCN5A;SCN2A;SCN5A;SCN5A;SCN4A,LOF;GOF;GOF;GOF;GOF
wt_site,5,293,SCN1A:p.A1685V,SCN1A,LOF,0.2,0.5609756097560976,0.3565217391304348,SCN5A:p.S1672Y;SCN2A:p.A263V;SCN5A:p.A1330P;SCN5A:p.A1330T;SCN4A:p.A1156T,SCN5A;SCN2A;SCN5A;SCN5A;SCN4A,LOF;GOF;GOF;GOF;GOF
wt_site,5,294,SCN5A:p.S1672Y,SCN5A,LOF,0.8,0.4869109947643979,1.643010752688172,SCN1A:p.A1685V;SCN1A:p.A1685D;SCN2A:p.A263V;SCN1A:p.S259R;SCN8A:p.G269R,SCN1A;SCN1A;SCN2A;SCN1A;SCN8A,LOF;LOF;GOF;LOF;LOF
wt_site,5,295,SCN10A:p.D1639N,SCN10A,LOF,0.6,0.6114457831325302,0.9812807881773398,SCN5A:p.D1690N;SCN2A:p.K908E;SCN9A:p.D623N;SCN2A:p.D82G;SCN2A:p.D12N,SCN5A;SCN2A;SCN9A;SCN2A;SCN2A,LOF;GOF;GOF;LOF;LOF
wt_site,5,296,SCN5A:p.D1690N,SCN5A,LOF,0.6,0.4869109947643979,1.232258064516129,SCN10A:p.D1639N;SCN9A:p.D623N;SCN2A:p.D12N;SCN2A:p.D82G;SCN2A:p.K908E,SCN10A;SCN9A;SCN2A;SCN2A;SCN2A,LOF;GOF;LOF;LOF;GOF
wt_site,5,297,SCN1A:p.T1709I,SCN1A,LOF,0.4,0.5609756097560976,0.7130434782608696,SCN10A:p.D1639N;SCN3A:p.T1486I;SCN4A:p.T1313A;SCN4A:p.T1313M;SCN5A:p.N1380K,SCN10A;SCN3A;SCN4A;SCN4A;SCN5A,LOF;GOF;GOF;GOF;LOF
wt_site,5,298,SCN5A:p.T1709M,SCN5A,LOF,0.4,0.4869109947643979,0.821505376344086,SCN2A:p.T1420M;SCN1A:p.T1709I;SCN10A:p.G1662S;SCN8A:p.T767I;SCN2A:p.T773I,SCN2A;SCN1A;SCN10A;SCN8A;SCN2A,LOF;LOF;GOF;GOF;GOF
wt_site,5,299,SCN5A:p.G1712C,SCN5A,LOF,0.4,0.4869109947643979,0.821505376344086,SCN10A:p.G1662S;SCN1A:p.H939Q;SCN8A:p.N374K;SCN1A:p.G1421W;SCN8A:p.G1475R,SCN10A;SCN1A;SCN8A;SCN1A;SCN8A,GOF;LOF;GOF;LOF;GOF
wt_site,5,300,SCN10A:p.G1662S,SCN10A,GOF,0.0,0.3885542168674699,0.0,SCN5A:p.G1712C;SCN5A:p.G1420R;SCN5A:p.G1420V;SCN5A:p.D1714G;SCN1A:p.H939Q,SCN5A;SCN5A;SCN5A;SCN5A;SCN1A,LOF;LOF;LOF;LOF;LOF
wt_site,5,301,SCN5A:p.D1714G,SCN5A,LOF,0.2,0.4869109947643979,0.410752688172043,SCN8A:p.N374K;SCN10A:p.D1639N;SCN10A:p.G1662S;SCN2A:p.K908E;SCN10A:p.R814H,SCN8A;SCN10A;SCN10A;SCN2A;SCN10A,GOF;LOF;GOF;GOF;GOF
wt_site,5,302,SCN5A:p.N1722D,SCN5A,LOF,0.4,0.4869109947643979,0.821505376344086,SCN11A:p.N816K;SCN1A:p.N1011I;SCN2A:p.K908E;SCN9A:p.Q10R;SCN2A:p.D12N,SCN11A;SCN1A;SCN2A;SCN9A;SCN2A,GOF;LOF;GOF;GOF;LOF
wt_site,5,303,SCN5A:p.P1730H,SCN5A,LOF,0.6,0.4869109947643979,1.232258064516129,SCN1A:p.G1749E;SCN10A:p.P1102S;SCN2A:p.D12N;SCN9A:p.Q10R;SCN1A:p.E78D,SCN1A;SCN10A;SCN2A;SCN9A;SCN1A,LOF;GOF;LOF;GOF;LOF
wt_site,5,304,SCN1A:p.G1749E,SCN1A,LOF,0.4,0.5609756097560976,0.7130434782608696,SCN2A:p.D12N;SCN9A:p.Q10R;SCN5A:p.P1730H;SCN5A:p.P2006A;SCN5A:p.R18W,SCN2A;SCN9A;SCN5A;SCN5A;SCN5A,LOF;GOF;LOF;GOF;GOF
wt_site,5,305,SCN5A:p.G1740R,SCN5A,LOF,0.6,0.4869109947643979,1.232258064516129,SCN1A:p.G1749E;SCN2A:p.D12N;SCN9A:p.Q10R;SCN2A:p.D82G;SCN9A:p.D623N,SCN1A;SCN2A;SCN9A;SCN2A;SCN9A,LOF;LOF;GOF;LOF;GOF
wt_site,5,306,SCN5A:p.G1743R,SCN5A,LOF,0.6,0.4869109947643979,1.232258064516129,SCN1A:p.G1749E;SCN2A:p.D12N;SCN9A:p.Q10R;SCN9A:p.D623N;SCN2A:p.D82G,SCN1A;SCN2A;SCN9A;SCN9A;SCN2A,LOF;LOF;GOF;GOF;LOF
wt_site,5,307,SCN5A:p.G1748D,SCN5A,LOF,0.6,0.4869109947643979,1.232258064516129,SCN10A:p.L867F;SCN1A:p.G1421W;SCN8A:p.G1475R;SCN4A:p.G1306E;SCN1A:p.C959R,SCN10A;SCN1A;SCN8A;SCN4A;SCN1A,LOF;LOF;GOF;GOF;LOF
wt_site,5,308,SCN1A:p.F1765L,SCN1A,LOF,0.2,0.5609756097560976,0.3565217391304348,SCN5A:p.Y1449C;SCN4A:p.F1298C;SCN5A:p.F1473S;SCN5A:p.F1473C;SCN2A:p.F1597L,SCN5A;SCN4A;SCN5A;SCN5A;SCN2A,LOF;GOF;GOF;GOF;GOF
wt_site,5,309,SCN10A:p.I1706V,SCN10A,GOF,1.0,0.3885542168674699,2.5736434108527133,SCN11A:p.I381T;SCN5A:p.I1762A;SCN5A:p.I1768V;SCN1A:p.F1774S;SCN5A:p.V1764M,SCN11A;SCN5A;SCN5A;SCN1A;SCN5A,GOF;GOF;GOF;GOF;GOF
wt_site,5,310,SCN1A:p.F1774S,SCN1A,GOF,0.4,0.43902439024390244,0.9111111111111112,SCN5A:p.N927S;SCN10A:p.I1706V;SCN5A:p.Y1767C;SCN5A:p.F851L;SCN5A:p.L928P,SCN5A;SCN10A;SCN5A;SCN5A;SCN5A,LOF;GOF;GOF;LOF;LOF
wt_site,5,311,SCN5A:p.I1762A,SCN5A,GOF,0.8,0.5130890052356021,1.5591836734693878,SCN10A:p.I1706V;SCN1A:p.V983A;SCN3A:p.V1769A;SCN11A:p.I381T;SCN4A:p.I141V,SCN10A;SCN1A;SCN3A;SCN11A;SCN4A,GOF;LOF;GOF;GOF;GOF
wt_site,5,312,SCN5A:p.V1763M,SCN5A,GOF,0.4,0.5130890052356021,0.7795918367346939,SCN1A:p.V983A;SCN10A:p.L388M;SCN8A:p.V1758A;SCN3A:p.V1769A;SCN10A:p.I1706V,SCN1A;SCN10A;SCN8A;SCN3A;SCN10A,LOF;LOF;LOF;GOF;GOF
wt_site,5,313,SCN8A:p.V1758A,SCN8A,LOF,0.2,0.6196319018404908,0.3227722772277228,SCN5A:p.V1764M;SCN3A:p.V1769A;SCN5A:p.V1763M;SCN1A:p.V983A;SCN5A:p.I1768V,SCN5A;SCN3A;SCN5A;SCN1A;SCN5A,GOF;GOF;GOF;LOF;GOF
wt_site,5,314,SCN5A:p.V1764M,SCN5A,GOF,0.6,0.5130890052356021,1.1693877551020408,SCN8A:p.V1758A;SCN3A:p.V1769A;SCN1A:p.V983A;SCN8A:p.M1760I;SCN3A:p.M1765I,SCN8A;SCN3A;SCN1A;SCN8A;SCN3A,LOF;GOF;LOF;GOF;GOF
wt_site,5,315,SCN3A:p.M1765I,SCN3A,GOF,0.8,0.38095238095238093,2.1,SCN8A:p.M1760I;SCN1A:p.L986F;SCN4A:p.L796V;SCN5A:p.Y1767C;SCN5A:p.I1762A,SCN8A;SCN1A;SCN4A;SCN5A;SCN5A,GOF;LOF;GOF;GOF;GOF
wt_site,5,316,SCN8A:p.M1760I,SCN8A,GOF,0.8,0.3803680981595092,2.1032258064516127,SCN3A:p.M1765I;SCN1A:p.L986F;SCN4A:p.L796V;SCN5A:p.Y1767C;SCN3A:p.V1769A,SCN3A;SCN1A;SCN4A;SCN5A;SCN3A,GOF;LOF;GOF;GOF;GOF
wt_site,5,317,SCN5A:p.Y1767C,SCN5A,GOF,0.8,0.5130890052356021,1.5591836734693878,SCN8A:p.M1760I;SCN3A:p.M1765I;SCN1A:p.Y426N;SCN4A:p.F1298C;SCN1A:p.F1774S,SCN8A;SCN3A;SCN1A;SCN4A;SCN1A,GOF;GOF;LOF;GOF;GOF
wt_site,5,318,SCN5A:p.I1768V,SCN5A,GOF,0.8,0.5130890052356021,1.5591836734693878,SCN2A:p.I1473M;SCN3A:p.V1769A;SCN9A:p.I136V;SCN4A:p.I141V;SCN1A:p.V983A,SCN2A;SCN3A;SCN9A;SCN4A;SCN1A,GOF;GOF;GOF;GOF;LOF
wt_site,5,319,SCN2A:p.A1773T,SCN2A,LOF,0.2,0.620253164556962,0.32244897959183677,SCN3A:p.V1769A;SCN4A:p.V445M;SCN9A:p.V400M;SCN5A:p.V411M;SCN5A:p.A735E,SCN3A;SCN4A;SCN9A;SCN5A;SCN5A,GOF;GOF;GOF;GOF;LOF
wt_site,5,320,SCN3A:p.V1769A,SCN3A,GOF,1.0,0.38095238095238093,2.625,SCN4A:p.V1293I;SCN9A:p.V400M;SCN5A:p.V411M;SCN4A:p.V445M;SCN2A:p.V423L,SCN4A;SCN9A;SCN5A;SCN4A;SCN2A,GOF;GOF;GOF;GOF;GOF
wt_site,5,321,SCN5A:p.N1774D,SCN5A,GOF,0.8,0.5130890052356021,1.5591836734693878,SCN8A:p.N1768D;SCN4A:p.N1297S;SCN4A:p.N1297K;SCN1A:p.N985I;SCN11A:p.N816K,SCN8A;SCN4A;SCN4A;SCN1A;SCN11A,GOF;GOF;GOF;LOF;GOF
wt_site,5,322,SCN8A:p.N1768D,SCN8A,GOF,1.0,0.3803680981595092,2.629032258064516,SCN5A:p.N1774D;SCN4A:p.N1297S;SCN4A:p.N1297K;SCN5A:p.S941N;SCN5A:p.N1325S,SCN5A;SCN4A;SCN4A;SCN5A;SCN5A,GOF;GOF;GOF;GOF;GOF
wt_site,5,323,SCN5A:p.S1787N,SCN5A,GOF,1.0,0.5130890052356021,1.9489795918367347,SCN2A:p.R1882Q;SCN2A:p.R1882G;SCN8A:p.R1872W;SCN8A:p.R1872Q;SCN8A:p.R1872L,SCN2A;SCN2A;SCN8A;SCN8A;SCN8A,GOF;GOF;GOF;GOF;GOF
wt_site,5,324,SCN5A:p.Y1795C,SCN5A,GOF,1.0,0.5130890052356021,1.9489795918367347,SCN2A:p.M1879T;SCN2A:p.R1882Q;SCN2A:p.R1882G;SCN8A:p.R1872L;SCN8A:p.R1872W,SCN2A;SCN2A;SCN2A;SCN8A;SCN8A,GOF;GOF;GOF;GOF;GOF
wt_site,5,325,SCN5A:p.Y1795H,SCN5A,LOF,0.0,0.4869109947643979,0.0,SCN2A:p.M1879T;SCN2A:p.R1882Q;SCN2A:p.R1882G;SCN8A:p.R1872L;SCN8A:p.R1872W,SCN2A;SCN2A;SCN2A;SCN8A;SCN8A,GOF;GOF;GOF;GOF;GOF
wt_site,5,326,SCN2A:p.E1803G,SCN2A,GOF,0.6,0.379746835443038,1.5799999999999998,SCN5A:p.E746K;SCN5A:p.Y1795H;SCN5A:p.Y1795C;SCN5A:p.E1295K;SCN8A:p.R1872W,SCN5A;SCN5A;SCN5A;SCN5A;SCN8A,LOF;LOF;GOF;GOF;GOF
wt_site,5,327,SCN4A:p.Q1633E,SCN4A,GOF,0.8,0.3785488958990536,2.1133333333333337,SCN5A:p.Q1832E;SCN2A:p.M1879T;SCN9A:p.Q10R;SCN2A:p.R1882Q;SCN2A:p.R1882G,SCN5A;SCN2A;SCN9A;SCN2A;SCN2A,LOF;GOF;GOF;GOF;GOF
wt_site,5,328,SCN1A:p.F1831S,SCN1A,LOF,0.4,0.5609756097560976,0.7130434782608696,SCN5A:p.L1825P;SCN5A:p.F1486L;SCN2A:p.M1879T;SCN5A:p.V1378M;SCN4A:p.F1298C,SCN5A;SCN5A;SCN2A;SCN5A;SCN4A,LOF;GOF;GOF;LOF;GOF
wt_site,5,329,SCN5A:p.L1825P,SCN5A,LOF,0.2,0.4869109947643979,0.410752688172043,SCN2A:p.M1879T;SCN1A:p.L1624P;SCN1A:p.F1499L;SCN1A:p.I1498M;SCN2A:p.R1882Q,SCN2A;SCN1A;SCN1A;SCN1A;SCN2A,GOF;GOF;GOF;LOF;GOF
wt_site,5,330,SCN5A:p.Q1832E,SCN5A,LOF,0.0,0.4869109947643979,0.0,SCN9A:p.Q10R;SCN2A:p.R1882Q;SCN2A:p.R1882G;SCN8A:p.R1872W;SCN8A:p.R1872Q,SCN9A;SCN2A;SCN2A;SCN8A;SCN8A,GOF;GOF;GOF;GOF;GOF
wt_site,5,331,SCN5A:p.C1850S,SCN5A,LOF,0.0,0.4869109947643979,0.0,SCN2A:p.M1879T;SCN2A:p.R1882Q;SCN2A:p.R1882G;SCN8A:p.R1872W;SCN8A:p.R1872Q,SCN2A;SCN2A;SCN2A;SCN8A;SCN8A,GOF;GOF;GOF;GOF;GOF
wt_site,5,332,SCN1A:p.D1866Y,SCN1A,GOF,0.4,0.43902439024390244,0.9111111111111112,SCN2A:p.D82G;SCN2A:p.D12N;SCN5A:p.D84N;SCN9A:p.D623N;SCN2A:p.R1882G,SCN2A;SCN2A;SCN5A;SCN9A;SCN2A,LOF;LOF;LOF;GOF;GOF
wt_site,5,333,SCN2A:p.M1879T,SCN2A,GOF,0.6,0.379746835443038,1.5799999999999998,SCN8A:p.R1872W;SCN8A:p.R1872Q;SCN8A:p.R1872L;SCN5A:p.R27H;SCN5A:p.R1897W,SCN8A;SCN8A;SCN8A;SCN5A;SCN5A,GOF;GOF;GOF;LOF;LOF
wt_site,5,334,SCN8A:p.R1872L,SCN8A,GOF,0.8,0.3803680981595092,2.1032258064516127,SCN2A:p.R1882Q;SCN2A:p.R1882G;SCN5A:p.R27H;SCN5A:p.R18W;SCN2A:p.M1879T,SCN2A;SCN2A;SCN5A;SCN5A;SCN2A,GOF;GOF;LOF;GOF;GOF
wt_site,5,335,SCN2A:p.R1882G,SCN2A,GOF,0.8,0.379746835443038,2.1066666666666665,SCN8A:p.R1872W;SCN8A:p.R1872Q;SCN8A:p.R1872L;SCN5A:p.R27H;SCN5A:p.R18W,SCN8A;SCN8A;SCN8A;SCN5A;SCN5A,GOF;GOF;GOF;LOF;GOF
wt_site,5,336,SCN2A:p.R1882Q,SCN2A,GOF,0.8,0.379746835443038,2.1066666666666665,SCN8A:p.R1872W;SCN8A:p.R1872Q;SCN8A:p.R1872L;SCN5A:p.R27H;SCN5A:p.R18W,SCN8A;SCN8A;SCN8A;SCN5A;SCN5A,GOF;GOF;GOF;LOF;GOF
wt_site,5,337,SCN8A:p.R1872Q,SCN8A,GOF,0.8,0.3803680981595092,2.1032258064516127,SCN2A:p.R1882Q;SCN2A:p.R1882G;SCN5A:p.R27H;SCN5A:p.R18W;SCN2A:p.M1879T,SCN2A;SCN2A;SCN5A;SCN5A;SCN2A,GOF;GOF;LOF;GOF;GOF
wt_site,5,338,SCN8A:p.R1872W,SCN8A,GOF,0.8,0.3803680981595092,2.1032258064516127,SCN2A:p.R1882Q;SCN2A:p.R1882G;SCN5A:p.R27H;SCN5A:p.R18W;SCN2A:p.M1879T,SCN2A;SCN2A;SCN5A;SCN5A;SCN2A,GOF;GOF;LOF;GOF;GOF
wt_site,5,339,SCN5A:p.R1897W,SCN5A,LOF,0.0,0.4869109947643979,0.0,SCN8A:p.R1872W;SCN8A:p.R1872Q;SCN8A:p.R1872L;SCN2A:p.R1882Q;SCN2A:p.R1882G,SCN8A;SCN8A;SCN8A;SCN2A;SCN2A,GOF;GOF;GOF;GOF;GOF
wt_site,5,340,SCN5A:p.R1898C,SCN5A,LOF,0.0,0.4869109947643979,0.0,SCN8A:p.R1872W;SCN8A:p.R1872Q;SCN8A:p.R1872L;SCN2A:p.R1882Q;SCN2A:p.R1882G,SCN8A;SCN8A;SCN8A;SCN2A;SCN2A,GOF;GOF;GOF;GOF;GOF
wt_site,5,341,SCN1A:p.Q1923R,SCN1A,LOF,0.6,0.5609756097560976,1.0695652173913042,SCN5A:p.R1897W;SCN9A:p.Q10R;SCN5A:p.Q1832E;SCN2A:p.M1879T;SCN5A:p.R1898C,SCN5A;SCN9A;SCN5A;SCN2A;SCN5A,LOF;GOF;LOF;GOF;LOF
wt_site,5,342,SCN1A:p.R1927G,SCN1A,LOF,0.4,0.5609756097560976,0.7130434782608696,SCN5A:p.R1897W;SCN5A:p.R1898C;SCN2A:p.R1882G;SCN2A:p.R1882Q;SCN8A:p.R1872Q,SCN5A;SCN5A;SCN2A;SCN2A;SCN8A,LOF;LOF;GOF;GOF;GOF
wt_site,5,343,SCN1A:p.T1934I,SCN1A,LOF,0.2,0.5609756097560976,0.3565217391304348,SCN8A:p.R1872W;SCN8A:p.R1872Q;SCN8A:p.R1872L;SCN5A:p.R18W;SCN5A:p.R27H,SCN8A;SCN8A;SCN8A;SCN5A;SCN5A,GOF;GOF;GOF;GOF;LOF
wt_site,5,344,SCN10A:p.A1886V,SCN10A,GOF,0.4,0.3885542168674699,1.0294573643410854,SCN5A:p.A551T;SCN5A:p.P2006A;SCN5A:p.N592K;SCN5A:p.R458C;SCN2A:p.D12N,SCN5A;SCN5A;SCN5A;SCN5A;SCN2A,LOF;GOF;LOF;GOF;LOF
wt_site,5,345,SCN5A:p.I1968S,SCN5A,LOF,0.2,0.4869109947643979,0.410752688172043,SCN9A:p.Q10R;SCN10A:p.L554P;SCN2A:p.D12N;SCN9A:p.D623N;SCN10A:p.A1886V,SCN9A;SCN10A;SCN2A;SCN9A;SCN10A,GOF;GOF;LOF;GOF;GOF
wt_site,5,346,SCN5A:p.F2004L,SCN5A,LOF,0.2,0.4869109947643979,0.410752688172043,SCN10A:p.L554P;SCN9A:p.Q10R;SCN10A:p.A1886V;SCN2A:p.D12N;SCN9A:p.D623N,SCN10A;SCN9A;SCN10A;SCN2A;SCN9A,GOF;GOF;GOF;LOF;GOF
wt_site,5,347,SCN5A:p.P2006A,SCN5A,GOF,0.8,0.5130890052356021,1.5591836734693878,SCN9A:p.Q10R;SCN2A:p.D12N;SCN10A:p.A1886V;SCN9A:p.D623N;SCN10A:p.L554P,SCN9A;SCN2A;SCN10A;SCN9A;SCN10A,GOF;LOF;GOF;GOF;GOF
delta_site,1,0,SCN9A:p.Q10R,SCN9A,GOF,1.0,0.3768545994065282,2.653543307086614,SCN5A:p.Q1476R,SCN5A,GOF
delta_site,1,1,SCN2A:p.D12N,SCN2A,LOF,1.0,0.620253164556962,1.6122448979591837,SCN5A:p.D84N,SCN5A,LOF
delta_site,1,2,SCN5A:p.R18W,SCN5A,GOF,1.0,0.5130890052356021,1.9489795918367347,SCN8A:p.R1872W,SCN8A,GOF
delta_site,1,3,SCN5A:p.R27H,SCN5A,LOF,0.0,0.4869109947643979,0.0,SCN10A:p.R814H,SCN10A,GOF
delta_site,1,4,SCN1A:p.E78D,SCN1A,LOF,0.0,0.5609756097560976,0.0,SCN5A:p.E1295K,SCN5A,GOF
delta_site,1,5,SCN5A:p.D84N,SCN5A,LOF,1.0,0.4869109947643979,2.053763440860215,SCN2A:p.D12N,SCN2A,LOF
delta_site,1,6,SCN2A:p.D82G,SCN2A,LOF,1.0,0.620253164556962,1.6122448979591837,SCN5A:p.D1714G,SCN5A,LOF
delta_site,1,7,SCN5A:p.F93S,SCN5A,LOF,0.0,0.4869109947643979,0.0,SCN4A:p.F1473S,SCN4A,GOF
delta_site,1,8,SCN10A:p.V94G,SCN10A,LOF,0.0,0.6114457831325302,0.0,SCN9A:p.V872G,SCN9A,GOF
delta_site,1,9,SCN4A:p.R104H,SCN4A,LOF,1.0,0.6214511041009464,1.6091370558375635,SCN5A:p.R282H,SCN5A,LOF
delta_site,1,10,SCN5A:p.R104Q,SCN5A,LOF,1.0,0.4869109947643979,2.053763440860215,SCN1A:p.R1525Q,SCN1A,LOF
delta_site,1,11,SCN5A:p.R104W,SCN5A,LOF,1.0,0.4869109947643979,2.053763440860215,SCN4A:p.R104H,SCN4A,LOF
delta_site,1,12,SCN5A:p.R121W,SCN5A,LOF,1.0,0.4869109947643979,2.053763440860215,SCN8A:p.R1638C,SCN8A,LOF
delta_site,1,13,SCN5A:p.A124D,SCN5A,LOF,0.0,0.4869109947643979,0.0,SCN8A:p.A1622D,SCN8A,GOF
delta_site,1,14,SCN5A:p.V125L,SCN5A,GOF,0.0,0.5130890052356021,0.0,SCN1A:p.V1353L,SCN1A,LOF
delta_site,1,15,SCN5A:p.K126E,SCN5A,LOF,0.0,0.4869109947643979,0.0,SCN2A:p.K908E,SCN2A,GOF
delta_site,1,16,SCN5A:p.L136P,SCN5A,LOF,0.0,0.4869109947643979,0.0,SCN11A:p.L1158P,SCN11A,GOF
delta_site,1,17,SCN8A:p.M139I,SCN8A,GOF,1.0,0.3803680981595092,2.629032258064516,SCN3A:p.M1765I,SCN3A,GOF
delta_site,1,18,SCN4A:p.I141V,SCN4A,GOF,1.0,0.3785488958990536,2.6416666666666666,SCN9A:p.I136V,SCN9A,GOF
delta_site,1,19,SCN9A:p.I136V,SCN9A,GOF,1.0,0.3768545994065282,2.653543307086614,SCN4A:p.I141V,SCN4A,GOF
delta_site,1,20,SCN1A:p.M145T,SCN1A,LOF,0.0,0.5609756097560976,0.0,SCN2A:p.M1879T,SCN2A,GOF
delta_site,1,21,SCN5A:p.E161K,SCN5A,LOF,1.0,0.4869109947643979,2.053763440860215,SCN1A:p.E788K,SCN1A,LOF
delta_site,1,22,SCN10A:p.Y158D,SCN10A,GOF,0.0,0.3885542168674699,0.0,SCN1A:p.Y790C,SCN1A,LOF
delta_site,1,23,SCN5A:p.K175N,SCN5A,LOF,0.0,0.4869109947643979,0.0,SCN4A:p.I1310N,SCN4A,GOF
delta_site,1,24,SCN5A:p.A178G,SCN5A,LOF,0.0,0.4869109947643979,0.0,SCN2A:p.R1882G,SCN2A,GOF
delta_site,1,25,SCN1A:p.G177A,SCN1A,LOF,1.0,0.5609756097560976,1.7826086956521738,SCN5A:p.G1262S,SCN5A,LOF
delta_site,1,26,SCN1A:p.G177E,SCN1A,LOF,1.0,0.5609756097560976,1.7826086956521738,SCN5A:p.G1642E,SCN5A,LOF
delta_site,1,27,SCN5A:p.T187I,SCN5A,LOF,1.0,0.4869109947643979,2.053763440860215,SCN1A:p.T1709I,SCN1A,LOF
delta_site,1,28,SCN4A:p.M203K,SCN4A,LOF,1.0,0.6214511041009464,1.6091370558375635,SCN5A:p.M369K,SCN5A,LOF
delta_site,1,29,SCN2A:p.V208E,SCN2A,GOF,0.0,0.379746835443038,0.0,SCN4A:p.V1442E,SCN4A,LOF
delta_site,1,30,SCN9A:p.S211P,SCN9A,GOF,1.0,0.3768545994065282,2.653543307086614,SCN5A:p.S1787N,SCN5A,GOF
delta_site,1,31,SCN11A:p.R222H,SCN11A,GOF,0.0,0.38596491228070173,0.0,SCN1A:p.R859H,SCN1A,LOF
delta_site,1,32,SCN9A:p.F216S,SCN9A,GOF,0.0,0.3768545994065282,0.0,SCN1A:p.F1831S,SCN1A,LOF
delta_site,1,33,SCN8A:p.R223G,SCN8A,LOF,1.0,0.6196319018404908,1.613861386138614,SCN4A:p.R672G,SCN4A,LOF
delta_site,1,34,SCN5A:p.V223L,SCN5A,LOF,0.0,0.4869109947643979,0.0,SCN2A:p.V423L,SCN2A,GOF
delta_site,1,35,SCN4A:p.R225W,SCN4A,LOF,1.0,0.6214511041009464,1.6091370558375635,SCN5A:p.R225W,SCN5A,LOF
delta_site,1,36,SCN5A:p.R225W,SCN5A,LOF,1.0,0.4869109947643979,2.053763440860215,SCN4A:p.R225W,SCN4A,LOF
delta_site,1,37,SCN5A:p.R225P,SCN5A,GOF,0.0,0.5130890052356021,0.0,SCN4A:p.R225W,SCN4A,LOF
delta_site,1,38,SCN5A:p.A226V,SCN5A,LOF,0.0,0.4869109947643979,0.0,SCN8A:p.A1491V,SCN8A,GOF
delta_site,1,39,SCN1A:p.I227S,SCN1A,LOF,0.0,0.5609756097560976,0.0,SCN9A:p.I234T,SCN9A,GOF
delta_site,1,40,SCN9A:p.I228M,SCN9A,GOF,0.0,0.3768545994065282,0.0,SCN1A:p.I1498M,SCN1A,LOF
delta_site,1,41,SCN2A:p.T236S,SCN2A,GOF,0.0,0.379746835443038,0.0,SCN5A:p.T1461S,SCN5A,LOF
delta_site,1,42,SCN9A:p.I234T,SCN9A,GOF,1.0,0.3768545994065282,2.653543307086614,SCN3A:p.I875T,SCN3A,GOF
delta_site,1,43,SCN9A:p.S241T,SCN9A,GOF,1.0,0.3768545994065282,2.653543307086614,SCN10A:p.S242T,SCN10A,GOF
delta_site,1,44,SCN10A:p.S242T,SCN10A,GOF,1.0,0.3885542168674699,2.5736434108527133,SCN9A:p.S241T,SCN9A,GOF
delta_site,1,45,SCN3A:p.L247P,SCN3A,LOF,1.0,0.6190476190476191,1.6153846153846154,SCN5A:p.L839P,SCN5A,LOF
delta_site,1,46,SCN1A:p.D249E,SCN1A,LOF,1.0,0.5609756097560976,1.7826086956521738,SCN5A:p.D356N,SCN5A,LOF
delta_site,1,47,SCN1A:p.S259R,SCN1A,LOF,0.0,0.5609756097560976,0.0,SCN10A:p.S242T,SCN10A,GOF
delta_site,1,48,SCN2A:p.A263V,SCN2A,GOF,0.0,0.379746835443038,0.0,SCN1A:p.A1685V,SCN1A,LOF
delta_site,1,49,SCN1A:p.L263V,SCN1A,GOF,1.0,0.43902439024390244,2.2777777777777777,SCN8A:p.L1331V,SCN8A,GOF
delta_site,1,50,SCN8A:p.G269R,SCN8A,LOF,1.0,0.6196319018404908,1.613861386138614,SCN5A:p.G1420R,SCN5A,LOF
delta_site,1,51,SCN5A:p.L276Q,SCN5A,LOF,1.0,0.4869109947643979,2.053763440860215,SCN10A:p.L388M,SCN10A,LOF
delta_site,1,52,SCN5A:p.R282H,SCN5A,LOF,0.0,0.4869109947643979,0.0,SCN10A:p.R814H,SCN10A,GOF
delta_site,1,53,SCN5A:p.R282C,SCN5A,LOF,1.0,0.4869109947643979,2.053763440860215,SCN8A:p.R1638C,SCN8A,LOF
delta_site,1,54,SCN1A:p.T297I,SCN1A,LOF,1.0,0.5609756097560976,1.7826086956521738,SCN5A:p.T353I,SCN5A,LOF
delta_site,1,55,SCN5A:p.L325R,SCN5A,LOF,1.0,0.4869109947643979,2.053763440860215,SCN1A:p.L986F,SCN1A,LOF
delta_site,1,56,SCN5A:p.C335R,SCN5A,LOF,1.0,0.4869109947643979,2.053763440860215,SCN2A:p.C1386R,SCN2A,LOF
delta_site,1,57,SCN5A:p.P336L,SCN5A,LOF,0.0,0.4869109947643979,0.0,SCN4A:p.P1158L,SCN4A,GOF
delta_site,1,58,SCN3A:p.K354Q,SCN3A,GOF,1.0,0.38095238095238093,2.625,SCN8A:p.R1872Q,SCN8A,GOF
delta_site,1,59,SCN4A:p.P382T,SCN4A,LOF,1.0,0.6214511041009464,1.6091370558375635,SCN2A:p.A1773T,SCN2A,LOF
delta_site,1,60,SCN5A:p.D349N,SCN5A,LOF,1.0,0.4869109947643979,2.053763440860215,SCN10A:p.D1639N,SCN10A,LOF
delta_site,1,61,SCN5A:p.T353I,SCN5A,LOF,1.0,0.4869109947643979,2.053763440860215,SCN1A:p.T1709I,SCN1A,LOF
delta_site,1,62,SCN5A:p.D356N,SCN5A,LOF,1.0,0.4869109947643979,2.053763440860215,SCN2A:p.D12N,SCN2A,LOF
delta_site,1,63,SCN5A:p.R367C,SCN5A,LOF,1.0,0.4869109947643979,2.053763440860215,SCN2A:p.R937C,SCN2A,LOF
delta_site,1,64,SCN2A:p.R379H,SCN2A,LOF,1.0,0.620253164556962,1.6122448979591837,SCN5A:p.R367H,SCN5A,LOF
delta_site,1,65,SCN5A:p.R367H,SCN5A,LOF,1.0,0.4869109947643979,2.053763440860215,SCN2A:p.R379H,SCN2A,LOF
delta_site,1,66,SCN5A:p.R367L,SCN5A,LOF,1.0,0.4869109947643979,2.053763440860215,SCN2A:p.R379H,SCN2A,LOF
delta_site,1,67,SCN5A:p.M369K,SCN5A,LOF,1.0,0.4869109947643979,2.053763440860215,SCN4A:p.M203K,SCN4A,LOF
delta_site,1,68,SCN5A:p.W374G,SCN5A,LOF,1.0,0.4869109947643979,2.053763440860215,SCN1A:p.R1927G,SCN1A,LOF
delta_site,1,69,SCN5A:p.R376H,SCN5A,LOF,0.0,0.4869109947643979,0.0,SCN10A:p.R814H,SCN10A,GOF
delta_site,1,70,SCN8A:p.N374K,SCN8A,GOF,1.0,0.3803680981595092,2.629032258064516,SCN4A:p.N1297K,SCN4A,GOF
delta_site,1,71,SCN1A:p.R393H,SCN1A,LOF,1.0,0.5609756097560976,1.7826086956521738,SCN5A:p.R27H,SCN5A,LOF
delta_site,1,72,SCN5A:p.G386R,SCN5A,LOF,0.0,0.4869109947643979,0.0,SCN8A:p.G1475R,SCN8A,GOF
delta_site,1,73,SCN11A:p.I381T,SCN11A,GOF,1.0,0.38596491228070173,2.5909090909090913,SCN3A:p.I875T,SCN3A,GOF
delta_site,1,74,SCN5A:p.V396L,SCN5A,LOF,1.0,0.4869109947643979,2.053763440860215,SCN1A:p.V1353L,SCN1A,LOF
delta_site,1,75,SCN10A:p.L388M,SCN10A,LOF,1.0,0.6114457831325302,1.6354679802955663,SCN5A:p.L136P,SCN5A,LOF
delta_site,1,76,SCN4A:p.N440K,SCN4A,GOF,1.0,0.3785488958990536,2.6416666666666666,SCN9A:p.N395K,SCN9A,GOF
delta_site,1,77,SCN9A:p.N395K,SCN9A,GOF,1.0,0.3768545994065282,2.653543307086614,SCN4A:p.N440K,SCN4A,GOF
delta_site,1,78,SCN5A:p.N406S,SCN5A,LOF,0.0,0.4869109947643979,0.0,SCN4A:p.N1366S,SCN4A,GOF
delta_site,1,79,SCN2A:p.V423L,SCN2A,GOF,1.0,0.379746835443038,2.6333333333333333,SCN9A:p.V400M,SCN9A,GOF
delta_site,1,80,SCN4A:p.V445M,SCN4A,GOF,1.0,0.3785488958990536,2.6416666666666666,SCN5A:p.V411M,SCN5A,GOF
delta_site,1,81,SCN5A:p.V411M,SCN5A,GOF,1.0,0.5130890052356021,1.9489795918367347,SCN9A:p.V400M,SCN9A,GOF
delta_site,1,82,SCN9A:p.V400M,SCN9A,GOF,1.0,0.3768545994065282,2.653543307086614,SCN5A:p.V411M,SCN5A,GOF
delta_site,1,83,SCN1A:p.Y426N,SCN1A,LOF,1.0,0.5609756097560976,1.7826086956521738,SCN5A:p.D1430N,SCN5A,LOF
delta_site,1,84,SCN5A:p.R458C,SCN5A,GOF,0.0,0.5130890052356021,0.0,SCN8A:p.R1638C,SCN8A,LOF
delta_site,1,85,SCN5A:p.A551T,SCN5A,LOF,0.0,0.4869109947643979,0.0,SCN10A:p.A1304T,SCN10A,GOF
delta_site,1,86,SCN5A:p.L567Q,SCN5A,LOF,0.0,0.4869109947643979,0.0,SCN10A:p.L554P,SCN10A,GOF
delta_site,1,87,SCN5A:p.R569W,SCN5A,GOF,1.0,0.5130890052356021,1.9489795918367347,SCN8A:p.R1872W,SCN8A,GOF
delta_site,1,88,SCN10A:p.L554P,SCN10A,GOF,1.0,0.3885542168674699,2.5736434108527133,SCN1A:p.L1624P,SCN1A,GOF
delta_site,1,89,SCN5A:p.N592K,SCN5A,LOF,0.0,0.4869109947643979,0.0,SCN11A:p.N816K,SCN11A,GOF
delta_site,1,90,SCN9A:p.D623N,SCN9A,GOF,0.0,0.3768545994065282,0.0,SCN2A:p.D12N,SCN2A,LOF
delta_site,1,91,SCN5A:p.L619F,SCN5A,GOF,0.0,0.5130890052356021,0.0,SCN10A:p.L867F,SCN10A,LOF
delta_site,1,92,SCN5A:p.R689H,SCN5A,LOF,0.0,0.4869109947643979,0.0,SCN10A:p.R814H,SCN10A,GOF
delta_site,1,93,SCN2A:p.T773I,SCN2A,GOF,1.0,0.379746835443038,2.6333333333333333,SCN8A:p.T767I,SCN8A,GOF
delta_site,1,94,SCN8A:p.T767I,SCN8A,GOF,1.0,0.3803680981595092,2.629032258064516,SCN2A:p.T773I,SCN2A,GOF
delta_site,1,95,SCN5A:p.M734V,SCN5A,LOF,0.0,0.4869109947643979,0.0,SCN1A:p.M1500V,SCN1A,GOF
delta_site,1,96,SCN5A:p.A735E,SCN5A,LOF,1.0,0.4869109947643979,2.053763440860215,SCN1A:p.A1685D,SCN1A,LOF
delta_site,1,97,SCN5A:p.A735T,SCN5A,LOF,1.0,0.4869109947643979,2.053763440860215,SCN2A:p.A1773T,SCN2A,LOF
delta_site,1,98,SCN5A:p.A735V,SCN5A,LOF,1.0,0.4869109947643979,2.053763440860215,SCN1A:p.A1685V,SCN1A,LOF
delta_site,1,99,SCN1A:p.E788K,SCN1A,LOF,1.0,0.5609756097560976,1.7826086956521738,SCN5A:p.E1225K,SCN5A,LOF
delta_site,1,100,SCN1A:p.Y790C,SCN1A,LOF,1.0,0.5609756097560976,1.7826086956521738,SCN3A:p.Y1669C,SCN3A,LOF
delta_site,1,101,SCN5A:p.E746K,SCN5A,LOF,1.0,0.4869109947643979,2.053763440860215,SCN1A:p.E788K,SCN1A,LOF
delta_site,1,102,SCN5A:p.G752R,SCN5A,LOF,1.0,0.4869109947643979,2.053763440860215,SCN8A:p.G964R,SCN8A,LOF
delta_site,1,103,SCN5A:p.D785N,SCN5A,LOF,1.0,0.4869109947643979,2.053763440860215,SCN10A:p.D1639N,SCN10A,LOF
delta_site,1,104,SCN8A:p.G822R,SCN8A,LOF,1.0,0.6196319018404908,1.613861386138614,SCN1A:p.G1421W,SCN1A,LOF
delta_site,1,105,SCN10A:p.R756W,SCN10A,LOF,1.0,0.6114457831325302,1.6354679802955663,SCN1A:p.R859C,SCN1A,LOF
delta_site,1,106,SCN1A:p.R859H,SCN1A,LOF,1.0,0.5609756097560976,1.7826086956521738,SCN4A:p.R669H,SCN4A,LOF
delta_site,1,107,SCN4A:p.R669H,SCN4A,LOF,1.0,0.6214511041009464,1.6091370558375635,SCN1A:p.R859H,SCN1A,LOF
delta_site,1,108,SCN1A:p.R859C,SCN1A,LOF,1.0,0.5609756097560976,1.7826086956521738,SCN5A:p.R808C,SCN5A,LOF
delta_site,1,109,SCN5A:p.R808C,SCN5A,LOF,1.0,0.4869109947643979,2.053763440860215,SCN1A:p.R859C,SCN1A,LOF
delta_site,1,110,SCN4A:p.R672G,SCN4A,LOF,1.0,0.6214511041009464,1.6091370558375635,SCN8A:p.R223G,SCN8A,LOF
delta_site,1,111,SCN4A:p.R672H,SCN4A,LOF,1.0,0.6214511041009464,1.6091370558375635,SCN5A:p.R811H,SCN5A,LOF
delta_site,1,112,SCN5A:p.R811H,SCN5A,LOF,1.0,0.4869109947643979,2.053763440860215,SCN4A:p.R672H,SCN4A,LOF
delta_site,1,113,SCN3A:p.L855P,SCN3A,GOF,0.0,0.38095238095238093,0.0,SCN5A:p.L812Q,SCN5A,LOF
delta_site,1,114,SCN5A:p.L812Q,SCN5A,LOF,0.0,0.4869109947643979,0.0,SCN3A:p.L855P,SCN3A,GOF
delta_site,1,115,SCN1A:p.R865G,SCN1A,GOF,0.0,0.43902439024390244,0.0,SCN4A:p.R672G,SCN4A,LOF
delta_site,1,116,SCN5A:p.K817E,SCN5A,LOF,0.0,0.4869109947643979,0.0,SCN3A:p.K354Q,SCN3A,GOF
delta_site,1,117,SCN1A:p.T875M,SCN1A,LOF,1.0,0.5609756097560976,1.7826086956521738,SCN5A:p.T1620M,SCN5A,LOF
delta_site,1,118,SCN3A:p.I875T,SCN3A,GOF,1.0,0.38095238095238093,2.625,SCN11A:p.I381T,SCN11A,GOF
delta_site,1,119,SCN11A:p.G699R,SCN11A,GOF,1.0,0.38596491228070173,2.5909090909090913,SCN8A:p.G1475R,SCN8A,GOF
delta_site,1,120,SCN5A:p.L839P,SCN5A,LOF,1.0,0.4869109947643979,2.053763440860215,SCN3A:p.L247P,SCN3A,LOF
delta_site,1,121,SCN4A:p.T704M,SCN4A,GOF,0.0,0.3785488958990536,0.0,SCN5A:p.T1620M,SCN5A,LOF
delta_site,1,122,SCN1A:p.F902C,SCN1A,LOF,0.0,0.5609756097560976,0.0,SCN3A:p.F1646C,SCN3A,GOF
delta_site,1,123,SCN5A:p.F851L,SCN5A,LOF,1.0,0.4869109947643979,2.053763440860215,SCN1A:p.F1765L,SCN1A,LOF
delta_site,1,124,SCN9A:p.V872G,SCN9A,GOF,0.0,0.3768545994065282,0.0,SCN10A:p.V94G,SCN10A,LOF
delta_site,1,125,SCN2A:p.G899S,SCN2A,LOF,1.0,0.620253164556962,1.6122448979591837,SCN5A:p.G1262S,SCN5A,LOF
delta_site,1,126,SCN1A:p.M909K,SCN1A,LOF,1.0,0.5609756097560976,1.7826086956521738,SCN5A:p.M369K,SCN5A,LOF
delta_site,1,127,SCN10A:p.R814H,SCN10A,GOF,0.0,0.3885542168674699,0.0,SCN5A:p.R282H,SCN5A,LOF
delta_site,1,128,SCN2A:p.K908E,SCN2A,GOF,0.0,0.379746835443038,0.0,SCN5A:p.K126E,SCN5A,LOF
delta_site,1,129,SCN5A:p.W879R,SCN5A,LOF,1.0,0.4869109947643979,2.053763440860215,SCN1A:p.Q1923R,SCN1A,LOF
delta_site,1,130,SCN1A:p.H939Q,SCN1A,LOF,1.0,0.5609756097560976,1.7826086956521738,SCN5A:p.R104Q,SCN5A,LOF
delta_site,1,131,SCN5A:p.I890T,SCN5A,LOF,0.0,0.4869109947643979,0.0,SCN2A:p.I1571T,SCN2A,GOF
delta_site,1,132,SCN5A:p.F892I,SCN5A,LOF,1.0,0.4869109947643979,2.053763440860215,SCN1A:p.F1765L,SCN1A,LOF
delta_site,1,133,SCN1A:p.R946C,SCN1A,LOF,1.0,0.5609756097560976,1.7826086956521738,SCN2A:p.R937C,SCN2A,LOF
delta_site,1,134,SCN2A:p.R937C,SCN2A,LOF,1.0,0.620253164556962,1.6122448979591837,SCN1A:p.R946C,SCN1A,LOF
delta_site,1,135,SCN1A:p.R946H,SCN1A,LOF,1.0,0.5609756097560976,1.7826086956521738,SCN2A:p.R937H,SCN2A,LOF
delta_site,1,136,SCN2A:p.R937H,SCN2A,LOF,1.0,0.620253164556962,1.6122448979591837,SCN1A:p.R946H,SCN1A,LOF
delta_site,1,137,SCN5A:p.E901K,SCN5A,LOF,1.0,0.4869109947643979,2.053763440860215,SCN1A:p.E788K,SCN1A,LOF
delta_site,1,138,SCN1A:p.M956T,SCN1A,LOF,0.0,0.5609756097560976,0.0,SCN2A:p.M1879T,SCN2A,GOF
delta_site,1,139,SCN1A:p.C959R,SCN1A,LOF,1.0,0.5609756097560976,1.7826086956521738,SCN5A:p.C1850S,SCN5A,LOF
delta_site,1,140,SCN5A:p.S910L,SCN5A,LOF,1.0,0.4869109947643979,2.053763440860215,SCN1A:p.S259R,SCN1A,LOF
delta_site,1,141,SCN10A:p.L867F,SCN10A,LOF,0.0,0.6114457831325302,0.0,SCN5A:p.L619F,SCN5A,GOF
delta_site,1,142,SCN1A:p.G979R,SCN1A,LOF,1.0,0.5609756097560976,1.7826086956521738,SCN8A:p.G964R,SCN8A,LOF
delta_site,1,143,SCN8A:p.G964R,SCN8A,LOF,1.0,0.6196319018404908,1.613861386138614,SCN1A:p.G979R,SCN1A,LOF
delta_site,1,144,SCN5A:p.N927S,SCN5A,LOF,0.0,0.4869109947643979,0.0,SCN4A:p.N1297S,SCN4A,GOF
delta_site,1,145,SCN5A:p.L928P,SCN5A,LOF,0.0,0.4869109947643979,0.0,SCN11A:p.L1158P,SCN11A,GOF
delta_site,1,146,SCN1A:p.V983A,SCN1A,LOF,0.0,0.5609756097560976,0.0,SCN3A:p.V1769A,SCN3A,GOF
delta_site,1,147,SCN1A:p.N985I,SCN1A,LOF,0.0,0.5609756097560976,0.0,SCN4A:p.N440K,SCN4A,GOF
delta_site,1,148,SCN1A:p.L986F,SCN1A,LOF,1.0,0.5609756097560976,1.7826086956521738,SCN2A:p.L1330F,SCN2A,LOF
delta_site,1,149,SCN4A:p.L796V,SCN4A,GOF,1.0,0.3785488958990536,2.6416666666666666,SCN8A:p.L1331V,SCN8A,GOF
delta_site,1,150,SCN5A:p.S941N,SCN5A,GOF,0.0,0.5130890052356021,0.0,SCN10A:p.D1639N,SCN10A,LOF
delta_site,1,151,SCN11A:p.N816K,SCN11A,GOF,0.0,0.38596491228070173,0.0,SCN5A:p.N592K,SCN5A,LOF
delta_site,1,152,SCN2A:p.E999K,SCN2A,GOF,1.0,0.379746835443038,2.6333333333333333,SCN5A:p.E1295K,SCN5A,GOF
delta_site,1,153,SCN1A:p.N1011I,SCN1A,LOF,1.0,0.5609756097560976,1.7826086956521738,SCN5A:p.N1722D,SCN5A,LOF
delta_site,1,154,SCN5A:p.R965C,SCN5A,LOF,1.0,0.4869109947643979,2.053763440860215,SCN8A:p.R1638C,SCN8A,LOF
delta_site,1,155,SCN5A:p.R1023H,SCN5A,LOF,0.0,0.4869109947643979,0.0,SCN10A:p.R814H,SCN10A,GOF
delta_site,1,156,SCN10A:p.P1102S,SCN10A,GOF,0.0,0.3885542168674699,0.0,SCN5A:p.P1506S,SCN5A,LOF
delta_site,1,157,SCN5A:p.S1103Y,SCN5A,GOF,1.0,0.5130890052356021,1.9489795918367347,SCN2A:p.S1336Y,SCN2A,GOF
delta_site,1,158,SCN5A:p.P1177L,SCN5A,GOF,1.0,0.5130890052356021,1.9489795918367347,SCN3A:p.P1333L,SCN3A,GOF
delta_site,1,159,SCN5A:p.R1193Q,SCN5A,LOF,0.0,0.4869109947643979,0.0,SCN8A:p.R1872Q,SCN8A,GOF
delta_site,1,160,SCN5A:p.S1218I,SCN5A,LOF,0.0,0.4869109947643979,0.0,SCN2A:p.S1336Y,SCN2A,GOF
delta_site,1,161,SCN5A:p.E1225K,SCN5A,LOF,1.0,0.4869109947643979,2.053763440860215,SCN1A:p.E788K,SCN1A,LOF
delta_site,1,162,SCN5A:p.R1232W,SCN5A,LOF,1.0,0.4869109947643979,2.053763440860215,SCN1A:p.R1657C,SCN1A,LOF
delta_site,1,163,SCN1A:p.M1267I,SCN1A,LOF,0.0,0.5609756097560976,0.0,SCN8A:p.M1760I,SCN8A,GOF
delta_site,1,164,SCN5A:p.G1262S,SCN5A,LOF,1.0,0.4869109947643979,2.053763440860215,SCN2A:p.G899S,SCN2A,LOF
delta_site,1,165,SCN5A:p.A1294G,SCN5A,LOF,0.0,0.4869109947643979,0.0,SCN2A:p.R1882G,SCN2A,GOF
delta_site,1,166,SCN5A:p.E1295K,SCN5A,GOF,1.0,0.5130890052356021,1.9489795918367347,SCN2A:p.E999K,SCN2A,GOF
delta_site,1,167,SCN5A:p.T1304M,SCN5A,GOF,0.0,0.5130890052356021,0.0,SCN2A:p.T1420M,SCN2A,LOF
delta_site,1,168,SCN2A:p.R1312T,SCN2A,LOF,1.0,0.620253164556962,1.6122448979591837,SCN4A:p.R669H,SCN4A,LOF
delta_site,1,169,SCN11A:p.L1158P,SCN11A,GOF,0.0,0.38596491228070173,0.0,SCN5A:p.L839P,SCN5A,LOF
delta_site,1,170,SCN2A:p.R1319Q,SCN2A,LOF,1.0,0.620253164556962,1.6122448979591837,SCN5A:p.R104Q,SCN5A,LOF
delta_site,1,171,SCN5A:p.G1319V,SCN5A,LOF,1.0,0.4869109947643979,2.053763440860215,SCN1A:p.A1685V,SCN1A,LOF
delta_site,1,172,SCN5A:p.N1325S,SCN5A,GOF,1.0,0.5130890052356021,1.9489795918367347,SCN4A:p.N1297S,SCN4A,GOF
delta_site,1,173,SCN2A:p.L1330F,SCN2A,LOF,1.0,0.620253164556962,1.6122448979591837,SCN1A:p.L986F,SCN1A,LOF
delta_site,1,174,SCN5A:p.V1328M,SCN5A,GOF,0.0,0.5130890052356021,0.0,SCN8A:p.V1758A,SCN8A,LOF
delta_site,1,175,SCN5A:p.A1330P,SCN5A,GOF,0.0,0.5130890052356021,0.0,SCN1A:p.A1685D,SCN1A,LOF
delta_site,1,176,SCN4A:p.A1156T,SCN4A,GOF,1.0,0.3785488958990536,2.6416666666666666,SCN5A:p.A1330T,SCN5A,GOF
delta_site,1,177,SCN5A:p.A1330T,SCN5A,GOF,1.0,0.5130890052356021,1.9489795918367347,SCN4A:p.A1156T,SCN4A,GOF
delta_site,1,178,SCN3A:p.P1333L,SCN3A,GOF,1.0,0.38095238095238093,2.625,SCN4A:p.P1158L,SCN4A,GOF
delta_site,1,179,SCN4A:p.P1158L,SCN4A,GOF,1.0,0.3785488958990536,2.6416666666666666,SCN3A:p.P1333L,SCN3A,GOF
delta_site,1,180,SCN5A:p.P1332L,SCN5A,GOF,1.0,0.5130890052356021,1.9489795918367347,SCN3A:p.P1333L,SCN3A,GOF
delta_site,1,181,SCN5A:p.S1333Y,SCN5A,GOF,1.0,0.5130890052356021,1.9489795918367347,SCN2A:p.S1336Y,SCN2A,GOF
delta_site,1,182,SCN2A:p.S1336Y,SCN2A,GOF,1.0,0.379746835443038,2.6333333333333333,SCN5A:p.S1333Y,SCN5A,GOF
delta_site,1,183,SCN8A:p.I1327V,SCN8A,GOF,0.0,0.3803680981595092,0.0,SCN5A:p.I1660V,SCN5A,LOF
delta_site,1,184,SCN2A:p.N1339D,SCN2A,GOF,0.0,0.379746835443038,0.0,SCN5A:p.N1722D,SCN5A,LOF
delta_site,1,185,SCN8A:p.L1331V,SCN8A,GOF,1.0,0.3803680981595092,2.629032258064516,SCN4A:p.L796V,SCN4A,GOF
delta_site,1,186,SCN11A:p.V1184A,SCN11A,GOF,1.0,0.38596491228070173,2.5909090909090913,SCN3A:p.V1769A,SCN3A,GOF
delta_site,1,187,SCN5A:p.V1340I,SCN5A,LOF,0.0,0.4869109947643979,0.0,SCN4A:p.V1293I,SCN4A,GOF
delta_site,1,188,SCN1A:p.V1353L,SCN1A,LOF,1.0,0.5609756097560976,1.7826086956521738,SCN5A:p.V1405L,SCN5A,LOF
delta_site,1,189,SCN5A:p.F1344S,SCN5A,LOF,0.0,0.4869109947643979,0.0,SCN1A:p.F1774S,SCN1A,GOF
delta_site,1,190,SCN5A:p.W1345C,SCN5A,LOF,1.0,0.4869109947643979,2.053763440860215,SCN3A:p.Y1669C,SCN3A,LOF
delta_site,1,191,SCN5A:p.L1346P,SCN5A,LOF,0.0,0.4869109947643979,0.0,SCN11A:p.L1158P,SCN11A,GOF
delta_site,1,192,SCN1A:p.V1366I,SCN1A,LOF,0.0,0.5609756097560976,0.0,SCN4A:p.V1293I,SCN4A,GOF
delta_site,1,193,SCN10A:p.A1304T,SCN10A,GOF,0.0,0.3885542168674699,0.0,SCN2A:p.A1773T,SCN2A,LOF
delta_site,1,194,SCN8A:p.T1360N,SCN8A,LOF,0.0,0.6196319018404908,0.0,SCN2A:p.T1623N,SCN2A,GOF
delta_site,1,195,SCN5A:p.V1378M,SCN5A,LOF,0.0,0.4869109947643979,0.0,SCN4A:p.V445M,SCN4A,GOF
delta_site,1,196,SCN5A:p.N1380K,SCN5A,LOF,0.0,0.4869109947643979,0.0,SCN8A:p.N374K,SCN8A,GOF
delta_site,1,197,SCN5A:p.S1382I,SCN5A,LOF,0.0,0.4869109947643979,0.0,SCN10A:p.S242T,SCN10A,GOF
delta_site,1,198,SCN4A:p.C1209F,SCN4A,LOF,1.0,0.6214511041009464,1.6091370558375635,SCN2A:p.C1386R,SCN2A,LOF
delta_site,1,199,SCN2A:p.C1386R,SCN2A,LOF,1.0,0.620253164556962,1.6122448979591837,SCN4A:p.C1209F,SCN4A,LOF
delta_site,1,200,SCN5A:p.V1405L,SCN5A,LOF,1.0,0.4869109947643979,2.053763440860215,SCN1A:p.V1353L,SCN1A,LOF
delta_site,1,201,SCN5A:p.V1405M,SCN5A,LOF,0.0,0.4869109947643979,0.0,SCN4A:p.V445M,SCN4A,GOF
delta_site,1,202,SCN5A:p.G1406E,SCN5A,LOF,0.0,0.4869109947643979,0.0,SCN4A:p.G1306E,SCN4A,GOF
delta_site,1,203,SCN5A:p.G1406R,SCN5A,LOF,0.0,0.4869109947643979,0.0,SCN11A:p.G699R,SCN11A,GOF
delta_site,1,204,SCN1A:p.G1421W,SCN1A,LOF,1.0,0.5609756097560976,1.7826086956521738,SCN5A:p.G1748D,SCN5A,LOF
delta_site,1,205,SCN2A:p.T1420M,SCN2A,LOF,1.0,0.620253164556962,1.6122448979591837,SCN5A:p.T1709M,SCN5A,LOF
delta_site,1,206,SCN5A:p.G1420R,SCN5A,LOF,0.0,0.4869109947643979,0.0,SCN8A:p.G1475R,SCN8A,GOF
delta_site,1,207,SCN5A:p.G1420V,SCN5A,LOF,1.0,0.4869109947643979,2.053763440860215,SCN1A:p.A1685V,SCN1A,LOF
delta_site,1,208,SCN5A:p.A1428S,SCN5A,LOF,1.0,0.4869109947643979,2.053763440860215,SCN2A:p.G899S,SCN2A,LOF
delta_site,1,209,SCN5A:p.A1428V,SCN5A,LOF,0.0,0.4869109947643979,0.0,SCN8A:p.A1491V,SCN8A,GOF
delta_site,1,210,SCN5A:p.D1430N,SCN5A,LOF,1.0,0.4869109947643979,2.053763440860215,SCN10A:p.D1639N,SCN10A,LOF
delta_site,1,211,SCN5A:p.R1432G,SCN5A,LOF,0.0,0.4869109947643979,0.0,SCN2A:p.R1882G,SCN2A,GOF
delta_site,1,212,SCN5A:p.Y1449C,SCN5A,LOF,0.0,0.4869109947643979,0.0,SCN2A:p.Y1589C,SCN2A,GOF
delta_site,1,213,SCN5A:p.T1461S,SCN5A,LOF,0.0,0.4869109947643979,0.0,SCN2A:p.T236S,SCN2A,GOF
delta_site,1,214,SCN4A:p.V1293I,SCN4A,GOF,0.0,0.3785488958990536,0.0,SCN1A:p.V1366I,SCN1A,LOF
delta_site,1,215,SCN2A:p.I1473M,SCN2A,GOF,0.0,0.379746835443038,0.0,SCN1A:p.I1498M,SCN1A,LOF
delta_site,1,216,SCN4A:p.N1297K,SCN4A,GOF,1.0,0.3785488958990536,2.6416666666666666,SCN8A:p.N374K,SCN8A,GOF
delta_site,1,217,SCN4A:p.N1297S,SCN4A,GOF,1.0,0.3785488958990536,2.6416666666666666,SCN5A:p.N1325S,SCN5A,GOF
delta_site,1,218,SCN4A:p.F1298C,SCN4A,GOF,1.0,0.3785488958990536,2.6416666666666666,SCN5A:p.F1473C,SCN5A,GOF
delta_site,1,219,SCN5A:p.F1473C,SCN5A,GOF,1.0,0.5130890052356021,1.9489795918367347,SCN4A:p.F1298C,SCN4A,GOF
delta_site,1,220,SCN5A:p.F1473S,SCN5A,GOF,1.0,0.5130890052356021,1.9489795918367347,SCN4A:p.F1298C,SCN4A,GOF
delta_site,1,221,SCN5A:p.Q1475P,SCN5A,GOF,1.0,0.5130890052356021,1.9489795918367347,SCN1A:p.Q1489H,SCN1A,GOF
delta_site,1,222,SCN1A:p.Q1489H,SCN1A,GOF,1.0,0.43902439024390244,2.2777777777777777,SCN5A:p.Q1476R,SCN5A,GOF
delta_site,1,223,SCN1A:p.Q1489K,SCN1A,GOF,1.0,0.43902439024390244,2.2777777777777777,SCN5A:p.Q1476R,SCN5A,GOF
delta_site,1,224,SCN5A:p.Q1476R,SCN5A,GOF,1.0,0.5130890052356021,1.9489795918367347,SCN9A:p.Q10R,SCN9A,GOF
delta_site,1,225,SCN4A:p.G1306E,SCN4A,GOF,0.0,0.3785488958990536,0.0,SCN1A:p.G1749E,SCN1A,LOF
delta_site,1,226,SCN8A:p.G1475R,SCN8A,GOF,0.0,0.3803680981595092,0.0,SCN5A:p.G386R,SCN5A,LOF
delta_site,1,227,SCN1A:p.I1498M,SCN1A,LOF,0.0,0.5609756097560976,0.0,SCN2A:p.I1473M,SCN2A,GOF
delta_site,1,228,SCN4A:p.I1310N,SCN4A,GOF,0.0,0.3785488958990536,0.0,SCN1A:p.I1656M,SCN1A,LOF
delta_site,1,229,SCN5A:p.F1486L,SCN5A,GOF,1.0,0.5130890052356021,1.9489795918367347,SCN1A:p.F1499L,SCN1A,GOF
delta_site,1,230,SCN1A:p.F1499L,SCN1A,GOF,1.0,0.43902439024390244,2.2777777777777777,SCN5A:p.F1486L,SCN5A,GOF
delta_site,1,231,SCN1A:p.M1500V,SCN1A,GOF,0.0,0.43902439024390244,0.0,SCN5A:p.M734V,SCN5A,LOF
delta_site,1,232,SCN4A:p.T1313A,SCN4A,GOF,1.0,0.3785488958990536,2.6416666666666666,SCN3A:p.T1486I,SCN3A,GOF
delta_site,1,233,SCN4A:p.T1313M,SCN4A,GOF,1.0,0.3785488958990536,2.6416666666666666,SCN3A:p.T1486I,SCN3A,GOF
delta_site,1,234,SCN3A:p.T1486I,SCN3A,GOF,1.0,0.38095238095238093,2.625,SCN4A:p.T1313M,SCN4A,GOF
delta_site,1,235,SCN8A:p.A1491V,SCN8A,GOF,1.0,0.3803680981595092,2.629032258064516,SCN10A:p.A1886V,SCN10A,GOF
delta_site,1,236,SCN5A:p.P1506S,SCN5A,LOF,1.0,0.4869109947643979,2.053763440860215,SCN2A:p.P1658S,SCN2A,LOF
delta_site,1,237,SCN5A:p.R1512W,SCN5A,LOF,0.0,0.4869109947643979,0.0,SCN8A:p.R1872W,SCN8A,GOF
delta_site,1,238,SCN1A:p.R1525Q,SCN1A,LOF,1.0,0.5609756097560976,1.7826086956521738,SCN5A:p.R104Q,SCN5A,LOF
delta_site,1,239,SCN5A:p.N1541D,SCN5A,LOF,0.0,0.4869109947643979,0.0,SCN8A:p.N1768D,SCN8A,GOF
delta_site,1,240,SCN4A:p.N1366S,SCN4A,GOF,1.0,0.3785488958990536,2.6416666666666666,SCN5A:p.N1325S,SCN5A,GOF
delta_site,1,241,SCN1A:p.R1575C,SCN1A,GOF,1.0,0.43902439024390244,2.2777777777777777,SCN5A:p.R458C,SCN5A,GOF
delta_site,1,242,SCN2A:p.I1571T,SCN2A,GOF,1.0,0.379746835443038,2.6333333333333333,SCN11A:p.I381T,SCN11A,GOF
delta_site,1,243,SCN10A:p.V1518I,SCN10A,LOF,0.0,0.6114457831325302,0.0,SCN5A:p.V1667I,SCN5A,GOF
delta_site,1,244,SCN1A:p.E1587K,SCN1A,LOF,1.0,0.5609756097560976,1.7826086956521738,SCN5A:p.E1574K,SCN5A,LOF
delta_site,1,245,SCN5A:p.E1574K,SCN5A,LOF,1.0,0.4869109947643979,2.053763440860215,SCN1A:p.E1587K,SCN1A,LOF
delta_site,1,246,SCN1A:p.R1596C,SCN1A,LOF,1.0,0.5609756097560976,1.7826086956521738,SCN5A:p.R1583C,SCN5A,LOF
delta_site,1,247,SCN5A:p.R1583C,SCN5A,LOF,1.0,0.4869109947643979,2.053763440860215,SCN1A:p.R1596C,SCN1A,LOF
delta_site,1,248,SCN2A:p.Y1589C,SCN2A,GOF,0.0,0.379746835443038,0.0,SCN5A:p.Y1449C,SCN5A,LOF
delta_site,1,249,SCN2A:p.F1597L,SCN2A,GOF,0.0,0.379746835443038,0.0,SCN1A:p.F1765L,SCN1A,LOF
delta_site,1,250,SCN5A:p.D1595N,SCN5A,LOF,1.0,0.4869109947643979,2.053763440860215,SCN10A:p.D1639N,SCN10A,LOF
delta_site,1,251,SCN1A:p.V1611F,SCN1A,GOF,0.0,0.43902439024390244,0.0,SCN5A:p.V1405M,SCN5A,LOF
delta_site,1,252,SCN5A:p.S1609L,SCN5A,GOF,1.0,0.5130890052356021,1.9489795918367347,SCN2A:p.S1336Y,SCN2A,GOF
delta_site,1,253,SCN1A:p.L1624P,SCN1A,GOF,0.0,0.43902439024390244,0.0,SCN5A:p.L1346P,SCN5A,LOF
delta_site,1,254,SCN4A:p.V1442E,SCN4A,LOF,0.0,0.6214511041009464,0.0,SCN2A:p.V208E,SCN2A,GOF
delta_site,1,255,SCN1A:p.P1632S,SCN1A,LOF,1.0,0.5609756097560976,1.7826086956521738,SCN2A:p.P1622S,SCN2A,LOF
delta_site,1,256,SCN2A:p.P1622S,SCN2A,LOF,1.0,0.620253164556962,1.6122448979591837,SCN1A:p.P1632S,SCN1A,LOF
delta_site,1,257,SCN2A:p.T1623N,SCN2A,GOF,0.0,0.379746835443038,0.0,SCN8A:p.T1360N,SCN8A,LOF
delta_site,1,258,SCN5A:p.T1620M,SCN5A,LOF,1.0,0.4869109947643979,2.053763440860215,SCN1A:p.T875M,SCN1A,LOF
delta_site,1,259,SCN3A:p.R1621G,SCN3A,GOF,1.0,0.38095238095238093,2.625,SCN5A:p.R1623Q,SCN5A,GOF
delta_site,1,260,SCN3A:p.R1621Q,SCN3A,GOF,1.0,0.38095238095238093,2.625,SCN8A:p.R1617Q,SCN8A,GOF
delta_site,1,261,SCN5A:p.R1623Q,SCN5A,GOF,1.0,0.5130890052356021,1.9489795918367347,SCN8A:p.R1617Q,SCN8A,GOF
delta_site,1,262,SCN8A:p.R1617Q,SCN8A,GOF,1.0,0.3803680981595092,2.629032258064516,SCN3A:p.R1621Q,SCN3A,GOF
delta_site,1,263,SCN4A:p.R1451C,SCN4A,LOF,0.0,0.6214511041009464,0.0,SCN5A:p.R1626P,SCN5A,GOF
delta_site,1,264,SCN5A:p.R1626P,SCN5A,GOF,0.0,0.5130890052356021,0.0,SCN4A:p.R1451C,SCN4A,LOF
delta_site,1,265,SCN4A:p.R1451L,SCN4A,LOF,1.0,0.6214511041009464,1.6091370558375635,SCN8A:p.R1620L,SCN8A,LOF
delta_site,1,266,SCN8A:p.R1620L,SCN8A,LOF,1.0,0.6196319018404908,1.613861386138614,SCN4A:p.R1451L,SCN4A,LOF
delta_site,1,267,SCN8A:p.A1622D,SCN8A,GOF,0.0,0.3803680981595092,0.0,SCN5A:p.A124D,SCN5A,LOF
delta_site,1,268,SCN5A:p.R1629Q,SCN5A,LOF,0.0,0.4869109947643979,0.0,SCN3A:p.R1621Q,SCN3A,GOF
delta_site,1,269,SCN4A:p.R1454W,SCN4A,LOF,1.0,0.6214511041009464,1.6091370558375635,SCN5A:p.R1632C,SCN5A,LOF
delta_site,1,270,SCN5A:p.G1631D,SCN5A,GOF,0.0,0.5130890052356021,0.0,SCN1A:p.G1421W,SCN1A,LOF
delta_site,1,271,SCN5A:p.R1632C,SCN5A,LOF,1.0,0.4869109947643979,2.053763440860215,SCN4A:p.R1457H,SCN4A,LOF
delta_site,1,272,SCN4A:p.R1457H,SCN4A,LOF,1.0,0.6214511041009464,1.6091370558375635,SCN5A:p.R811H,SCN5A,LOF
delta_site,1,273,SCN10A:p.R1588Q,SCN10A,LOF,1.0,0.6114457831325302,1.6354679802955663,SCN5A:p.R1193Q,SCN5A,LOF
delta_site,1,274,SCN5A:p.G1642E,SCN5A,LOF,1.0,0.4869109947643979,2.053763440860215,SCN1A:p.G177E,SCN1A,LOF
delta_site,1,275,SCN1A:p.I1656M,SCN1A,LOF,0.0,0.5609756097560976,0.0,SCN9A:p.I228M,SCN9A,GOF
delta_site,1,276,SCN1A:p.R1657C,SCN1A,LOF,1.0,0.5609756097560976,1.7826086956521738,SCN5A:p.R1644C,SCN5A,LOF
delta_site,1,277,SCN5A:p.R1644C,SCN5A,LOF,1.0,0.4869109947643979,2.053763440860215,SCN8A:p.R1638C,SCN8A,LOF
delta_site,1,278,SCN8A:p.R1638C,SCN8A,LOF,1.0,0.6196319018404908,1.613861386138614,SCN5A:p.R1644C,SCN5A,LOF
delta_site,1,279,SCN5A:p.R1644H,SCN5A,GOF,1.0,0.5130890052356021,1.9489795918367347,SCN10A:p.R814H,SCN10A,GOF
delta_site,1,280,SCN3A:p.F1646C,SCN3A,GOF,0.0,0.38095238095238093,0.0,SCN1A:p.F902C,SCN1A,LOF
delta_site,1,281,SCN1A:p.F1661L,SCN1A,GOF,0.0,0.43902439024390244,0.0,SCN5A:p.F2004L,SCN5A,LOF
delta_site,1,282,SCN4A:p.F1473S,SCN4A,GOF,1.0,0.3785488958990536,2.6416666666666666,SCN3A:p.F1646C,SCN3A,GOF
delta_site,1,283,SCN1A:p.M1664K,SCN1A,LOF,1.0,0.5609756097560976,1.7826086956521738,SCN5A:p.M369K,SCN5A,LOF
delta_site,1,284,SCN5A:p.M1652R,SCN5A,GOF,0.0,0.5130890052356021,0.0,SCN1A:p.M1664K,SCN1A,LOF
delta_site,1,285,SCN2A:p.P1658S,SCN2A,LOF,1.0,0.620253164556962,1.6122448979591837,SCN1A:p.P1632S,SCN1A,LOF
delta_site,1,286,SCN5A:p.A1656D,SCN5A,GOF,0.0,0.5130890052356021,0.0,SCN1A:p.A1685D,SCN1A,LOF
delta_site,1,287,SCN5A:p.I1660V,SCN5A,LOF,0.0,0.4869109947643979,0.0,SCN8A:p.I1327V,SCN8A,GOF
delta_site,1,288,SCN1A:p.G1674R,SCN1A,LOF,1.0,0.5609756097560976,1.7826086956521738,SCN5A:p.G1661R,SCN5A,LOF
delta_site,1,289,SCN5A:p.G1661R,SCN5A,LOF,1.0,0.4869109947643979,2.053763440860215,SCN1A:p.G1674R,SCN1A,LOF
delta_site,1,290,SCN5A:p.V1667I,SCN5A,GOF,0.0,0.5130890052356021,0.0,SCN1A:p.V1366I,SCN1A,LOF
delta_site,1,291,SCN3A:p.Y1669C,SCN3A,LOF,0.0,0.6190476190476191,0.0,SCN2A:p.Y1589C,SCN2A,GOF
delta_site,1,292,SCN1A:p.A1685D,SCN1A,LOF,1.0,0.5609756097560976,1.7826086956521738,SCN5A:p.A124D,SCN5A,LOF
delta_site,1,293,SCN1A:p.A1685V,SCN1A,LOF,0.0,0.5609756097560976,0.0,SCN2A:p.A263V,SCN2A,GOF
delta_site,1,294,SCN5A:p.S1672Y,SCN5A,LOF,0.0,0.4869109947643979,0.0,SCN2A:p.S1336Y,SCN2A,GOF
delta_site,1,295,SCN10A:p.D1639N,SCN10A,LOF,1.0,0.6114457831325302,1.6354679802955663,SCN5A:p.D1690N,SCN5A,LOF
delta_site,1,296,SCN5A:p.D1690N,SCN5A,LOF,1.0,0.4869109947643979,2.053763440860215,SCN10A:p.D1639N,SCN10A,LOF
delta_site,1,297,SCN1A:p.T1709I,SCN1A,LOF,0.0,0.5609756097560976,0.0,SCN3A:p.T1486I,SCN3A,GOF
delta_site,1,298,SCN5A:p.T1709M,SCN5A,LOF,1.0,0.4869109947643979,2.053763440860215,SCN2A:p.T1420M,SCN2A,LOF
delta_site,1,299,SCN5A:p.G1712C,SCN5A,LOF,1.0,0.4869109947643979,2.053763440860215,SCN1A:p.G1421W,SCN1A,LOF
delta_site,1,300,SCN10A:p.G1662S,SCN10A,GOF,0.0,0.3885542168674699,0.0,SCN5A:p.G1262S,SCN5A,LOF
delta_site,1,301,SCN5A:p.D1714G,SCN5A,LOF,1.0,0.4869109947643979,2.053763440860215,SCN2A:p.D82G,SCN2A,LOF
delta_site,1,302,SCN5A:p.N1722D,SCN5A,LOF,0.0,0.4869109947643979,0.0,SCN2A:p.N1339D,SCN2A,GOF
delta_site,1,303,SCN5A:p.P1730H,SCN5A,LOF,1.0,0.4869109947643979,2.053763440860215,SCN1A:p.R393H,SCN1A,LOF
delta_site,1,304,SCN1A:p.G1749E,SCN1A,LOF,0.0,0.5609756097560976,0.0,SCN4A:p.G1306E,SCN4A,GOF
delta_site,1,305,SCN5A:p.G1740R,SCN5A,LOF,0.0,0.4869109947643979,0.0,SCN8A:p.G1475R,SCN8A,GOF
delta_site,1,306,SCN5A:p.G1743R,SCN5A,LOF,0.0,0.4869109947643979,0.0,SCN8A:p.G1475R,SCN8A,GOF
delta_site,1,307,SCN5A:p.G1748D,SCN5A,LOF,1.0,0.4869109947643979,2.053763440860215,SCN1A:p.G1421W,SCN1A,LOF
delta_site,1,308,SCN1A:p.F1765L,SCN1A,LOF,1.0,0.5609756097560976,1.7826086956521738,SCN5A:p.F851L,SCN5A,LOF
delta_site,1,309,SCN10A:p.I1706V,SCN10A,GOF,1.0,0.3885542168674699,2.5736434108527133,SCN8A:p.I1327V,SCN8A,GOF
delta_site,1,310,SCN1A:p.F1774S,SCN1A,GOF,0.0,0.43902439024390244,0.0,SCN5A:p.F1344S,SCN5A,LOF
delta_site,1,311,SCN5A:p.I1762A,SCN5A,GOF,1.0,0.5130890052356021,1.9489795918367347,SCN11A:p.V1184A,SCN11A,GOF
delta_site,1,312,SCN5A:p.V1763M,SCN5A,GOF,1.0,0.5130890052356021,1.9489795918367347,SCN4A:p.V445M,SCN4A,GOF
delta_site,1,313,SCN8A:p.V1758A,SCN8A,LOF,0.0,0.6196319018404908,0.0,SCN3A:p.V1769A,SCN3A,GOF
delta_site,1,314,SCN5A:p.V1764M,SCN5A,GOF,0.0,0.5130890052356021,0.0,SCN8A:p.V1758A,SCN8A,LOF
delta_site,1,315,SCN3A:p.M1765I,SCN3A,GOF,1.0,0.38095238095238093,2.625,SCN8A:p.M1760I,SCN8A,GOF
delta_site,1,316,SCN8A:p.M1760I,SCN8A,GOF,1.0,0.3803680981595092,2.629032258064516,SCN3A:p.M1765I,SCN3A,GOF
delta_site,1,317,SCN5A:p.Y1767C,SCN5A,GOF,1.0,0.5130890052356021,1.9489795918367347,SCN2A:p.Y1589C,SCN2A,GOF
delta_site,1,318,SCN5A:p.I1768V,SCN5A,GOF,1.0,0.5130890052356021,1.9489795918367347,SCN8A:p.I1327V,SCN8A,GOF
delta_site,1,319,SCN2A:p.A1773T,SCN2A,LOF,1.0,0.620253164556962,1.6122448979591837,SCN5A:p.A735T,SCN5A,LOF
delta_site,1,320,SCN3A:p.V1769A,SCN3A,GOF,0.0,0.38095238095238093,0.0,SCN8A:p.V1758A,SCN8A,LOF
delta_site,1,321,SCN5A:p.N1774D,SCN5A,GOF,1.0,0.5130890052356021,1.9489795918367347,SCN8A:p.N1768D,SCN8A,GOF
delta_site,1,322,SCN8A:p.N1768D,SCN8A,GOF,1.0,0.3803680981595092,2.629032258064516,SCN5A:p.N1774D,SCN5A,GOF
delta_site,1,323,SCN5A:p.S1787N,SCN5A,GOF,1.0,0.5130890052356021,1.9489795918367347,SCN10A:p.S242T,SCN10A,GOF
delta_site,1,324,SCN5A:p.Y1795C,SCN5A,GOF,0.0,0.5130890052356021,0.0,SCN1A:p.Y790C,SCN1A,LOF
delta_site,1,325,SCN5A:p.Y1795H,SCN5A,LOF,1.0,0.4869109947643979,2.053763440860215,SCN1A:p.R393H,SCN1A,LOF
delta_site,1,326,SCN2A:p.E1803G,SCN2A,GOF,0.0,0.379746835443038,0.0,SCN5A:p.D1714G,SCN5A,LOF
delta_site,1,327,SCN4A:p.Q1633E,SCN4A,GOF,0.0,0.3785488958990536,0.0,SCN5A:p.Q1832E,SCN5A,LOF
delta_site,1,328,SCN1A:p.F1831S,SCN1A,LOF,1.0,0.5609756097560976,1.7826086956521738,SCN5A:p.F1344S,SCN5A,LOF
delta_site,1,329,SCN5A:p.L1825P,SCN5A,LOF,0.0,0.4869109947643979,0.0,SCN11A:p.L1158P,SCN11A,GOF
delta_site,1,330,SCN5A:p.Q1832E,SCN5A,LOF,0.0,0.4869109947643979,0.0,SCN4A:p.Q1633E,SCN4A,GOF
delta_site,1,331,SCN5A:p.C1850S,SCN5A,LOF,0.0,0.4869109947643979,0.0,SCN2A:p.T236S,SCN2A,GOF
delta_site,1,332,SCN1A:p.D1866Y,SCN1A,GOF,0.0,0.43902439024390244,0.0,SCN5A:p.D1430N,SCN5A,LOF
delta_site,1,333,SCN2A:p.M1879T,SCN2A,GOF,0.0,0.379746835443038,0.0,SCN1A:p.M956T,SCN1A,LOF
delta_site,1,334,SCN8A:p.R1872L,SCN8A,GOF,1.0,0.3803680981595092,2.629032258064516,SCN5A:p.R18W,SCN5A,GOF
delta_site,1,335,SCN2A:p.R1882G,SCN2A,GOF,0.0,0.379746835443038,0.0,SCN5A:p.R1432G,SCN5A,LOF
delta_site,1,336,SCN2A:p.R1882Q,SCN2A,GOF,1.0,0.379746835443038,2.6333333333333333,SCN8A:p.R1872Q,SCN8A,GOF
delta_site,1,337,SCN8A:p.R1872Q,SCN8A,GOF,1.0,0.3803680981595092,2.629032258064516,SCN2A:p.R1882Q,SCN2A,GOF
delta_site,1,338,SCN8A:p.R1872W,SCN8A,GOF,1.0,0.3803680981595092,2.629032258064516,SCN5A:p.R18W,SCN5A,GOF
delta_site,1,339,SCN5A:p.R1897W,SCN5A,LOF,0.0,0.4869109947643979,0.0,SCN8A:p.R1872W,SCN8A,GOF
delta_site,1,340,SCN5A:p.R1898C,SCN5A,LOF,0.0,0.4869109947643979,0.0,SCN8A:p.R1872W,SCN8A,GOF
delta_site,1,341,SCN1A:p.Q1923R,SCN1A,LOF,0.0,0.5609756097560976,0.0,SCN9A:p.Q10R,SCN9A,GOF
delta_site,1,342,SCN1A:p.R1927G,SCN1A,LOF,1.0,0.5609756097560976,1.7826086956521738,SCN5A:p.R1432G,SCN5A,LOF
delta_site,1,343,SCN1A:p.T1934I,SCN1A,LOF,1.0,0.5609756097560976,1.7826086956521738,SCN5A:p.T353I,SCN5A,LOF
delta_site,1,344,SCN10A:p.A1886V,SCN10A,GOF,1.0,0.3885542168674699,2.5736434108527133,SCN8A:p.A1491V,SCN8A,GOF
delta_site,1,345,SCN5A:p.I1968S,SCN5A,LOF,1.0,0.4869109947643979,2.053763440860215,SCN1A:p.I1656M,SCN1A,LOF
delta_site,1,346,SCN5A:p.F2004L,SCN5A,LOF,0.0,0.4869109947643979,0.0,SCN1A:p.F1661L,SCN1A,GOF
delta_site,1,347,SCN5A:p.P2006A,SCN5A,GOF,1.0,0.5130890052356021,1.9489795918367347,SCN4A:p.T1313A,SCN4A,GOF
delta_site,3,0,SCN9A:p.Q10R,SCN9A,GOF,1.0,0.3768545994065282,2.653543307086614,SCN5A:p.Q1476R;SCN1A:p.Q1489H;SCN5A:p.Q1475P,SCN5A;SCN1A;SCN5A,GOF;GOF;GOF
delta_site,3,1,SCN2A:p.D12N,SCN2A,LOF,0.6666666666666666,0.620253164556962,1.0748299319727892,SCN5A:p.D84N;SCN9A:p.D623N;SCN5A:p.D1690N,SCN5A;SCN9A;SCN5A,LOF;GOF;LOF
delta_site,3,2,SCN5A:p.R18W,SCN5A,GOF,1.0,0.5130890052356021,1.9489795918367347,SCN8A:p.R1872W;SCN8A:p.R1872Q;SCN2A:p.R1882Q,SCN8A;SCN8A;SCN2A,GOF;GOF;GOF
delta_site,3,3,SCN5A:p.R27H,SCN5A,LOF,0.6666666666666666,0.4869109947643979,1.3691756272401432,SCN10A:p.R814H;SCN1A:p.R393H;SCN4A:p.R104H,SCN10A;SCN1A;SCN4A,GOF;LOF;LOF
delta_site,3,4,SCN1A:p.E78D,SCN1A,LOF,0.3333333333333333,0.5609756097560976,0.5942028985507245,SCN5A:p.E1295K;SCN5A:p.N1722D;SCN10A:p.Y158D,SCN5A;SCN5A;SCN10A,GOF;LOF;GOF
delta_site,3,5,SCN5A:p.D84N,SCN5A,LOF,0.6666666666666666,0.4869109947643979,1.3691756272401432,SCN2A:p.D12N;SCN9A:p.D623N;SCN10A:p.D1639N,SCN2A;SCN9A;SCN10A,LOF;GOF;LOF
delta_site,3,6,SCN2A:p.D82G,SCN2A,LOF,1.0,0.620253164556962,1.6122448979591837,SCN5A:p.D1714G;SCN5A:p.D84N;SCN1A:p.R1927G,SCN5A;SCN5A;SCN1A,LOF;LOF;LOF
delta_site,3,7,SCN5A:p.F93S,SCN5A,LOF,0.3333333333333333,0.4869109947643979,0.6845878136200716,SCN4A:p.F1473S;SCN1A:p.F1774S;SCN1A:p.F1831S,SCN4A;SCN1A;SCN1A,GOF;GOF;LOF
delta_site,3,8,SCN10A:p.V94G,SCN10A,LOF,0.3333333333333333,0.6114457831325302,0.5451559934318554,SCN9A:p.V872G;SCN5A:p.D1714G;SCN2A:p.R1882G,SCN9A;SCN5A;SCN2A,GOF;LOF;GOF
delta_site,3,9,SCN4A:p.R104H,SCN4A,LOF,1.0,0.6214511041009464,1.6091370558375635,SCN5A:p.R282H;SCN5A:p.R689H;SCN5A:p.R367H,SCN5A;SCN5A;SCN5A,LOF;LOF;LOF
delta_site,3,10,SCN5A:p.R104Q,SCN5A,LOF,0.3333333333333333,0.4869109947643979,0.6845878136200716,SCN1A:p.R1525Q;SCN8A:p.R1872Q;SCN2A:p.R1882Q,SCN1A;SCN8A;SCN2A,LOF;GOF;GOF
delta_site,3,11,SCN5A:p.R104W,SCN5A,LOF,0.6666666666666666,0.4869109947643979,1.3691756272401432,SCN4A:p.R104H;SCN8A:p.R1872W;SCN4A:p.R1454W,SCN4A;SCN8A;SCN4A,LOF;GOF;LOF
delta_site,3,12,SCN5A:p.R121W,SCN5A,LOF,1.0,0.4869109947643979,2.053763440860215,SCN8A:p.R1638C;SCN4A:p.R225W;SCN1A:p.R1657C,SCN8A;SCN4A;SCN1A,LOF;LOF;LOF
delta_site,3,13,SCN5A:p.A124D,SCN5A,LOF,0.3333333333333333,0.4869109947643979,0.6845878136200716,SCN8A:p.A1622D;SCN1A:p.A1685D;SCN8A:p.A1491V,SCN8A;SCN1A;SCN8A,GOF;LOF;GOF
delta_site,3,14,SCN5A:p.V125L,SCN5A,GOF,0.6666666666666666,0.5130890052356021,1.2993197278911564,SCN1A:p.V1353L;SCN2A:p.V423L;SCN4A:p.V1293I,SCN1A;SCN2A;SCN4A,LOF;GOF;GOF
delta_site,3,15,SCN5A:p.K126E,SCN5A,LOF,0.0,0.4869109947643979,0.0,SCN2A:p.K908E;SCN3A:p.K354Q;SCN4A:p.Q1633E,SCN2A;SCN3A;SCN4A,GOF;GOF;GOF
delta_site,3,16,SCN5A:p.L136P,SCN5A,LOF,0.3333333333333333,0.4869109947643979,0.6845878136200716,SCN11A:p.L1158P;SCN10A:p.L388M;SCN1A:p.L1624P,SCN11A;SCN10A;SCN1A,GOF;LOF;GOF
delta_site,3,17,SCN8A:p.M139I,SCN8A,GOF,0.3333333333333333,0.3803680981595092,0.8763440860215053,SCN3A:p.M1765I;SCN1A:p.M1267I;SCN4A:p.M203K,SCN3A;SCN1A;SCN4A,GOF;LOF;LOF
delta_site,3,18,SCN4A:p.I141V,SCN4A,GOF,1.0,0.3785488958990536,2.6416666666666666,SCN9A:p.I136V;SCN5A:p.I1768V;SCN8A:p.I1327V,SCN9A;SCN5A;SCN8A,GOF;GOF;GOF
delta_site,3,19,SCN9A:p.I136V,SCN9A,GOF,1.0,0.3768545994065282,2.653543307086614,SCN4A:p.I141V;SCN5A:p.I1768V;SCN8A:p.I1327V,SCN4A;SCN5A;SCN8A,GOF;GOF;GOF
delta_site,3,20,SCN1A:p.M145T,SCN1A,LOF,0.6666666666666666,0.5609756097560976,1.188405797101449,SCN2A:p.M1879T;SCN4A:p.M203K;SCN5A:p.M734V,SCN2A;SCN4A;SCN5A,GOF;LOF;LOF
delta_site,3,21,SCN5A:p.E161K,SCN5A,LOF,0.3333333333333333,0.4869109947643979,0.6845878136200716,SCN1A:p.E788K;SCN2A:p.E999K;SCN8A:p.N374K,SCN1A;SCN2A;SCN8A,LOF;GOF;GOF
delta_site,3,22,SCN10A:p.Y158D,SCN10A,GOF,0.3333333333333333,0.3885542168674699,0.8578811369509043,SCN1A:p.Y790C;SCN5A:p.Y1449C;SCN2A:p.Y1589C,SCN1A;SCN5A;SCN2A,LOF;LOF;GOF
delta_site,3,23,SCN5A:p.K175N,SCN5A,LOF,0.3333333333333333,0.4869109947643979,0.6845878136200716,SCN4A:p.I1310N;SCN1A:p.Y426N;SCN2A:p.T1623N,SCN4A;SCN1A;SCN2A,GOF;LOF;GOF
delta_site,3,24,SCN5A:p.A178G,SCN5A,LOF,0.6666666666666666,0.4869109947643979,1.3691756272401432,SCN2A:p.R1882G;SCN1A:p.R1927G;SCN10A:p.V94G,SCN2A;SCN1A;SCN10A,GOF;LOF;LOF
delta_site,3,25,SCN1A:p.G177A,SCN1A,LOF,0.6666666666666666,0.5609756097560976,1.188405797101449,SCN5A:p.G1262S;SCN2A:p.G899S;SCN11A:p.V1184A,SCN5A;SCN2A;SCN11A,LOF;LOF;GOF
delta_site,3,26,SCN1A:p.G177E,SCN1A,LOF,1.0,0.5609756097560976,1.7826086956521738,SCN5A:p.G1642E;SCN5A:p.G1406E;SCN5A:p.G1748D,SCN5A;SCN5A;SCN5A,LOF;LOF;LOF
delta_site,3,27,SCN5A:p.T187I,SCN5A,LOF,0.3333333333333333,0.4869109947643979,0.6845878136200716,SCN1A:p.T1709I;SCN3A:p.T1486I;SCN8A:p.T767I,SCN1A;SCN3A;SCN8A,LOF;GOF;GOF
delta_site,3,28,SCN4A:p.M203K,SCN4A,LOF,1.0,0.6214511041009464,1.6091370558375635,SCN5A:p.M369K;SCN1A:p.M909K;SCN1A:p.M1664K,SCN5A;SCN1A;SCN1A,LOF;LOF;LOF
delta_site,3,29,SCN2A:p.V208E,SCN2A,GOF,0.3333333333333333,0.379746835443038,0.8777777777777777,SCN4A:p.V1442E;SCN10A:p.V94G;SCN5A:p.V1763M,SCN4A;SCN10A;SCN5A,LOF;LOF;GOF
delta_site,3,30,SCN9A:p.S211P,SCN9A,GOF,0.6666666666666666,0.3768545994065282,1.769028871391076,SCN5A:p.S1787N;SCN10A:p.S242T;SCN1A:p.S259R,SCN5A;SCN10A;SCN1A,GOF;GOF;LOF
delta_site,3,31,SCN11A:p.R222H,SCN11A,GOF,0.0,0.38596491228070173,0.0,SCN1A:p.R859H;SCN4A:p.R669H;SCN4A:p.R672H,SCN1A;SCN4A;SCN4A,LOF;LOF;LOF
delta_site,3,32,SCN9A:p.F216S,SCN9A,GOF,0.3333333333333333,0.3768545994065282,0.884514435695538,SCN1A:p.F1831S;SCN5A:p.F1473S;SCN5A:p.F1344S,SCN1A;SCN5A;SCN5A,LOF;GOF;LOF
delta_site,3,33,SCN8A:p.R223G,SCN8A,LOF,0.6666666666666666,0.6196319018404908,1.0759075907590758,SCN4A:p.R672G;SCN4A:p.R669H;SCN1A:p.R865G,SCN4A;SCN4A;SCN1A,LOF;LOF;GOF
delta_site,3,34,SCN5A:p.V223L,SCN5A,LOF,0.3333333333333333,0.4869109947643979,0.6845878136200716,SCN2A:p.V423L;SCN1A:p.V1353L;SCN9A:p.V400M,SCN2A;SCN1A;SCN9A,GOF;LOF;GOF
delta_site,3,35,SCN4A:p.R225W,SCN4A,LOF,0.6666666666666666,0.6214511041009464,1.0727580372250423,SCN5A:p.R225W;SCN5A:p.R225P;SCN5A:p.R1632C,SCN5A;SCN5A;SCN5A,LOF;GOF;LOF
delta_site,3,36,SCN5A:p.R225W,SCN5A,LOF,0.6666666666666666,0.4869109947643979,1.3691756272401432,SCN4A:p.R225W;SCN4A:p.R1454W;SCN1A:p.R865G,SCN4A;SCN4A;SCN1A,LOF;LOF;GOF
delta_site,3,37,SCN5A:p.R225P,SCN5A,GOF,0.3333333333333333,0.5130890052356021,0.6496598639455782,SCN4A:p.R225W;SCN1A:p.R865G;SCN4A:p.R1454W,SCN4A;SCN1A;SCN4A,LOF;GOF;LOF
delta_site,3,38,SCN5A:p.A226V,SCN5A,LOF,0.0,0.4869109947643979,0.0,SCN8A:p.A1491V;SCN10A:p.A1886V;SCN2A:p.A263V,SCN8A;SCN10A;SCN2A,GOF;GOF;GOF
delta_site,3,39,SCN1A:p.I227S,SCN1A,LOF,0.0,0.5609756097560976,0.0,SCN9A:p.I234T;SCN9A:p.F216S;SCN3A:p.I875T,SCN9A;SCN9A;SCN3A,GOF;GOF;GOF
delta_site,3,40,SCN9A:p.I228M,SCN9A,GOF,0.3333333333333333,0.3768545994065282,0.884514435695538,SCN1A:p.I1498M;SCN1A:p.I1656M;SCN2A:p.I1473M,SCN1A;SCN1A;SCN2A,LOF;LOF;GOF
delta_site,3,41,SCN2A:p.T236S,SCN2A,GOF,0.3333333333333333,0.379746835443038,0.8777777777777777,SCN5A:p.T1461S;SCN5A:p.N1325S;SCN5A:p.F1344S,SCN5A;SCN5A;SCN5A,LOF;GOF;LOF
delta_site,3,42,SCN9A:p.I234T,SCN9A,GOF,0.6666666666666666,0.3768545994065282,1.769028871391076,SCN3A:p.I875T;SCN11A:p.I381T;SCN1A:p.I227S,SCN3A;SCN11A;SCN1A,GOF;GOF;LOF
delta_site,3,43,SCN9A:p.S241T,SCN9A,GOF,1.0,0.3768545994065282,2.653543307086614,SCN10A:p.S242T;SCN5A:p.A1330T;SCN4A:p.A1156T,SCN10A;SCN5A;SCN4A,GOF;GOF;GOF
delta_site,3,44,SCN10A:p.S242T,SCN10A,GOF,1.0,0.3885542168674699,2.5736434108527133,SCN9A:p.S241T;SCN5A:p.A1330T;SCN4A:p.A1156T,SCN9A;SCN5A;SCN4A,GOF;GOF;GOF
delta_site,3,45,SCN3A:p.L247P,SCN3A,LOF,0.6666666666666666,0.6190476190476191,1.0769230769230769,SCN5A:p.L839P;SCN11A:p.L1158P;SCN5A:p.L1346P,SCN5A;SCN11A;SCN5A,LOF;GOF;LOF
delta_site,3,46,SCN1A:p.D249E,SCN1A,LOF,0.6666666666666666,0.5609756097560976,1.188405797101449,SCN5A:p.D356N;SCN2A:p.K908E;SCN5A:p.D84N,SCN5A;SCN2A;SCN5A,LOF;GOF;LOF
delta_site,3,47,SCN1A:p.S259R,SCN1A,LOF,0.3333333333333333,0.5609756097560976,0.5942028985507245,SCN10A:p.S242T;SCN9A:p.S241T;SCN5A:p.S910L,SCN10A;SCN9A;SCN5A,GOF;GOF;LOF
delta_site,3,48,SCN2A:p.A263V,SCN2A,GOF,0.0,0.379746835443038,0.0,SCN1A:p.A1685V;SCN5A:p.A735V;SCN5A:p.A1428V,SCN1A;SCN5A;SCN5A,LOF;LOF;LOF
delta_site,3,49,SCN1A:p.L263V,SCN1A,GOF,1.0,0.43902439024390244,2.2777777777777777,SCN8A:p.L1331V;SCN4A:p.L796V;SCN8A:p.I1327V,SCN8A;SCN4A;SCN8A,GOF;GOF;GOF
delta_site,3,50,SCN8A:p.G269R,SCN8A,LOF,1.0,0.6196319018404908,1.613861386138614,SCN5A:p.G1420R;SCN1A:p.G979R;SCN5A:p.G1743R,SCN5A;SCN1A;SCN5A,LOF;LOF;LOF
delta_site,3,51,SCN5A:p.L276Q,SCN5A,LOF,1.0,0.4869109947643979,2.053763440860215,SCN10A:p.L388M;SCN1A:p.L986F;SCN2A:p.L1330F,SCN10A;SCN1A;SCN2A,LOF;LOF;LOF
delta_site,3,52,SCN5A:p.R282H,SCN5A,LOF,0.6666666666666666,0.4869109947643979,1.3691756272401432,SCN10A:p.R814H;SCN4A:p.R104H;SCN1A:p.R393H,SCN10A;SCN4A;SCN1A,GOF;LOF;LOF
delta_site,3,53,SCN5A:p.R282C,SCN5A,LOF,0.6666666666666666,0.4869109947643979,1.3691756272401432,SCN8A:p.R1638C;SCN8A:p.R1872W;SCN1A:p.R1596C,SCN8A;SCN8A;SCN1A,LOF;GOF;LOF
delta_site,3,54,SCN1A:p.T297I,SCN1A,LOF,0.3333333333333333,0.5609756097560976,0.5942028985507245,SCN5A:p.T353I;SCN8A:p.T767I;SCN2A:p.T773I,SCN5A;SCN8A;SCN2A,LOF;GOF;GOF
delta_site,3,55,SCN5A:p.L325R,SCN5A,LOF,0.3333333333333333,0.4869109947643979,0.6845878136200716,SCN1A:p.L986F;SCN11A:p.L1158P;SCN8A:p.L1331V,SCN1A;SCN11A;SCN8A,LOF;GOF;GOF
delta_site,3,56,SCN5A:p.C335R,SCN5A,LOF,1.0,0.4869109947643979,2.053763440860215,SCN2A:p.C1386R;SCN1A:p.C959R;SCN1A:p.Q1923R,SCN2A;SCN1A;SCN1A,LOF;LOF;LOF
delta_site,3,57,SCN5A:p.P336L,SCN5A,LOF,0.3333333333333333,0.4869109947643979,0.6845878136200716,SCN4A:p.P1158L;SCN3A:p.P1333L;SCN2A:p.P1658S,SCN4A;SCN3A;SCN2A,GOF;GOF;LOF
delta_site,3,58,SCN3A:p.K354Q,SCN3A,GOF,0.6666666666666666,0.38095238095238093,1.75,SCN8A:p.R1872Q;SCN2A:p.R1882Q;SCN5A:p.K126E,SCN8A;SCN2A;SCN5A,GOF;GOF;LOF
delta_site,3,59,SCN4A:p.P382T,SCN4A,LOF,1.0,0.6214511041009464,1.6091370558375635,SCN2A:p.A1773T;SCN2A:p.R1312T;SCN5A:p.A735T,SCN2A;SCN2A;SCN5A,LOF;LOF;LOF
delta_site,3,60,SCN5A:p.D349N,SCN5A,LOF,0.6666666666666666,0.4869109947643979,1.3691756272401432,SCN10A:p.D1639N;SCN2A:p.D12N;SCN9A:p.D623N,SCN10A;SCN2A;SCN9A,LOF;LOF;GOF
delta_site,3,61,SCN5A:p.T353I,SCN5A,LOF,0.6666666666666666,0.4869109947643979,1.3691756272401432,SCN1A:p.T1709I;SCN1A:p.T1934I;SCN3A:p.T1486I,SCN1A;SCN1A;SCN3A,LOF;LOF;GOF
delta_site,3,62,SCN5A:p.D356N,SCN5A,LOF,0.6666666666666666,0.4869109947643979,1.3691756272401432,SCN2A:p.D12N;SCN10A:p.D1639N;SCN9A:p.D623N,SCN2A;SCN10A;SCN9A,LOF;LOF;GOF
delta_site,3,63,SCN5A:p.R367C,SCN5A,LOF,1.0,0.4869109947643979,2.053763440860215,SCN2A:p.R937C;SCN1A:p.R946C;SCN2A:p.R379H,SCN2A;SCN1A;SCN2A,LOF;LOF;LOF
delta_site,3,64,SCN2A:p.R379H,SCN2A,LOF,1.0,0.620253164556962,1.6122448979591837,SCN5A:p.R367H;SCN1A:p.R946H;SCN1A:p.R393H,SCN5A;SCN1A;SCN1A,LOF;LOF;LOF
delta_site,3,65,SCN5A:p.R367H,SCN5A,LOF,1.0,0.4869109947643979,2.053763440860215,SCN2A:p.R379H;SCN1A:p.R946H;SCN2A:p.R937H,SCN2A;SCN1A;SCN2A,LOF;LOF;LOF
delta_site,3,66,SCN5A:p.R367L,SCN5A,LOF,0.6666666666666666,0.4869109947643979,1.3691756272401432,SCN2A:p.R379H;SCN8A:p.R1872L;SCN1A:p.R1596C,SCN2A;SCN8A;SCN1A,LOF;GOF;LOF
delta_site,3,67,SCN5A:p.M369K,SCN5A,LOF,1.0,0.4869109947643979,2.053763440860215,SCN4A:p.M203K;SCN1A:p.M909K;SCN1A:p.M1664K,SCN4A;SCN1A;SCN1A,LOF;LOF;LOF
delta_site,3,68,SCN5A:p.W374G,SCN5A,LOF,0.6666666666666666,0.4869109947643979,1.3691756272401432,SCN1A:p.R1927G;SCN3A:p.Y1669C;SCN3A:p.R1621G,SCN1A;SCN3A;SCN3A,LOF;LOF;GOF
delta_site,3,69,SCN5A:p.R376H,SCN5A,LOF,0.6666666666666666,0.4869109947643979,1.3691756272401432,SCN10A:p.R814H;SCN1A:p.R393H;SCN4A:p.R104H,SCN10A;SCN1A;SCN4A,GOF;LOF;LOF
delta_site,3,70,SCN8A:p.N374K,SCN8A,GOF,0.6666666666666666,0.3803680981595092,1.7526881720430105,SCN4A:p.N1297K;SCN11A:p.N816K;SCN5A:p.N592K,SCN4A;SCN11A;SCN5A,GOF;GOF;LOF
delta_site,3,71,SCN1A:p.R393H,SCN1A,LOF,0.6666666666666666,0.5609756097560976,1.188405797101449,SCN5A:p.R27H;SCN5A:p.R282H;SCN10A:p.R814H,SCN5A;SCN5A;SCN10A,LOF;LOF;GOF
delta_site,3,72,SCN5A:p.G386R,SCN5A,LOF,0.3333333333333333,0.4869109947643979,0.6845878136200716,SCN8A:p.G1475R;SCN11A:p.G699R;SCN8A:p.G964R,SCN8A;SCN11A;SCN8A,GOF;GOF;LOF
delta_site,3,73,SCN11A:p.I381T,SCN11A,GOF,1.0,0.38596491228070173,2.5909090909090913,SCN3A:p.I875T;SCN9A:p.I234T;SCN2A:p.I1571T,SCN3A;SCN9A;SCN2A,GOF;GOF;GOF
delta_site,3,74,SCN5A:p.V396L,SCN5A,LOF,0.6666666666666666,0.4869109947643979,1.3691756272401432,SCN1A:p.V1353L;SCN2A:p.V423L;SCN10A:p.V1518I,SCN1A;SCN2A;SCN10A,LOF;GOF;LOF
delta_site,3,75,SCN10A:p.L388M,SCN10A,LOF,1.0,0.6114457831325302,1.6354679802955663,SCN5A:p.L136P;SCN5A:p.L1346P;SCN5A:p.L276Q,SCN5A;SCN5A;SCN5A,LOF;LOF;LOF
delta_site,3,76,SCN4A:p.N440K,SCN4A,GOF,0.6666666666666666,0.3785488958990536,1.761111111111111,SCN9A:p.N395K;SCN1A:p.N985I;SCN8A:p.N374K,SCN9A;SCN1A;SCN8A,GOF;LOF;GOF
delta_site,3,77,SCN9A:p.N395K,SCN9A,GOF,0.6666666666666666,0.3768545994065282,1.769028871391076,SCN4A:p.N440K;SCN1A:p.N985I;SCN4A:p.N1297K,SCN4A;SCN1A;SCN4A,GOF;LOF;GOF
delta_site,3,78,SCN5A:p.N406S,SCN5A,LOF,0.0,0.4869109947643979,0.0,SCN4A:p.N1366S;SCN4A:p.N1297S;SCN4A:p.F1473S,SCN4A;SCN4A;SCN4A,GOF;GOF;GOF
delta_site,3,79,SCN2A:p.V423L,SCN2A,GOF,1.0,0.379746835443038,2.6333333333333333,SCN9A:p.V400M;SCN5A:p.V411M;SCN4A:p.V445M,SCN9A;SCN5A;SCN4A,GOF;GOF;GOF
delta_site,3,80,SCN4A:p.V445M,SCN4A,GOF,1.0,0.3785488958990536,2.6416666666666666,SCN5A:p.V411M;SCN9A:p.V400M;SCN2A:p.V423L,SCN5A;SCN9A;SCN2A,GOF;GOF;GOF
delta_site,3,81,SCN5A:p.V411M,SCN5A,GOF,1.0,0.5130890052356021,1.9489795918367347,SCN9A:p.V400M;SCN4A:p.V445M;SCN2A:p.V423L,SCN9A;SCN4A;SCN2A,GOF;GOF;GOF
delta_site,3,82,SCN9A:p.V400M,SCN9A,GOF,1.0,0.3768545994065282,2.653543307086614,SCN5A:p.V411M;SCN4A:p.V445M;SCN2A:p.V423L,SCN5A;SCN4A;SCN2A,GOF;GOF;GOF
delta_site,3,83,SCN1A:p.Y426N,SCN1A,LOF,0.6666666666666666,0.5609756097560976,1.188405797101449,SCN5A:p.D1430N;SCN2A:p.Y1589C;SCN5A:p.D785N,SCN5A;SCN2A;SCN5A,LOF;GOF;LOF
delta_site,3,84,SCN5A:p.R458C,SCN5A,GOF,0.6666666666666666,0.5130890052356021,1.2993197278911564,SCN8A:p.R1638C;SCN8A:p.R1872W;SCN1A:p.R1575C,SCN8A;SCN8A;SCN1A,LOF;GOF;GOF
delta_site,3,85,SCN5A:p.A551T,SCN5A,LOF,0.3333333333333333,0.4869109947643979,0.6845878136200716,SCN10A:p.A1304T;SCN2A:p.A1773T;SCN4A:p.A1156T,SCN10A;SCN2A;SCN4A,GOF;LOF;GOF
delta_site,3,86,SCN5A:p.L567Q,SCN5A,LOF,0.0,0.4869109947643979,0.0,SCN10A:p.L554P;SCN2A:p.R1882Q;SCN8A:p.R1872Q,SCN10A;SCN2A;SCN8A,GOF;GOF;GOF
delta_site,3,87,SCN5A:p.R569W,SCN5A,GOF,1.0,0.5130890052356021,1.9489795918367347,SCN8A:p.R1872W;SCN8A:p.R1872Q;SCN2A:p.R1882G,SCN8A;SCN8A;SCN2A,GOF;GOF;GOF
delta_site,3,88,SCN10A:p.L554P,SCN10A,GOF,0.6666666666666666,0.3885542168674699,1.7157622739018086,SCN1A:p.L1624P;SCN11A:p.L1158P;SCN5A:p.L1346P,SCN1A;SCN11A;SCN5A,GOF;GOF;LOF
delta_site,3,89,SCN5A:p.N592K,SCN5A,LOF,0.0,0.4869109947643979,0.0,SCN11A:p.N816K;SCN4A:p.N1297K;SCN8A:p.N374K,SCN11A;SCN4A;SCN8A,GOF;GOF;GOF
delta_site,3,90,SCN9A:p.D623N,SCN9A,GOF,0.0,0.3768545994065282,0.0,SCN2A:p.D12N;SCN5A:p.D84N;SCN5A:p.D1690N,SCN2A;SCN5A;SCN5A,LOF;LOF;LOF
delta_site,3,91,SCN5A:p.L619F,SCN5A,GOF,0.0,0.5130890052356021,0.0,SCN10A:p.L867F;SCN2A:p.L1330F;SCN1A:p.L986F,SCN10A;SCN2A;SCN1A,LOF;LOF;LOF
delta_site,3,92,SCN5A:p.R689H,SCN5A,LOF,0.6666666666666666,0.4869109947643979,1.3691756272401432,SCN10A:p.R814H;SCN4A:p.R104H;SCN1A:p.R393H,SCN10A;SCN4A;SCN1A,GOF;LOF;LOF
delta_site,3,93,SCN2A:p.T773I,SCN2A,GOF,0.3333333333333333,0.379746835443038,0.8777777777777777,SCN8A:p.T767I;SCN1A:p.T1709I;SCN5A:p.T353I,SCN8A;SCN1A;SCN5A,GOF;LOF;LOF
delta_site,3,94,SCN8A:p.T767I,SCN8A,GOF,0.3333333333333333,0.3803680981595092,0.8763440860215053,SCN2A:p.T773I;SCN1A:p.T1709I;SCN5A:p.T353I,SCN2A;SCN1A;SCN5A,GOF;LOF;LOF
delta_site,3,95,SCN5A:p.M734V,SCN5A,LOF,0.3333333333333333,0.4869109947643979,0.6845878136200716,SCN1A:p.M1500V;SCN8A:p.L1331V;SCN1A:p.M145T,SCN1A;SCN8A;SCN1A,GOF;GOF;LOF
delta_site,3,96,SCN5A:p.A735E,SCN5A,LOF,0.6666666666666666,0.4869109947643979,1.3691756272401432,SCN1A:p.A1685D;SCN2A:p.A263V;SCN1A:p.G177E,SCN1A;SCN2A;SCN1A,LOF;GOF;LOF
delta_site,3,97,SCN5A:p.A735T,SCN5A,LOF,0.3333333333333333,0.4869109947643979,0.6845878136200716,SCN2A:p.A1773T;SCN4A:p.A1156T;SCN10A:p.A1304T,SCN2A;SCN4A;SCN10A,LOF;GOF;GOF
delta_site,3,98,SCN5A:p.A735V,SCN5A,LOF,0.3333333333333333,0.4869109947643979,0.6845878136200716,SCN1A:p.A1685V;SCN2A:p.A263V;SCN10A:p.A1886V,SCN1A;SCN2A;SCN10A,LOF;GOF;GOF
delta_site,3,99,SCN1A:p.E788K,SCN1A,LOF,1.0,0.5609756097560976,1.7826086956521738,SCN5A:p.E1225K;SCN5A:p.E746K;SCN5A:p.E901K,SCN5A;SCN5A;SCN5A,LOF;LOF;LOF
delta_site,3,100,SCN1A:p.Y790C,SCN1A,LOF,0.6666666666666666,0.5609756097560976,1.188405797101449,SCN3A:p.Y1669C;SCN5A:p.Y1449C;SCN2A:p.Y1589C,SCN3A;SCN5A;SCN2A,LOF;LOF;GOF
delta_site,3,101,SCN5A:p.E746K,SCN5A,LOF,0.3333333333333333,0.4869109947643979,0.6845878136200716,SCN1A:p.E788K;SCN2A:p.E999K;SCN1A:p.Q1489K,SCN1A;SCN2A;SCN1A,LOF;GOF;GOF
delta_site,3,102,SCN5A:p.G752R,SCN5A,LOF,1.0,0.4869109947643979,2.053763440860215,SCN8A:p.G964R;SCN1A:p.G979R;SCN1A:p.G1421W,SCN8A;SCN1A;SCN1A,LOF;LOF;LOF
delta_site,3,103,SCN5A:p.D785N,SCN5A,LOF,0.6666666666666666,0.4869109947643979,1.3691756272401432,SCN10A:p.D1639N;SCN9A:p.D623N;SCN2A:p.D12N,SCN10A;SCN9A;SCN2A,LOF;GOF;LOF
delta_site,3,104,SCN8A:p.G822R,SCN8A,LOF,0.6666666666666666,0.6196319018404908,1.0759075907590758,SCN1A:p.G1421W;SCN5A:p.G1631D;SCN5A:p.G1748D,SCN1A;SCN5A;SCN5A,LOF;GOF;LOF
delta_site,3,105,SCN10A:p.R756W,SCN10A,LOF,1.0,0.6114457831325302,1.6354679802955663,SCN1A:p.R859C;SCN5A:p.R808C;SCN1A:p.R859H,SCN1A;SCN5A;SCN1A,LOF;LOF;LOF
delta_site,3,106,SCN1A:p.R859H,SCN1A,LOF,0.6666666666666666,0.5609756097560976,1.188405797101449,SCN4A:p.R669H;SCN11A:p.R222H;SCN4A:p.R672H,SCN4A;SCN11A;SCN4A,LOF;GOF;LOF
delta_site,3,107,SCN4A:p.R669H,SCN4A,LOF,0.6666666666666666,0.6214511041009464,1.0727580372250423,SCN1A:p.R859H;SCN11A:p.R222H;SCN5A:p.R811H,SCN1A;SCN11A;SCN5A,LOF;GOF;LOF
delta_site,3,108,SCN1A:p.R859C,SCN1A,LOF,1.0,0.5609756097560976,1.7826086956521738,SCN5A:p.R808C;SCN10A:p.R756W;SCN4A:p.R669H,SCN5A;SCN10A;SCN4A,LOF;LOF;LOF
delta_site,3,109,SCN5A:p.R808C,SCN5A,LOF,1.0,0.4869109947643979,2.053763440860215,SCN1A:p.R859C;SCN1A:p.R859H;SCN4A:p.R669H,SCN1A;SCN1A;SCN4A,LOF;LOF;LOF
delta_site,3,110,SCN4A:p.R672G,SCN4A,LOF,0.3333333333333333,0.6214511041009464,0.5363790186125211,SCN8A:p.R223G;SCN1A:p.R865G;SCN5A:p.R1626P,SCN8A;SCN1A;SCN5A,LOF;GOF;GOF
delta_site,3,111,SCN4A:p.R672H,SCN4A,LOF,0.6666666666666666,0.6214511041009464,1.0727580372250423,SCN5A:p.R811H;SCN1A:p.R859H;SCN11A:p.R222H,SCN5A;SCN1A;SCN11A,LOF;LOF;GOF
delta_site,3,112,SCN5A:p.R811H,SCN5A,LOF,1.0,0.4869109947643979,2.053763440860215,SCN4A:p.R672H;SCN4A:p.R1457H;SCN1A:p.R859H,SCN4A;SCN4A;SCN1A,LOF;LOF;LOF
delta_site,3,113,SCN3A:p.L855P,SCN3A,GOF,0.0,0.38095238095238093,0.0,SCN5A:p.L812Q;SCN5A:p.L839P;SCN5A:p.L1346P,SCN5A;SCN5A;SCN5A,LOF;LOF;LOF
delta_site,3,114,SCN5A:p.L812Q,SCN5A,LOF,0.6666666666666666,0.4869109947643979,1.3691756272401432,SCN3A:p.L855P;SCN10A:p.L388M;SCN1A:p.L986F,SCN3A;SCN10A;SCN1A,GOF;LOF;LOF
delta_site,3,115,SCN1A:p.R865G,SCN1A,GOF,0.0,0.43902439024390244,0.0,SCN4A:p.R672G;SCN5A:p.R1632C;SCN4A:p.R225W,SCN4A;SCN5A;SCN4A,LOF;LOF;LOF
delta_site,3,116,SCN5A:p.K817E,SCN5A,LOF,0.6666666666666666,0.4869109947643979,1.3691756272401432,SCN3A:p.K354Q;SCN10A:p.R756W;SCN4A:p.R225W,SCN3A;SCN10A;SCN4A,GOF;LOF;LOF
delta_site,3,117,SCN1A:p.T875M,SCN1A,LOF,0.3333333333333333,0.5609756097560976,0.5942028985507245,SCN5A:p.T1620M;SCN4A:p.T704M;SCN5A:p.T1304M,SCN5A;SCN4A;SCN5A,LOF;GOF;GOF
delta_site,3,118,SCN3A:p.I875T,SCN3A,GOF,0.6666666666666666,0.38095238095238093,1.75,SCN11A:p.I381T;SCN9A:p.I234T;SCN1A:p.I1656M,SCN11A;SCN9A;SCN1A,GOF;GOF;LOF
delta_site,3,119,SCN11A:p.G699R,SCN11A,GOF,0.3333333333333333,0.38596491228070173,0.8636363636363636,SCN8A:p.G1475R;SCN5A:p.G1406R;SCN5A:p.G1743R,SCN8A;SCN5A;SCN5A,GOF;LOF;LOF
delta_site,3,120,SCN5A:p.L839P,SCN5A,LOF,0.6666666666666666,0.4869109947643979,1.3691756272401432,SCN3A:p.L247P;SCN11A:p.L1158P;SCN10A:p.L388M,SCN3A;SCN11A;SCN10A,LOF;GOF;LOF
delta_site,3,121,SCN4A:p.T704M,SCN4A,GOF,0.3333333333333333,0.3785488958990536,0.8805555555555555,SCN5A:p.T1620M;SCN1A:p.T875M;SCN5A:p.T1304M,SCN5A;SCN1A;SCN5A,LOF;LOF;GOF
delta_site,3,122,SCN1A:p.F902C,SCN1A,LOF,0.6666666666666666,0.5609756097560976,1.188405797101449,SCN3A:p.F1646C;SCN5A:p.F851L;SCN5A:p.F892I,SCN3A;SCN5A;SCN5A,GOF;LOF;LOF
delta_site,3,123,SCN5A:p.F851L,SCN5A,LOF,0.3333333333333333,0.4869109947643979,0.6845878136200716,SCN1A:p.F1765L;SCN1A:p.F1499L;SCN2A:p.F1597L,SCN1A;SCN1A;SCN2A,LOF;GOF;GOF
delta_site,3,124,SCN9A:p.V872G,SCN9A,GOF,0.6666666666666666,0.3768545994065282,1.769028871391076,SCN10A:p.V94G;SCN11A:p.V1184A;SCN1A:p.V1611F,SCN10A;SCN11A;SCN1A,LOF;GOF;GOF
delta_site,3,125,SCN2A:p.G899S,SCN2A,LOF,0.6666666666666666,0.620253164556962,1.0748299319727892,SCN5A:p.G1262S;SCN10A:p.G1662S;SCN5A:p.P1506S,SCN5A;SCN10A;SCN5A,LOF;GOF;LOF
delta_site,3,126,SCN1A:p.M909K,SCN1A,LOF,1.0,0.5609756097560976,1.7826086956521738,SCN5A:p.M369K;SCN4A:p.M203K;SCN5A:p.E746K,SCN5A;SCN4A;SCN5A,LOF;LOF;LOF
delta_site,3,127,SCN10A:p.R814H,SCN10A,GOF,0.0,0.3885542168674699,0.0,SCN5A:p.R282H;SCN5A:p.R689H;SCN5A:p.R27H,SCN5A;SCN5A;SCN5A,LOF;LOF;LOF
delta_site,3,128,SCN2A:p.K908E,SCN2A,GOF,0.3333333333333333,0.379746835443038,0.8777777777777777,SCN5A:p.K126E;SCN5A:p.Q1832E;SCN3A:p.K354Q,SCN5A;SCN5A;SCN3A,LOF;LOF;GOF
delta_site,3,129,SCN5A:p.W879R,SCN5A,LOF,0.6666666666666666,0.4869109947643979,1.3691756272401432,SCN1A:p.Q1923R;SCN1A:p.C959R;SCN9A:p.Q10R,SCN1A;SCN1A;SCN9A,LOF;LOF;GOF
delta_site,3,130,SCN1A:p.H939Q,SCN1A,LOF,1.0,0.5609756097560976,1.7826086956521738,SCN5A:p.R104Q;SCN10A:p.R1588Q;SCN2A:p.R1319Q,SCN5A;SCN10A;SCN2A,LOF;LOF;LOF
delta_site,3,131,SCN5A:p.I890T,SCN5A,LOF,0.3333333333333333,0.4869109947643979,0.6845878136200716,SCN2A:p.I1571T;SCN11A:p.I381T;SCN1A:p.I1656M,SCN2A;SCN11A;SCN1A,GOF;GOF;LOF
delta_site,3,132,SCN5A:p.F892I,SCN5A,LOF,1.0,0.4869109947643979,2.053763440860215,SCN1A:p.F1765L;SCN1A:p.F902C;SCN1A:p.M1267I,SCN1A;SCN1A;SCN1A,LOF;LOF;LOF
delta_site,3,133,SCN1A:p.R946C,SCN1A,LOF,1.0,0.5609756097560976,1.7826086956521738,SCN2A:p.R937C;SCN5A:p.R367C;SCN5A:p.R1583C,SCN2A;SCN5A;SCN5A,LOF;LOF;LOF
delta_site,3,134,SCN2A:p.R937C,SCN2A,LOF,1.0,0.620253164556962,1.6122448979591837,SCN1A:p.R946C;SCN5A:p.R367C;SCN5A:p.R1583C,SCN1A;SCN5A;SCN5A,LOF;LOF;LOF
delta_site,3,135,SCN1A:p.R946H,SCN1A,LOF,1.0,0.5609756097560976,1.7826086956521738,SCN2A:p.R937H;SCN5A:p.R367H;SCN2A:p.R379H,SCN2A;SCN5A;SCN2A,LOF;LOF;LOF
delta_site,3,136,SCN2A:p.R937H,SCN2A,LOF,1.0,0.620253164556962,1.6122448979591837,SCN1A:p.R946H;SCN5A:p.R367H;SCN4A:p.R104H,SCN1A;SCN5A;SCN4A,LOF;LOF;LOF
delta_site,3,137,SCN5A:p.E901K,SCN5A,LOF,0.6666666666666666,0.4869109947643979,1.3691756272401432,SCN1A:p.E788K;SCN8A:p.N374K;SCN4A:p.M203K,SCN1A;SCN8A;SCN4A,LOF;GOF;LOF
delta_site,3,138,SCN1A:p.M956T,SCN1A,LOF,0.3333333333333333,0.5609756097560976,0.5942028985507245,SCN2A:p.M1879T;SCN11A:p.I381T;SCN5A:p.A735T,SCN2A;SCN11A;SCN5A,GOF;GOF;LOF
delta_site,3,139,SCN1A:p.C959R,SCN1A,LOF,1.0,0.5609756097560976,1.7826086956521738,SCN5A:p.C1850S;SCN5A:p.L325R;SCN5A:p.G1420R,SCN5A;SCN5A;SCN5A,LOF;LOF;LOF
delta_site,3,140,SCN5A:p.S910L,SCN5A,LOF,0.6666666666666666,0.4869109947643979,1.3691756272401432,SCN1A:p.S259R;SCN1A:p.V1353L;SCN10A:p.S242T,SCN1A;SCN1A;SCN10A,LOF;LOF;GOF
delta_site,3,141,SCN10A:p.L867F,SCN10A,LOF,0.6666666666666666,0.6114457831325302,1.0903119868637108,SCN5A:p.L619F;SCN2A:p.L1330F;SCN1A:p.L986F,SCN5A;SCN2A;SCN1A,GOF;LOF;LOF
delta_site,3,142,SCN1A:p.G979R,SCN1A,LOF,1.0,0.5609756097560976,1.7826086956521738,SCN8A:p.G964R;SCN5A:p.G752R;SCN5A:p.G1420R,SCN8A;SCN5A;SCN5A,LOF;LOF;LOF
delta_site,3,143,SCN8A:p.G964R,SCN8A,LOF,1.0,0.6196319018404908,1.613861386138614,SCN1A:p.G979R;SCN5A:p.G752R;SCN1A:p.G1421W,SCN1A;SCN5A;SCN1A,LOF;LOF;LOF
delta_site,3,144,SCN5A:p.N927S,SCN5A,LOF,0.0,0.4869109947643979,0.0,SCN4A:p.N1297S;SCN4A:p.N1366S;SCN4A:p.F1473S,SCN4A;SCN4A;SCN4A,GOF;GOF;GOF
delta_site,3,145,SCN5A:p.L928P,SCN5A,LOF,0.6666666666666666,0.4869109947643979,1.3691756272401432,SCN11A:p.L1158P;SCN3A:p.L247P;SCN10A:p.L388M,SCN11A;SCN3A;SCN10A,GOF;LOF;LOF
delta_site,3,146,SCN1A:p.V983A,SCN1A,LOF,0.3333333333333333,0.5609756097560976,0.5942028985507245,SCN3A:p.V1769A;SCN11A:p.V1184A;SCN8A:p.V1758A,SCN3A;SCN11A;SCN8A,GOF;GOF;LOF
delta_site,3,147,SCN1A:p.N985I,SCN1A,LOF,0.3333333333333333,0.5609756097560976,0.5942028985507245,SCN4A:p.N440K;SCN9A:p.N395K;SCN5A:p.N1722D,SCN4A;SCN9A;SCN5A,GOF;GOF;LOF
delta_site,3,148,SCN1A:p.L986F,SCN1A,LOF,0.6666666666666666,0.5609756097560976,1.188405797101449,SCN2A:p.L1330F;SCN5A:p.L619F;SCN10A:p.L867F,SCN2A;SCN5A;SCN10A,LOF;GOF;LOF
delta_site,3,149,SCN4A:p.L796V,SCN4A,GOF,1.0,0.3785488958990536,2.6416666666666666,SCN8A:p.L1331V;SCN1A:p.L263V;SCN5A:p.I1768V,SCN8A;SCN1A;SCN5A,GOF;GOF;GOF
delta_site,3,150,SCN5A:p.S941N,SCN5A,GOF,0.3333333333333333,0.5130890052356021,0.6496598639455782,SCN10A:p.D1639N;SCN2A:p.D12N;SCN2A:p.S1336Y,SCN10A;SCN2A;SCN2A,LOF;LOF;GOF
delta_site,3,151,SCN11A:p.N816K,SCN11A,GOF,0.6666666666666666,0.38596491228070173,1.7272727272727273,SCN5A:p.N592K;SCN4A:p.N1297K;SCN8A:p.N374K,SCN5A;SCN4A;SCN8A,LOF;GOF;GOF
delta_site,3,152,SCN2A:p.E999K,SCN2A,GOF,0.3333333333333333,0.379746835443038,0.8777777777777777,SCN5A:p.E1295K;SCN5A:p.E746K;SCN1A:p.E788K,SCN5A;SCN5A;SCN1A,GOF;LOF;LOF
delta_site,3,153,SCN1A:p.N1011I,SCN1A,LOF,0.6666666666666666,0.5609756097560976,1.188405797101449,SCN5A:p.N1722D;SCN11A:p.N816K;SCN5A:p.N592K,SCN5A;SCN11A;SCN5A,LOF;GOF;LOF
delta_site,3,154,SCN5A:p.R965C,SCN5A,LOF,0.6666666666666666,0.4869109947643979,1.3691756272401432,SCN8A:p.R1638C;SCN1A:p.R1596C;SCN8A:p.R1872W,SCN8A;SCN1A;SCN8A,LOF;LOF;GOF
delta_site,3,155,SCN5A:p.R1023H,SCN5A,LOF,0.6666666666666666,0.4869109947643979,1.3691756272401432,SCN10A:p.R814H;SCN1A:p.R393H;SCN4A:p.R104H,SCN10A;SCN1A;SCN4A,GOF;LOF;LOF
delta_site,3,156,SCN10A:p.P1102S,SCN10A,GOF,0.0,0.3885542168674699,0.0,SCN5A:p.P1506S;SCN5A:p.T1461S;SCN1A:p.P1632S,SCN5A;SCN5A;SCN1A,LOF;LOF;LOF
delta_site,3,157,SCN5A:p.S1103Y,SCN5A,GOF,1.0,0.5130890052356021,1.9489795918367347,SCN2A:p.S1336Y;SCN10A:p.S242T;SCN9A:p.S241T,SCN2A;SCN10A;SCN9A,GOF;GOF;GOF
delta_site,3,158,SCN5A:p.P1177L,SCN5A,GOF,1.0,0.5130890052356021,1.9489795918367347,SCN3A:p.P1333L;SCN4A:p.P1158L;SCN8A:p.R1872L,SCN3A;SCN4A;SCN8A,GOF;GOF;GOF
delta_site,3,159,SCN5A:p.R1193Q,SCN5A,LOF,0.3333333333333333,0.4869109947643979,0.6845878136200716,SCN8A:p.R1872Q;SCN2A:p.R1882Q;SCN1A:p.R1525Q,SCN8A;SCN2A;SCN1A,GOF;GOF;LOF
delta_site,3,160,SCN5A:p.S1218I,SCN5A,LOF,0.0,0.4869109947643979,0.0,SCN2A:p.S1336Y;SCN8A:p.T767I;SCN9A:p.S241T,SCN2A;SCN8A;SCN9A,GOF;GOF;GOF
delta_site,3,161,SCN5A:p.E1225K,SCN5A,LOF,0.3333333333333333,0.4869109947643979,0.6845878136200716,SCN1A:p.E788K;SCN2A:p.E999K;SCN2A:p.E1803G,SCN1A;SCN2A;SCN2A,LOF;GOF;GOF
delta_site,3,162,SCN5A:p.R1232W,SCN5A,LOF,0.6666666666666666,0.4869109947643979,1.3691756272401432,SCN1A:p.R1657C;SCN8A:p.R1638C;SCN8A:p.R1872W,SCN1A;SCN8A;SCN8A,LOF;LOF;GOF
delta_site,3,163,SCN1A:p.M1267I,SCN1A,LOF,0.0,0.5609756097560976,0.0,SCN8A:p.M1760I;SCN3A:p.M1765I;SCN8A:p.M139I,SCN8A;SCN3A;SCN8A,GOF;GOF;GOF
delta_site,3,164,SCN5A:p.G1262S,SCN5A,LOF,0.6666666666666666,0.4869109947643979,1.3691756272401432,SCN2A:p.G899S;SCN10A:p.G1662S;SCN1A:p.G177A,SCN2A;SCN10A;SCN1A,LOF;GOF;LOF
delta_site,3,165,SCN5A:p.A1294G,SCN5A,LOF,0.6666666666666666,0.4869109947643979,1.3691756272401432,SCN2A:p.R1882G;SCN10A:p.V94G;SCN2A:p.D82G,SCN2A;SCN10A;SCN2A,GOF;LOF;LOF
delta_site,3,166,SCN5A:p.E1295K,SCN5A,GOF,0.6666666666666666,0.5130890052356021,1.2993197278911564,SCN2A:p.E999K;SCN1A:p.E788K;SCN1A:p.Q1489K,SCN2A;SCN1A;SCN1A,GOF;LOF;GOF
delta_site,3,167,SCN5A:p.T1304M,SCN5A,GOF,0.3333333333333333,0.5130890052356021,0.6496598639455782,SCN2A:p.T1420M;SCN1A:p.T875M;SCN4A:p.T1313M,SCN2A;SCN1A;SCN4A,LOF;LOF;GOF
delta_site,3,168,SCN2A:p.R1312T,SCN2A,LOF,0.6666666666666666,0.620253164556962,1.0748299319727892,SCN4A:p.R669H;SCN1A:p.R865G;SCN5A:p.R1632C,SCN4A;SCN1A;SCN5A,LOF;GOF;LOF
delta_site,3,169,SCN11A:p.L1158P,SCN11A,GOF,0.0,0.38596491228070173,0.0,SCN5A:p.L839P;SCN5A:p.L928P;SCN5A:p.L136P,SCN5A;SCN5A;SCN5A,LOF;LOF;LOF
delta_site,3,170,SCN2A:p.R1319Q,SCN2A,LOF,1.0,0.620253164556962,1.6122448979591837,SCN5A:p.R104Q;SCN1A:p.R1525Q;SCN10A:p.R1588Q,SCN5A;SCN1A;SCN10A,LOF;LOF;LOF
delta_site,3,171,SCN5A:p.G1319V,SCN5A,LOF,0.6666666666666666,0.4869109947643979,1.3691756272401432,SCN1A:p.A1685V;SCN8A:p.G269R;SCN2A:p.A263V,SCN1A;SCN8A;SCN2A,LOF;LOF;GOF
delta_site,3,172,SCN5A:p.N1325S,SCN5A,GOF,1.0,0.5130890052356021,1.9489795918367347,SCN4A:p.N1297S;SCN4A:p.N1366S;SCN4A:p.F1473S,SCN4A;SCN4A;SCN4A,GOF;GOF;GOF
delta_site,3,173,SCN2A:p.L1330F,SCN2A,LOF,0.6666666666666666,0.620253164556962,1.0748299319727892,SCN1A:p.L986F;SCN5A:p.L619F;SCN10A:p.L867F,SCN1A;SCN5A;SCN10A,LOF;GOF;LOF
delta_site,3,174,SCN5A:p.V1328M,SCN5A,GOF,0.3333333333333333,0.5130890052356021,0.6496598639455782,SCN8A:p.V1758A;SCN4A:p.V445M;SCN10A:p.V1518I,SCN8A;SCN4A;SCN10A,LOF;GOF;LOF
delta_site,3,175,SCN5A:p.A1330P,SCN5A,GOF,0.6666666666666666,0.5130890052356021,1.2993197278911564,SCN1A:p.A1685D;SCN4A:p.A1156T;SCN8A:p.A1622D,SCN1A;SCN4A;SCN8A,LOF;GOF;GOF
delta_site,3,176,SCN4A:p.A1156T,SCN4A,GOF,0.3333333333333333,0.3785488958990536,0.8805555555555555,SCN5A:p.A1330T;SCN5A:p.A735T;SCN2A:p.A1773T,SCN5A;SCN5A;SCN2A,GOF;LOF;LOF
delta_site,3,177,SCN5A:p.A1330T,SCN5A,GOF,0.6666666666666666,0.5130890052356021,1.2993197278911564,SCN4A:p.A1156T;SCN2A:p.A1773T;SCN10A:p.A1304T,SCN4A;SCN2A;SCN10A,GOF;LOF;GOF
delta_site,3,178,SCN3A:p.P1333L,SCN3A,GOF,0.6666666666666666,0.38095238095238093,1.75,SCN4A:p.P1158L;SCN5A:p.P1332L;SCN5A:p.P336L,SCN4A;SCN5A;SCN5A,GOF;GOF;LOF
delta_site,3,179,SCN4A:p.P1158L,SCN4A,GOF,0.6666666666666666,0.3785488958990536,1.761111111111111,SCN3A:p.P1333L;SCN5A:p.P1332L;SCN5A:p.P336L,SCN3A;SCN5A;SCN5A,GOF;GOF;LOF
delta_site,3,180,SCN5A:p.P1332L,SCN5A,GOF,0.6666666666666666,0.5130890052356021,1.2993197278911564,SCN3A:p.P1333L;SCN4A:p.P1158L;SCN2A:p.P1658S,SCN3A;SCN4A;SCN2A,GOF;GOF;LOF
delta_site,3,181,SCN5A:p.S1333Y,SCN5A,GOF,1.0,0.5130890052356021,1.9489795918367347,SCN2A:p.S1336Y;SCN10A:p.S242T;SCN9A:p.S241T,SCN2A;SCN10A;SCN9A,GOF;GOF;GOF
delta_site,3,182,SCN2A:p.S1336Y,SCN2A,GOF,0.6666666666666666,0.379746835443038,1.7555555555555553,SCN5A:p.S1333Y;SCN5A:p.S1672Y;SCN5A:p.S1103Y,SCN5A;SCN5A;SCN5A,GOF;LOF;GOF
delta_site,3,183,SCN8A:p.I1327V,SCN8A,GOF,0.6666666666666666,0.3803680981595092,1.7526881720430105,SCN5A:p.I1660V;SCN10A:p.I1706V;SCN5A:p.I1768V,SCN5A;SCN10A;SCN5A,LOF;GOF;GOF
delta_site,3,184,SCN2A:p.N1339D,SCN2A,GOF,0.6666666666666666,0.379746835443038,1.7555555555555553,SCN5A:p.N1722D;SCN8A:p.N1768D;SCN5A:p.N1774D,SCN5A;SCN8A;SCN5A,LOF;GOF;GOF
delta_site,3,185,SCN8A:p.L1331V,SCN8A,GOF,1.0,0.3803680981595092,2.629032258064516,SCN4A:p.L796V;SCN1A:p.L263V;SCN5A:p.I1768V,SCN4A;SCN1A;SCN5A,GOF;GOF;GOF
delta_site,3,186,SCN11A:p.V1184A,SCN11A,GOF,0.3333333333333333,0.38596491228070173,0.8636363636363636,SCN3A:p.V1769A;SCN1A:p.V983A;SCN8A:p.V1758A,SCN3A;SCN1A;SCN8A,GOF;LOF;LOF
delta_site,3,187,SCN5A:p.V1340I,SCN5A,LOF,0.6666666666666666,0.4869109947643979,1.3691756272401432,SCN4A:p.V1293I;SCN1A:p.V1366I;SCN10A:p.V1518I,SCN4A;SCN1A;SCN10A,GOF;LOF;LOF
delta_site,3,188,SCN1A:p.V1353L,SCN1A,LOF,0.6666666666666666,0.5609756097560976,1.188405797101449,SCN5A:p.V1405L;SCN5A:p.V125L;SCN5A:p.V396L,SCN5A;SCN5A;SCN5A,LOF;GOF;LOF
delta_site,3,189,SCN5A:p.F1344S,SCN5A,LOF,0.3333333333333333,0.4869109947643979,0.6845878136200716,SCN1A:p.F1774S;SCN1A:p.F1831S;SCN9A:p.F216S,SCN1A;SCN1A;SCN9A,GOF;LOF;GOF
delta_site,3,190,SCN5A:p.W1345C,SCN5A,LOF,0.6666666666666666,0.4869109947643979,1.3691756272401432,SCN3A:p.Y1669C;SCN2A:p.R937C;SCN2A:p.Y1589C,SCN3A;SCN2A;SCN2A,LOF;LOF;GOF
delta_site,3,191,SCN5A:p.L1346P,SCN5A,LOF,0.3333333333333333,0.4869109947643979,0.6845878136200716,SCN11A:p.L1158P;SCN1A:p.L1624P;SCN10A:p.L388M,SCN11A;SCN1A;SCN10A,GOF;GOF;LOF
delta_site,3,192,SCN1A:p.V1366I,SCN1A,LOF,0.3333333333333333,0.5609756097560976,0.5942028985507245,SCN4A:p.V1293I;SCN5A:p.V1667I;SCN10A:p.V1518I,SCN4A;SCN5A;SCN10A,GOF;GOF;LOF
delta_site,3,193,SCN10A:p.A1304T,SCN10A,GOF,0.3333333333333333,0.3885542168674699,0.8578811369509043,SCN2A:p.A1773T;SCN5A:p.A551T;SCN4A:p.A1156T,SCN2A;SCN5A;SCN4A,LOF;LOF;GOF
delta_site,3,194,SCN8A:p.T1360N,SCN8A,LOF,0.6666666666666666,0.6196319018404908,1.0759075907590758,SCN2A:p.T1623N;SCN1A:p.T297I;SCN2A:p.D12N,SCN2A;SCN1A;SCN2A,GOF;LOF;LOF
delta_site,3,195,SCN5A:p.V1378M,SCN5A,LOF,0.0,0.4869109947643979,0.0,SCN4A:p.V445M;SCN9A:p.V400M;SCN2A:p.I1473M,SCN4A;SCN9A;SCN2A,GOF;GOF;GOF
delta_site,3,196,SCN5A:p.N1380K,SCN5A,LOF,0.0,0.4869109947643979,0.0,SCN8A:p.N374K;SCN4A:p.N1297K;SCN11A:p.N816K,SCN8A;SCN4A;SCN11A,GOF;GOF;GOF
delta_site,3,197,SCN5A:p.S1382I,SCN5A,LOF,0.3333333333333333,0.4869109947643979,0.6845878136200716,SCN10A:p.S242T;SCN9A:p.S241T;SCN1A:p.T297I,SCN10A;SCN9A;SCN1A,GOF;GOF;LOF
delta_site,3,198,SCN4A:p.C1209F,SCN4A,LOF,0.6666666666666666,0.6214511041009464,1.0727580372250423,SCN2A:p.C1386R;SCN3A:p.R1621G;SCN1A:p.L986F,SCN2A;SCN3A;SCN1A,LOF;GOF;LOF
delta_site,3,199,SCN2A:p.C1386R,SCN2A,LOF,1.0,0.620253164556962,1.6122448979591837,SCN4A:p.C1209F;SCN5A:p.C335R;SCN1A:p.C959R,SCN4A;SCN5A;SCN1A,LOF;LOF;LOF
delta_site,3,200,SCN5A:p.V1405L,SCN5A,LOF,0.3333333333333333,0.4869109947643979,0.6845878136200716,SCN1A:p.V1353L;SCN2A:p.V423L;SCN4A:p.V1293I,SCN1A;SCN2A;SCN4A,LOF;GOF;GOF
delta_site,3,201,SCN5A:p.V1405M,SCN5A,LOF,0.0,0.4869109947643979,0.0,SCN4A:p.V445M;SCN9A:p.V400M;SCN4A:p.V1293I,SCN4A;SCN9A;SCN4A,GOF;GOF;GOF
delta_site,3,202,SCN5A:p.G1406E,SCN5A,LOF,0.6666666666666666,0.4869109947643979,1.3691756272401432,SCN4A:p.G1306E;SCN1A:p.G1421W;SCN1A:p.G1749E,SCN4A;SCN1A;SCN1A,GOF;LOF;LOF
delta_site,3,203,SCN5A:p.G1406R,SCN5A,LOF,0.3333333333333333,0.4869109947643979,0.6845878136200716,SCN11A:p.G699R;SCN8A:p.G1475R;SCN8A:p.G822R,SCN11A;SCN8A;SCN8A,GOF;GOF;LOF
delta_site,3,204,SCN1A:p.G1421W,SCN1A,LOF,0.6666666666666666,0.5609756097560976,1.188405797101449,SCN5A:p.G1748D;SCN8A:p.G822R;SCN5A:p.G1631D,SCN5A;SCN8A;SCN5A,LOF;LOF;GOF
delta_site,3,205,SCN2A:p.T1420M,SCN2A,LOF,0.3333333333333333,0.620253164556962,0.5374149659863946,SCN5A:p.T1709M;SCN4A:p.T1313M;SCN5A:p.T1304M,SCN5A;SCN4A;SCN5A,LOF;GOF;GOF
delta_site,3,206,SCN5A:p.G1420R,SCN5A,LOF,0.3333333333333333,0.4869109947643979,0.6845878136200716,SCN8A:p.G1475R;SCN11A:p.G699R;SCN8A:p.G964R,SCN8A;SCN11A;SCN8A,GOF;GOF;LOF
delta_site,3,207,SCN5A:p.G1420V,SCN5A,LOF,1.0,0.4869109947643979,2.053763440860215,SCN1A:p.A1685V;SCN8A:p.G822R;SCN1A:p.G1421W,SCN1A;SCN8A;SCN1A,LOF;LOF;LOF
delta_site,3,208,SCN5A:p.A1428S,SCN5A,LOF,0.3333333333333333,0.4869109947643979,0.6845878136200716,SCN2A:p.G899S;SCN10A:p.G1662S;SCN10A:p.A1304T,SCN2A;SCN10A;SCN10A,LOF;GOF;GOF
delta_site,3,209,SCN5A:p.A1428V,SCN5A,LOF,0.3333333333333333,0.4869109947643979,0.6845878136200716,SCN8A:p.A1491V;SCN10A:p.A1886V;SCN1A:p.A1685V,SCN8A;SCN10A;SCN1A,GOF;GOF;LOF
delta_site,3,210,SCN5A:p.D1430N,SCN5A,LOF,0.6666666666666666,0.4869109947643979,1.3691756272401432,SCN10A:p.D1639N;SCN2A:p.D12N;SCN9A:p.D623N,SCN10A;SCN2A;SCN9A,LOF;LOF;GOF
delta_site,3,211,SCN5A:p.R1432G,SCN5A,LOF,0.3333333333333333,0.4869109947643979,0.6845878136200716,SCN2A:p.R1882G;SCN1A:p.R1927G;SCN1A:p.R865G,SCN2A;SCN1A;SCN1A,GOF;LOF;GOF
delta_site,3,212,SCN5A:p.Y1449C,SCN5A,LOF,0.6666666666666666,0.4869109947643979,1.3691756272401432,SCN2A:p.Y1589C;SCN3A:p.Y1669C;SCN1A:p.Y790C,SCN2A;SCN3A;SCN1A,GOF;LOF;LOF
delta_site,3,213,SCN5A:p.T1461S,SCN5A,LOF,0.0,0.4869109947643979,0.0,SCN2A:p.T236S;SCN1A:p.F1774S;SCN10A:p.G1662S,SCN2A;SCN1A;SCN10A,GOF;GOF;GOF
delta_site,3,214,SCN4A:p.V1293I,SCN4A,GOF,0.3333333333333333,0.3785488958990536,0.8805555555555555,SCN1A:p.V1366I;SCN5A:p.V1667I;SCN5A:p.V1340I,SCN1A;SCN5A;SCN5A,LOF;GOF;LOF
delta_site,3,215,SCN2A:p.I1473M,SCN2A,GOF,0.3333333333333333,0.379746835443038,0.8777777777777777,SCN1A:p.I1498M;SCN9A:p.I228M;SCN1A:p.I1656M,SCN1A;SCN9A;SCN1A,LOF;GOF;LOF
delta_site,3,216,SCN4A:p.N1297K,SCN4A,GOF,0.6666666666666666,0.3785488958990536,1.761111111111111,SCN8A:p.N374K;SCN11A:p.N816K;SCN5A:p.N592K,SCN8A;SCN11A;SCN5A,GOF;GOF;LOF
delta_site,3,217,SCN4A:p.N1297S,SCN4A,GOF,0.3333333333333333,0.3785488958990536,0.8805555555555555,SCN5A:p.N1325S;SCN5A:p.N927S;SCN5A:p.N406S,SCN5A;SCN5A;SCN5A,GOF;LOF;LOF
delta_site,3,218,SCN4A:p.F1298C,SCN4A,GOF,0.6666666666666666,0.3785488958990536,1.761111111111111,SCN5A:p.F1473C;SCN5A:p.F1473S;SCN1A:p.F1765L,SCN5A;SCN5A;SCN1A,GOF;GOF;LOF
delta_site,3,219,SCN5A:p.F1473C,SCN5A,GOF,0.6666666666666666,0.5130890052356021,1.2993197278911564,SCN4A:p.F1298C;SCN1A:p.F1765L;SCN2A:p.F1597L,SCN4A;SCN1A;SCN2A,GOF;LOF;GOF
delta_site,3,220,SCN5A:p.F1473S,SCN5A,GOF,0.6666666666666666,0.5130890052356021,1.2993197278911564,SCN4A:p.F1298C;SCN1A:p.F1831S;SCN9A:p.F216S,SCN4A;SCN1A;SCN9A,GOF;LOF;GOF
delta_site,3,221,SCN5A:p.Q1475P,SCN5A,GOF,1.0,0.5130890052356021,1.9489795918367347,SCN1A:p.Q1489H;SCN9A:p.Q10R;SCN1A:p.Q1489K,SCN1A;SCN9A;SCN1A,GOF;GOF;GOF
delta_site,3,222,SCN1A:p.Q1489H,SCN1A,GOF,1.0,0.43902439024390244,2.2777777777777777,SCN5A:p.Q1476R;SCN5A:p.Q1475P;SCN9A:p.Q10R,SCN5A;SCN5A;SCN9A,GOF;GOF;GOF
delta_site,3,223,SCN1A:p.Q1489K,SCN1A,GOF,1.0,0.43902439024390244,2.2777777777777777,SCN5A:p.Q1476R;SCN4A:p.N1297K;SCN5A:p.E1295K,SCN5A;SCN4A;SCN5A,GOF;GOF;GOF
delta_site,3,224,SCN5A:p.Q1476R,SCN5A,GOF,1.0,0.5130890052356021,1.9489795918367347,SCN9A:p.Q10R;SCN1A:p.Q1489K;SCN1A:p.Q1489H,SCN9A;SCN1A;SCN1A,GOF;GOF;GOF
delta_site,3,225,SCN4A:p.G1306E,SCN4A,GOF,0.3333333333333333,0.3785488958990536,0.8805555555555555,SCN1A:p.G1749E;SCN5A:p.G1406E;SCN8A:p.G1475R,SCN1A;SCN5A;SCN8A,LOF;LOF;GOF
delta_site,3,226,SCN8A:p.G1475R,SCN8A,GOF,0.3333333333333333,0.3803680981595092,0.8763440860215053,SCN5A:p.G386R;SCN5A:p.G1743R;SCN11A:p.G699R,SCN5A;SCN5A;SCN11A,LOF;LOF;GOF
delta_site,3,227,SCN1A:p.I1498M,SCN1A,LOF,0.0,0.5609756097560976,0.0,SCN2A:p.I1473M;SCN9A:p.I228M;SCN4A:p.I1310N,SCN2A;SCN9A;SCN4A,GOF;GOF;GOF
delta_site,3,228,SCN4A:p.I1310N,SCN4A,GOF,0.0,0.3785488958990536,0.0,SCN1A:p.I1656M;SCN5A:p.D1430N;SCN1A:p.I1498M,SCN1A;SCN5A;SCN1A,LOF;LOF;LOF
delta_site,3,229,SCN5A:p.F1486L,SCN5A,GOF,0.6666666666666666,0.5130890052356021,1.2993197278911564,SCN1A:p.F1499L;SCN1A:p.F1765L;SCN1A:p.F1661L,SCN1A;SCN1A;SCN1A,GOF;LOF;GOF
delta_site,3,230,SCN1A:p.F1499L,SCN1A,GOF,0.3333333333333333,0.43902439024390244,0.7592592592592592,SCN5A:p.F1486L;SCN5A:p.F2004L;SCN5A:p.F851L,SCN5A;SCN5A;SCN5A,GOF;LOF;LOF
delta_site,3,231,SCN1A:p.M1500V,SCN1A,GOF,0.6666666666666666,0.43902439024390244,1.5185185185185184,SCN5A:p.M734V;SCN8A:p.L1331V;SCN5A:p.I1768V,SCN5A;SCN8A;SCN5A,LOF;GOF;GOF
delta_site,3,232,SCN4A:p.T1313A,SCN4A,GOF,1.0,0.3785488958990536,2.6416666666666666,SCN3A:p.T1486I;SCN11A:p.V1184A;SCN5A:p.P2006A,SCN3A;SCN11A;SCN5A,GOF;GOF;GOF
delta_site,3,233,SCN4A:p.T1313M,SCN4A,GOF,0.3333333333333333,0.3785488958990536,0.8805555555555555,SCN3A:p.T1486I;SCN5A:p.T1709M;SCN2A:p.T1420M,SCN3A;SCN5A;SCN2A,GOF;LOF;LOF
delta_site,3,234,SCN3A:p.T1486I,SCN3A,GOF,0.6666666666666666,0.38095238095238093,1.75,SCN4A:p.T1313M;SCN1A:p.T1709I;SCN4A:p.T1313A,SCN4A;SCN1A;SCN4A,GOF;LOF;GOF
delta_site,3,235,SCN8A:p.A1491V,SCN8A,GOF,0.3333333333333333,0.3803680981595092,0.8763440860215053,SCN10A:p.A1886V;SCN5A:p.A1428V;SCN5A:p.A735V,SCN10A;SCN5A;SCN5A,GOF;LOF;LOF
delta_site,3,236,SCN5A:p.P1506S,SCN5A,LOF,1.0,0.4869109947643979,2.053763440860215,SCN2A:p.P1658S;SCN1A:p.P1632S;SCN2A:p.P1622S,SCN2A;SCN1A;SCN2A,LOF;LOF;LOF
delta_site,3,237,SCN5A:p.R1512W,SCN5A,LOF,0.6666666666666666,0.4869109947643979,1.3691756272401432,SCN8A:p.R1872W;SCN1A:p.R1657C;SCN1A:p.R1525Q,SCN8A;SCN1A;SCN1A,GOF;LOF;LOF
delta_site,3,238,SCN1A:p.R1525Q,SCN1A,LOF,0.6666666666666666,0.5609756097560976,1.188405797101449,SCN5A:p.R104Q;SCN8A:p.R1872Q;SCN5A:p.R1193Q,SCN5A;SCN8A;SCN5A,LOF;GOF;LOF
delta_site,3,239,SCN5A:p.N1541D,SCN5A,LOF,0.0,0.4869109947643979,0.0,SCN8A:p.N1768D;SCN2A:p.N1339D;SCN4A:p.N1366S,SCN8A;SCN2A;SCN4A,GOF;GOF;GOF
delta_site,3,240,SCN4A:p.N1366S,SCN4A,GOF,0.3333333333333333,0.3785488958990536,0.8805555555555555,SCN5A:p.N1325S;SCN5A:p.N406S;SCN5A:p.N927S,SCN5A;SCN5A;SCN5A,GOF;LOF;LOF
delta_site,3,241,SCN1A:p.R1575C,SCN1A,GOF,0.6666666666666666,0.43902439024390244,1.5185185185185184,SCN5A:p.R458C;SCN5A:p.R965C;SCN5A:p.Y1767C,SCN5A;SCN5A;SCN5A,GOF;LOF;GOF
delta_site,3,242,SCN2A:p.I1571T,SCN2A,GOF,0.6666666666666666,0.379746835443038,1.7555555555555553,SCN11A:p.I381T;SCN5A:p.I890T;SCN3A:p.I875T,SCN11A;SCN5A;SCN3A,GOF;LOF;GOF
delta_site,3,243,SCN10A:p.V1518I,SCN10A,LOF,0.3333333333333333,0.6114457831325302,0.5451559934318554,SCN5A:p.V1667I;SCN1A:p.V1366I;SCN4A:p.V1293I,SCN5A;SCN1A;SCN4A,GOF;LOF;GOF
delta_site,3,244,SCN1A:p.E1587K,SCN1A,LOF,1.0,0.5609756097560976,1.7826086956521738,SCN5A:p.E1574K;SCN5A:p.E1225K;SCN5A:p.E161K,SCN5A;SCN5A;SCN5A,LOF;LOF;LOF
delta_site,3,245,SCN5A:p.E1574K,SCN5A,LOF,1.0,0.4869109947643979,2.053763440860215,SCN1A:p.E1587K;SCN1A:p.E788K;SCN4A:p.R1454W,SCN1A;SCN1A;SCN4A,LOF;LOF;LOF
delta_site,3,246,SCN1A:p.R1596C,SCN1A,LOF,1.0,0.5609756097560976,1.7826086956521738,SCN5A:p.R1583C;SCN8A:p.R1638C;SCN5A:p.R1644C,SCN5A;SCN8A;SCN5A,LOF;LOF;LOF
delta_site,3,247,SCN5A:p.R1583C,SCN5A,LOF,1.0,0.4869109947643979,2.053763440860215,SCN1A:p.R1596C;SCN8A:p.R1638C;SCN1A:p.R1657C,SCN1A;SCN8A;SCN1A,LOF;LOF;LOF
delta_site,3,248,SCN2A:p.Y1589C,SCN2A,GOF,0.0,0.379746835443038,0.0,SCN5A:p.Y1449C;SCN3A:p.Y1669C;SCN1A:p.Y790C,SCN5A;SCN3A;SCN1A,LOF;LOF;LOF
delta_site,3,249,SCN2A:p.F1597L,SCN2A,GOF,0.3333333333333333,0.379746835443038,0.8777777777777777,SCN1A:p.F1765L;SCN5A:p.F851L;SCN5A:p.F1486L,SCN1A;SCN5A;SCN5A,LOF;LOF;GOF
delta_site,3,250,SCN5A:p.D1595N,SCN5A,LOF,0.6666666666666666,0.4869109947643979,1.3691756272401432,SCN10A:p.D1639N;SCN9A:p.D623N;SCN1A:p.Y426N,SCN10A;SCN9A;SCN1A,LOF;GOF;LOF
delta_site,3,251,SCN1A:p.V1611F,SCN1A,GOF,0.6666666666666666,0.43902439024390244,1.5185185185185184,SCN5A:p.V1405M;SCN5A:p.V411M;SCN9A:p.V400M,SCN5A;SCN5A;SCN9A,LOF;GOF;GOF
delta_site,3,252,SCN5A:p.S1609L,SCN5A,GOF,0.6666666666666666,0.5130890052356021,1.2993197278911564,SCN2A:p.S1336Y;SCN1A:p.S259R;SCN8A:p.R1872L,SCN2A;SCN1A;SCN8A,GOF;LOF;GOF
delta_site,3,253,SCN1A:p.L1624P,SCN1A,GOF,0.6666666666666666,0.43902439024390244,1.5185185185185184,SCN5A:p.L1346P;SCN10A:p.L554P;SCN11A:p.L1158P,SCN5A;SCN10A;SCN11A,LOF;GOF;GOF
delta_site,3,254,SCN4A:p.V1442E,SCN4A,LOF,0.3333333333333333,0.6214511041009464,0.5363790186125211,SCN2A:p.V208E;SCN10A:p.V94G;SCN5A:p.V1763M,SCN2A;SCN10A;SCN5A,GOF;LOF;GOF
delta_site,3,255,SCN1A:p.P1632S,SCN1A,LOF,1.0,0.5609756097560976,1.7826086956521738,SCN2A:p.P1622S;SCN2A:p.P1658S;SCN5A:p.P1506S,SCN2A;SCN2A;SCN5A,LOF;LOF;LOF
delta_site,3,256,SCN2A:p.P1622S,SCN2A,LOF,0.6666666666666666,0.620253164556962,1.0748299319727892,SCN1A:p.P1632S;SCN5A:p.P1506S;SCN5A:p.N1325S,SCN1A;SCN5A;SCN5A,LOF;LOF;GOF
delta_site,3,257,SCN2A:p.T1623N,SCN2A,GOF,0.0,0.379746835443038,0.0,SCN8A:p.T1360N;SCN5A:p.T1620M;SCN1A:p.T1709I,SCN8A;SCN5A;SCN1A,LOF;LOF;LOF
delta_site,3,258,SCN5A:p.T1620M,SCN5A,LOF,0.3333333333333333,0.4869109947643979,0.6845878136200716,SCN1A:p.T875M;SCN4A:p.T704M;SCN4A:p.T1313M,SCN1A;SCN4A;SCN4A,LOF;GOF;GOF
delta_site,3,259,SCN3A:p.R1621G,SCN3A,GOF,0.6666666666666666,0.38095238095238093,1.75,SCN5A:p.R1623Q;SCN8A:p.R1617Q;SCN8A:p.R223G,SCN5A;SCN8A;SCN8A,GOF;GOF;LOF
delta_site,3,260,SCN3A:p.R1621Q,SCN3A,GOF,0.6666666666666666,0.38095238095238093,1.75,SCN8A:p.R1617Q;SCN5A:p.R1623Q;SCN5A:p.R1629Q,SCN8A;SCN5A;SCN5A,GOF;GOF;LOF
delta_site,3,261,SCN5A:p.R1623Q,SCN5A,GOF,1.0,0.5130890052356021,1.9489795918367347,SCN8A:p.R1617Q;SCN3A:p.R1621Q;SCN3A:p.R1621G,SCN8A;SCN3A;SCN3A,GOF;GOF;GOF
delta_site,3,262,SCN8A:p.R1617Q,SCN8A,GOF,1.0,0.3803680981595092,2.629032258064516,SCN3A:p.R1621Q;SCN5A:p.R1623Q;SCN3A:p.R1621G,SCN3A;SCN5A;SCN3A,GOF;GOF;GOF
delta_site,3,263,SCN4A:p.R1451C,SCN4A,LOF,0.6666666666666666,0.6214511041009464,1.0727580372250423,SCN5A:p.R1626P;SCN5A:p.R1632C;SCN8A:p.R1620L,SCN5A;SCN5A;SCN8A,GOF;LOF;LOF
delta_site,3,264,SCN5A:p.R1626P,SCN5A,GOF,0.0,0.5130890052356021,0.0,SCN4A:p.R1451C;SCN8A:p.R1620L;SCN4A:p.R1451L,SCN4A;SCN8A;SCN4A,LOF;LOF;LOF
delta_site,3,265,SCN4A:p.R1451L,SCN4A,LOF,0.6666666666666666,0.6214511041009464,1.0727580372250423,SCN8A:p.R1620L;SCN5A:p.R1626P;SCN5A:p.R1629Q,SCN8A;SCN5A;SCN5A,LOF;GOF;LOF
delta_site,3,266,SCN8A:p.R1620L,SCN8A,LOF,0.6666666666666666,0.6196319018404908,1.0759075907590758,SCN4A:p.R1451L;SCN5A:p.R1626P;SCN5A:p.R1629Q,SCN4A;SCN5A;SCN5A,LOF;GOF;LOF
delta_site,3,267,SCN8A:p.A1622D,SCN8A,GOF,0.3333333333333333,0.3803680981595092,0.8763440860215053,SCN5A:p.A124D;SCN5A:p.A1330P;SCN1A:p.A1685D,SCN5A;SCN5A;SCN1A,LOF;GOF;LOF
delta_site,3,268,SCN5A:p.R1629Q,SCN5A,LOF,0.3333333333333333,0.4869109947643979,0.6845878136200716,SCN3A:p.R1621Q;SCN8A:p.R1617Q;SCN4A:p.R1457H,SCN3A;SCN8A;SCN4A,GOF;GOF;LOF
delta_site,3,269,SCN4A:p.R1454W,SCN4A,LOF,1.0,0.6214511041009464,1.6091370558375635,SCN5A:p.R1632C;SCN5A:p.R225W;SCN10A:p.R756W,SCN5A;SCN5A;SCN10A,LOF;LOF;LOF
delta_site,3,270,SCN5A:p.G1631D,SCN5A,GOF,0.0,0.5130890052356021,0.0,SCN1A:p.G1421W;SCN8A:p.G822R;SCN1A:p.G979R,SCN1A;SCN8A;SCN1A,LOF;LOF;LOF
delta_site,3,271,SCN5A:p.R1632C,SCN5A,LOF,0.6666666666666666,0.4869109947643979,1.3691756272401432,SCN4A:p.R1457H;SCN4A:p.R1454W;SCN1A:p.R865G,SCN4A;SCN4A;SCN1A,LOF;LOF;GOF
delta_site,3,272,SCN4A:p.R1457H,SCN4A,LOF,1.0,0.6214511041009464,1.6091370558375635,SCN5A:p.R811H;SCN5A:p.R1632C;SCN1A:p.R859H,SCN5A;SCN5A;SCN1A,LOF;LOF;LOF
delta_site,3,273,SCN10A:p.R1588Q,SCN10A,LOF,0.6666666666666666,0.6114457831325302,1.0903119868637108,SCN5A:p.R1193Q;SCN1A:p.R1525Q;SCN8A:p.R1872Q,SCN5A;SCN1A;SCN8A,LOF;LOF;GOF
delta_site,3,274,SCN5A:p.G1642E,SCN5A,LOF,0.6666666666666666,0.4869109947643979,1.3691756272401432,SCN1A:p.G177E;SCN4A:p.G1306E;SCN1A:p.G1749E,SCN1A;SCN4A;SCN1A,LOF;GOF;LOF
delta_site,3,275,SCN1A:p.I1656M,SCN1A,LOF,0.0,0.5609756097560976,0.0,SCN9A:p.I228M;SCN2A:p.I1473M;SCN4A:p.I1310N,SCN9A;SCN2A;SCN4A,GOF;GOF;GOF
delta_site,3,276,SCN1A:p.R1657C,SCN1A,LOF,0.6666666666666666,0.5609756097560976,1.188405797101449,SCN5A:p.R1644C;SCN8A:p.R1638C;SCN5A:p.R1644H,SCN5A;SCN8A;SCN5A,LOF;LOF;GOF
delta_site,3,277,SCN5A:p.R1644C,SCN5A,LOF,1.0,0.4869109947643979,2.053763440860215,SCN8A:p.R1638C;SCN1A:p.R1657C;SCN1A:p.R1596C,SCN8A;SCN1A;SCN1A,LOF;LOF;LOF
delta_site,3,278,SCN8A:p.R1638C,SCN8A,LOF,1.0,0.6196319018404908,1.613861386138614,SCN5A:p.R1644C;SCN1A:p.R1657C;SCN5A:p.R1583C,SCN5A;SCN1A;SCN5A,LOF;LOF;LOF
delta_site,3,279,SCN5A:p.R1644H,SCN5A,GOF,0.3333333333333333,0.5130890052356021,0.6496598639455782,SCN10A:p.R814H;SCN4A:p.R104H;SCN1A:p.R393H,SCN10A;SCN4A;SCN1A,GOF;LOF;LOF
delta_site,3,280,SCN3A:p.F1646C,SCN3A,GOF,0.6666666666666666,0.38095238095238093,1.75,SCN1A:p.F902C;SCN4A:p.F1473S;SCN1A:p.F1661L,SCN1A;SCN4A;SCN1A,LOF;GOF;GOF
delta_site,3,281,SCN1A:p.F1661L,SCN1A,GOF,0.3333333333333333,0.43902439024390244,0.7592592592592592,SCN5A:p.F2004L;SCN5A:p.F1486L;SCN5A:p.F851L,SCN5A;SCN5A;SCN5A,LOF;GOF;LOF
delta_site,3,282,SCN4A:p.F1473S,SCN4A,GOF,0.6666666666666666,0.3785488958990536,1.761111111111111,SCN3A:p.F1646C;SCN5A:p.F93S;SCN1A:p.F1774S,SCN3A;SCN5A;SCN1A,GOF;LOF;GOF
delta_site,3,283,SCN1A:p.M1664K,SCN1A,LOF,0.6666666666666666,0.5609756097560976,1.188405797101449,SCN5A:p.M369K;SCN4A:p.M203K;SCN5A:p.M1652R,SCN5A;SCN4A;SCN5A,LOF;LOF;GOF
delta_site,3,284,SCN5A:p.M1652R,SCN5A,GOF,0.0,0.5130890052356021,0.0,SCN1A:p.M1664K;SCN4A:p.M203K;SCN1A:p.M145T,SCN1A;SCN4A;SCN1A,LOF;LOF;LOF
delta_site,3,285,SCN2A:p.P1658S,SCN2A,LOF,0.6666666666666666,0.620253164556962,1.0748299319727892,SCN1A:p.P1632S;SCN5A:p.P1506S;SCN4A:p.P1158L,SCN1A;SCN5A;SCN4A,LOF;LOF;GOF
delta_site,3,286,SCN5A:p.A1656D,SCN5A,GOF,0.3333333333333333,0.5130890052356021,0.6496598639455782,SCN1A:p.A1685D;SCN10A:p.A1304T;SCN2A:p.A1773T,SCN1A;SCN10A;SCN2A,LOF;GOF;LOF
delta_site,3,287,SCN5A:p.I1660V,SCN5A,LOF,0.0,0.4869109947643979,0.0,SCN8A:p.I1327V;SCN10A:p.I1706V;SCN4A:p.I141V,SCN8A;SCN10A;SCN4A,GOF;GOF;GOF
delta_site,3,288,SCN1A:p.G1674R,SCN1A,LOF,0.6666666666666666,0.5609756097560976,1.188405797101449,SCN5A:p.G1661R;SCN5A:p.G1631D;SCN8A:p.G964R,SCN5A;SCN5A;SCN8A,LOF;GOF;LOF
delta_site,3,289,SCN5A:p.G1661R,SCN5A,LOF,1.0,0.4869109947643979,2.053763440860215,SCN1A:p.G1674R;SCN8A:p.G964R;SCN8A:p.G822R,SCN1A;SCN8A;SCN8A,LOF;LOF;LOF
delta_site,3,290,SCN5A:p.V1667I,SCN5A,GOF,0.3333333333333333,0.5130890052356021,0.6496598639455782,SCN1A:p.V1366I;SCN10A:p.V1518I;SCN4A:p.V1293I,SCN1A;SCN10A;SCN4A,LOF;LOF;GOF
delta_site,3,291,SCN3A:p.Y1669C,SCN3A,LOF,0.6666666666666666,0.6190476190476191,1.0769230769230769,SCN2A:p.Y1589C;SCN5A:p.Y1449C;SCN1A:p.Y790C,SCN2A;SCN5A;SCN1A,GOF;LOF;LOF
delta_site,3,292,SCN1A:p.A1685D,SCN1A,LOF,0.3333333333333333,0.5609756097560976,0.5942028985507245,SCN5A:p.A124D;SCN5A:p.A1330P;SCN5A:p.A1656D,SCN5A;SCN5A;SCN5A,LOF;GOF;GOF
delta_site,3,293,SCN1A:p.A1685V,SCN1A,LOF,0.6666666666666666,0.5609756097560976,1.188405797101449,SCN2A:p.A263V;SCN5A:p.A735V;SCN5A:p.A1428V,SCN2A;SCN5A;SCN5A,GOF;LOF;LOF
delta_site,3,294,SCN5A:p.S1672Y,SCN5A,LOF,0.3333333333333333,0.4869109947643979,0.6845878136200716,SCN2A:p.S1336Y;SCN1A:p.S259R;SCN9A:p.S211P,SCN2A;SCN1A;SCN9A,GOF;LOF;GOF
delta_site,3,295,SCN10A:p.D1639N,SCN10A,LOF,1.0,0.6114457831325302,1.6354679802955663,SCN5A:p.D1690N;SCN5A:p.D349N;SCN2A:p.D12N,SCN5A;SCN5A;SCN2A,LOF;LOF;LOF
delta_site,3,296,SCN5A:p.D1690N,SCN5A,LOF,0.6666666666666666,0.4869109947643979,1.3691756272401432,SCN10A:p.D1639N;SCN2A:p.D12N;SCN9A:p.D623N,SCN10A;SCN2A;SCN9A,LOF;LOF;GOF
delta_site,3,297,SCN1A:p.T1709I,SCN1A,LOF,0.3333333333333333,0.5609756097560976,0.5942028985507245,SCN3A:p.T1486I;SCN5A:p.T353I;SCN8A:p.T767I,SCN3A;SCN5A;SCN8A,GOF;LOF;GOF
delta_site,3,298,SCN5A:p.T1709M,SCN5A,LOF,0.6666666666666666,0.4869109947643979,1.3691756272401432,SCN2A:p.T1420M;SCN4A:p.T1313M;SCN1A:p.T875M,SCN2A;SCN4A;SCN1A,LOF;GOF;LOF
delta_site,3,299,SCN5A:p.G1712C,SCN5A,LOF,0.6666666666666666,0.4869109947643979,1.3691756272401432,SCN1A:p.G1421W;SCN10A:p.G1662S;SCN8A:p.G822R,SCN1A;SCN10A;SCN8A,LOF;GOF;LOF
delta_site,3,300,SCN10A:p.G1662S,SCN10A,GOF,0.0,0.3885542168674699,0.0,SCN5A:p.G1262S;SCN2A:p.G899S;SCN5A:p.G1712C,SCN5A;SCN2A;SCN5A,LOF;LOF;LOF
delta_site,3,301,SCN5A:p.D1714G,SCN5A,LOF,1.0,0.4869109947643979,2.053763440860215,SCN2A:p.D82G;SCN10A:p.V94G;SCN1A:p.R1927G,SCN2A;SCN10A;SCN1A,LOF;LOF;LOF
delta_site,3,302,SCN5A:p.N1722D,SCN5A,LOF,0.3333333333333333,0.4869109947643979,0.6845878136200716,SCN2A:p.N1339D;SCN8A:p.N1768D;SCN1A:p.N985I,SCN2A;SCN8A;SCN1A,GOF;GOF;LOF
delta_site,3,303,SCN5A:p.P1730H,SCN5A,LOF,1.0,0.4869109947643979,2.053763440860215,SCN1A:p.R393H;SCN4A:p.R672H;SCN4A:p.R104H,SCN1A;SCN4A;SCN4A,LOF;LOF;LOF
delta_site,3,304,SCN1A:p.G1749E,SCN1A,LOF,0.6666666666666666,0.5609756097560976,1.188405797101449,SCN4A:p.G1306E;SCN5A:p.G1406E;SCN5A:p.G1642E,SCN4A;SCN5A;SCN5A,GOF;LOF;LOF
delta_site,3,305,SCN5A:p.G1740R,SCN5A,LOF,0.3333333333333333,0.4869109947643979,0.6845878136200716,SCN8A:p.G1475R;SCN11A:p.G699R;SCN1A:p.G979R,SCN8A;SCN11A;SCN1A,GOF;GOF;LOF
delta_site,3,306,SCN5A:p.G1743R,SCN5A,LOF,0.3333333333333333,0.4869109947643979,0.6845878136200716,SCN8A:p.G1475R;SCN11A:p.G699R;SCN8A:p.G822R,SCN8A;SCN11A;SCN8A,GOF;GOF;LOF
delta_site,3,307,SCN5A:p.G1748D,SCN5A,LOF,1.0,0.4869109947643979,2.053763440860215,SCN1A:p.G1421W;SCN8A:p.G822R;SCN8A:p.G964R,SCN1A;SCN8A;SCN8A,LOF;LOF;LOF
delta_site,3,308,SCN1A:p.F1765L,SCN1A,LOF,0.3333333333333333,0.5609756097560976,0.5942028985507245,SCN5A:p.F851L;SCN2A:p.F1597L;SCN5A:p.F1486L,SCN5A;SCN2A;SCN5A,LOF;GOF;GOF
delta_site,3,309,SCN10A:p.I1706V,SCN10A,GOF,0.6666666666666666,0.3885542168674699,1.7157622739018086,SCN8A:p.I1327V;SCN5A:p.I1768V;SCN5A:p.I1660V,SCN8A;SCN5A;SCN5A,GOF;GOF;LOF
delta_site,3,310,SCN1A:p.F1774S,SCN1A,GOF,0.6666666666666666,0.43902439024390244,1.5185185185185184,SCN5A:p.F1344S;SCN4A:p.F1473S;SCN5A:p.F1473S,SCN5A;SCN4A;SCN5A,LOF;GOF;GOF
delta_site,3,311,SCN5A:p.I1762A,SCN5A,GOF,0.6666666666666666,0.5130890052356021,1.2993197278911564,SCN11A:p.V1184A;SCN1A:p.V983A;SCN9A:p.I136V,SCN11A;SCN1A;SCN9A,GOF;LOF;GOF
delta_site,3,312,SCN5A:p.V1763M,SCN5A,GOF,0.6666666666666666,0.5130890052356021,1.2993197278911564,SCN4A:p.V445M;SCN9A:p.V400M;SCN8A:p.V1758A,SCN4A;SCN9A;SCN8A,GOF;GOF;LOF
delta_site,3,313,SCN8A:p.V1758A,SCN8A,LOF,0.3333333333333333,0.6196319018404908,0.5379537953795379,SCN3A:p.V1769A;SCN1A:p.V983A;SCN11A:p.V1184A,SCN3A;SCN1A;SCN11A,GOF;LOF;GOF
delta_site,3,314,SCN5A:p.V1764M,SCN5A,GOF,0.6666666666666666,0.5130890052356021,1.2993197278911564,SCN8A:p.V1758A;SCN4A:p.V445M;SCN9A:p.V400M,SCN8A;SCN4A;SCN9A,LOF;GOF;GOF
delta_site,3,315,SCN3A:p.M1765I,SCN3A,GOF,0.6666666666666666,0.38095238095238093,1.75,SCN8A:p.M1760I;SCN1A:p.M1267I;SCN8A:p.M139I,SCN8A;SCN1A;SCN8A,GOF;LOF;GOF
delta_site,3,316,SCN8A:p.M1760I,SCN8A,GOF,0.3333333333333333,0.3803680981595092,0.8763440860215053,SCN3A:p.M1765I;SCN1A:p.M1267I;SCN5A:p.V1340I,SCN3A;SCN1A;SCN5A,GOF;LOF;LOF
delta_site,3,317,SCN5A:p.Y1767C,SCN5A,GOF,0.3333333333333333,0.5130890052356021,0.6496598639455782,SCN2A:p.Y1589C;SCN1A:p.Y790C;SCN3A:p.Y1669C,SCN2A;SCN1A;SCN3A,GOF;LOF;LOF
delta_site,3,318,SCN5A:p.I1768V,SCN5A,GOF,1.0,0.5130890052356021,1.9489795918367347,SCN8A:p.I1327V;SCN10A:p.I1706V;SCN4A:p.I141V,SCN8A;SCN10A;SCN4A,GOF;GOF;GOF
delta_site,3,319,SCN2A:p.A1773T,SCN2A,LOF,0.3333333333333333,0.620253164556962,0.5374149659863946,SCN5A:p.A735T;SCN10A:p.A1304T;SCN4A:p.A1156T,SCN5A;SCN10A;SCN4A,LOF;GOF;GOF
delta_site,3,320,SCN3A:p.V1769A,SCN3A,GOF,0.3333333333333333,0.38095238095238093,0.875,SCN8A:p.V1758A;SCN11A:p.V1184A;SCN1A:p.V983A,SCN8A;SCN11A;SCN1A,LOF;GOF;LOF
delta_site,3,321,SCN5A:p.N1774D,SCN5A,GOF,1.0,0.5130890052356021,1.9489795918367347,SCN8A:p.N1768D;SCN2A:p.N1339D;SCN4A:p.N1297S,SCN8A;SCN2A;SCN4A,GOF;GOF;GOF
delta_site,3,322,SCN8A:p.N1768D,SCN8A,GOF,0.6666666666666666,0.3803680981595092,1.7526881720430105,SCN5A:p.N1774D;SCN5A:p.N1541D;SCN2A:p.N1339D,SCN5A;SCN5A;SCN2A,GOF;LOF;GOF
delta_site,3,323,SCN5A:p.S1787N,SCN5A,GOF,0.6666666666666666,0.5130890052356021,1.2993197278911564,SCN10A:p.S242T;SCN2A:p.D12N;SCN9A:p.S211P,SCN10A;SCN2A;SCN9A,GOF;LOF;GOF
delta_site,3,324,SCN5A:p.Y1795C,SCN5A,GOF,0.3333333333333333,0.5130890052356021,0.6496598639455782,SCN1A:p.Y790C;SCN2A:p.Y1589C;SCN3A:p.Y1669C,SCN1A;SCN2A;SCN3A,LOF;GOF;LOF
delta_site,3,325,SCN5A:p.Y1795H,SCN5A,LOF,1.0,0.4869109947643979,2.053763440860215,SCN1A:p.R393H;SCN1A:p.R946H;SCN2A:p.R937H,SCN1A;SCN1A;SCN2A,LOF;LOF;LOF
delta_site,3,326,SCN2A:p.E1803G,SCN2A,GOF,0.3333333333333333,0.379746835443038,0.8777777777777777,SCN5A:p.D1714G;SCN5A:p.E1295K;SCN5A:p.A178G,SCN5A;SCN5A;SCN5A,LOF;GOF;LOF
delta_site,3,327,SCN4A:p.Q1633E,SCN4A,GOF,0.6666666666666666,0.3785488958990536,1.761111111111111,SCN5A:p.Q1832E;SCN9A:p.Q10R;SCN2A:p.K908E,SCN5A;SCN9A;SCN2A,LOF;GOF;GOF
delta_site,3,328,SCN1A:p.F1831S,SCN1A,LOF,0.3333333333333333,0.5609756097560976,0.5942028985507245,SCN5A:p.F1344S;SCN9A:p.F216S;SCN5A:p.F1473S,SCN5A;SCN9A;SCN5A,LOF;GOF;GOF
delta_site,3,329,SCN5A:p.L1825P,SCN5A,LOF,0.6666666666666666,0.4869109947643979,1.3691756272401432,SCN11A:p.L1158P;SCN3A:p.L247P;SCN10A:p.L388M,SCN11A;SCN3A;SCN10A,GOF;LOF;LOF
delta_site,3,330,SCN5A:p.Q1832E,SCN5A,LOF,0.0,0.4869109947643979,0.0,SCN4A:p.Q1633E;SCN2A:p.K908E;SCN1A:p.Q1489H,SCN4A;SCN2A;SCN1A,GOF;GOF;GOF
delta_site,3,331,SCN5A:p.C1850S,SCN5A,LOF,0.6666666666666666,0.4869109947643979,1.3691756272401432,SCN2A:p.T236S;SCN2A:p.G899S;SCN2A:p.P1658S,SCN2A;SCN2A;SCN2A,GOF;LOF;LOF
delta_site,3,332,SCN1A:p.D1866Y,SCN1A,GOF,0.0,0.43902439024390244,0.0,SCN5A:p.D1430N;SCN5A:p.D356N;SCN5A:p.D84N,SCN5A;SCN5A;SCN5A,LOF;LOF;LOF
delta_site,3,333,SCN2A:p.M1879T,SCN2A,GOF,0.3333333333333333,0.379746835443038,0.8777777777777777,SCN1A:p.M956T;SCN1A:p.M145T;SCN11A:p.I381T,SCN1A;SCN1A;SCN11A,LOF;LOF;GOF
delta_site,3,334,SCN8A:p.R1872L,SCN8A,GOF,0.6666666666666666,0.3803680981595092,1.7526881720430105,SCN5A:p.R18W;SCN5A:p.R569W;SCN5A:p.R1897W,SCN5A;SCN5A;SCN5A,GOF;GOF;LOF
delta_site,3,335,SCN2A:p.R1882G,SCN2A,GOF,0.3333333333333333,0.379746835443038,0.8777777777777777,SCN5A:p.R1432G;SCN1A:p.R1927G;SCN8A:p.R1872W,SCN5A;SCN1A;SCN8A,LOF;LOF;GOF
delta_site,3,336,SCN2A:p.R1882Q,SCN2A,GOF,0.3333333333333333,0.379746835443038,0.8777777777777777,SCN8A:p.R1872Q;SCN5A:p.R1193Q;SCN1A:p.R1525Q,SCN8A;SCN5A;SCN1A,GOF;LOF;LOF
delta_site,3,337,SCN8A:p.R1872Q,SCN8A,GOF,0.3333333333333333,0.3803680981595092,0.8763440860215053,SCN2A:p.R1882Q;SCN5A:p.R1193Q;SCN1A:p.R1525Q,SCN2A;SCN5A;SCN1A,GOF;LOF;LOF
delta_site,3,338,SCN8A:p.R1872W,SCN8A,GOF,0.6666666666666666,0.3803680981595092,1.7526881720430105,SCN5A:p.R18W;SCN5A:p.R569W;SCN5A:p.R1897W,SCN5A;SCN5A;SCN5A,GOF;GOF;LOF
delta_site,3,339,SCN5A:p.R1897W,SCN5A,LOF,0.3333333333333333,0.4869109947643979,0.6845878136200716,SCN8A:p.R1872W;SCN8A:p.R1872Q;SCN1A:p.R1657C,SCN8A;SCN8A;SCN1A,GOF;GOF;LOF
delta_site,3,340,SCN5A:p.R1898C,SCN5A,LOF,0.6666666666666666,0.4869109947643979,1.3691756272401432,SCN8A:p.R1872W;SCN8A:p.R1638C;SCN1A:p.R1657C,SCN8A;SCN8A;SCN1A,GOF;LOF;LOF
delta_site,3,341,SCN1A:p.Q1923R,SCN1A,LOF,0.6666666666666666,0.5609756097560976,1.188405797101449,SCN9A:p.Q10R;SCN5A:p.G1740R;SCN2A:p.C1386R,SCN9A;SCN5A;SCN2A,GOF;LOF;LOF
delta_site,3,342,SCN1A:p.R1927G,SCN1A,LOF,0.6666666666666666,0.5609756097560976,1.188405797101449,SCN5A:p.R1432G;SCN2A:p.R1882G;SCN4A:p.R672G,SCN5A;SCN2A;SCN4A,LOF;GOF;LOF
delta_site,3,343,SCN1A:p.T1934I,SCN1A,LOF,0.3333333333333333,0.5609756097560976,0.5942028985507245,SCN5A:p.T353I;SCN3A:p.T1486I;SCN8A:p.T767I,SCN5A;SCN3A;SCN8A,LOF;GOF;GOF
delta_site,3,344,SCN10A:p.A1886V,SCN10A,GOF,0.3333333333333333,0.3885542168674699,0.8578811369509043,SCN8A:p.A1491V;SCN5A:p.A1428V;SCN5A:p.A735V,SCN8A;SCN5A;SCN5A,GOF;LOF;LOF
delta_site,3,345,SCN5A:p.I1968S,SCN5A,LOF,0.3333333333333333,0.4869109947643979,0.6845878136200716,SCN1A:p.I1656M;SCN10A:p.G1662S;SCN2A:p.I1571T,SCN1A;SCN10A;SCN2A,LOF;GOF;GOF
delta_site,3,346,SCN5A:p.F2004L,SCN5A,LOF,0.3333333333333333,0.4869109947643979,0.6845878136200716,SCN1A:p.F1661L;SCN1A:p.F1499L;SCN1A:p.F1765L,SCN1A;SCN1A;SCN1A,GOF;GOF;LOF
delta_site,3,347,SCN5A:p.P2006A,SCN5A,GOF,1.0,0.5130890052356021,1.9489795918367347,SCN4A:p.T1313A;SCN11A:p.V1184A;SCN3A:p.V1769A,SCN4A;SCN11A;SCN3A,GOF;GOF;GOF
delta_site,5,0,SCN9A:p.Q10R,SCN9A,GOF,0.8,0.3768545994065282,2.1228346456692915,SCN5A:p.Q1476R;SCN1A:p.Q1489H;SCN5A:p.Q1475P;SCN1A:p.Q1489K;SCN5A:p.Q1832E,SCN5A;SCN1A;SCN5A;SCN1A;SCN5A,GOF;GOF;GOF;GOF;LOF
delta_site,5,1,SCN2A:p.D12N,SCN2A,LOF,0.8,0.620253164556962,1.289795918367347,SCN5A:p.D84N;SCN9A:p.D623N;SCN5A:p.D1690N;SCN10A:p.D1639N;SCN5A:p.D349N,SCN5A;SCN9A;SCN5A;SCN10A;SCN5A,LOF;GOF;LOF;LOF;LOF
delta_site,5,2,SCN5A:p.R18W,SCN5A,GOF,0.8,0.5130890052356021,1.5591836734693878,SCN8A:p.R1872W;SCN8A:p.R1872Q;SCN2A:p.R1882Q;SCN2A:p.R1882G;SCN1A:p.R1657C,SCN8A;SCN8A;SCN2A;SCN2A;SCN1A,GOF;GOF;GOF;GOF;LOF
delta_site,5,3,SCN5A:p.R27H,SCN5A,LOF,0.6,0.4869109947643979,1.232258064516129,SCN10A:p.R814H;SCN1A:p.R393H;SCN4A:p.R104H;SCN4A:p.R672H;SCN8A:p.R1872W,SCN10A;SCN1A;SCN4A;SCN4A;SCN8A,GOF;LOF;LOF;LOF;GOF
delta_site,5,4,SCN1A:p.E78D,SCN1A,LOF,0.4,0.5609756097560976,0.7130434782608696,SCN5A:p.E1295K;SCN5A:p.N1722D;SCN10A:p.Y158D;SCN2A:p.E999K;SCN5A:p.E746K,SCN5A;SCN5A;SCN10A;SCN2A;SCN5A,GOF;LOF;GOF;GOF;LOF
delta_site,5,5,SCN5A:p.D84N,SCN5A,LOF,0.6,0.4869109947643979,1.232258064516129,SCN2A:p.D12N;SCN9A:p.D623N;SCN10A:p.D1639N;SCN2A:p.D82G;SCN1A:p.D1866Y,SCN2A;SCN9A;SCN10A;SCN2A;SCN1A,LOF;GOF;LOF;LOF;GOF
delta_site,5,6,SCN2A:p.D82G,SCN2A,LOF,1.0,0.620253164556962,1.6122448979591837,SCN5A:p.D1714G;SCN5A:p.D84N;SCN1A:p.R1927G;SCN5A:p.A1294G;SCN10A:p.V94G,SCN5A;SCN5A;SCN1A;SCN5A;SCN10A,LOF;LOF;LOF;LOF;LOF
delta_site,5,7,SCN5A:p.F93S,SCN5A,LOF,0.2,0.4869109947643979,0.410752688172043,SCN4A:p.F1473S;SCN1A:p.F1774S;SCN1A:p.F1831S;SCN3A:p.F1646C;SCN2A:p.T236S,SCN4A;SCN1A;SCN1A;SCN3A;SCN2A,GOF;GOF;LOF;GOF;GOF
delta_site,5,8,SCN10A:p.V94G,SCN10A,LOF,0.6,0.6114457831325302,0.9812807881773398,SCN9A:p.V872G;SCN5A:p.D1714G;SCN2A:p.R1882G;SCN5A:p.A1294G;SCN1A:p.R1927G,SCN9A;SCN5A;SCN2A;SCN5A;SCN1A,GOF;LOF;GOF;LOF;LOF
delta_site,5,9,SCN4A:p.R104H,SCN4A,LOF,1.0,0.6214511041009464,1.6091370558375635,SCN5A:p.R282H;SCN5A:p.R689H;SCN5A:p.R367H;SCN5A:p.R27H;SCN5A:p.R811H,SCN5A;SCN5A;SCN5A;SCN5A;SCN5A,LOF;LOF;LOF;LOF;LOF
delta_site,5,10,SCN5A:p.R104Q,SCN5A,LOF,0.6,0.4869109947643979,1.232258064516129,SCN1A:p.R1525Q;SCN8A:p.R1872Q;SCN2A:p.R1882Q;SCN10A:p.R1588Q;SCN2A:p.R1319Q,SCN1A;SCN8A;SCN2A;SCN10A;SCN2A,LOF;GOF;GOF;LOF;LOF
delta_site,5,11,SCN5A:p.R104W,SCN5A,LOF,0.8,0.4869109947643979,1.643010752688172,SCN4A:p.R104H;SCN8A:p.R1872W;SCN4A:p.R1454W;SCN1A:p.R1657C;SCN4A:p.R225W,SCN4A;SCN8A;SCN4A;SCN1A;SCN4A,LOF;GOF;LOF;LOF;LOF
delta_site,5,12,SCN5A:p.R121W,SCN5A,LOF,1.0,0.4869109947643979,2.053763440860215,SCN8A:p.R1638C;SCN4A:p.R225W;SCN1A:p.R1657C;SCN4A:p.R104H;SCN2A:p.R1312T,SCN8A;SCN4A;SCN1A;SCN4A;SCN2A,LOF;LOF;LOF;LOF;LOF
delta_site,5,13,SCN5A:p.A124D,SCN5A,LOF,0.4,0.4869109947643979,0.821505376344086,SCN8A:p.A1622D;SCN1A:p.A1685D;SCN8A:p.A1491V;SCN10A:p.A1886V;SCN2A:p.A1773T,SCN8A;SCN1A;SCN8A;SCN10A;SCN2A,GOF;LOF;GOF;GOF;LOF
delta_site,5,14,SCN5A:p.V125L,SCN5A,GOF,0.6,0.5130890052356021,1.1693877551020408,SCN1A:p.V1353L;SCN2A:p.V423L;SCN4A:p.V1293I;SCN1A:p.V1366I;SCN8A:p.R1872L,SCN1A;SCN2A;SCN4A;SCN1A;SCN8A,LOF;GOF;GOF;LOF;GOF
delta_site,5,15,SCN5A:p.K126E,SCN5A,LOF,0.2,0.4869109947643979,0.410752688172043,SCN2A:p.K908E;SCN3A:p.K354Q;SCN4A:p.Q1633E;SCN4A:p.G1306E;SCN1A:p.G1749E,SCN2A;SCN3A;SCN4A;SCN4A;SCN1A,GOF;GOF;GOF;GOF;LOF
delta_site,5,16,SCN5A:p.L136P,SCN5A,LOF,0.4,0.4869109947643979,0.821505376344086,SCN11A:p.L1158P;SCN10A:p.L388M;SCN1A:p.L1624P;SCN3A:p.L247P;SCN10A:p.L554P,SCN11A;SCN10A;SCN1A;SCN3A;SCN10A,GOF;LOF;GOF;LOF;GOF
delta_site,5,17,SCN8A:p.M139I,SCN8A,GOF,0.4,0.3803680981595092,1.0516129032258064,SCN3A:p.M1765I;SCN1A:p.M1267I;SCN4A:p.M203K;SCN5A:p.V1340I;SCN5A:p.V1667I,SCN3A;SCN1A;SCN4A;SCN5A;SCN5A,GOF;LOF;LOF;LOF;GOF
delta_site,5,18,SCN4A:p.I141V,SCN4A,GOF,0.8,0.3785488958990536,2.1133333333333337,SCN9A:p.I136V;SCN5A:p.I1768V;SCN8A:p.I1327V;SCN5A:p.I1660V;SCN10A:p.I1706V,SCN9A;SCN5A;SCN8A;SCN5A;SCN10A,GOF;GOF;GOF;LOF;GOF
delta_site,5,19,SCN9A:p.I136V,SCN9A,GOF,0.8,0.3768545994065282,2.1228346456692915,SCN4A:p.I141V;SCN5A:p.I1768V;SCN8A:p.I1327V;SCN10A:p.I1706V;SCN5A:p.I1660V,SCN4A;SCN5A;SCN8A;SCN10A;SCN5A,GOF;GOF;GOF;GOF;LOF
delta_site,5,20,SCN1A:p.M145T,SCN1A,LOF,0.6,0.5609756097560976,1.0695652173913042,SCN2A:p.M1879T;SCN4A:p.M203K;SCN5A:p.M734V;SCN5A:p.M1652R;SCN5A:p.M369K,SCN2A;SCN4A;SCN5A;SCN5A;SCN5A,GOF;LOF;LOF;GOF;LOF
delta_site,5,21,SCN5A:p.E161K,SCN5A,LOF,0.4,0.4869109947643979,0.821505376344086,SCN1A:p.E788K;SCN2A:p.E999K;SCN8A:p.N374K;SCN1A:p.E1587K;SCN3A:p.R1621G,SCN1A;SCN2A;SCN8A;SCN1A;SCN3A,LOF;GOF;GOF;LOF;GOF
delta_site,5,22,SCN10A:p.Y158D,SCN10A,GOF,0.4,0.3885542168674699,1.0294573643410854,SCN1A:p.Y790C;SCN5A:p.Y1449C;SCN2A:p.Y1589C;SCN3A:p.Y1669C;SCN5A:p.N1774D,SCN1A;SCN5A;SCN2A;SCN3A;SCN5A,LOF;LOF;GOF;LOF;GOF
delta_site,5,23,SCN5A:p.K175N,SCN5A,LOF,0.6,0.4869109947643979,1.232258064516129,SCN4A:p.I1310N;SCN1A:p.Y426N;SCN2A:p.T1623N;SCN4A:p.R669H;SCN8A:p.R1620L,SCN4A;SCN1A;SCN2A;SCN4A;SCN8A,GOF;LOF;GOF;LOF;LOF
delta_site,5,24,SCN5A:p.A178G,SCN5A,LOF,0.6,0.4869109947643979,1.232258064516129,SCN2A:p.R1882G;SCN1A:p.R1927G;SCN10A:p.V94G;SCN2A:p.E1803G;SCN1A:p.A1685D,SCN2A;SCN1A;SCN10A;SCN2A;SCN1A,GOF;LOF;LOF;GOF;LOF
delta_site,5,25,SCN1A:p.G177A,SCN1A,LOF,0.8,0.5609756097560976,1.4260869565217391,SCN5A:p.G1262S;SCN2A:p.G899S;SCN11A:p.V1184A;SCN5A:p.G1319V;SCN5A:p.G1420V,SCN5A;SCN2A;SCN11A;SCN5A;SCN5A,LOF;LOF;GOF;LOF;LOF
delta_site,5,26,SCN1A:p.G177E,SCN1A,LOF,1.0,0.5609756097560976,1.7826086956521738,SCN5A:p.G1642E;SCN5A:p.G1406E;SCN5A:p.G1748D;SCN5A:p.A735E;SCN5A:p.G1262S,SCN5A;SCN5A;SCN5A;SCN5A;SCN5A,LOF;LOF;LOF;LOF;LOF
delta_site,5,27,SCN5A:p.T187I,SCN5A,LOF,0.4,0.4869109947643979,0.821505376344086,SCN1A:p.T1709I;SCN3A:p.T1486I;SCN8A:p.T767I;SCN2A:p.T773I;SCN2A:p.T1420M,SCN1A;SCN3A;SCN8A;SCN2A;SCN2A,LOF;GOF;GOF;GOF;LOF
delta_site,5,28,SCN4A:p.M203K,SCN4A,LOF,0.8,0.6214511041009464,1.2873096446700507,SCN5A:p.M369K;SCN1A:p.M909K;SCN1A:p.M1664K;SCN1A:p.M145T;SCN8A:p.M1760I,SCN5A;SCN1A;SCN1A;SCN1A;SCN8A,LOF;LOF;LOF;LOF;GOF
delta_site,5,29,SCN2A:p.V208E,SCN2A,GOF,0.4,0.379746835443038,1.0533333333333332,SCN4A:p.V1442E;SCN10A:p.V94G;SCN5A:p.V1763M;SCN5A:p.V1764M;SCN5A:p.V1378M,SCN4A;SCN10A;SCN5A;SCN5A;SCN5A,LOF;LOF;GOF;GOF;LOF
delta_site,5,30,SCN9A:p.S211P,SCN9A,GOF,0.8,0.3768545994065282,2.1228346456692915,SCN5A:p.S1787N;SCN10A:p.S242T;SCN1A:p.S259R;SCN5A:p.S1609L;SCN2A:p.S1336Y,SCN5A;SCN10A;SCN1A;SCN5A;SCN2A,GOF;GOF;LOF;GOF;GOF
delta_site,5,31,SCN11A:p.R222H,SCN11A,GOF,0.0,0.38596491228070173,0.0,SCN1A:p.R859H;SCN4A:p.R669H;SCN4A:p.R672H;SCN4A:p.R1457H;SCN5A:p.R811H,SCN1A;SCN4A;SCN4A;SCN4A;SCN5A,LOF;LOF;LOF;LOF;LOF
delta_site,5,32,SCN9A:p.F216S,SCN9A,GOF,0.4,0.3768545994065282,1.0614173228346457,SCN1A:p.F1831S;SCN5A:p.F1473S;SCN5A:p.F1344S;SCN1A:p.I227S;SCN4A:p.F1298C,SCN1A;SCN5A;SCN5A;SCN1A;SCN4A,LOF;GOF;LOF;LOF;GOF
delta_site,5,33,SCN8A:p.R223G,SCN8A,LOF,0.6,0.6196319018404908,0.9683168316831683,SCN4A:p.R672G;SCN4A:p.R669H;SCN1A:p.R865G;SCN3A:p.R1621G;SCN1A:p.R859H,SCN4A;SCN4A;SCN1A;SCN3A;SCN1A,LOF;LOF;GOF;GOF;LOF
delta_site,5,34,SCN5A:p.V223L,SCN5A,LOF,0.2,0.4869109947643979,0.410752688172043,SCN2A:p.V423L;SCN1A:p.V1353L;SCN9A:p.V400M;SCN1A:p.V1611F;SCN4A:p.V445M,SCN2A;SCN1A;SCN9A;SCN1A;SCN4A,GOF;LOF;GOF;GOF;GOF
delta_site,5,35,SCN4A:p.R225W,SCN4A,LOF,0.6,0.6214511041009464,0.965482233502538,SCN5A:p.R225W;SCN5A:p.R225P;SCN5A:p.R1632C;SCN1A:p.R865G;SCN10A:p.R756W,SCN5A;SCN5A;SCN5A;SCN1A;SCN10A,LOF;GOF;LOF;GOF;LOF
delta_site,5,36,SCN5A:p.R225W,SCN5A,LOF,0.8,0.4869109947643979,1.643010752688172,SCN4A:p.R225W;SCN4A:p.R1454W;SCN1A:p.R865G;SCN10A:p.R756W;SCN1A:p.R859C,SCN4A;SCN4A;SCN1A;SCN10A;SCN1A,LOF;LOF;GOF;LOF;LOF
delta_site,5,37,SCN5A:p.R225P,SCN5A,GOF,0.2,0.5130890052356021,0.38979591836734695,SCN4A:p.R225W;SCN1A:p.R865G;SCN4A:p.R1454W;SCN4A:p.R1457H;SCN10A:p.R756W,SCN4A;SCN1A;SCN4A;SCN4A;SCN10A,LOF;GOF;LOF;LOF;LOF
delta_site,5,38,SCN5A:p.A226V,SCN5A,LOF,0.2,0.4869109947643979,0.410752688172043,SCN8A:p.A1491V;SCN10A:p.A1886V;SCN2A:p.A263V;SCN1A:p.A1685V;SCN8A:p.L1331V,SCN8A;SCN10A;SCN2A;SCN1A;SCN8A,GOF;GOF;GOF;LOF;GOF
delta_site,5,39,SCN1A:p.I227S,SCN1A,LOF,0.0,0.5609756097560976,0.0,SCN9A:p.I234T;SCN9A:p.F216S;SCN3A:p.I875T;SCN2A:p.T236S;SCN5A:p.F1473S,SCN9A;SCN9A;SCN3A;SCN2A;SCN5A,GOF;GOF;GOF;GOF;GOF
delta_site,5,40,SCN9A:p.I228M,SCN9A,GOF,0.4,0.3768545994065282,1.0614173228346457,SCN1A:p.I1498M;SCN1A:p.I1656M;SCN2A:p.I1473M;SCN5A:p.I1762A;SCN5A:p.V1378M,SCN1A;SCN1A;SCN2A;SCN5A;SCN5A,LOF;LOF;GOF;GOF;LOF
delta_site,5,41,SCN2A:p.T236S,SCN2A,GOF,0.4,0.379746835443038,1.0533333333333332,SCN5A:p.T1461S;SCN5A:p.N1325S;SCN5A:p.F1344S;SCN5A:p.C1850S;SCN4A:p.N1366S,SCN5A;SCN5A;SCN5A;SCN5A;SCN4A,LOF;GOF;LOF;LOF;GOF
delta_site,5,42,SCN9A:p.I234T,SCN9A,GOF,0.6,0.3768545994065282,1.5921259842519684,SCN3A:p.I875T;SCN11A:p.I381T;SCN1A:p.I227S;SCN1A:p.I1656M;SCN5A:p.I1762A,SCN3A;SCN11A;SCN1A;SCN1A;SCN5A,GOF;GOF;LOF;LOF;GOF
delta_site,5,43,SCN9A:p.S241T,SCN9A,GOF,0.6,0.3768545994065282,1.5921259842519684,SCN10A:p.S242T;SCN5A:p.A1330T;SCN4A:p.A1156T;SCN2A:p.A1773T;SCN5A:p.A735T,SCN10A;SCN5A;SCN4A;SCN2A;SCN5A,GOF;GOF;GOF;LOF;LOF
delta_site,5,44,SCN10A:p.S242T,SCN10A,GOF,0.8,0.3885542168674699,2.0589147286821707,SCN9A:p.S241T;SCN5A:p.A1330T;SCN4A:p.A1156T;SCN1A:p.S259R;SCN2A:p.S1336Y,SCN9A;SCN5A;SCN4A;SCN1A;SCN2A,GOF;GOF;GOF;LOF;GOF
delta_site,5,45,SCN3A:p.L247P,SCN3A,LOF,0.8,0.6190476190476191,1.2923076923076924,SCN5A:p.L839P;SCN11A:p.L1158P;SCN5A:p.L1346P;SCN5A:p.L1825P;SCN5A:p.L928P,SCN5A;SCN11A;SCN5A;SCN5A;SCN5A,LOF;GOF;LOF;LOF;LOF
delta_site,5,46,SCN1A:p.D249E,SCN1A,LOF,0.8,0.5609756097560976,1.4260869565217391,SCN5A:p.D356N;SCN2A:p.K908E;SCN5A:p.D84N;SCN2A:p.D12N;SCN5A:p.Q1832E,SCN5A;SCN2A;SCN5A;SCN2A;SCN5A,LOF;GOF;LOF;LOF;LOF
delta_site,5,47,SCN1A:p.S259R,SCN1A,LOF,0.2,0.5609756097560976,0.3565217391304348,SCN10A:p.S242T;SCN9A:p.S241T;SCN5A:p.S910L;SCN5A:p.S1609L;SCN9A:p.S211P,SCN10A;SCN9A;SCN5A;SCN5A;SCN9A,GOF;GOF;LOF;GOF;GOF
delta_site,5,48,SCN2A:p.A263V,SCN2A,GOF,0.4,0.379746835443038,1.0533333333333332,SCN1A:p.A1685V;SCN5A:p.A735V;SCN5A:p.A1428V;SCN10A:p.A1886V;SCN8A:p.A1491V,SCN1A;SCN5A;SCN5A;SCN10A;SCN8A,LOF;LOF;LOF;GOF;GOF
delta_site,5,49,SCN1A:p.L263V,SCN1A,GOF,1.0,0.43902439024390244,2.2777777777777777,SCN8A:p.L1331V;SCN4A:p.L796V;SCN8A:p.I1327V;SCN5A:p.I1768V;SCN4A:p.I141V,SCN8A;SCN4A;SCN8A;SCN5A;SCN4A,GOF;GOF;GOF;GOF;GOF
delta_site,5,50,SCN8A:p.G269R,SCN8A,LOF,1.0,0.6196319018404908,1.613861386138614,SCN5A:p.G1420R;SCN1A:p.G979R;SCN5A:p.G1743R;SCN5A:p.G1748D;SCN5A:p.G1406R,SCN5A;SCN1A;SCN5A;SCN5A;SCN5A,LOF;LOF;LOF;LOF;LOF
delta_site,5,51,SCN5A:p.L276Q,SCN5A,LOF,0.8,0.4869109947643979,1.643010752688172,SCN10A:p.L388M;SCN1A:p.L986F;SCN2A:p.L1330F;SCN11A:p.L1158P;SCN3A:p.L247P,SCN10A;SCN1A;SCN2A;SCN11A;SCN3A,LOF;LOF;LOF;GOF;LOF
delta_site,5,52,SCN5A:p.R282H,SCN5A,LOF,0.8,0.4869109947643979,1.643010752688172,SCN10A:p.R814H;SCN4A:p.R104H;SCN1A:p.R393H;SCN4A:p.R672H;SCN2A:p.R379H,SCN10A;SCN4A;SCN1A;SCN4A;SCN2A,GOF;LOF;LOF;LOF;LOF
delta_site,5,53,SCN5A:p.R282C,SCN5A,LOF,0.8,0.4869109947643979,1.643010752688172,SCN8A:p.R1638C;SCN8A:p.R1872W;SCN1A:p.R1596C;SCN1A:p.R1657C;SCN2A:p.R937C,SCN8A;SCN8A;SCN1A;SCN1A;SCN2A,LOF;GOF;LOF;LOF;LOF
delta_site,5,54,SCN1A:p.T297I,SCN1A,LOF,0.4,0.5609756097560976,0.7130434782608696,SCN5A:p.T353I;SCN8A:p.T767I;SCN2A:p.T773I;SCN3A:p.T1486I;SCN8A:p.T1360N,SCN5A;SCN8A;SCN2A;SCN3A;SCN8A,LOF;GOF;GOF;GOF;LOF
delta_site,5,55,SCN5A:p.L325R,SCN5A,LOF,0.6,0.4869109947643979,1.232258064516129,SCN1A:p.L986F;SCN11A:p.L1158P;SCN8A:p.L1331V;SCN10A:p.L388M;SCN1A:p.C959R,SCN1A;SCN11A;SCN8A;SCN10A;SCN1A,LOF;GOF;GOF;LOF;LOF
delta_site,5,56,SCN5A:p.C335R,SCN5A,LOF,0.8,0.4869109947643979,1.643010752688172,SCN2A:p.C1386R;SCN1A:p.C959R;SCN1A:p.Q1923R;SCN8A:p.G1475R;SCN4A:p.C1209F,SCN2A;SCN1A;SCN1A;SCN8A;SCN4A,LOF;LOF;LOF;GOF;LOF
delta_site,5,57,SCN5A:p.P336L,SCN5A,LOF,0.6,0.4869109947643979,1.232258064516129,SCN4A:p.P1158L;SCN3A:p.P1333L;SCN2A:p.P1658S;SCN1A:p.P1632S;SCN2A:p.P1622S,SCN4A;SCN3A;SCN2A;SCN1A;SCN2A,GOF;GOF;LOF;LOF;LOF
delta_site,5,58,SCN3A:p.K354Q,SCN3A,GOF,0.4,0.38095238095238093,1.05,SCN8A:p.R1872Q;SCN2A:p.R1882Q;SCN5A:p.K126E;SCN1A:p.R1525Q;SCN5A:p.R1193Q,SCN8A;SCN2A;SCN5A;SCN1A;SCN5A,GOF;GOF;LOF;LOF;LOF
delta_site,5,59,SCN4A:p.P382T,SCN4A,LOF,0.6,0.6214511041009464,0.965482233502538,SCN2A:p.A1773T;SCN2A:p.R1312T;SCN5A:p.A735T;SCN2A:p.M1879T;SCN11A:p.I381T,SCN2A;SCN2A;SCN5A;SCN2A;SCN11A,LOF;LOF;LOF;GOF;GOF
delta_site,5,60,SCN5A:p.D349N,SCN5A,LOF,0.8,0.4869109947643979,1.643010752688172,SCN10A:p.D1639N;SCN2A:p.D12N;SCN9A:p.D623N;SCN8A:p.T1360N;SCN2A:p.D82G,SCN10A;SCN2A;SCN9A;SCN8A;SCN2A,LOF;LOF;GOF;LOF;LOF
delta_site,5,61,SCN5A:p.T353I,SCN5A,LOF,0.4,0.4869109947643979,0.821505376344086,SCN1A:p.T1709I;SCN1A:p.T1934I;SCN3A:p.T1486I;SCN8A:p.T767I;SCN2A:p.T773I,SCN1A;SCN1A;SCN3A;SCN8A;SCN2A,LOF;LOF;GOF;GOF;GOF
delta_site,5,62,SCN5A:p.D356N,SCN5A,LOF,0.4,0.4869109947643979,0.821505376344086,SCN2A:p.D12N;SCN10A:p.D1639N;SCN9A:p.D623N;SCN1A:p.D1866Y;SCN4A:p.I1310N,SCN2A;SCN10A;SCN9A;SCN1A;SCN4A,LOF;LOF;GOF;GOF;GOF
delta_site,5,63,SCN5A:p.R367C,SCN5A,LOF,1.0,0.4869109947643979,2.053763440860215,SCN2A:p.R937C;SCN1A:p.R946C;SCN2A:p.R379H;SCN8A:p.R1638C;SCN1A:p.R1596C,SCN2A;SCN1A;SCN2A;SCN8A;SCN1A,LOF;LOF;LOF;LOF;LOF
delta_site,5,64,SCN2A:p.R379H,SCN2A,LOF,1.0,0.620253164556962,1.6122448979591837,SCN5A:p.R367H;SCN1A:p.R946H;SCN1A:p.R393H;SCN5A:p.R367C;SCN4A:p.R104H,SCN5A;SCN1A;SCN1A;SCN5A;SCN4A,LOF;LOF;LOF;LOF;LOF
delta_site,5,65,SCN5A:p.R367H,SCN5A,LOF,1.0,0.4869109947643979,2.053763440860215,SCN2A:p.R379H;SCN1A:p.R946H;SCN2A:p.R937H;SCN4A:p.R104H;SCN1A:p.R393H,SCN2A;SCN1A;SCN2A;SCN4A;SCN1A,LOF;LOF;LOF;LOF;LOF
delta_site,5,66,SCN5A:p.R367L,SCN5A,LOF,0.8,0.4869109947643979,1.643010752688172,SCN2A:p.R379H;SCN8A:p.R1872L;SCN1A:p.R1596C;SCN4A:p.R1451L;SCN8A:p.R1620L,SCN2A;SCN8A;SCN1A;SCN4A;SCN8A,LOF;GOF;LOF;LOF;LOF
delta_site,5,67,SCN5A:p.M369K,SCN5A,LOF,0.8,0.4869109947643979,1.643010752688172,SCN4A:p.M203K;SCN1A:p.M909K;SCN1A:p.M1664K;SCN1A:p.M145T;SCN8A:p.M1760I,SCN4A;SCN1A;SCN1A;SCN1A;SCN8A,LOF;LOF;LOF;LOF;GOF
delta_site,5,68,SCN5A:p.W374G,SCN5A,LOF,0.6,0.4869109947643979,1.232258064516129,SCN1A:p.R1927G;SCN3A:p.Y1669C;SCN3A:p.R1621G;SCN4A:p.R672G;SCN2A:p.Y1589C,SCN1A;SCN3A;SCN3A;SCN4A;SCN2A,LOF;LOF;GOF;LOF;GOF
delta_site,5,69,SCN5A:p.R376H,SCN5A,LOF,0.8,0.4869109947643979,1.643010752688172,SCN10A:p.R814H;SCN1A:p.R393H;SCN4A:p.R104H;SCN4A:p.R672H;SCN4A:p.R1457H,SCN10A;SCN1A;SCN4A;SCN4A;SCN4A,GOF;LOF;LOF;LOF;LOF
delta_site,5,70,SCN8A:p.N374K,SCN8A,GOF,0.6,0.3803680981595092,1.5774193548387094,SCN4A:p.N1297K;SCN11A:p.N816K;SCN5A:p.N592K;SCN5A:p.N1380K;SCN4A:p.N440K,SCN4A;SCN11A;SCN5A;SCN5A;SCN4A,GOF;GOF;LOF;LOF;GOF
delta_site,5,71,SCN1A:p.R393H,SCN1A,LOF,0.8,0.5609756097560976,1.4260869565217391,SCN5A:p.R27H;SCN5A:p.R282H;SCN10A:p.R814H;SCN5A:p.R689H;SCN5A:p.R367H,SCN5A;SCN5A;SCN10A;SCN5A;SCN5A,LOF;LOF;GOF;LOF;LOF
delta_site,5,72,SCN5A:p.G386R,SCN5A,LOF,0.6,0.4869109947643979,1.232258064516129,SCN8A:p.G1475R;SCN11A:p.G699R;SCN8A:p.G964R;SCN1A:p.G979R;SCN2A:p.G899S,SCN8A;SCN11A;SCN8A;SCN1A;SCN2A,GOF;GOF;LOF;LOF;LOF
delta_site,5,73,SCN11A:p.I381T,SCN11A,GOF,0.8,0.38596491228070173,2.0727272727272728,SCN3A:p.I875T;SCN9A:p.I234T;SCN2A:p.I1571T;SCN2A:p.M1879T;SCN5A:p.A735T,SCN3A;SCN9A;SCN2A;SCN2A;SCN5A,GOF;GOF;GOF;GOF;LOF
delta_site,5,74,SCN5A:p.V396L,SCN5A,LOF,0.6,0.4869109947643979,1.232258064516129,SCN1A:p.V1353L;SCN2A:p.V423L;SCN10A:p.V1518I;SCN1A:p.V1366I;SCN4A:p.V1293I,SCN1A;SCN2A;SCN10A;SCN1A;SCN4A,LOF;GOF;LOF;LOF;GOF
delta_site,5,75,SCN10A:p.L388M,SCN10A,LOF,1.0,0.6114457831325302,1.6354679802955663,SCN5A:p.L136P;SCN5A:p.L1346P;SCN5A:p.L276Q;SCN1A:p.L986F;SCN5A:p.L839P,SCN5A;SCN5A;SCN5A;SCN1A;SCN5A,LOF;LOF;LOF;LOF;LOF
delta_site,5,76,SCN4A:p.N440K,SCN4A,GOF,0.6,0.3785488958990536,1.585,SCN9A:p.N395K;SCN1A:p.N985I;SCN8A:p.N374K;SCN11A:p.N816K;SCN5A:p.N1722D,SCN9A;SCN1A;SCN8A;SCN11A;SCN5A,GOF;LOF;GOF;GOF;LOF
delta_site,5,77,SCN9A:p.N395K,SCN9A,GOF,0.8,0.3768545994065282,2.1228346456692915,SCN4A:p.N440K;SCN1A:p.N985I;SCN4A:p.N1297K;SCN11A:p.N816K;SCN8A:p.N374K,SCN4A;SCN1A;SCN4A;SCN11A;SCN8A,GOF;LOF;GOF;GOF;GOF
delta_site,5,78,SCN5A:p.N406S,SCN5A,LOF,0.0,0.4869109947643979,0.0,SCN4A:p.N1366S;SCN4A:p.N1297S;SCN4A:p.F1473S;SCN2A:p.T236S;SCN1A:p.F1774S,SCN4A;SCN4A;SCN4A;SCN2A;SCN1A,GOF;GOF;GOF;GOF;GOF
delta_site,5,79,SCN2A:p.V423L,SCN2A,GOF,0.6,0.379746835443038,1.5799999999999998,SCN9A:p.V400M;SCN5A:p.V411M;SCN4A:p.V445M;SCN5A:p.V1405L;SCN1A:p.V1353L,SCN9A;SCN5A;SCN4A;SCN5A;SCN1A,GOF;GOF;GOF;LOF;LOF
delta_site,5,80,SCN4A:p.V445M,SCN4A,GOF,0.6,0.3785488958990536,1.585,SCN5A:p.V411M;SCN9A:p.V400M;SCN2A:p.V423L;SCN5A:p.V1378M;SCN5A:p.V1405M,SCN5A;SCN9A;SCN2A;SCN5A;SCN5A,GOF;GOF;GOF;LOF;LOF
delta_site,5,81,SCN5A:p.V411M,SCN5A,GOF,0.8,0.5130890052356021,1.5591836734693878,SCN9A:p.V400M;SCN4A:p.V445M;SCN2A:p.V423L;SCN4A:p.V1293I;SCN1A:p.V983A,SCN9A;SCN4A;SCN2A;SCN4A;SCN1A,GOF;GOF;GOF;GOF;LOF
delta_site,5,82,SCN9A:p.V400M,SCN9A,GOF,0.6,0.3768545994065282,1.5921259842519684,SCN5A:p.V411M;SCN4A:p.V445M;SCN2A:p.V423L;SCN5A:p.V1378M;SCN5A:p.V1405M,SCN5A;SCN4A;SCN2A;SCN5A;SCN5A,GOF;GOF;GOF;LOF;LOF
delta_site,5,83,SCN1A:p.Y426N,SCN1A,LOF,0.8,0.5609756097560976,1.4260869565217391,SCN5A:p.D1430N;SCN2A:p.Y1589C;SCN5A:p.D785N;SCN5A:p.D1595N;SCN5A:p.Y1449C,SCN5A;SCN2A;SCN5A;SCN5A;SCN5A,LOF;GOF;LOF;LOF;LOF
delta_site,5,84,SCN5A:p.R458C,SCN5A,GOF,0.4,0.5130890052356021,0.7795918367346939,SCN8A:p.R1638C;SCN8A:p.R1872W;SCN1A:p.R1575C;SCN1A:p.R1657C;SCN1A:p.R1596C,SCN8A;SCN8A;SCN1A;SCN1A;SCN1A,LOF;GOF;GOF;LOF;LOF
delta_site,5,85,SCN5A:p.A551T,SCN5A,LOF,0.2,0.4869109947643979,0.410752688172043,SCN10A:p.A1304T;SCN2A:p.A1773T;SCN4A:p.A1156T;SCN10A:p.A1886V;SCN2A:p.M1879T,SCN10A;SCN2A;SCN4A;SCN10A;SCN2A,GOF;LOF;GOF;GOF;GOF
delta_site,5,86,SCN5A:p.L567Q,SCN5A,LOF,0.4,0.4869109947643979,0.821505376344086,SCN10A:p.L554P;SCN2A:p.R1882Q;SCN8A:p.R1872Q;SCN1A:p.R1525Q;SCN10A:p.R1588Q,SCN10A;SCN2A;SCN8A;SCN1A;SCN10A,GOF;GOF;GOF;LOF;LOF
delta_site,5,87,SCN5A:p.R569W,SCN5A,GOF,1.0,0.5130890052356021,1.9489795918367347,SCN8A:p.R1872W;SCN8A:p.R1872Q;SCN2A:p.R1882G;SCN2A:p.R1882Q;SCN10A:p.R814H,SCN8A;SCN8A;SCN2A;SCN2A;SCN10A,GOF;GOF;GOF;GOF;GOF
delta_site,5,88,SCN10A:p.L554P,SCN10A,GOF,0.4,0.3885542168674699,1.0294573643410854,SCN1A:p.L1624P;SCN11A:p.L1158P;SCN5A:p.L1346P;SCN5A:p.L136P;SCN5A:p.L1825P,SCN1A;SCN11A;SCN5A;SCN5A;SCN5A,GOF;GOF;LOF;LOF;LOF
delta_site,5,89,SCN5A:p.N592K,SCN5A,LOF,0.0,0.4869109947643979,0.0,SCN11A:p.N816K;SCN4A:p.N1297K;SCN8A:p.N374K;SCN9A:p.N395K;SCN4A:p.N440K,SCN11A;SCN4A;SCN8A;SCN9A;SCN4A,GOF;GOF;GOF;GOF;GOF
delta_site,5,90,SCN9A:p.D623N,SCN9A,GOF,0.0,0.3768545994065282,0.0,SCN2A:p.D12N;SCN5A:p.D84N;SCN5A:p.D1690N;SCN10A:p.D1639N;SCN5A:p.D349N,SCN2A;SCN5A;SCN5A;SCN10A;SCN5A,LOF;LOF;LOF;LOF;LOF
delta_site,5,91,SCN5A:p.L619F,SCN5A,GOF,0.2,0.5130890052356021,0.38979591836734695,SCN10A:p.L867F;SCN2A:p.L1330F;SCN1A:p.L986F;SCN10A:p.L388M;SCN11A:p.L1158P,SCN10A;SCN2A;SCN1A;SCN10A;SCN11A,LOF;LOF;LOF;LOF;GOF
delta_site,5,92,SCN5A:p.R689H,SCN5A,LOF,0.6,0.4869109947643979,1.232258064516129,SCN10A:p.R814H;SCN4A:p.R104H;SCN1A:p.R393H;SCN4A:p.R672H;SCN8A:p.R1872W,SCN10A;SCN4A;SCN1A;SCN4A;SCN8A,GOF;LOF;LOF;LOF;GOF
delta_site,5,93,SCN2A:p.T773I,SCN2A,GOF,0.4,0.379746835443038,1.0533333333333332,SCN8A:p.T767I;SCN1A:p.T1709I;SCN5A:p.T353I;SCN3A:p.T1486I;SCN5A:p.T187I,SCN8A;SCN1A;SCN5A;SCN3A;SCN5A,GOF;LOF;LOF;GOF;LOF
delta_site,5,94,SCN8A:p.T767I,SCN8A,GOF,0.4,0.3803680981595092,1.0516129032258064,SCN2A:p.T773I;SCN1A:p.T1709I;SCN5A:p.T353I;SCN3A:p.T1486I;SCN5A:p.T187I,SCN2A;SCN1A;SCN5A;SCN3A;SCN5A,GOF;LOF;LOF;GOF;LOF
delta_site,5,95,SCN5A:p.M734V,SCN5A,LOF,0.4,0.4869109947643979,0.821505376344086,SCN1A:p.M1500V;SCN8A:p.L1331V;SCN1A:p.M145T;SCN1A:p.A1685V;SCN2A:p.A263V,SCN1A;SCN8A;SCN1A;SCN1A;SCN2A,GOF;GOF;LOF;LOF;GOF
delta_site,5,96,SCN5A:p.A735E,SCN5A,LOF,0.8,0.4869109947643979,1.643010752688172,SCN1A:p.A1685D;SCN2A:p.A263V;SCN1A:p.G177E;SCN2A:p.A1773T;SCN1A:p.A1685V,SCN1A;SCN2A;SCN1A;SCN2A;SCN1A,LOF;GOF;LOF;LOF;LOF
delta_site,5,97,SCN5A:p.A735T,SCN5A,LOF,0.4,0.4869109947643979,0.821505376344086,SCN2A:p.A1773T;SCN4A:p.A1156T;SCN10A:p.A1304T;SCN4A:p.P382T;SCN11A:p.I381T,SCN2A;SCN4A;SCN10A;SCN4A;SCN11A,LOF;GOF;GOF;LOF;GOF
delta_site,5,98,SCN5A:p.A735V,SCN5A,LOF,0.4,0.4869109947643979,0.821505376344086,SCN1A:p.A1685V;SCN2A:p.A263V;SCN10A:p.A1886V;SCN8A:p.A1491V;SCN2A:p.A1773T,SCN1A;SCN2A;SCN10A;SCN8A;SCN2A,LOF;GOF;GOF;GOF;LOF
delta_site,5,99,SCN1A:p.E788K,SCN1A,LOF,0.8,0.5609756097560976,1.4260869565217391,SCN5A:p.E1225K;SCN5A:p.E746K;SCN5A:p.E901K;SCN5A:p.E161K;SCN5A:p.E1295K,SCN5A;SCN5A;SCN5A;SCN5A;SCN5A,LOF;LOF;LOF;LOF;GOF
delta_site,5,100,SCN1A:p.Y790C,SCN1A,LOF,0.4,0.5609756097560976,0.7130434782608696,SCN3A:p.Y1669C;SCN5A:p.Y1449C;SCN2A:p.Y1589C;SCN5A:p.Y1767C;SCN5A:p.Y1795C,SCN3A;SCN5A;SCN2A;SCN5A;SCN5A,LOF;LOF;GOF;GOF;GOF
delta_site,5,101,SCN5A:p.E746K,SCN5A,LOF,0.4,0.4869109947643979,0.821505376344086,SCN1A:p.E788K;SCN2A:p.E999K;SCN1A:p.Q1489K;SCN1A:p.M909K;SCN2A:p.E1803G,SCN1A;SCN2A;SCN1A;SCN1A;SCN2A,LOF;GOF;GOF;LOF;GOF
delta_site,5,102,SCN5A:p.G752R,SCN5A,LOF,0.8,0.4869109947643979,1.643010752688172,SCN8A:p.G964R;SCN1A:p.G979R;SCN1A:p.G1421W;SCN8A:p.G822R;SCN8A:p.G1475R,SCN8A;SCN1A;SCN1A;SCN8A;SCN8A,LOF;LOF;LOF;LOF;GOF
delta_site,5,103,SCN5A:p.D785N,SCN5A,LOF,0.6,0.4869109947643979,1.232258064516129,SCN10A:p.D1639N;SCN9A:p.D623N;SCN2A:p.D12N;SCN1A:p.Y426N;SCN11A:p.R222H,SCN10A;SCN9A;SCN2A;SCN1A;SCN11A,LOF;GOF;LOF;LOF;GOF
delta_site,5,104,SCN8A:p.G822R,SCN8A,LOF,0.8,0.6196319018404908,1.2910891089108911,SCN1A:p.G1421W;SCN5A:p.G1631D;SCN5A:p.G1748D;SCN5A:p.G1406R;SCN5A:p.G752R,SCN1A;SCN5A;SCN5A;SCN5A;SCN5A,LOF;GOF;LOF;LOF;LOF
delta_site,5,105,SCN10A:p.R756W,SCN10A,LOF,1.0,0.6114457831325302,1.6354679802955663,SCN1A:p.R859C;SCN5A:p.R808C;SCN1A:p.R859H;SCN4A:p.R1454W;SCN4A:p.R225W,SCN1A;SCN5A;SCN1A;SCN4A;SCN4A,LOF;LOF;LOF;LOF;LOF
delta_site,5,106,SCN1A:p.R859H,SCN1A,LOF,0.8,0.5609756097560976,1.4260869565217391,SCN4A:p.R669H;SCN11A:p.R222H;SCN4A:p.R672H;SCN5A:p.R808C;SCN5A:p.R811H,SCN4A;SCN11A;SCN4A;SCN5A;SCN5A,LOF;GOF;LOF;LOF;LOF
delta_site,5,107,SCN4A:p.R669H,SCN4A,LOF,0.8,0.6214511041009464,1.2873096446700507,SCN1A:p.R859H;SCN11A:p.R222H;SCN5A:p.R811H;SCN5A:p.R808C;SCN1A:p.R859C,SCN1A;SCN11A;SCN5A;SCN5A;SCN1A,LOF;GOF;LOF;LOF;LOF
delta_site,5,108,SCN1A:p.R859C,SCN1A,LOF,0.8,0.5609756097560976,1.4260869565217391,SCN5A:p.R808C;SCN10A:p.R756W;SCN4A:p.R669H;SCN5A:p.R1632C;SCN11A:p.R222H,SCN5A;SCN10A;SCN4A;SCN5A;SCN11A,LOF;LOF;LOF;LOF;GOF
delta_site,5,109,SCN5A:p.R808C,SCN5A,LOF,0.8,0.4869109947643979,1.643010752688172,SCN1A:p.R859C;SCN1A:p.R859H;SCN4A:p.R669H;SCN10A:p.R756W;SCN11A:p.R222H,SCN1A;SCN1A;SCN4A;SCN10A;SCN11A,LOF;LOF;LOF;LOF;GOF
delta_site,5,110,SCN4A:p.R672G,SCN4A,LOF,0.6,0.6214511041009464,0.965482233502538,SCN8A:p.R223G;SCN1A:p.R865G;SCN5A:p.R1626P;SCN1A:p.R1927G;SCN1A:p.R859H,SCN8A;SCN1A;SCN5A;SCN1A;SCN1A,LOF;GOF;GOF;LOF;LOF
delta_site,5,111,SCN4A:p.R672H,SCN4A,LOF,0.8,0.6214511041009464,1.2873096446700507,SCN5A:p.R811H;SCN1A:p.R859H;SCN11A:p.R222H;SCN5A:p.R282H;SCN5A:p.R367H,SCN5A;SCN1A;SCN11A;SCN5A;SCN5A,LOF;LOF;GOF;LOF;LOF
delta_site,5,112,SCN5A:p.R811H,SCN5A,LOF,1.0,0.4869109947643979,2.053763440860215,SCN4A:p.R672H;SCN4A:p.R1457H;SCN1A:p.R859H;SCN4A:p.R669H;SCN4A:p.R104H,SCN4A;SCN4A;SCN1A;SCN4A;SCN4A,LOF;LOF;LOF;LOF;LOF
delta_site,5,113,SCN3A:p.L855P,SCN3A,GOF,0.0,0.38095238095238093,0.0,SCN5A:p.L812Q;SCN5A:p.L839P;SCN5A:p.L1346P;SCN5A:p.L1825P;SCN5A:p.L136P,SCN5A;SCN5A;SCN5A;SCN5A;SCN5A,LOF;LOF;LOF;LOF;LOF
delta_site,5,114,SCN5A:p.L812Q,SCN5A,LOF,0.6,0.4869109947643979,1.232258064516129,SCN3A:p.L855P;SCN10A:p.L388M;SCN1A:p.L986F;SCN2A:p.L1330F;SCN11A:p.L1158P,SCN3A;SCN10A;SCN1A;SCN2A;SCN11A,GOF;LOF;LOF;LOF;GOF
delta_site,5,115,SCN1A:p.R865G,SCN1A,GOF,0.2,0.43902439024390244,0.4555555555555556,SCN4A:p.R672G;SCN5A:p.R1632C;SCN4A:p.R225W;SCN5A:p.R225P;SCN5A:p.R225W,SCN4A;SCN5A;SCN4A;SCN5A;SCN5A,LOF;LOF;LOF;GOF;LOF
delta_site,5,116,SCN5A:p.K817E,SCN5A,LOF,0.4,0.4869109947643979,0.821505376344086,SCN3A:p.K354Q;SCN10A:p.R756W;SCN4A:p.R225W;SCN3A:p.R1621G;SCN8A:p.R1617Q,SCN3A;SCN10A;SCN4A;SCN3A;SCN8A,GOF;LOF;LOF;GOF;GOF
delta_site,5,117,SCN1A:p.T875M,SCN1A,LOF,0.4,0.5609756097560976,0.7130434782608696,SCN5A:p.T1620M;SCN4A:p.T704M;SCN5A:p.T1304M;SCN4A:p.T1313M;SCN2A:p.T1420M,SCN5A;SCN4A;SCN5A;SCN4A;SCN2A,LOF;GOF;GOF;GOF;LOF
delta_site,5,118,SCN3A:p.I875T,SCN3A,GOF,0.6,0.38095238095238093,1.575,SCN11A:p.I381T;SCN9A:p.I234T;SCN1A:p.I1656M;SCN1A:p.I227S;SCN2A:p.I1571T,SCN11A;SCN9A;SCN1A;SCN1A;SCN2A,GOF;GOF;LOF;LOF;GOF
delta_site,5,119,SCN11A:p.G699R,SCN11A,GOF,0.2,0.38596491228070173,0.5181818181818182,SCN8A:p.G1475R;SCN5A:p.G1406R;SCN5A:p.G1743R;SCN5A:p.G1740R;SCN5A:p.G386R,SCN8A;SCN5A;SCN5A;SCN5A;SCN5A,GOF;LOF;LOF;LOF;LOF
delta_site,5,120,SCN5A:p.L839P,SCN5A,LOF,0.4,0.4869109947643979,0.821505376344086,SCN3A:p.L247P;SCN11A:p.L1158P;SCN10A:p.L388M;SCN3A:p.L855P;SCN1A:p.L1624P,SCN3A;SCN11A;SCN10A;SCN3A;SCN1A,LOF;GOF;LOF;GOF;GOF
delta_site,5,121,SCN4A:p.T704M,SCN4A,GOF,0.2,0.3785488958990536,0.5283333333333334,SCN5A:p.T1620M;SCN1A:p.T875M;SCN5A:p.T1304M;SCN2A:p.T1420M;SCN5A:p.T1709M,SCN5A;SCN1A;SCN5A;SCN2A;SCN5A,LOF;LOF;GOF;LOF;LOF
delta_site,5,122,SCN1A:p.F902C,SCN1A,LOF,0.6,0.5609756097560976,1.0695652173913042,SCN3A:p.F1646C;SCN5A:p.F851L;SCN5A:p.F892I;SCN5A:p.F1486L;SCN5A:p.F1344S,SCN3A;SCN5A;SCN5A;SCN5A;SCN5A,GOF;LOF;LOF;GOF;LOF
delta_site,5,123,SCN5A:p.F851L,SCN5A,LOF,0.4,0.4869109947643979,0.821505376344086,SCN1A:p.F1765L;SCN1A:p.F1499L;SCN2A:p.F1597L;SCN1A:p.F1661L;SCN1A:p.F902C,SCN1A;SCN1A;SCN2A;SCN1A;SCN1A,LOF;GOF;GOF;GOF;LOF
delta_site,5,124,SCN9A:p.V872G,SCN9A,GOF,0.4,0.3768545994065282,1.0614173228346457,SCN10A:p.V94G;SCN11A:p.V1184A;SCN1A:p.V1611F;SCN5A:p.V1405M;SCN5A:p.D1714G,SCN10A;SCN11A;SCN1A;SCN5A;SCN5A,LOF;GOF;GOF;LOF;LOF
delta_site,5,125,SCN2A:p.G899S,SCN2A,LOF,0.8,0.620253164556962,1.289795918367347,SCN5A:p.G1262S;SCN10A:p.G1662S;SCN5A:p.P1506S;SCN5A:p.A1428S;SCN5A:p.C1850S,SCN5A;SCN10A;SCN5A;SCN5A;SCN5A,LOF;GOF;LOF;LOF;LOF
delta_site,5,126,SCN1A:p.M909K,SCN1A,LOF,0.6,0.5609756097560976,1.0695652173913042,SCN5A:p.M369K;SCN4A:p.M203K;SCN5A:p.E746K;SCN8A:p.M1760I;SCN3A:p.M1765I,SCN5A;SCN4A;SCN5A;SCN8A;SCN3A,LOF;LOF;LOF;GOF;GOF
delta_site,5,127,SCN10A:p.R814H,SCN10A,GOF,0.0,0.3885542168674699,0.0,SCN5A:p.R282H;SCN5A:p.R689H;SCN5A:p.R27H;SCN1A:p.R393H;SCN5A:p.R376H,SCN5A;SCN5A;SCN5A;SCN1A;SCN5A,LOF;LOF;LOF;LOF;LOF
delta_site,5,128,SCN2A:p.K908E,SCN2A,GOF,0.4,0.379746835443038,1.0533333333333332,SCN5A:p.K126E;SCN5A:p.Q1832E;SCN3A:p.K354Q;SCN5A:p.G1406E;SCN4A:p.Q1633E,SCN5A;SCN5A;SCN3A;SCN5A;SCN4A,LOF;LOF;GOF;LOF;GOF
delta_site,5,129,SCN5A:p.W879R,SCN5A,LOF,0.6,0.4869109947643979,1.232258064516129,SCN1A:p.Q1923R;SCN1A:p.C959R;SCN9A:p.Q10R;SCN2A:p.C1386R;SCN10A:p.Y158D,SCN1A;SCN1A;SCN9A;SCN2A;SCN10A,LOF;LOF;GOF;LOF;GOF
delta_site,5,130,SCN1A:p.H939Q,SCN1A,LOF,0.8,0.5609756097560976,1.4260869565217391,SCN5A:p.R104Q;SCN10A:p.R1588Q;SCN2A:p.R1319Q;SCN8A:p.R1872Q;SCN5A:p.R1193Q,SCN5A;SCN10A;SCN2A;SCN8A;SCN5A,LOF;LOF;LOF;GOF;LOF
delta_site,5,131,SCN5A:p.I890T,SCN5A,LOF,0.4,0.4869109947643979,0.821505376344086,SCN2A:p.I1571T;SCN11A:p.I381T;SCN1A:p.I1656M;SCN8A:p.I1327V;SCN1A:p.I1498M,SCN2A;SCN11A;SCN1A;SCN8A;SCN1A,GOF;GOF;LOF;GOF;LOF
delta_site,5,132,SCN5A:p.F892I,SCN5A,LOF,0.6,0.4869109947643979,1.232258064516129,SCN1A:p.F1765L;SCN1A:p.F902C;SCN1A:p.M1267I;SCN1A:p.F1499L;SCN2A:p.F1597L,SCN1A;SCN1A;SCN1A;SCN1A;SCN2A,LOF;LOF;LOF;GOF;GOF
delta_site,5,133,SCN1A:p.R946C,SCN1A,LOF,1.0,0.5609756097560976,1.7826086956521738,SCN2A:p.R937C;SCN5A:p.R367C;SCN5A:p.R1583C;SCN2A:p.R937H;SCN3A:p.Y1669C,SCN2A;SCN5A;SCN5A;SCN2A;SCN3A,LOF;LOF;LOF;LOF;LOF
delta_site,5,134,SCN2A:p.R937C,SCN2A,LOF,1.0,0.620253164556962,1.6122448979591837,SCN1A:p.R946C;SCN5A:p.R367C;SCN5A:p.R1583C;SCN1A:p.R946H;SCN1A:p.R1596C,SCN1A;SCN5A;SCN5A;SCN1A;SCN1A,LOF;LOF;LOF;LOF;LOF
delta_site,5,135,SCN1A:p.R946H,SCN1A,LOF,1.0,0.5609756097560976,1.7826086956521738,SCN2A:p.R937H;SCN5A:p.R367H;SCN2A:p.R379H;SCN4A:p.R104H;SCN4A:p.R672H,SCN2A;SCN5A;SCN2A;SCN4A;SCN4A,LOF;LOF;LOF;LOF;LOF
delta_site,5,136,SCN2A:p.R937H,SCN2A,LOF,1.0,0.620253164556962,1.6122448979591837,SCN1A:p.R946H;SCN5A:p.R367H;SCN4A:p.R104H;SCN5A:p.R811H;SCN4A:p.R672H,SCN1A;SCN5A;SCN4A;SCN5A;SCN4A,LOF;LOF;LOF;LOF;LOF
delta_site,5,137,SCN5A:p.E901K,SCN5A,LOF,0.6,0.4869109947643979,1.232258064516129,SCN1A:p.E788K;SCN8A:p.N374K;SCN4A:p.M203K;SCN1A:p.M909K;SCN2A:p.E999K,SCN1A;SCN8A;SCN4A;SCN1A;SCN2A,LOF;GOF;LOF;LOF;GOF
delta_site,5,138,SCN1A:p.M956T,SCN1A,LOF,0.4,0.5609756097560976,0.7130434782608696,SCN2A:p.M1879T;SCN11A:p.I381T;SCN5A:p.A735T;SCN4A:p.M203K;SCN3A:p.M1765I,SCN2A;SCN11A;SCN5A;SCN4A;SCN3A,GOF;GOF;LOF;LOF;GOF
delta_site,5,139,SCN1A:p.C959R,SCN1A,LOF,1.0,0.5609756097560976,1.7826086956521738,SCN5A:p.C1850S;SCN5A:p.L325R;SCN5A:p.G1420R;SCN5A:p.G1740R;SCN2A:p.C1386R,SCN5A;SCN5A;SCN5A;SCN5A;SCN2A,LOF;LOF;LOF;LOF;LOF
delta_site,5,140,SCN5A:p.S910L,SCN5A,LOF,0.4,0.4869109947643979,0.821505376344086,SCN1A:p.S259R;SCN1A:p.V1353L;SCN10A:p.S242T;SCN9A:p.S241T;SCN8A:p.R1872L,SCN1A;SCN1A;SCN10A;SCN9A;SCN8A,LOF;LOF;GOF;GOF;GOF
delta_site,5,141,SCN10A:p.L867F,SCN10A,LOF,0.8,0.6114457831325302,1.3083743842364532,SCN5A:p.L619F;SCN2A:p.L1330F;SCN1A:p.L986F;SCN5A:p.L136P;SCN5A:p.L1346P,SCN5A;SCN2A;SCN1A;SCN5A;SCN5A,GOF;LOF;LOF;LOF;LOF
delta_site,5,142,SCN1A:p.G979R,SCN1A,LOF,1.0,0.5609756097560976,1.7826086956521738,SCN8A:p.G964R;SCN5A:p.G752R;SCN5A:p.G1420R;SCN5A:p.G386R;SCN5A:p.G1406R,SCN8A;SCN5A;SCN5A;SCN5A;SCN5A,LOF;LOF;LOF;LOF;LOF
delta_site,5,143,SCN8A:p.G964R,SCN8A,LOF,1.0,0.6196319018404908,1.613861386138614,SCN1A:p.G979R;SCN5A:p.G752R;SCN1A:p.G1421W;SCN5A:p.G1420R;SCN5A:p.G386R,SCN1A;SCN5A;SCN1A;SCN5A;SCN5A,LOF;LOF;LOF;LOF;LOF
delta_site,5,144,SCN5A:p.N927S,SCN5A,LOF,0.0,0.4869109947643979,0.0,SCN4A:p.N1297S;SCN4A:p.N1366S;SCN4A:p.F1473S;SCN1A:p.F1774S;SCN2A:p.T236S,SCN4A;SCN4A;SCN4A;SCN1A;SCN2A,GOF;GOF;GOF;GOF;GOF
delta_site,5,145,SCN5A:p.L928P,SCN5A,LOF,0.4,0.4869109947643979,0.821505376344086,SCN11A:p.L1158P;SCN3A:p.L247P;SCN10A:p.L388M;SCN1A:p.L1624P;SCN10A:p.L554P,SCN11A;SCN3A;SCN10A;SCN1A;SCN10A,GOF;LOF;LOF;GOF;GOF
delta_site,5,146,SCN1A:p.V983A,SCN1A,LOF,0.2,0.5609756097560976,0.3565217391304348,SCN3A:p.V1769A;SCN11A:p.V1184A;SCN8A:p.V1758A;SCN4A:p.V445M;SCN5A:p.V411M,SCN3A;SCN11A;SCN8A;SCN4A;SCN5A,GOF;GOF;LOF;GOF;GOF
delta_site,5,147,SCN1A:p.N985I,SCN1A,LOF,0.2,0.5609756097560976,0.3565217391304348,SCN4A:p.N440K;SCN9A:p.N395K;SCN5A:p.N1722D;SCN5A:p.N1774D;SCN8A:p.N1768D,SCN4A;SCN9A;SCN5A;SCN5A;SCN8A,GOF;GOF;LOF;GOF;GOF
delta_site,5,148,SCN1A:p.L986F,SCN1A,LOF,0.8,0.5609756097560976,1.4260869565217391,SCN2A:p.L1330F;SCN5A:p.L619F;SCN10A:p.L867F;SCN5A:p.L276Q;SCN10A:p.L388M,SCN2A;SCN5A;SCN10A;SCN5A;SCN10A,LOF;GOF;LOF;LOF;LOF
delta_site,5,149,SCN4A:p.L796V,SCN4A,GOF,0.8,0.3785488958990536,2.1133333333333337,SCN8A:p.L1331V;SCN1A:p.L263V;SCN5A:p.I1768V;SCN1A:p.L986F;SCN8A:p.I1327V,SCN8A;SCN1A;SCN5A;SCN1A;SCN8A,GOF;GOF;GOF;LOF;GOF
delta_site,5,150,SCN5A:p.S941N,SCN5A,GOF,0.6,0.5130890052356021,1.1693877551020408,SCN10A:p.D1639N;SCN2A:p.D12N;SCN2A:p.S1336Y;SCN9A:p.D623N;SCN2A:p.T1623N,SCN10A;SCN2A;SCN2A;SCN9A;SCN2A,LOF;LOF;GOF;GOF;GOF
delta_site,5,151,SCN11A:p.N816K,SCN11A,GOF,0.8,0.38596491228070173,2.0727272727272728,SCN5A:p.N592K;SCN4A:p.N1297K;SCN8A:p.N374K;SCN9A:p.N395K;SCN4A:p.N440K,SCN5A;SCN4A;SCN8A;SCN9A;SCN4A,LOF;GOF;GOF;GOF;GOF
delta_site,5,152,SCN2A:p.E999K,SCN2A,GOF,0.2,0.379746835443038,0.5266666666666666,SCN5A:p.E1295K;SCN5A:p.E746K;SCN1A:p.E788K;SCN5A:p.E1225K;SCN5A:p.N592K,SCN5A;SCN5A;SCN1A;SCN5A;SCN5A,GOF;LOF;LOF;LOF;LOF
delta_site,5,153,SCN1A:p.N1011I,SCN1A,LOF,0.4,0.5609756097560976,0.7130434782608696,SCN5A:p.N1722D;SCN11A:p.N816K;SCN5A:p.N592K;SCN4A:p.N1297K;SCN2A:p.N1339D,SCN5A;SCN11A;SCN5A;SCN4A;SCN2A,LOF;GOF;LOF;GOF;GOF
delta_site,5,154,SCN5A:p.R965C,SCN5A,LOF,0.6,0.4869109947643979,1.232258064516129,SCN8A:p.R1638C;SCN1A:p.R1596C;SCN8A:p.R1872W;SCN1A:p.R1657C;SCN1A:p.R1575C,SCN8A;SCN1A;SCN8A;SCN1A;SCN1A,LOF;LOF;GOF;LOF;GOF
delta_site,5,155,SCN5A:p.R1023H,SCN5A,LOF,0.8,0.4869109947643979,1.643010752688172,SCN10A:p.R814H;SCN1A:p.R393H;SCN4A:p.R104H;SCN4A:p.R672H;SCN4A:p.R1457H,SCN10A;SCN1A;SCN4A;SCN4A;SCN4A,GOF;LOF;LOF;LOF;LOF
delta_site,5,156,SCN10A:p.P1102S,SCN10A,GOF,0.0,0.3885542168674699,0.0,SCN5A:p.P1506S;SCN5A:p.T1461S;SCN1A:p.P1632S;SCN2A:p.P1622S;SCN2A:p.P1658S,SCN5A;SCN5A;SCN1A;SCN2A;SCN2A,LOF;LOF;LOF;LOF;LOF
delta_site,5,157,SCN5A:p.S1103Y,SCN5A,GOF,0.8,0.5130890052356021,1.5591836734693878,SCN2A:p.S1336Y;SCN10A:p.S242T;SCN9A:p.S241T;SCN1A:p.S259R;SCN9A:p.S211P,SCN2A;SCN10A;SCN9A;SCN1A;SCN9A,GOF;GOF;GOF;LOF;GOF
delta_site,5,158,SCN5A:p.P1177L,SCN5A,GOF,0.8,0.5130890052356021,1.5591836734693878,SCN3A:p.P1333L;SCN4A:p.P1158L;SCN8A:p.R1872L;SCN1A:p.F1499L;SCN1A:p.F1765L,SCN3A;SCN4A;SCN8A;SCN1A;SCN1A,GOF;GOF;GOF;GOF;LOF
delta_site,5,159,SCN5A:p.R1193Q,SCN5A,LOF,0.6,0.4869109947643979,1.232258064516129,SCN8A:p.R1872Q;SCN2A:p.R1882Q;SCN1A:p.R1525Q;SCN10A:p.R1588Q;SCN2A:p.R1319Q,SCN8A;SCN2A;SCN1A;SCN10A;SCN2A,GOF;GOF;LOF;LOF;LOF
delta_site,5,160,SCN5A:p.S1218I,SCN5A,LOF,0.0,0.4869109947643979,0.0,SCN2A:p.S1336Y;SCN8A:p.T767I;SCN9A:p.S241T;SCN10A:p.S242T;SCN2A:p.T773I,SCN2A;SCN8A;SCN9A;SCN10A;SCN2A,GOF;GOF;GOF;GOF;GOF
delta_site,5,161,SCN5A:p.E1225K,SCN5A,LOF,0.6,0.4869109947643979,1.232258064516129,SCN1A:p.E788K;SCN2A:p.E999K;SCN2A:p.E1803G;SCN1A:p.E1587K;SCN1A:p.E78D,SCN1A;SCN2A;SCN2A;SCN1A;SCN1A,LOF;GOF;GOF;LOF;LOF
delta_site,5,162,SCN5A:p.R1232W,SCN5A,LOF,0.6,0.4869109947643979,1.232258064516129,SCN1A:p.R1657C;SCN8A:p.R1638C;SCN8A:p.R1872W;SCN4A:p.R225W;SCN8A:p.R1872L,SCN1A;SCN8A;SCN8A;SCN4A;SCN8A,LOF;LOF;GOF;LOF;GOF
delta_site,5,163,SCN1A:p.M1267I,SCN1A,LOF,0.4,0.5609756097560976,0.7130434782608696,SCN8A:p.M1760I;SCN3A:p.M1765I;SCN8A:p.M139I;SCN5A:p.V1340I;SCN5A:p.F892I,SCN8A;SCN3A;SCN8A;SCN5A;SCN5A,GOF;GOF;GOF;LOF;LOF
delta_site,5,164,SCN5A:p.G1262S,SCN5A,LOF,0.6,0.4869109947643979,1.232258064516129,SCN2A:p.G899S;SCN10A:p.G1662S;SCN1A:p.G177A;SCN2A:p.P1658S;SCN4A:p.N1366S,SCN2A;SCN10A;SCN1A;SCN2A;SCN4A,LOF;GOF;LOF;LOF;GOF
delta_site,5,165,SCN5A:p.A1294G,SCN5A,LOF,0.6,0.4869109947643979,1.232258064516129,SCN2A:p.R1882G;SCN10A:p.V94G;SCN2A:p.D82G;SCN1A:p.R1927G;SCN2A:p.E1803G,SCN2A;SCN10A;SCN2A;SCN1A;SCN2A,GOF;LOF;LOF;LOF;GOF
delta_site,5,166,SCN5A:p.E1295K,SCN5A,GOF,0.8,0.5130890052356021,1.5591836734693878,SCN2A:p.E999K;SCN1A:p.E788K;SCN1A:p.Q1489K;SCN2A:p.E1803G;SCN11A:p.N816K,SCN2A;SCN1A;SCN1A;SCN2A;SCN11A,GOF;LOF;GOF;GOF;GOF
delta_site,5,167,SCN5A:p.T1304M,SCN5A,GOF,0.6,0.5130890052356021,1.1693877551020408,SCN2A:p.T1420M;SCN1A:p.T875M;SCN4A:p.T1313M;SCN4A:p.T704M;SCN8A:p.T767I,SCN2A;SCN1A;SCN4A;SCN4A;SCN8A,LOF;LOF;GOF;GOF;GOF
delta_site,5,168,SCN2A:p.R1312T,SCN2A,LOF,0.8,0.620253164556962,1.289795918367347,SCN4A:p.R669H;SCN1A:p.R865G;SCN5A:p.R1632C;SCN4A:p.R1457H;SCN8A:p.R223G,SCN4A;SCN1A;SCN5A;SCN4A;SCN8A,LOF;GOF;LOF;LOF;LOF
delta_site,5,169,SCN11A:p.L1158P,SCN11A,GOF,0.0,0.38596491228070173,0.0,SCN5A:p.L839P;SCN5A:p.L928P;SCN5A:p.L136P;SCN5A:p.L1346P;SCN3A:p.L247P,SCN5A;SCN5A;SCN5A;SCN5A;SCN3A,LOF;LOF;LOF;LOF;LOF
delta_site,5,170,SCN2A:p.R1319Q,SCN2A,LOF,1.0,0.620253164556962,1.6122448979591837,SCN5A:p.R104Q;SCN1A:p.R1525Q;SCN10A:p.R1588Q;SCN5A:p.R1193Q;SCN5A:p.R1629Q,SCN5A;SCN1A;SCN10A;SCN5A;SCN5A,LOF;LOF;LOF;LOF;LOF
delta_site,5,171,SCN5A:p.G1319V,SCN5A,LOF,0.8,0.4869109947643979,1.643010752688172,SCN1A:p.A1685V;SCN8A:p.G269R;SCN2A:p.A263V;SCN1A:p.G177A;SCN8A:p.G964R,SCN1A;SCN8A;SCN2A;SCN1A;SCN8A,LOF;LOF;GOF;LOF;LOF
delta_site,5,172,SCN5A:p.N1325S,SCN5A,GOF,0.8,0.5130890052356021,1.5591836734693878,SCN4A:p.N1297S;SCN4A:p.N1366S;SCN4A:p.F1473S;SCN2A:p.T236S;SCN2A:p.P1658S,SCN4A;SCN4A;SCN4A;SCN2A;SCN2A,GOF;GOF;GOF;GOF;LOF
delta_site,5,173,SCN2A:p.L1330F,SCN2A,LOF,0.8,0.620253164556962,1.289795918367347,SCN1A:p.L986F;SCN5A:p.L619F;SCN10A:p.L867F;SCN5A:p.L276Q;SCN10A:p.L388M,SCN1A;SCN5A;SCN10A;SCN5A;SCN10A,LOF;GOF;LOF;LOF;LOF
delta_site,5,174,SCN5A:p.V1328M,SCN5A,GOF,0.4,0.5130890052356021,0.7795918367346939,SCN8A:p.V1758A;SCN4A:p.V445M;SCN10A:p.V1518I;SCN9A:p.V400M;SCN1A:p.I1498M,SCN8A;SCN4A;SCN10A;SCN9A;SCN1A,LOF;GOF;LOF;GOF;LOF
delta_site,5,175,SCN5A:p.A1330P,SCN5A,GOF,0.4,0.5130890052356021,0.7795918367346939,SCN1A:p.A1685D;SCN4A:p.A1156T;SCN8A:p.A1622D;SCN2A:p.A1773T;SCN3A:p.L247P,SCN1A;SCN4A;SCN8A;SCN2A;SCN3A,LOF;GOF;GOF;LOF;LOF
delta_site,5,176,SCN4A:p.A1156T,SCN4A,GOF,0.4,0.3785488958990536,1.0566666666666669,SCN5A:p.A1330T;SCN5A:p.A735T;SCN2A:p.A1773T;SCN10A:p.A1304T;SCN5A:p.A551T,SCN5A;SCN5A;SCN2A;SCN10A;SCN5A,GOF;LOF;LOF;GOF;LOF
delta_site,5,177,SCN5A:p.A1330T,SCN5A,GOF,0.8,0.5130890052356021,1.5591836734693878,SCN4A:p.A1156T;SCN2A:p.A1773T;SCN10A:p.A1304T;SCN9A:p.S241T;SCN10A:p.S242T,SCN4A;SCN2A;SCN10A;SCN9A;SCN10A,GOF;LOF;GOF;GOF;GOF
delta_site,5,178,SCN3A:p.P1333L,SCN3A,GOF,0.6,0.38095238095238093,1.575,SCN4A:p.P1158L;SCN5A:p.P1332L;SCN5A:p.P336L;SCN5A:p.P1177L;SCN2A:p.P1658S,SCN4A;SCN5A;SCN5A;SCN5A;SCN2A,GOF;GOF;LOF;GOF;LOF
delta_site,5,179,SCN4A:p.P1158L,SCN4A,GOF,0.6,0.3785488958990536,1.585,SCN3A:p.P1333L;SCN5A:p.P1332L;SCN5A:p.P336L;SCN5A:p.P1177L;SCN2A:p.P1658S,SCN3A;SCN5A;SCN5A;SCN5A;SCN2A,GOF;GOF;LOF;GOF;LOF
delta_site,5,180,SCN5A:p.P1332L,SCN5A,GOF,0.6,0.5130890052356021,1.1693877551020408,SCN3A:p.P1333L;SCN4A:p.P1158L;SCN2A:p.P1658S;SCN1A:p.F1765L;SCN2A:p.F1597L,SCN3A;SCN4A;SCN2A;SCN1A;SCN2A,GOF;GOF;LOF;LOF;GOF
delta_site,5,181,SCN5A:p.S1333Y,SCN5A,GOF,0.8,0.5130890052356021,1.5591836734693878,SCN2A:p.S1336Y;SCN10A:p.S242T;SCN9A:p.S241T;SCN1A:p.S259R;SCN9A:p.S211P,SCN2A;SCN10A;SCN9A;SCN1A;SCN9A,GOF;GOF;GOF;LOF;GOF
delta_site,5,182,SCN2A:p.S1336Y,SCN2A,GOF,0.8,0.379746835443038,2.1066666666666665,SCN5A:p.S1333Y;SCN5A:p.S1672Y;SCN5A:p.S1103Y;SCN5A:p.S1609L;SCN10A:p.S242T,SCN5A;SCN5A;SCN5A;SCN5A;SCN10A,GOF;LOF;GOF;GOF;GOF
delta_site,5,183,SCN8A:p.I1327V,SCN8A,GOF,0.8,0.3803680981595092,2.1032258064516127,SCN5A:p.I1660V;SCN10A:p.I1706V;SCN5A:p.I1768V;SCN4A:p.I141V;SCN9A:p.I136V,SCN5A;SCN10A;SCN5A;SCN4A;SCN9A,LOF;GOF;GOF;GOF;GOF
delta_site,5,184,SCN2A:p.N1339D,SCN2A,GOF,0.6,0.379746835443038,1.5799999999999998,SCN5A:p.N1722D;SCN8A:p.N1768D;SCN5A:p.N1774D;SCN5A:p.N1541D;SCN4A:p.N1297S,SCN5A;SCN8A;SCN5A;SCN5A;SCN4A,LOF;GOF;GOF;LOF;GOF
delta_site,5,185,SCN8A:p.L1331V,SCN8A,GOF,1.0,0.3803680981595092,2.629032258064516,SCN4A:p.L796V;SCN1A:p.L263V;SCN5A:p.I1768V;SCN1A:p.M1500V;SCN4A:p.I141V,SCN4A;SCN1A;SCN5A;SCN1A;SCN4A,GOF;GOF;GOF;GOF;GOF
delta_site,5,186,SCN11A:p.V1184A,SCN11A,GOF,0.6,0.38596491228070173,1.5545454545454547,SCN3A:p.V1769A;SCN1A:p.V983A;SCN8A:p.V1758A;SCN5A:p.I1762A;SCN4A:p.T1313A,SCN3A;SCN1A;SCN8A;SCN5A;SCN4A,GOF;LOF;LOF;GOF;GOF
delta_site,5,187,SCN5A:p.V1340I,SCN5A,LOF,0.6,0.4869109947643979,1.232258064516129,SCN4A:p.V1293I;SCN1A:p.V1366I;SCN10A:p.V1518I;SCN1A:p.M1267I;SCN3A:p.M1765I,SCN4A;SCN1A;SCN10A;SCN1A;SCN3A,GOF;LOF;LOF;LOF;GOF
delta_site,5,188,SCN1A:p.V1353L,SCN1A,LOF,0.6,0.5609756097560976,1.0695652173913042,SCN5A:p.V1405L;SCN5A:p.V125L;SCN5A:p.V396L;SCN2A:p.V423L;SCN5A:p.V223L,SCN5A;SCN5A;SCN5A;SCN2A;SCN5A,LOF;GOF;LOF;GOF;LOF
delta_site,5,189,SCN5A:p.F1344S,SCN5A,LOF,0.2,0.4869109947643979,0.410752688172043,SCN1A:p.F1774S;SCN1A:p.F1831S;SCN9A:p.F216S;SCN4A:p.F1473S;SCN2A:p.T236S,SCN1A;SCN1A;SCN9A;SCN4A;SCN2A,GOF;LOF;GOF;GOF;GOF
delta_site,5,190,SCN5A:p.W1345C,SCN5A,LOF,0.8,0.4869109947643979,1.643010752688172,SCN3A:p.Y1669C;SCN2A:p.R937C;SCN2A:p.Y1589C;SCN1A:p.R946C;SCN1A:p.Y790C,SCN3A;SCN2A;SCN2A;SCN1A;SCN1A,LOF;LOF;GOF;LOF;LOF
delta_site,5,191,SCN5A:p.L1346P,SCN5A,LOF,0.4,0.4869109947643979,0.821505376344086,SCN11A:p.L1158P;SCN1A:p.L1624P;SCN10A:p.L388M;SCN3A:p.L247P;SCN10A:p.L554P,SCN11A;SCN1A;SCN10A;SCN3A;SCN10A,GOF;GOF;LOF;LOF;GOF
delta_site,5,192,SCN1A:p.V1366I,SCN1A,LOF,0.6,0.5609756097560976,1.0695652173913042,SCN4A:p.V1293I;SCN5A:p.V1667I;SCN10A:p.V1518I;SCN5A:p.V1340I;SCN5A:p.V1405M,SCN4A;SCN5A;SCN10A;SCN5A;SCN5A,GOF;GOF;LOF;LOF;LOF
delta_site,5,193,SCN10A:p.A1304T,SCN10A,GOF,0.4,0.3885542168674699,1.0294573643410854,SCN2A:p.A1773T;SCN5A:p.A551T;SCN4A:p.A1156T;SCN5A:p.A1330T;SCN5A:p.A735T,SCN2A;SCN5A;SCN4A;SCN5A;SCN5A,LOF;LOF;GOF;GOF;LOF
delta_site,5,194,SCN8A:p.T1360N,SCN8A,LOF,0.8,0.6196319018404908,1.2910891089108911,SCN2A:p.T1623N;SCN1A:p.T297I;SCN2A:p.D12N;SCN1A:p.T1709I;SCN5A:p.D84N,SCN2A;SCN1A;SCN2A;SCN1A;SCN5A,GOF;LOF;LOF;LOF;LOF
delta_site,5,195,SCN5A:p.V1378M,SCN5A,LOF,0.2,0.4869109947643979,0.410752688172043,SCN4A:p.V445M;SCN9A:p.V400M;SCN2A:p.I1473M;SCN4A:p.V1293I;SCN1A:p.V1366I,SCN4A;SCN9A;SCN2A;SCN4A;SCN1A,GOF;GOF;GOF;GOF;LOF
delta_site,5,196,SCN5A:p.N1380K,SCN5A,LOF,0.0,0.4869109947643979,0.0,SCN8A:p.N374K;SCN4A:p.N1297K;SCN11A:p.N816K;SCN4A:p.N440K;SCN9A:p.N395K,SCN8A;SCN4A;SCN11A;SCN4A;SCN9A,GOF;GOF;GOF;GOF;GOF
delta_site,5,197,SCN5A:p.S1382I,SCN5A,LOF,0.2,0.4869109947643979,0.410752688172043,SCN10A:p.S242T;SCN9A:p.S241T;SCN1A:p.T297I;SCN2A:p.S1336Y;SCN9A:p.S211P,SCN10A;SCN9A;SCN1A;SCN2A;SCN9A,GOF;GOF;LOF;GOF;GOF
delta_site,5,198,SCN4A:p.C1209F,SCN4A,LOF,0.4,0.6214511041009464,0.6436548223350254,SCN2A:p.C1386R;SCN3A:p.R1621G;SCN1A:p.L986F;SCN3A:p.R1621Q;SCN5A:p.R1623Q,SCN2A;SCN3A;SCN1A;SCN3A;SCN5A,LOF;GOF;LOF;GOF;GOF
delta_site,5,199,SCN2A:p.C1386R,SCN2A,LOF,1.0,0.620253164556962,1.6122448979591837,SCN4A:p.C1209F;SCN5A:p.C335R;SCN1A:p.C959R;SCN1A:p.Q1923R;SCN5A:p.G1420R,SCN4A;SCN5A;SCN1A;SCN1A;SCN5A,LOF;LOF;LOF;LOF;LOF
delta_site,5,200,SCN5A:p.V1405L,SCN5A,LOF,0.4,0.4869109947643979,0.821505376344086,SCN1A:p.V1353L;SCN2A:p.V423L;SCN4A:p.V1293I;SCN1A:p.V1366I;SCN4A:p.V445M,SCN1A;SCN2A;SCN4A;SCN1A;SCN4A,LOF;GOF;GOF;LOF;GOF
delta_site,5,201,SCN5A:p.V1405M,SCN5A,LOF,0.2,0.4869109947643979,0.410752688172043,SCN4A:p.V445M;SCN9A:p.V400M;SCN4A:p.V1293I;SCN1A:p.V1366I;SCN2A:p.V423L,SCN4A;SCN9A;SCN4A;SCN1A;SCN2A,GOF;GOF;GOF;LOF;GOF
delta_site,5,202,SCN5A:p.G1406E,SCN5A,LOF,0.8,0.4869109947643979,1.643010752688172,SCN4A:p.G1306E;SCN1A:p.G1421W;SCN1A:p.G1749E;SCN8A:p.G822R;SCN1A:p.G177E,SCN4A;SCN1A;SCN1A;SCN8A;SCN1A,GOF;LOF;LOF;LOF;LOF
delta_site,5,203,SCN5A:p.G1406R,SCN5A,LOF,0.6,0.4869109947643979,1.232258064516129,SCN11A:p.G699R;SCN8A:p.G1475R;SCN8A:p.G822R;SCN1A:p.G1421W;SCN8A:p.G964R,SCN11A;SCN8A;SCN8A;SCN1A;SCN8A,GOF;GOF;LOF;LOF;LOF
delta_site,5,204,SCN1A:p.G1421W,SCN1A,LOF,0.8,0.5609756097560976,1.4260869565217391,SCN5A:p.G1748D;SCN8A:p.G822R;SCN5A:p.G1631D;SCN8A:p.G964R;SCN5A:p.G1712C,SCN5A;SCN8A;SCN5A;SCN8A;SCN5A,LOF;LOF;GOF;LOF;LOF
delta_site,5,205,SCN2A:p.T1420M,SCN2A,LOF,0.4,0.620253164556962,0.6448979591836735,SCN5A:p.T1709M;SCN4A:p.T1313M;SCN5A:p.T1304M;SCN1A:p.T875M;SCN4A:p.T704M,SCN5A;SCN4A;SCN5A;SCN1A;SCN4A,LOF;GOF;GOF;LOF;GOF
delta_site,5,206,SCN5A:p.G1420R,SCN5A,LOF,0.6,0.4869109947643979,1.232258064516129,SCN8A:p.G1475R;SCN11A:p.G699R;SCN8A:p.G964R;SCN1A:p.G979R;SCN8A:p.G269R,SCN8A;SCN11A;SCN8A;SCN1A;SCN8A,GOF;GOF;LOF;LOF;LOF
delta_site,5,207,SCN5A:p.G1420V,SCN5A,LOF,1.0,0.4869109947643979,2.053763440860215,SCN1A:p.A1685V;SCN8A:p.G822R;SCN1A:p.G1421W;SCN8A:p.G964R;SCN1A:p.G979R,SCN1A;SCN8A;SCN1A;SCN8A;SCN1A,LOF;LOF;LOF;LOF;LOF
delta_site,5,208,SCN5A:p.A1428S,SCN5A,LOF,0.4,0.4869109947643979,0.821505376344086,SCN2A:p.G899S;SCN10A:p.G1662S;SCN10A:p.A1304T;SCN2A:p.A1773T;SCN4A:p.A1156T,SCN2A;SCN10A;SCN10A;SCN2A;SCN4A,LOF;GOF;GOF;LOF;GOF
delta_site,5,209,SCN5A:p.A1428V,SCN5A,LOF,0.2,0.4869109947643979,0.410752688172043,SCN8A:p.A1491V;SCN10A:p.A1886V;SCN1A:p.A1685V;SCN2A:p.A263V;SCN4A:p.A1156T,SCN8A;SCN10A;SCN1A;SCN2A;SCN4A,GOF;GOF;LOF;GOF;GOF
delta_site,5,210,SCN5A:p.D1430N,SCN5A,LOF,0.6,0.4869109947643979,1.232258064516129,SCN10A:p.D1639N;SCN2A:p.D12N;SCN9A:p.D623N;SCN4A:p.I1310N;SCN1A:p.Y426N,SCN10A;SCN2A;SCN9A;SCN4A;SCN1A,LOF;LOF;GOF;GOF;LOF
delta_site,5,211,SCN5A:p.R1432G,SCN5A,LOF,0.6,0.4869109947643979,1.232258064516129,SCN2A:p.R1882G;SCN1A:p.R1927G;SCN1A:p.R865G;SCN1A:p.R1596C;SCN4A:p.R672G,SCN2A;SCN1A;SCN1A;SCN1A;SCN4A,GOF;LOF;GOF;LOF;LOF
delta_site,5,212,SCN5A:p.Y1449C,SCN5A,LOF,0.6,0.4869109947643979,1.232258064516129,SCN2A:p.Y1589C;SCN3A:p.Y1669C;SCN1A:p.Y790C;SCN10A:p.Y158D;SCN2A:p.R937C,SCN2A;SCN3A;SCN1A;SCN10A;SCN2A,GOF;LOF;LOF;GOF;LOF
delta_site,5,213,SCN5A:p.T1461S,SCN5A,LOF,0.0,0.4869109947643979,0.0,SCN2A:p.T236S;SCN1A:p.F1774S;SCN10A:p.G1662S;SCN4A:p.F1473S;SCN4A:p.N1366S,SCN2A;SCN1A;SCN10A;SCN4A;SCN4A,GOF;GOF;GOF;GOF;GOF
delta_site,5,214,SCN4A:p.V1293I,SCN4A,GOF,0.4,0.3785488958990536,1.0566666666666669,SCN1A:p.V1366I;SCN5A:p.V1667I;SCN5A:p.V1340I;SCN10A:p.V1518I;SCN9A:p.V400M,SCN1A;SCN5A;SCN5A;SCN10A;SCN9A,LOF;GOF;LOF;LOF;GOF
delta_site,5,215,SCN2A:p.I1473M,SCN2A,GOF,0.4,0.379746835443038,1.0533333333333332,SCN1A:p.I1498M;SCN9A:p.I228M;SCN1A:p.I1656M;SCN5A:p.V1378M;SCN5A:p.V1764M,SCN1A;SCN9A;SCN1A;SCN5A;SCN5A,LOF;GOF;LOF;LOF;GOF
delta_site,5,216,SCN4A:p.N1297K,SCN4A,GOF,0.6,0.3785488958990536,1.585,SCN8A:p.N374K;SCN11A:p.N816K;SCN5A:p.N592K;SCN9A:p.N395K;SCN5A:p.N1380K,SCN8A;SCN11A;SCN5A;SCN9A;SCN5A,GOF;GOF;LOF;GOF;LOF
delta_site,5,217,SCN4A:p.N1297S,SCN4A,GOF,0.6,0.3785488958990536,1.585,SCN5A:p.N1325S;SCN5A:p.N927S;SCN5A:p.N406S;SCN5A:p.N1774D;SCN8A:p.N1768D,SCN5A;SCN5A;SCN5A;SCN5A;SCN8A,GOF;LOF;LOF;GOF;GOF
delta_site,5,218,SCN4A:p.F1298C,SCN4A,GOF,0.6,0.3785488958990536,1.585,SCN5A:p.F1473C;SCN5A:p.F1473S;SCN1A:p.F1765L;SCN5A:p.F851L;SCN2A:p.F1597L,SCN5A;SCN5A;SCN1A;SCN5A;SCN2A,GOF;GOF;LOF;LOF;GOF
delta_site,5,219,SCN5A:p.F1473C,SCN5A,GOF,0.4,0.5130890052356021,0.7795918367346939,SCN4A:p.F1298C;SCN1A:p.F1765L;SCN2A:p.F1597L;SCN1A:p.F1831S;SCN1A:p.F902C,SCN4A;SCN1A;SCN2A;SCN1A;SCN1A,GOF;LOF;GOF;LOF;LOF
delta_site,5,220,SCN5A:p.F1473S,SCN5A,GOF,0.8,0.5130890052356021,1.5591836734693878,SCN4A:p.F1298C;SCN1A:p.F1831S;SCN9A:p.F216S;SCN1A:p.F1774S;SCN4A:p.F1473S,SCN4A;SCN1A;SCN9A;SCN1A;SCN4A,GOF;LOF;GOF;GOF;GOF
delta_site,5,221,SCN5A:p.Q1475P,SCN5A,GOF,0.8,0.5130890052356021,1.5591836734693878,SCN1A:p.Q1489H;SCN9A:p.Q10R;SCN1A:p.Q1489K;SCN4A:p.Q1633E;SCN3A:p.L247P,SCN1A;SCN9A;SCN1A;SCN4A;SCN3A,GOF;GOF;GOF;GOF;LOF
delta_site,5,222,SCN1A:p.Q1489H,SCN1A,GOF,0.8,0.43902439024390244,1.8222222222222224,SCN5A:p.Q1476R;SCN5A:p.Q1475P;SCN9A:p.Q10R;SCN5A:p.Q1832E;SCN4A:p.Q1633E,SCN5A;SCN5A;SCN9A;SCN5A;SCN4A,GOF;GOF;GOF;LOF;GOF
delta_site,5,223,SCN1A:p.Q1489K,SCN1A,GOF,1.0,0.43902439024390244,2.2777777777777777,SCN5A:p.Q1476R;SCN4A:p.N1297K;SCN5A:p.E1295K;SCN9A:p.Q10R;SCN5A:p.Q1475P,SCN5A;SCN4A;SCN5A;SCN9A;SCN5A,GOF;GOF;GOF;GOF;GOF
delta_site,5,224,SCN5A:p.Q1476R,SCN5A,GOF,1.0,0.5130890052356021,1.9489795918367347,SCN9A:p.Q10R;SCN1A:p.Q1489K;SCN1A:p.Q1489H;SCN11A:p.G699R;SCN4A:p.Q1633E,SCN9A;SCN1A;SCN1A;SCN11A;SCN4A,GOF;GOF;GOF;GOF;GOF
delta_site,5,225,SCN4A:p.G1306E,SCN4A,GOF,0.2,0.3785488958990536,0.5283333333333334,SCN1A:p.G1749E;SCN5A:p.G1406E;SCN8A:p.G1475R;SCN5A:p.G1642E;SCN5A:p.G1712C,SCN1A;SCN5A;SCN8A;SCN5A;SCN5A,LOF;LOF;GOF;LOF;LOF
delta_site,5,226,SCN8A:p.G1475R,SCN8A,GOF,0.2,0.3803680981595092,0.5258064516129032,SCN5A:p.G386R;SCN5A:p.G1743R;SCN11A:p.G699R;SCN5A:p.G1740R;SCN5A:p.G1406R,SCN5A;SCN5A;SCN11A;SCN5A;SCN5A,LOF;LOF;GOF;LOF;LOF
delta_site,5,227,SCN1A:p.I1498M,SCN1A,LOF,0.2,0.5609756097560976,0.3565217391304348,SCN2A:p.I1473M;SCN9A:p.I228M;SCN4A:p.I1310N;SCN5A:p.V1378M;SCN10A:p.I1706V,SCN2A;SCN9A;SCN4A;SCN5A;SCN10A,GOF;GOF;GOF;LOF;GOF
delta_site,5,228,SCN4A:p.I1310N,SCN4A,GOF,0.4,0.3785488958990536,1.0566666666666669,SCN1A:p.I1656M;SCN5A:p.D1430N;SCN1A:p.I1498M;SCN3A:p.I875T;SCN9A:p.I234T,SCN1A;SCN5A;SCN1A;SCN3A;SCN9A,LOF;LOF;LOF;GOF;GOF
delta_site,5,229,SCN5A:p.F1486L,SCN5A,GOF,0.6,0.5130890052356021,1.1693877551020408,SCN1A:p.F1499L;SCN1A:p.F1765L;SCN1A:p.F1661L;SCN2A:p.F1597L;SCN1A:p.F902C,SCN1A;SCN1A;SCN1A;SCN2A;SCN1A,GOF;LOF;GOF;GOF;LOF
delta_site,5,230,SCN1A:p.F1499L,SCN1A,GOF,0.4,0.43902439024390244,0.9111111111111112,SCN5A:p.F1486L;SCN5A:p.F2004L;SCN5A:p.F851L;SCN2A:p.F1597L;SCN5A:p.F892I,SCN5A;SCN5A;SCN5A;SCN2A;SCN5A,GOF;LOF;LOF;GOF;LOF
delta_site,5,231,SCN1A:p.M1500V,SCN1A,GOF,0.8,0.43902439024390244,1.8222222222222224,SCN5A:p.M734V;SCN8A:p.L1331V;SCN5A:p.I1768V;SCN2A:p.M1879T;SCN8A:p.I1327V,SCN5A;SCN8A;SCN5A;SCN2A;SCN8A,LOF;GOF;GOF;GOF;GOF
delta_site,5,232,SCN4A:p.T1313A,SCN4A,GOF,0.8,0.3785488958990536,2.1133333333333337,SCN3A:p.T1486I;SCN11A:p.V1184A;SCN5A:p.P2006A;SCN1A:p.T1709I;SCN3A:p.V1769A,SCN3A;SCN11A;SCN5A;SCN1A;SCN3A,GOF;GOF;GOF;LOF;GOF
delta_site,5,233,SCN4A:p.T1313M,SCN4A,GOF,0.4,0.3785488958990536,1.0566666666666669,SCN3A:p.T1486I;SCN5A:p.T1709M;SCN2A:p.T1420M;SCN5A:p.T1620M;SCN5A:p.T1304M,SCN3A;SCN5A;SCN2A;SCN5A;SCN5A,GOF;LOF;LOF;LOF;GOF
delta_site,5,234,SCN3A:p.T1486I,SCN3A,GOF,0.4,0.38095238095238093,1.05,SCN4A:p.T1313M;SCN1A:p.T1709I;SCN4A:p.T1313A;SCN5A:p.T353I;SCN5A:p.T187I,SCN4A;SCN1A;SCN4A;SCN5A;SCN5A,GOF;LOF;GOF;LOF;LOF
delta_site,5,235,SCN8A:p.A1491V,SCN8A,GOF,0.4,0.3803680981595092,1.0516129032258064,SCN10A:p.A1886V;SCN5A:p.A1428V;SCN5A:p.A735V;SCN1A:p.A1685V;SCN2A:p.A263V,SCN10A;SCN5A;SCN5A;SCN1A;SCN2A,GOF;LOF;LOF;LOF;GOF
delta_site,5,236,SCN5A:p.P1506S,SCN5A,LOF,0.8,0.4869109947643979,1.643010752688172,SCN2A:p.P1658S;SCN1A:p.P1632S;SCN2A:p.P1622S;SCN2A:p.G899S;SCN4A:p.F1473S,SCN2A;SCN1A;SCN2A;SCN2A;SCN4A,LOF;LOF;LOF;LOF;GOF
delta_site,5,237,SCN5A:p.R1512W,SCN5A,LOF,0.8,0.4869109947643979,1.643010752688172,SCN8A:p.R1872W;SCN1A:p.R1657C;SCN1A:p.R1525Q;SCN8A:p.R1638C;SCN4A:p.R225W,SCN8A;SCN1A;SCN1A;SCN8A;SCN4A,GOF;LOF;LOF;LOF;LOF
delta_site,5,238,SCN1A:p.R1525Q,SCN1A,LOF,0.6,0.5609756097560976,1.0695652173913042,SCN5A:p.R104Q;SCN8A:p.R1872Q;SCN5A:p.R1193Q;SCN2A:p.R1882Q;SCN10A:p.R1588Q,SCN5A;SCN8A;SCN5A;SCN2A;SCN10A,LOF;GOF;LOF;GOF;LOF
delta_site,5,239,SCN5A:p.N1541D,SCN5A,LOF,0.2,0.4869109947643979,0.410752688172043,SCN8A:p.N1768D;SCN2A:p.N1339D;SCN4A:p.N1366S;SCN1A:p.N985I;SCN4A:p.N440K,SCN8A;SCN2A;SCN4A;SCN1A;SCN4A,GOF;GOF;GOF;LOF;GOF
delta_site,5,240,SCN4A:p.N1366S,SCN4A,GOF,0.6,0.3785488958990536,1.585,SCN5A:p.N1325S;SCN5A:p.N406S;SCN5A:p.N927S;SCN2A:p.T236S;SCN5A:p.F1473S,SCN5A;SCN5A;SCN5A;SCN2A;SCN5A,GOF;LOF;LOF;GOF;GOF
delta_site,5,241,SCN1A:p.R1575C,SCN1A,GOF,0.4,0.43902439024390244,0.9111111111111112,SCN5A:p.R458C;SCN5A:p.R965C;SCN5A:p.Y1767C;SCN8A:p.R1638C;SCN5A:p.R1644C,SCN5A;SCN5A;SCN5A;SCN8A;SCN5A,GOF;LOF;GOF;LOF;LOF
delta_site,5,242,SCN2A:p.I1571T,SCN2A,GOF,0.6,0.379746835443038,1.5799999999999998,SCN11A:p.I381T;SCN5A:p.I890T;SCN3A:p.I875T;SCN9A:p.I234T;SCN5A:p.I1660V,SCN11A;SCN5A;SCN3A;SCN9A;SCN5A,GOF;LOF;GOF;GOF;LOF
delta_site,5,243,SCN10A:p.V1518I,SCN10A,LOF,0.4,0.6114457831325302,0.6541871921182266,SCN5A:p.V1667I;SCN1A:p.V1366I;SCN4A:p.V1293I;SCN5A:p.V1340I;SCN5A:p.V1763M,SCN5A;SCN1A;SCN4A;SCN5A;SCN5A,GOF;LOF;GOF;LOF;GOF
delta_site,5,244,SCN1A:p.E1587K,SCN1A,LOF,1.0,0.5609756097560976,1.7826086956521738,SCN5A:p.E1574K;SCN5A:p.E1225K;SCN5A:p.E161K;SCN5A:p.E901K;SCN5A:p.E746K,SCN5A;SCN5A;SCN5A;SCN5A;SCN5A,LOF;LOF;LOF;LOF;LOF
delta_site,5,245,SCN5A:p.E1574K,SCN5A,LOF,0.8,0.4869109947643979,1.643010752688172,SCN1A:p.E1587K;SCN1A:p.E788K;SCN4A:p.R1454W;SCN4A:p.R225W;SCN2A:p.E999K,SCN1A;SCN1A;SCN4A;SCN4A;SCN2A,LOF;LOF;LOF;LOF;GOF
delta_site,5,246,SCN1A:p.R1596C,SCN1A,LOF,1.0,0.5609756097560976,1.7826086956521738,SCN5A:p.R1583C;SCN8A:p.R1638C;SCN5A:p.R1644C;SCN5A:p.R965C;SCN5A:p.R367C,SCN5A;SCN8A;SCN5A;SCN5A;SCN5A,LOF;LOF;LOF;LOF;LOF
delta_site,5,247,SCN5A:p.R1583C,SCN5A,LOF,1.0,0.4869109947643979,2.053763440860215,SCN1A:p.R1596C;SCN8A:p.R1638C;SCN1A:p.R1657C;SCN1A:p.R946C;SCN2A:p.R937C,SCN1A;SCN8A;SCN1A;SCN1A;SCN2A,LOF;LOF;LOF;LOF;LOF
delta_site,5,248,SCN2A:p.Y1589C,SCN2A,GOF,0.4,0.379746835443038,1.0533333333333332,SCN5A:p.Y1449C;SCN3A:p.Y1669C;SCN1A:p.Y790C;SCN5A:p.Y1767C;SCN5A:p.Y1795C,SCN5A;SCN3A;SCN1A;SCN5A;SCN5A,LOF;LOF;LOF;GOF;GOF
delta_site,5,249,SCN2A:p.F1597L,SCN2A,GOF,0.4,0.379746835443038,1.0533333333333332,SCN1A:p.F1765L;SCN5A:p.F851L;SCN5A:p.F1486L;SCN1A:p.F1499L;SCN5A:p.F2004L,SCN1A;SCN5A;SCN5A;SCN1A;SCN5A,LOF;LOF;GOF;GOF;LOF
delta_site,5,250,SCN5A:p.D1595N,SCN5A,LOF,0.8,0.4869109947643979,1.643010752688172,SCN10A:p.D1639N;SCN9A:p.D623N;SCN1A:p.Y426N;SCN2A:p.D12N;SCN2A:p.R1312T,SCN10A;SCN9A;SCN1A;SCN2A;SCN2A,LOF;GOF;LOF;LOF;LOF
delta_site,5,251,SCN1A:p.V1611F,SCN1A,GOF,0.8,0.43902439024390244,1.8222222222222224,SCN5A:p.V1405M;SCN5A:p.V411M;SCN9A:p.V400M;SCN4A:p.V1293I;SCN4A:p.V445M,SCN5A;SCN5A;SCN9A;SCN4A;SCN4A,LOF;GOF;GOF;GOF;GOF
delta_site,5,252,SCN5A:p.S1609L,SCN5A,GOF,0.8,0.5130890052356021,1.5591836734693878,SCN2A:p.S1336Y;SCN1A:p.S259R;SCN8A:p.R1872L;SCN9A:p.S211P;SCN10A:p.S242T,SCN2A;SCN1A;SCN8A;SCN9A;SCN10A,GOF;LOF;GOF;GOF;GOF
delta_site,5,253,SCN1A:p.L1624P,SCN1A,GOF,0.4,0.43902439024390244,0.9111111111111112,SCN5A:p.L1346P;SCN10A:p.L554P;SCN11A:p.L1158P;SCN5A:p.L136P;SCN5A:p.L1825P,SCN5A;SCN10A;SCN11A;SCN5A;SCN5A,LOF;GOF;GOF;LOF;LOF
delta_site,5,254,SCN4A:p.V1442E,SCN4A,LOF,0.2,0.6214511041009464,0.3218274111675127,SCN2A:p.V208E;SCN10A:p.V94G;SCN5A:p.V1763M;SCN1A:p.V1611F;SCN9A:p.V872G,SCN2A;SCN10A;SCN5A;SCN1A;SCN9A,GOF;LOF;GOF;GOF;GOF
delta_site,5,255,SCN1A:p.P1632S,SCN1A,LOF,0.6,0.5609756097560976,1.0695652173913042,SCN2A:p.P1622S;SCN2A:p.P1658S;SCN5A:p.P1506S;SCN2A:p.T236S;SCN5A:p.N1325S,SCN2A;SCN2A;SCN5A;SCN2A;SCN5A,LOF;LOF;LOF;GOF;GOF
delta_site,5,256,SCN2A:p.P1622S,SCN2A,LOF,0.6,0.620253164556962,0.9673469387755103,SCN1A:p.P1632S;SCN5A:p.P1506S;SCN5A:p.N1325S;SCN5A:p.C1850S;SCN4A:p.N1297S,SCN1A;SCN5A;SCN5A;SCN5A;SCN4A,LOF;LOF;GOF;LOF;GOF
delta_site,5,257,SCN2A:p.T1623N,SCN2A,GOF,0.2,0.379746835443038,0.5266666666666666,SCN8A:p.T1360N;SCN5A:p.T1620M;SCN1A:p.T1709I;SCN5A:p.T353I;SCN4A:p.T704M,SCN8A;SCN5A;SCN1A;SCN5A;SCN4A,LOF;LOF;LOF;LOF;GOF
delta_site,5,258,SCN5A:p.T1620M,SCN5A,LOF,0.4,0.4869109947643979,0.821505376344086,SCN1A:p.T875M;SCN4A:p.T704M;SCN4A:p.T1313M;SCN2A:p.T1420M;SCN2A:p.T1623N,SCN1A;SCN4A;SCN4A;SCN2A;SCN2A,LOF;GOF;GOF;LOF;GOF
delta_site,5,259,SCN3A:p.R1621G,SCN3A,GOF,0.6,0.38095238095238093,1.575,SCN5A:p.R1623Q;SCN8A:p.R1617Q;SCN8A:p.R223G;SCN4A:p.R1457H;SCN11A:p.R222H,SCN5A;SCN8A;SCN8A;SCN4A;SCN11A,GOF;GOF;LOF;LOF;GOF
delta_site,5,260,SCN3A:p.R1621Q,SCN3A,GOF,0.4,0.38095238095238093,1.05,SCN8A:p.R1617Q;SCN5A:p.R1623Q;SCN5A:p.R1629Q;SCN4A:p.R1457H;SCN4A:p.R669H,SCN8A;SCN5A;SCN5A;SCN4A;SCN4A,GOF;GOF;LOF;LOF;LOF
delta_site,5,261,SCN5A:p.R1623Q,SCN5A,GOF,0.6,0.5130890052356021,1.1693877551020408,SCN8A:p.R1617Q;SCN3A:p.R1621Q;SCN3A:p.R1621G;SCN4A:p.R1457H;SCN4A:p.R669H,SCN8A;SCN3A;SCN3A;SCN4A;SCN4A,GOF;GOF;GOF;LOF;LOF
delta_site,5,262,SCN8A:p.R1617Q,SCN8A,GOF,0.6,0.3803680981595092,1.5774193548387094,SCN3A:p.R1621Q;SCN5A:p.R1623Q;SCN3A:p.R1621G;SCN5A:p.R1629Q;SCN4A:p.R1457H,SCN3A;SCN5A;SCN3A;SCN5A;SCN4A,GOF;GOF;GOF;LOF;LOF
delta_site,5,263,SCN4A:p.R1451C,SCN4A,LOF,0.8,0.6214511041009464,1.2873096446700507,SCN5A:p.R1626P;SCN5A:p.R1632C;SCN8A:p.R1620L;SCN1A:p.R859C;SCN10A:p.R756W,SCN5A;SCN5A;SCN8A;SCN1A;SCN10A,GOF;LOF;LOF;LOF;LOF
delta_site,5,264,SCN5A:p.R1626P,SCN5A,GOF,0.0,0.5130890052356021,0.0,SCN4A:p.R1451C;SCN8A:p.R1620L;SCN4A:p.R1451L;SCN4A:p.R672G;SCN4A:p.R1454W,SCN4A;SCN8A;SCN4A;SCN4A;SCN4A,LOF;LOF;LOF;LOF;LOF
delta_site,5,265,SCN4A:p.R1451L,SCN4A,LOF,0.4,0.6214511041009464,0.6436548223350254,SCN8A:p.R1620L;SCN5A:p.R1626P;SCN5A:p.R1629Q;SCN3A:p.R1621Q;SCN5A:p.R1623Q,SCN8A;SCN5A;SCN5A;SCN3A;SCN5A,LOF;GOF;LOF;GOF;GOF
delta_site,5,266,SCN8A:p.R1620L,SCN8A,LOF,0.6,0.6196319018404908,0.9683168316831683,SCN4A:p.R1451L;SCN5A:p.R1626P;SCN5A:p.R1629Q;SCN4A:p.R1451C;SCN3A:p.R1621Q,SCN4A;SCN5A;SCN5A;SCN4A;SCN3A,LOF;GOF;LOF;LOF;GOF
delta_site,5,267,SCN8A:p.A1622D,SCN8A,GOF,0.6,0.3803680981595092,1.5774193548387094,SCN5A:p.A124D;SCN5A:p.A1330P;SCN1A:p.A1685D;SCN10A:p.A1304T;SCN10A:p.A1886V,SCN5A;SCN5A;SCN1A;SCN10A;SCN10A,LOF;GOF;LOF;GOF;GOF
delta_site,5,268,SCN5A:p.R1629Q,SCN5A,LOF,0.6,0.4869109947643979,1.232258064516129,SCN3A:p.R1621Q;SCN8A:p.R1617Q;SCN4A:p.R1457H;SCN10A:p.R1588Q;SCN1A:p.R1525Q,SCN3A;SCN8A;SCN4A;SCN10A;SCN1A,GOF;GOF;LOF;LOF;LOF
delta_site,5,269,SCN4A:p.R1454W,SCN4A,LOF,0.8,0.6214511041009464,1.2873096446700507,SCN5A:p.R1632C;SCN5A:p.R225W;SCN10A:p.R756W;SCN5A:p.R1626P;SCN5A:p.R811H,SCN5A;SCN5A;SCN10A;SCN5A;SCN5A,LOF;LOF;LOF;GOF;LOF
delta_site,5,270,SCN5A:p.G1631D,SCN5A,GOF,0.0,0.5130890052356021,0.0,SCN1A:p.G1421W;SCN8A:p.G822R;SCN1A:p.G979R;SCN8A:p.G964R;SCN1A:p.G1674R,SCN1A;SCN8A;SCN1A;SCN8A;SCN1A,LOF;LOF;LOF;LOF;LOF
delta_site,5,271,SCN5A:p.R1632C,SCN5A,LOF,0.8,0.4869109947643979,1.643010752688172,SCN4A:p.R1457H;SCN4A:p.R1454W;SCN1A:p.R865G;SCN4A:p.R225W;SCN4A:p.R672H,SCN4A;SCN4A;SCN1A;SCN4A;SCN4A,LOF;LOF;GOF;LOF;LOF
delta_site,5,272,SCN4A:p.R1457H,SCN4A,LOF,0.8,0.6214511041009464,1.2873096446700507,SCN5A:p.R811H;SCN5A:p.R1632C;SCN1A:p.R859H;SCN11A:p.R222H;SCN5A:p.R1629Q,SCN5A;SCN5A;SCN1A;SCN11A;SCN5A,LOF;LOF;LOF;GOF;LOF
delta_site,5,273,SCN10A:p.R1588Q,SCN10A,LOF,0.6,0.6114457831325302,0.9812807881773398,SCN5A:p.R1193Q;SCN1A:p.R1525Q;SCN8A:p.R1872Q;SCN2A:p.R1882Q;SCN5A:p.R104Q,SCN5A;SCN1A;SCN8A;SCN2A;SCN5A,LOF;LOF;GOF;GOF;LOF
delta_site,5,274,SCN5A:p.G1642E,SCN5A,LOF,0.8,0.4869109947643979,1.643010752688172,SCN1A:p.G177E;SCN4A:p.G1306E;SCN1A:p.G1749E;SCN1A:p.G1421W;SCN8A:p.G822R,SCN1A;SCN4A;SCN1A;SCN1A;SCN8A,LOF;GOF;LOF;LOF;LOF
delta_site,5,275,SCN1A:p.I1656M,SCN1A,LOF,0.0,0.5609756097560976,0.0,SCN9A:p.I228M;SCN2A:p.I1473M;SCN4A:p.I1310N;SCN3A:p.I875T;SCN9A:p.I234T,SCN9A;SCN2A;SCN4A;SCN3A;SCN9A,GOF;GOF;GOF;GOF;GOF
delta_site,5,276,SCN1A:p.R1657C,SCN1A,LOF,0.8,0.5609756097560976,1.4260869565217391,SCN5A:p.R1644C;SCN8A:p.R1638C;SCN5A:p.R1644H;SCN5A:p.R1583C;SCN5A:p.R1512W,SCN5A;SCN8A;SCN5A;SCN5A;SCN5A,LOF;LOF;GOF;LOF;LOF
delta_site,5,277,SCN5A:p.R1644C,SCN5A,LOF,0.8,0.4869109947643979,1.643010752688172,SCN8A:p.R1638C;SCN1A:p.R1657C;SCN1A:p.R1596C;SCN8A:p.R1872W;SCN1A:p.R859C,SCN8A;SCN1A;SCN1A;SCN8A;SCN1A,LOF;LOF;LOF;GOF;LOF
delta_site,5,278,SCN8A:p.R1638C,SCN8A,LOF,1.0,0.6196319018404908,1.613861386138614,SCN5A:p.R1644C;SCN1A:p.R1657C;SCN5A:p.R1583C;SCN1A:p.R1596C;SCN5A:p.R965C,SCN5A;SCN1A;SCN5A;SCN1A;SCN5A,LOF;LOF;LOF;LOF;LOF
delta_site,5,279,SCN5A:p.R1644H,SCN5A,GOF,0.2,0.5130890052356021,0.38979591836734695,SCN10A:p.R814H;SCN4A:p.R104H;SCN1A:p.R393H;SCN4A:p.R672H;SCN1A:p.R1657C,SCN10A;SCN4A;SCN1A;SCN4A;SCN1A,GOF;LOF;LOF;LOF;LOF
delta_site,5,280,SCN3A:p.F1646C,SCN3A,GOF,0.4,0.38095238095238093,1.05,SCN1A:p.F902C;SCN4A:p.F1473S;SCN1A:p.F1661L;SCN5A:p.F2004L;SCN1A:p.Y790C,SCN1A;SCN4A;SCN1A;SCN5A;SCN1A,LOF;GOF;GOF;LOF;LOF
delta_site,5,281,SCN1A:p.F1661L,SCN1A,GOF,0.6,0.43902439024390244,1.3666666666666667,SCN5A:p.F2004L;SCN5A:p.F1486L;SCN5A:p.F851L;SCN2A:p.F1597L;SCN3A:p.F1646C,SCN5A;SCN5A;SCN5A;SCN2A;SCN3A,LOF;GOF;LOF;GOF;GOF
delta_site,5,282,SCN4A:p.F1473S,SCN4A,GOF,0.6,0.3785488958990536,1.585,SCN3A:p.F1646C;SCN5A:p.F93S;SCN1A:p.F1774S;SCN5A:p.F1344S;SCN5A:p.N1325S,SCN3A;SCN5A;SCN1A;SCN5A;SCN5A,GOF;LOF;GOF;LOF;GOF
delta_site,5,283,SCN1A:p.M1664K,SCN1A,LOF,0.6,0.5609756097560976,1.0695652173913042,SCN5A:p.M369K;SCN4A:p.M203K;SCN5A:p.M1652R;SCN2A:p.M1879T;SCN5A:p.E746K,SCN5A;SCN4A;SCN5A;SCN2A;SCN5A,LOF;LOF;GOF;GOF;LOF
delta_site,5,284,SCN5A:p.M1652R,SCN5A,GOF,0.2,0.5130890052356021,0.38979591836734695,SCN1A:p.M1664K;SCN4A:p.M203K;SCN1A:p.M145T;SCN2A:p.M1879T;SCN1A:p.M956T,SCN1A;SCN4A;SCN1A;SCN2A;SCN1A,LOF;LOF;LOF;GOF;LOF
delta_site,5,285,SCN2A:p.P1658S,SCN2A,LOF,0.4,0.620253164556962,0.6448979591836735,SCN1A:p.P1632S;SCN5A:p.P1506S;SCN4A:p.P1158L;SCN3A:p.P1333L;SCN5A:p.P1332L,SCN1A;SCN5A;SCN4A;SCN3A;SCN5A,LOF;LOF;GOF;GOF;GOF
delta_site,5,286,SCN5A:p.A1656D,SCN5A,GOF,0.6,0.5130890052356021,1.1693877551020408,SCN1A:p.A1685D;SCN10A:p.A1304T;SCN2A:p.A1773T;SCN10A:p.A1886V;SCN8A:p.A1622D,SCN1A;SCN10A;SCN2A;SCN10A;SCN8A,LOF;GOF;LOF;GOF;GOF
delta_site,5,287,SCN5A:p.I1660V,SCN5A,LOF,0.0,0.4869109947643979,0.0,SCN8A:p.I1327V;SCN10A:p.I1706V;SCN4A:p.I141V;SCN9A:p.I136V;SCN8A:p.L1331V,SCN8A;SCN10A;SCN4A;SCN9A;SCN8A,GOF;GOF;GOF;GOF;GOF
delta_site,5,288,SCN1A:p.G1674R,SCN1A,LOF,0.8,0.5609756097560976,1.4260869565217391,SCN5A:p.G1661R;SCN5A:p.G1631D;SCN8A:p.G964R;SCN5A:p.G752R;SCN8A:p.G822R,SCN5A;SCN5A;SCN8A;SCN5A;SCN8A,LOF;GOF;LOF;LOF;LOF
delta_site,5,289,SCN5A:p.G1661R,SCN5A,LOF,1.0,0.4869109947643979,2.053763440860215,SCN1A:p.G1674R;SCN8A:p.G964R;SCN8A:p.G822R;SCN1A:p.G979R;SCN8A:p.G269R,SCN1A;SCN8A;SCN8A;SCN1A;SCN8A,LOF;LOF;LOF;LOF;LOF
delta_site,5,290,SCN5A:p.V1667I,SCN5A,GOF,0.4,0.5130890052356021,0.7795918367346939,SCN1A:p.V1366I;SCN10A:p.V1518I;SCN4A:p.V1293I;SCN9A:p.V400M;SCN10A:p.V94G,SCN1A;SCN10A;SCN4A;SCN9A;SCN10A,LOF;LOF;GOF;GOF;LOF
delta_site,5,291,SCN3A:p.Y1669C,SCN3A,LOF,0.6,0.6190476190476191,0.9692307692307691,SCN2A:p.Y1589C;SCN5A:p.Y1449C;SCN1A:p.Y790C;SCN5A:p.W1345C;SCN5A:p.Y1767C,SCN2A;SCN5A;SCN1A;SCN5A;SCN5A,GOF;LOF;LOF;LOF;GOF
delta_site,5,292,SCN1A:p.A1685D,SCN1A,LOF,0.4,0.5609756097560976,0.7130434782608696,SCN5A:p.A124D;SCN5A:p.A1330P;SCN5A:p.A1656D;SCN2A:p.A1773T;SCN8A:p.A1622D,SCN5A;SCN5A;SCN5A;SCN2A;SCN8A,LOF;GOF;GOF;LOF;GOF
delta_site,5,293,SCN1A:p.A1685V,SCN1A,LOF,0.4,0.5609756097560976,0.7130434782608696,SCN2A:p.A263V;SCN5A:p.A735V;SCN5A:p.A1428V;SCN10A:p.A1886V;SCN8A:p.A1491V,SCN2A;SCN5A;SCN5A;SCN10A;SCN8A,GOF;LOF;LOF;GOF;GOF
delta_site,5,294,SCN5A:p.S1672Y,SCN5A,LOF,0.2,0.4869109947643979,0.410752688172043,SCN2A:p.S1336Y;SCN1A:p.S259R;SCN9A:p.S211P;SCN10A:p.S242T;SCN9A:p.S241T,SCN2A;SCN1A;SCN9A;SCN10A;SCN9A,GOF;LOF;GOF;GOF;GOF
delta_site,5,295,SCN10A:p.D1639N,SCN10A,LOF,0.8,0.6114457831325302,1.3083743842364532,SCN5A:p.D1690N;SCN5A:p.D349N;SCN2A:p.D12N;SCN5A:p.D84N;SCN9A:p.D623N,SCN5A;SCN5A;SCN2A;SCN5A;SCN9A,LOF;LOF;LOF;LOF;GOF
delta_site,5,296,SCN5A:p.D1690N,SCN5A,LOF,0.6,0.4869109947643979,1.232258064516129,SCN10A:p.D1639N;SCN2A:p.D12N;SCN9A:p.D623N;SCN2A:p.D82G;SCN1A:p.D1866Y,SCN10A;SCN2A;SCN9A;SCN2A;SCN1A,LOF;LOF;GOF;LOF;GOF
delta_site,5,297,SCN1A:p.T1709I,SCN1A,LOF,0.4,0.5609756097560976,0.7130434782608696,SCN3A:p.T1486I;SCN5A:p.T353I;SCN8A:p.T767I;SCN2A:p.T773I;SCN5A:p.T187I,SCN3A;SCN5A;SCN8A;SCN2A;SCN5A,GOF;LOF;GOF;GOF;LOF
delta_site,5,298,SCN5A:p.T1709M,SCN5A,LOF,0.4,0.4869109947643979,0.821505376344086,SCN2A:p.T1420M;SCN4A:p.T1313M;SCN1A:p.T875M;SCN4A:p.T704M;SCN3A:p.T1486I,SCN2A;SCN4A;SCN1A;SCN4A;SCN3A,LOF;GOF;LOF;GOF;GOF
delta_site,5,299,SCN5A:p.G1712C,SCN5A,LOF,0.6,0.4869109947643979,1.232258064516129,SCN1A:p.G1421W;SCN10A:p.G1662S;SCN8A:p.G822R;SCN4A:p.G1306E;SCN1A:p.G1749E,SCN1A;SCN10A;SCN8A;SCN4A;SCN1A,LOF;GOF;LOF;GOF;LOF
delta_site,5,300,SCN10A:p.G1662S,SCN10A,GOF,0.0,0.3885542168674699,0.0,SCN5A:p.G1262S;SCN2A:p.G899S;SCN5A:p.G1712C;SCN1A:p.G1421W;SCN5A:p.G1748D,SCN5A;SCN2A;SCN5A;SCN1A;SCN5A,LOF;LOF;LOF;LOF;LOF
delta_site,5,301,SCN5A:p.D1714G,SCN5A,LOF,0.6,0.4869109947643979,1.232258064516129,SCN2A:p.D82G;SCN10A:p.V94G;SCN1A:p.R1927G;SCN2A:p.R1882G;SCN2A:p.E1803G,SCN2A;SCN10A;SCN1A;SCN2A;SCN2A,LOF;LOF;LOF;GOF;GOF
delta_site,5,302,SCN5A:p.N1722D,SCN5A,LOF,0.2,0.4869109947643979,0.410752688172043,SCN2A:p.N1339D;SCN8A:p.N1768D;SCN1A:p.N985I;SCN11A:p.N816K;SCN4A:p.N440K,SCN2A;SCN8A;SCN1A;SCN11A;SCN4A,GOF;GOF;LOF;GOF;GOF
delta_site,5,303,SCN5A:p.P1730H,SCN5A,LOF,0.8,0.4869109947643979,1.643010752688172,SCN1A:p.R393H;SCN4A:p.R672H;SCN4A:p.R104H;SCN1A:p.R946H;SCN10A:p.R814H,SCN1A;SCN4A;SCN4A;SCN1A;SCN10A,LOF;LOF;LOF;LOF;GOF
delta_site,5,304,SCN1A:p.G1749E,SCN1A,LOF,0.8,0.5609756097560976,1.4260869565217391,SCN4A:p.G1306E;SCN5A:p.G1406E;SCN5A:p.G1642E;SCN5A:p.G1712C;SCN5A:p.G1748D,SCN4A;SCN5A;SCN5A;SCN5A;SCN5A,GOF;LOF;LOF;LOF;LOF
delta_site,5,305,SCN5A:p.G1740R,SCN5A,LOF,0.6,0.4869109947643979,1.232258064516129,SCN8A:p.G1475R;SCN11A:p.G699R;SCN1A:p.G979R;SCN8A:p.G964R;SCN8A:p.G269R,SCN8A;SCN11A;SCN1A;SCN8A;SCN8A,GOF;GOF;LOF;LOF;LOF
delta_site,5,306,SCN5A:p.G1743R,SCN5A,LOF,0.6,0.4869109947643979,1.232258064516129,SCN8A:p.G1475R;SCN11A:p.G699R;SCN8A:p.G822R;SCN8A:p.G269R;SCN1A:p.G979R,SCN8A;SCN11A;SCN8A;SCN8A;SCN1A,GOF;GOF;LOF;LOF;LOF
delta_site,5,307,SCN5A:p.G1748D,SCN5A,LOF,0.8,0.4869109947643979,1.643010752688172,SCN1A:p.G1421W;SCN8A:p.G822R;SCN8A:p.G964R;SCN1A:p.G979R;SCN10A:p.G1662S,SCN1A;SCN8A;SCN8A;SCN1A;SCN10A,LOF;LOF;LOF;LOF;GOF
delta_site,5,308,SCN1A:p.F1765L,SCN1A,LOF,0.6,0.5609756097560976,1.0695652173913042,SCN5A:p.F851L;SCN2A:p.F1597L;SCN5A:p.F1486L;SCN5A:p.F2004L;SCN5A:p.F892I,SCN5A;SCN2A;SCN5A;SCN5A;SCN5A,LOF;GOF;GOF;LOF;LOF
delta_site,5,309,SCN10A:p.I1706V,SCN10A,GOF,0.8,0.3885542168674699,2.0589147286821707,SCN8A:p.I1327V;SCN5A:p.I1768V;SCN5A:p.I1660V;SCN4A:p.I141V;SCN9A:p.I136V,SCN8A;SCN5A;SCN5A;SCN4A;SCN9A,GOF;GOF;LOF;GOF;GOF
delta_site,5,310,SCN1A:p.F1774S,SCN1A,GOF,0.6,0.43902439024390244,1.3666666666666667,SCN5A:p.F1344S;SCN4A:p.F1473S;SCN5A:p.F1473S;SCN5A:p.F93S;SCN4A:p.N1366S,SCN5A;SCN4A;SCN5A;SCN5A;SCN4A,LOF;GOF;GOF;LOF;GOF
delta_site,5,311,SCN5A:p.I1762A,SCN5A,GOF,0.8,0.5130890052356021,1.5591836734693878,SCN11A:p.V1184A;SCN1A:p.V983A;SCN9A:p.I136V;SCN3A:p.V1769A;SCN10A:p.I1706V,SCN11A;SCN1A;SCN9A;SCN3A;SCN10A,GOF;LOF;GOF;GOF;GOF
delta_site,5,312,SCN5A:p.V1763M,SCN5A,GOF,0.4,0.5130890052356021,0.7795918367346939,SCN4A:p.V445M;SCN9A:p.V400M;SCN8A:p.V1758A;SCN10A:p.V1518I;SCN1A:p.V1366I,SCN4A;SCN9A;SCN8A;SCN10A;SCN1A,GOF;GOF;LOF;LOF;LOF
delta_site,5,313,SCN8A:p.V1758A,SCN8A,LOF,0.2,0.6196319018404908,0.3227722772277228,SCN3A:p.V1769A;SCN1A:p.V983A;SCN11A:p.V1184A;SCN5A:p.V1764M;SCN5A:p.V1763M,SCN3A;SCN1A;SCN11A;SCN5A;SCN5A,GOF;LOF;GOF;GOF;GOF
delta_site,5,314,SCN5A:p.V1764M,SCN5A,GOF,0.6,0.5130890052356021,1.1693877551020408,SCN8A:p.V1758A;SCN4A:p.V445M;SCN9A:p.V400M;SCN2A:p.I1473M;SCN10A:p.V1518I,SCN8A;SCN4A;SCN9A;SCN2A;SCN10A,LOF;GOF;GOF;GOF;LOF
delta_site,5,315,SCN3A:p.M1765I,SCN3A,GOF,0.4,0.38095238095238093,1.05,SCN8A:p.M1760I;SCN1A:p.M1267I;SCN8A:p.M139I;SCN5A:p.V1340I;SCN4A:p.M203K,SCN8A;SCN1A;SCN8A;SCN5A;SCN4A,GOF;LOF;GOF;LOF;LOF
delta_site,5,316,SCN8A:p.M1760I,SCN8A,GOF,0.4,0.3803680981595092,1.0516129032258064,SCN3A:p.M1765I;SCN1A:p.M1267I;SCN5A:p.V1340I;SCN4A:p.M203K;SCN4A:p.V1293I,SCN3A;SCN1A;SCN5A;SCN4A;SCN4A,GOF;LOF;LOF;LOF;GOF
delta_site,5,317,SCN5A:p.Y1767C,SCN5A,GOF,0.4,0.5130890052356021,0.7795918367346939,SCN2A:p.Y1589C;SCN1A:p.Y790C;SCN3A:p.Y1669C;SCN1A:p.R1575C;SCN1A:p.F902C,SCN2A;SCN1A;SCN3A;SCN1A;SCN1A,GOF;LOF;LOF;GOF;LOF
delta_site,5,318,SCN5A:p.I1768V,SCN5A,GOF,1.0,0.5130890052356021,1.9489795918367347,SCN8A:p.I1327V;SCN10A:p.I1706V;SCN4A:p.I141V;SCN9A:p.I136V;SCN8A:p.L1331V,SCN8A;SCN10A;SCN4A;SCN9A;SCN8A,GOF;GOF;GOF;GOF;GOF
delta_site,5,319,SCN2A:p.A1773T,SCN2A,LOF,0.4,0.620253164556962,0.6448979591836735,SCN5A:p.A735T;SCN10A:p.A1304T;SCN4A:p.A1156T;SCN5A:p.A1330T;SCN5A:p.A551T,SCN5A;SCN10A;SCN4A;SCN5A;SCN5A,LOF;GOF;GOF;GOF;LOF
delta_site,5,320,SCN3A:p.V1769A,SCN3A,GOF,0.6,0.38095238095238093,1.575,SCN8A:p.V1758A;SCN11A:p.V1184A;SCN1A:p.V983A;SCN4A:p.V445M;SCN9A:p.V400M,SCN8A;SCN11A;SCN1A;SCN4A;SCN9A,LOF;GOF;LOF;GOF;GOF
delta_site,5,321,SCN5A:p.N1774D,SCN5A,GOF,0.8,0.5130890052356021,1.5591836734693878,SCN8A:p.N1768D;SCN2A:p.N1339D;SCN4A:p.N1297S;SCN4A:p.N1297K;SCN1A:p.N985I,SCN8A;SCN2A;SCN4A;SCN4A;SCN1A,GOF;GOF;GOF;GOF;LOF
delta_site,5,322,SCN8A:p.N1768D,SCN8A,GOF,0.6,0.3803680981595092,1.5774193548387094,SCN5A:p.N1774D;SCN5A:p.N1541D;SCN2A:p.N1339D;SCN5A:p.N1722D;SCN4A:p.N1297S,SCN5A;SCN5A;SCN2A;SCN5A;SCN4A,GOF;LOF;GOF;LOF;GOF
delta_site,5,323,SCN5A:p.S1787N,SCN5A,GOF,0.8,0.5130890052356021,1.5591836734693878,SCN10A:p.S242T;SCN2A:p.D12N;SCN9A:p.S211P;SCN2A:p.S1336Y;SCN9A:p.S241T,SCN10A;SCN2A;SCN9A;SCN2A;SCN9A,GOF;LOF;GOF;GOF;GOF
delta_site,5,324,SCN5A:p.Y1795C,SCN5A,GOF,0.6,0.5130890052356021,1.1693877551020408,SCN1A:p.Y790C;SCN2A:p.Y1589C;SCN3A:p.Y1669C;SCN10A:p.Y158D;SCN3A:p.F1646C,SCN1A;SCN2A;SCN3A;SCN10A;SCN3A,LOF;GOF;LOF;GOF;GOF
delta_site,5,325,SCN5A:p.Y1795H,SCN5A,LOF,1.0,0.4869109947643979,2.053763440860215,SCN1A:p.R393H;SCN1A:p.R946H;SCN2A:p.R937H;SCN4A:p.R672H;SCN4A:p.R104H,SCN1A;SCN1A;SCN2A;SCN4A;SCN4A,LOF;LOF;LOF;LOF;LOF
delta_site,5,326,SCN2A:p.E1803G,SCN2A,GOF,0.2,0.379746835443038,0.5266666666666666,SCN5A:p.D1714G;SCN5A:p.E1295K;SCN5A:p.A178G;SCN5A:p.E746K;SCN5A:p.E1225K,SCN5A;SCN5A;SCN5A;SCN5A;SCN5A,LOF;GOF;LOF;LOF;LOF
delta_site,5,327,SCN4A:p.Q1633E,SCN4A,GOF,0.6,0.3785488958990536,1.585,SCN5A:p.Q1832E;SCN9A:p.Q10R;SCN2A:p.K908E;SCN5A:p.Q1475P;SCN5A:p.K126E,SCN5A;SCN9A;SCN2A;SCN5A;SCN5A,LOF;GOF;GOF;GOF;LOF
delta_site,5,328,SCN1A:p.F1831S,SCN1A,LOF,0.2,0.5609756097560976,0.3565217391304348,SCN5A:p.F1344S;SCN9A:p.F216S;SCN5A:p.F1473S;SCN4A:p.F1473S;SCN2A:p.F1597L,SCN5A;SCN9A;SCN5A;SCN4A;SCN2A,LOF;GOF;GOF;GOF;GOF
delta_site,5,329,SCN5A:p.L1825P,SCN5A,LOF,0.4,0.4869109947643979,0.821505376344086,SCN11A:p.L1158P;SCN3A:p.L247P;SCN10A:p.L388M;SCN10A:p.L554P;SCN1A:p.L1624P,SCN11A;SCN3A;SCN10A;SCN10A;SCN1A,GOF;LOF;LOF;GOF;GOF
delta_site,5,330,SCN5A:p.Q1832E,SCN5A,LOF,0.0,0.4869109947643979,0.0,SCN4A:p.Q1633E;SCN2A:p.K908E;SCN1A:p.Q1489H;SCN9A:p.Q10R;SCN1A:p.Q1489K,SCN4A;SCN2A;SCN1A;SCN9A;SCN1A,GOF;GOF;GOF;GOF;GOF
delta_site,5,331,SCN5A:p.C1850S,SCN5A,LOF,0.8,0.4869109947643979,1.643010752688172,SCN2A:p.T236S;SCN2A:p.G899S;SCN2A:p.P1658S;SCN1A:p.P1632S;SCN2A:p.P1622S,SCN2A;SCN2A;SCN2A;SCN1A;SCN2A,GOF;LOF;LOF;LOF;LOF
delta_site,5,332,SCN1A:p.D1866Y,SCN1A,GOF,0.0,0.43902439024390244,0.0,SCN5A:p.D1430N;SCN5A:p.D356N;SCN5A:p.D84N;SCN2A:p.D82G;SCN5A:p.D1690N,SCN5A;SCN5A;SCN5A;SCN2A;SCN5A,LOF;LOF;LOF;LOF;LOF
delta_site,5,333,SCN2A:p.M1879T,SCN2A,GOF,0.2,0.379746835443038,0.5266666666666666,SCN1A:p.M956T;SCN1A:p.M145T;SCN11A:p.I381T;SCN4A:p.P382T;SCN5A:p.A735T,SCN1A;SCN1A;SCN11A;SCN4A;SCN5A,LOF;LOF;GOF;LOF;LOF
delta_site,5,334,SCN8A:p.R1872L,SCN8A,GOF,0.4,0.3803680981595092,1.0516129032258064,SCN5A:p.R18W;SCN5A:p.R569W;SCN5A:p.R1897W;SCN4A:p.R1451L;SCN5A:p.R367L,SCN5A;SCN5A;SCN5A;SCN4A;SCN5A,GOF;GOF;LOF;LOF;LOF
delta_site,5,335,SCN2A:p.R1882G,SCN2A,GOF,0.6,0.379746835443038,1.5799999999999998,SCN5A:p.R1432G;SCN1A:p.R1927G;SCN8A:p.R1872W;SCN5A:p.R18W;SCN5A:p.R569W,SCN5A;SCN1A;SCN8A;SCN5A;SCN5A,LOF;LOF;GOF;GOF;GOF
delta_site,5,336,SCN2A:p.R1882Q,SCN2A,GOF,0.2,0.379746835443038,0.5266666666666666,SCN8A:p.R1872Q;SCN5A:p.R1193Q;SCN1A:p.R1525Q;SCN5A:p.R104Q;SCN10A:p.R1588Q,SCN8A;SCN5A;SCN1A;SCN5A;SCN10A,GOF;LOF;LOF;LOF;LOF
delta_site,5,337,SCN8A:p.R1872Q,SCN8A,GOF,0.2,0.3803680981595092,0.5258064516129032,SCN2A:p.R1882Q;SCN5A:p.R1193Q;SCN1A:p.R1525Q;SCN5A:p.R104Q;SCN10A:p.R1588Q,SCN2A;SCN5A;SCN1A;SCN5A;SCN10A,GOF;LOF;LOF;LOF;LOF
delta_site,5,338,SCN8A:p.R1872W,SCN8A,GOF,0.4,0.3803680981595092,1.0516129032258064,SCN5A:p.R18W;SCN5A:p.R569W;SCN5A:p.R1897W;SCN5A:p.R1898C;SCN5A:p.R1512W,SCN5A;SCN5A;SCN5A;SCN5A;SCN5A,GOF;GOF;LOF;LOF;LOF
delta_site,5,339,SCN5A:p.R1897W,SCN5A,LOF,0.2,0.4869109947643979,0.410752688172043,SCN8A:p.R1872W;SCN8A:p.R1872Q;SCN1A:p.R1657C;SCN2A:p.R1882Q;SCN8A:p.R1872L,SCN8A;SCN8A;SCN1A;SCN2A;SCN8A,GOF;GOF;LOF;GOF;GOF
delta_site,5,340,SCN5A:p.R1898C,SCN5A,LOF,0.6,0.4869109947643979,1.232258064516129,SCN8A:p.R1872W;SCN8A:p.R1638C;SCN1A:p.R1657C;SCN1A:p.R1596C;SCN8A:p.R1872Q,SCN8A;SCN8A;SCN1A;SCN1A;SCN8A,GOF;LOF;LOF;LOF;GOF
delta_site,5,341,SCN1A:p.Q1923R,SCN1A,LOF,0.8,0.5609756097560976,1.4260869565217391,SCN9A:p.Q10R;SCN5A:p.G1740R;SCN2A:p.C1386R;SCN5A:p.W879R;SCN5A:p.L325R,SCN9A;SCN5A;SCN2A;SCN5A;SCN5A,GOF;LOF;LOF;LOF;LOF
delta_site,5,342,SCN1A:p.R1927G,SCN1A,LOF,0.6,0.5609756097560976,1.0695652173913042,SCN5A:p.R1432G;SCN2A:p.R1882G;SCN4A:p.R672G;SCN5A:p.D1714G;SCN3A:p.R1621G,SCN5A;SCN2A;SCN4A;SCN5A;SCN3A,LOF;GOF;LOF;LOF;GOF
delta_site,5,343,SCN1A:p.T1934I,SCN1A,LOF,0.4,0.5609756097560976,0.7130434782608696,SCN5A:p.T353I;SCN3A:p.T1486I;SCN8A:p.T767I;SCN2A:p.T773I;SCN5A:p.T187I,SCN5A;SCN3A;SCN8A;SCN2A;SCN5A,LOF;GOF;GOF;GOF;LOF
delta_site,5,344,SCN10A:p.A1886V,SCN10A,GOF,0.4,0.3885542168674699,1.0294573643410854,SCN8A:p.A1491V;SCN5A:p.A1428V;SCN5A:p.A735V;SCN1A:p.A1685V;SCN2A:p.A263V,SCN8A;SCN5A;SCN5A;SCN1A;SCN2A,GOF;LOF;LOF;LOF;GOF
delta_site,5,345,SCN5A:p.I1968S,SCN5A,LOF,0.4,0.4869109947643979,0.821505376344086,SCN1A:p.I1656M;SCN10A:p.G1662S;SCN2A:p.I1571T;SCN4A:p.F1473S;SCN1A:p.I227S,SCN1A;SCN10A;SCN2A;SCN4A;SCN1A,LOF;GOF;GOF;GOF;LOF
delta_site,5,346,SCN5A:p.F2004L,SCN5A,LOF,0.2,0.4869109947643979,0.410752688172043,SCN1A:p.F1661L;SCN1A:p.F1499L;SCN1A:p.F1765L;SCN2A:p.F1597L;SCN3A:p.F1646C,SCN1A;SCN1A;SCN1A;SCN2A;SCN3A,GOF;GOF;LOF;GOF;GOF
delta_site,5,347,SCN5A:p.P2006A,SCN5A,GOF,1.0,0.5130890052356021,1.9489795918367347,SCN4A:p.T1313A;SCN11A:p.V1184A;SCN3A:p.V1769A;SCN4A:p.P1158L;SCN3A:p.P1333L,SCN4A;SCN11A;SCN3A;SCN4A;SCN3A,GOF;GOF;GOF;GOF;GOF
wt_mut_site,1,0,SCN9A:p.Q10R,SCN9A,GOF,0.0,0.3768545994065282,0.0,SCN2A:p.D12N,SCN2A,LOF
wt_mut_site,1,1,SCN2A:p.D12N,SCN2A,LOF,0.0,0.620253164556962,0.0,SCN9A:p.Q10R,SCN9A,GOF
wt_mut_site,1,2,SCN5A:p.R18W,SCN5A,GOF,1.0,0.5130890052356021,1.9489795918367347,SCN9A:p.Q10R,SCN9A,GOF
wt_mut_site,1,3,SCN5A:p.R27H,SCN5A,LOF,0.0,0.4869109947643979,0.0,SCN8A:p.R1872W,SCN8A,GOF
wt_mut_site,1,4,SCN1A:p.E78D,SCN1A,LOF,1.0,0.5609756097560976,1.7826086956521738,SCN5A:p.D84N,SCN5A,LOF
wt_mut_site,1,5,SCN5A:p.D84N,SCN5A,LOF,1.0,0.4869109947643979,2.053763440860215,SCN2A:p.D82G,SCN2A,LOF
wt_mut_site,1,6,SCN2A:p.D82G,SCN2A,LOF,1.0,0.620253164556962,1.6122448979591837,SCN5A:p.D84N,SCN5A,LOF
wt_mut_site,1,7,SCN5A:p.F93S,SCN5A,LOF,1.0,0.4869109947643979,2.053763440860215,SCN10A:p.V94G,SCN10A,LOF
wt_mut_site,1,8,SCN10A:p.V94G,SCN10A,LOF,1.0,0.6114457831325302,1.6354679802955663,SCN5A:p.F93S,SCN5A,LOF
wt_mut_site,1,9,SCN4A:p.R104H,SCN4A,LOF,1.0,0.6214511041009464,1.6091370558375635,SCN5A:p.R104W,SCN5A,LOF
wt_mut_site,1,10,SCN5A:p.R104Q,SCN5A,LOF,1.0,0.4869109947643979,2.053763440860215,SCN4A:p.R104H,SCN4A,LOF
wt_mut_site,1,11,SCN5A:p.R104W,SCN5A,LOF,1.0,0.4869109947643979,2.053763440860215,SCN4A:p.R104H,SCN4A,LOF
wt_mut_site,1,12,SCN5A:p.R121W,SCN5A,LOF,1.0,0.4869109947643979,2.053763440860215,SCN4A:p.R104H,SCN4A,LOF
wt_mut_site,1,13,SCN5A:p.A124D,SCN5A,LOF,0.0,0.4869109947643979,0.0,SCN3A:p.I875T,SCN3A,GOF
wt_mut_site,1,14,SCN5A:p.V125L,SCN5A,GOF,0.0,0.5130890052356021,0.0,SCN10A:p.V94G,SCN10A,LOF
wt_mut_site,1,15,SCN5A:p.K126E,SCN5A,LOF,0.0,0.4869109947643979,0.0,SCN8A:p.R1872W,SCN8A,GOF
wt_mut_site,1,16,SCN5A:p.L136P,SCN5A,LOF,1.0,0.4869109947643979,2.053763440860215,SCN1A:p.F1831S,SCN1A,LOF
wt_mut_site,1,17,SCN8A:p.M139I,SCN8A,GOF,1.0,0.3803680981595092,2.629032258064516,SCN9A:p.I136V,SCN9A,GOF
wt_mut_site,1,18,SCN4A:p.I141V,SCN4A,GOF,1.0,0.3785488958990536,2.6416666666666666,SCN9A:p.I136V,SCN9A,GOF
wt_mut_site,1,19,SCN9A:p.I136V,SCN9A,GOF,1.0,0.3768545994065282,2.653543307086614,SCN4A:p.I141V,SCN4A,GOF
wt_mut_site,1,20,SCN1A:p.M145T,SCN1A,LOF,1.0,0.5609756097560976,1.7826086956521738,SCN5A:p.M734V,SCN5A,LOF
wt_mut_site,1,21,SCN5A:p.E161K,SCN5A,LOF,1.0,0.4869109947643979,2.053763440860215,SCN1A:p.E788K,SCN1A,LOF
wt_mut_site,1,22,SCN10A:p.Y158D,SCN10A,GOF,1.0,0.3885542168674699,2.5736434108527133,SCN1A:p.R1575C,SCN1A,GOF
wt_mut_site,1,23,SCN5A:p.K175N,SCN5A,LOF,1.0,0.4869109947643979,2.053763440860215,SCN1A:p.E1587K,SCN1A,LOF
wt_mut_site,1,24,SCN5A:p.A178G,SCN5A,LOF,1.0,0.4869109947643979,2.053763440860215,SCN1A:p.G177A,SCN1A,LOF
wt_mut_site,1,25,SCN1A:p.G177A,SCN1A,LOF,1.0,0.5609756097560976,1.7826086956521738,SCN5A:p.G1262S,SCN5A,LOF
wt_mut_site,1,26,SCN1A:p.G177E,SCN1A,LOF,1.0,0.5609756097560976,1.7826086956521738,SCN5A:p.G1262S,SCN5A,LOF
wt_mut_site,1,27,SCN5A:p.T187I,SCN5A,LOF,0.0,0.4869109947643979,0.0,SCN3A:p.T1486I,SCN3A,GOF
wt_mut_site,1,28,SCN4A:p.M203K,SCN4A,LOF,0.0,0.6214511041009464,0.0,SCN2A:p.V208E,SCN2A,GOF
wt_mut_site,1,29,SCN2A:p.V208E,SCN2A,GOF,0.0,0.379746835443038,0.0,SCN4A:p.V1442E,SCN4A,LOF
wt_mut_site,1,30,SCN9A:p.S211P,SCN9A,GOF,1.0,0.3768545994065282,2.653543307086614,SCN2A:p.T1623N,SCN2A,GOF
wt_mut_site,1,31,SCN11A:p.R222H,SCN11A,GOF,0.0,0.38596491228070173,0.0,SCN1A:p.R859H,SCN1A,LOF
wt_mut_site,1,32,SCN9A:p.F216S,SCN9A,GOF,1.0,0.3768545994065282,2.653543307086614,SCN8A:p.A1622D,SCN8A,GOF
wt_mut_site,1,33,SCN8A:p.R223G,SCN8A,LOF,1.0,0.6196319018404908,1.613861386138614,SCN4A:p.R672G,SCN4A,LOF
wt_mut_site,1,34,SCN5A:p.V223L,SCN5A,LOF,0.0,0.4869109947643979,0.0,SCN3A:p.L855P,SCN3A,GOF
wt_mut_site,1,35,SCN4A:p.R225W,SCN4A,LOF,1.0,0.6214511041009464,1.6091370558375635,SCN5A:p.R225W,SCN5A,LOF
wt_mut_site,1,36,SCN5A:p.R225W,SCN5A,LOF,1.0,0.4869109947643979,2.053763440860215,SCN4A:p.R225W,SCN4A,LOF
wt_mut_site,1,37,SCN5A:p.R225P,SCN5A,GOF,0.0,0.5130890052356021,0.0,SCN4A:p.R225W,SCN4A,LOF
wt_mut_site,1,38,SCN5A:p.A226V,SCN5A,LOF,0.0,0.4869109947643979,0.0,SCN3A:p.L855P,SCN3A,GOF
wt_mut_site,1,39,SCN1A:p.I227S,SCN1A,LOF,0.0,0.5609756097560976,0.0,SCN11A:p.L1158P,SCN11A,GOF
wt_mut_site,1,40,SCN9A:p.I228M,SCN9A,GOF,0.0,0.3768545994065282,0.0,SCN1A:p.I227S,SCN1A,LOF
wt_mut_site,1,41,SCN2A:p.T236S,SCN2A,GOF,1.0,0.379746835443038,2.6333333333333333,SCN5A:p.N1325S,SCN5A,GOF
wt_mut_site,1,42,SCN9A:p.I234T,SCN9A,GOF,0.0,0.3768545994065282,0.0,SCN2A:p.L1330F,SCN2A,LOF
wt_mut_site,1,43,SCN9A:p.S241T,SCN9A,GOF,1.0,0.3768545994065282,2.653543307086614,SCN10A:p.S242T,SCN10A,GOF
wt_mut_site,1,44,SCN10A:p.S242T,SCN10A,GOF,1.0,0.3885542168674699,2.5736434108527133,SCN9A:p.S241T,SCN9A,GOF
wt_mut_site,1,45,SCN3A:p.L247P,SCN3A,LOF,1.0,0.6190476190476191,1.6153846153846154,SCN5A:p.L839P,SCN5A,LOF
wt_mut_site,1,46,SCN1A:p.D249E,SCN1A,LOF,0.0,0.5609756097560976,0.0,SCN2A:p.N1339D,SCN2A,GOF
wt_mut_site,1,47,SCN1A:p.S259R,SCN1A,LOF,1.0,0.5609756097560976,1.7826086956521738,SCN5A:p.L1346P,SCN5A,LOF
wt_mut_site,1,48,SCN2A:p.A263V,SCN2A,GOF,0.0,0.379746835443038,0.0,SCN1A:p.A1685V,SCN1A,LOF
wt_mut_site,1,49,SCN1A:p.L263V,SCN1A,GOF,1.0,0.43902439024390244,2.2777777777777777,SCN4A:p.L796V,SCN4A,GOF
wt_mut_site,1,50,SCN8A:p.G269R,SCN8A,LOF,1.0,0.6196319018404908,1.613861386138614,SCN2A:p.G899S,SCN2A,LOF
wt_mut_site,1,51,SCN5A:p.L276Q,SCN5A,LOF,0.0,0.4869109947643979,0.0,SCN10A:p.R814H,SCN10A,GOF
wt_mut_site,1,52,SCN5A:p.R282H,SCN5A,LOF,0.0,0.4869109947643979,0.0,SCN10A:p.R814H,SCN10A,GOF
wt_mut_site,1,53,SCN5A:p.R282C,SCN5A,LOF,0.0,0.4869109947643979,0.0,SCN8A:p.R1872W,SCN8A,GOF
wt_mut_site,1,54,SCN1A:p.T297I,SCN1A,LOF,1.0,0.5609756097560976,1.7826086956521738,SCN5A:p.S1382I,SCN5A,LOF
wt_mut_site,1,55,SCN5A:p.L325R,SCN5A,LOF,1.0,0.4869109947643979,2.053763440860215,SCN10A:p.V94G,SCN10A,LOF
wt_mut_site,1,56,SCN5A:p.C335R,SCN5A,LOF,1.0,0.4869109947643979,2.053763440860215,SCN2A:p.C1386R,SCN2A,LOF
wt_mut_site,1,57,SCN5A:p.P336L,SCN5A,LOF,1.0,0.4869109947643979,2.053763440860215,SCN4A:p.P382T,SCN4A,LOF
wt_mut_site,1,58,SCN3A:p.K354Q,SCN3A,GOF,0.0,0.38095238095238093,0.0,SCN5A:p.R104Q,SCN5A,LOF
wt_mut_site,1,59,SCN4A:p.P382T,SCN4A,LOF,1.0,0.6214511041009464,1.6091370558375635,SCN5A:p.P336L,SCN5A,LOF
wt_mut_site,1,60,SCN5A:p.D349N,SCN5A,LOF,1.0,0.4869109947643979,2.053763440860215,SCN2A:p.D12N,SCN2A,LOF
wt_mut_site,1,61,SCN5A:p.T353I,SCN5A,LOF,1.0,0.4869109947643979,2.053763440860215,SCN4A:p.P382T,SCN4A,LOF
wt_mut_site,1,62,SCN5A:p.D356N,SCN5A,LOF,1.0,0.4869109947643979,2.053763440860215,SCN10A:p.D1639N,SCN10A,LOF
wt_mut_site,1,63,SCN5A:p.R367C,SCN5A,LOF,1.0,0.4869109947643979,2.053763440860215,SCN2A:p.R379H,SCN2A,LOF
wt_mut_site,1,64,SCN2A:p.R379H,SCN2A,LOF,1.0,0.620253164556962,1.6122448979591837,SCN5A:p.R367H,SCN5A,LOF
wt_mut_site,1,65,SCN5A:p.R367H,SCN5A,LOF,1.0,0.4869109947643979,2.053763440860215,SCN2A:p.R379H,SCN2A,LOF
wt_mut_site,1,66,SCN5A:p.R367L,SCN5A,LOF,1.0,0.4869109947643979,2.053763440860215,SCN2A:p.R379H,SCN2A,LOF
wt_mut_site,1,67,SCN5A:p.M369K,SCN5A,LOF,1.0,0.4869109947643979,2.053763440860215,SCN2A:p.T1420M,SCN2A,LOF
wt_mut_site,1,68,SCN5A:p.W374G,SCN5A,LOF,0.0,0.4869109947643979,0.0,SCN10A:p.G1662S,SCN10A,GOF
wt_mut_site,1,69,SCN5A:p.R376H,SCN5A,LOF,0.0,0.4869109947643979,0.0,SCN8A:p.N374K,SCN8A,GOF
wt_mut_site,1,70,SCN8A:p.N374K,SCN8A,GOF,0.0,0.3803680981595092,0.0,SCN5A:p.R376H,SCN5A,LOF
wt_mut_site,1,71,SCN1A:p.R393H,SCN1A,LOF,1.0,0.5609756097560976,1.7826086956521738,SCN5A:p.N1722D,SCN5A,LOF
wt_mut_site,1,72,SCN5A:p.G386R,SCN5A,LOF,1.0,0.4869109947643979,2.053763440860215,SCN1A:p.R393H,SCN1A,LOF
wt_mut_site,1,73,SCN11A:p.I381T,SCN11A,GOF,0.0,0.38596491228070173,0.0,SCN10A:p.L867F,SCN10A,LOF
wt_mut_site,1,74,SCN5A:p.V396L,SCN5A,LOF,1.0,0.4869109947643979,2.053763440860215,SCN1A:p.V983A,SCN1A,LOF
wt_mut_site,1,75,SCN10A:p.L388M,SCN10A,LOF,1.0,0.6114457831325302,1.6354679802955663,SCN1A:p.V983A,SCN1A,LOF
wt_mut_site,1,76,SCN4A:p.N440K,SCN4A,GOF,1.0,0.3785488958990536,2.6416666666666666,SCN9A:p.N395K,SCN9A,GOF
wt_mut_site,1,77,SCN9A:p.N395K,SCN9A,GOF,1.0,0.3768545994065282,2.653543307086614,SCN4A:p.N440K,SCN4A,GOF
wt_mut_site,1,78,SCN5A:p.N406S,SCN5A,LOF,0.0,0.4869109947643979,0.0,SCN9A:p.N395K,SCN9A,GOF
wt_mut_site,1,79,SCN2A:p.V423L,SCN2A,GOF,1.0,0.379746835443038,2.6333333333333333,SCN9A:p.V400M,SCN9A,GOF
wt_mut_site,1,80,SCN4A:p.V445M,SCN4A,GOF,1.0,0.3785488958990536,2.6416666666666666,SCN5A:p.V411M,SCN5A,GOF
wt_mut_site,1,81,SCN5A:p.V411M,SCN5A,GOF,1.0,0.5130890052356021,1.9489795918367347,SCN9A:p.V400M,SCN9A,GOF
wt_mut_site,1,82,SCN9A:p.V400M,SCN9A,GOF,1.0,0.3768545994065282,2.653543307086614,SCN5A:p.V411M,SCN5A,GOF
wt_mut_site,1,83,SCN1A:p.Y426N,SCN1A,LOF,0.0,0.5609756097560976,0.0,SCN4A:p.F1298C,SCN4A,GOF
wt_mut_site,1,84,SCN5A:p.R458C,SCN5A,GOF,1.0,0.5130890052356021,1.9489795918367347,SCN9A:p.Q10R,SCN9A,GOF
wt_mut_site,1,85,SCN5A:p.A551T,SCN5A,LOF,0.0,0.4869109947643979,0.0,SCN10A:p.A1886V,SCN10A,GOF
wt_mut_site,1,86,SCN5A:p.L567Q,SCN5A,LOF,0.0,0.4869109947643979,0.0,SCN10A:p.L554P,SCN10A,GOF
wt_mut_site,1,87,SCN5A:p.R569W,SCN5A,GOF,1.0,0.5130890052356021,1.9489795918367347,SCN9A:p.Q10R,SCN9A,GOF
wt_mut_site,1,88,SCN10A:p.L554P,SCN10A,GOF,0.0,0.3885542168674699,0.0,SCN5A:p.L567Q,SCN5A,LOF
wt_mut_site,1,89,SCN5A:p.N592K,SCN5A,LOF,0.0,0.4869109947643979,0.0,SCN9A:p.Q10R,SCN9A,GOF
wt_mut_site,1,90,SCN9A:p.D623N,SCN9A,GOF,0.0,0.3768545994065282,0.0,SCN2A:p.D12N,SCN2A,LOF
wt_mut_site,1,91,SCN5A:p.L619F,SCN5A,GOF,1.0,0.5130890052356021,1.9489795918367347,SCN10A:p.L554P,SCN10A,GOF
wt_mut_site,1,92,SCN5A:p.R689H,SCN5A,LOF,1.0,0.4869109947643979,2.053763440860215,SCN10A:p.V94G,SCN10A,LOF
wt_mut_site,1,93,SCN2A:p.T773I,SCN2A,GOF,1.0,0.379746835443038,2.6333333333333333,SCN8A:p.T767I,SCN8A,GOF
wt_mut_site,1,94,SCN8A:p.T767I,SCN8A,GOF,1.0,0.3803680981595092,2.629032258064516,SCN2A:p.T773I,SCN2A,GOF
wt_mut_site,1,95,SCN5A:p.M734V,SCN5A,LOF,1.0,0.4869109947643979,2.053763440860215,SCN1A:p.M145T,SCN1A,LOF
wt_mut_site,1,96,SCN5A:p.A735E,SCN5A,LOF,0.0,0.4869109947643979,0.0,SCN2A:p.A263V,SCN2A,GOF
wt_mut_site,1,97,SCN5A:p.A735T,SCN5A,LOF,1.0,0.4869109947643979,2.053763440860215,SCN2A:p.A1773T,SCN2A,LOF
wt_mut_site,1,98,SCN5A:p.A735V,SCN5A,LOF,0.0,0.4869109947643979,0.0,SCN2A:p.A263V,SCN2A,GOF
wt_mut_site,1,99,SCN1A:p.E788K,SCN1A,LOF,1.0,0.5609756097560976,1.7826086956521738,SCN5A:p.E1225K,SCN5A,LOF
wt_mut_site,1,100,SCN1A:p.Y790C,SCN1A,LOF,1.0,0.5609756097560976,1.7826086956521738,SCN5A:p.F93S,SCN5A,LOF
wt_mut_site,1,101,SCN5A:p.E746K,SCN5A,LOF,0.0,0.4869109947643979,0.0,SCN8A:p.R1872W,SCN8A,GOF
wt_mut_site,1,102,SCN5A:p.G752R,SCN5A,LOF,0.0,0.4869109947643979,0.0,SCN1A:p.R1575C,SCN1A,GOF
wt_mut_site,1,103,SCN5A:p.D785N,SCN5A,LOF,1.0,0.4869109947643979,2.053763440860215,SCN1A:p.E1587K,SCN1A,LOF
wt_mut_site,1,104,SCN8A:p.G822R,SCN8A,LOF,0.0,0.6196319018404908,0.0,SCN2A:p.F1597L,SCN2A,GOF
wt_mut_site,1,105,SCN10A:p.R756W,SCN10A,LOF,1.0,0.6114457831325302,1.6354679802955663,SCN5A:p.R808C,SCN5A,LOF
wt_mut_site,1,106,SCN1A:p.R859H,SCN1A,LOF,1.0,0.5609756097560976,1.7826086956521738,SCN4A:p.R669H,SCN4A,LOF
wt_mut_site,1,107,SCN4A:p.R669H,SCN4A,LOF,1.0,0.6214511041009464,1.6091370558375635,SCN1A:p.R859H,SCN1A,LOF
wt_mut_site,1,108,SCN1A:p.R859C,SCN1A,LOF,1.0,0.5609756097560976,1.7826086956521738,SCN5A:p.R808C,SCN5A,LOF
wt_mut_site,1,109,SCN5A:p.R808C,SCN5A,LOF,1.0,0.4869109947643979,2.053763440860215,SCN1A:p.R859C,SCN1A,LOF
wt_mut_site,1,110,SCN4A:p.R672G,SCN4A,LOF,1.0,0.6214511041009464,1.6091370558375635,SCN5A:p.R811H,SCN5A,LOF
wt_mut_site,1,111,SCN4A:p.R672H,SCN4A,LOF,1.0,0.6214511041009464,1.6091370558375635,SCN5A:p.R811H,SCN5A,LOF
wt_mut_site,1,112,SCN5A:p.R811H,SCN5A,LOF,1.0,0.4869109947643979,2.053763440860215,SCN4A:p.R672H,SCN4A,LOF
wt_mut_site,1,113,SCN3A:p.L855P,SCN3A,GOF,0.0,0.38095238095238093,0.0,SCN5A:p.L812Q,SCN5A,LOF
wt_mut_site,1,114,SCN5A:p.L812Q,SCN5A,LOF,0.0,0.4869109947643979,0.0,SCN3A:p.L855P,SCN3A,GOF
wt_mut_site,1,115,SCN1A:p.R865G,SCN1A,GOF,0.0,0.43902439024390244,0.0,SCN4A:p.R225W,SCN4A,LOF
wt_mut_site,1,116,SCN5A:p.K817E,SCN5A,LOF,1.0,0.4869109947643979,2.053763440860215,SCN4A:p.R1457H,SCN4A,LOF
wt_mut_site,1,117,SCN1A:p.T875M,SCN1A,LOF,1.0,0.5609756097560976,1.7826086956521738,SCN5A:p.G1642E,SCN5A,LOF
wt_mut_site,1,118,SCN3A:p.I875T,SCN3A,GOF,0.0,0.38095238095238093,0.0,SCN2A:p.L1330F,SCN2A,LOF
wt_mut_site,1,119,SCN11A:p.G699R,SCN11A,GOF,1.0,0.38596491228070173,2.5909090909090913,SCN5A:p.P1332L,SCN5A,GOF
wt_mut_site,1,120,SCN5A:p.L839P,SCN5A,LOF,1.0,0.4869109947643979,2.053763440860215,SCN3A:p.L247P,SCN3A,LOF
wt_mut_site,1,121,SCN4A:p.T704M,SCN4A,GOF,0.0,0.3785488958990536,0.0,SCN5A:p.G1661R,SCN5A,LOF
wt_mut_site,1,122,SCN1A:p.F902C,SCN1A,LOF,1.0,0.5609756097560976,1.7826086956521738,SCN5A:p.F851L,SCN5A,LOF
wt_mut_site,1,123,SCN5A:p.F851L,SCN5A,LOF,1.0,0.4869109947643979,2.053763440860215,SCN1A:p.F902C,SCN1A,LOF
wt_mut_site,1,124,SCN9A:p.V872G,SCN9A,GOF,1.0,0.3768545994065282,2.653543307086614,SCN11A:p.V1184A,SCN11A,GOF
wt_mut_site,1,125,SCN2A:p.G899S,SCN2A,LOF,1.0,0.620253164556962,1.6122448979591837,SCN8A:p.G269R,SCN8A,LOF
wt_mut_site,1,126,SCN1A:p.M909K,SCN1A,LOF,0.0,0.5609756097560976,0.0,SCN10A:p.A1304T,SCN10A,GOF
wt_mut_site,1,127,SCN10A:p.R814H,SCN10A,GOF,1.0,0.3885542168674699,2.5736434108527133,SCN2A:p.K908E,SCN2A,GOF
wt_mut_site,1,128,SCN2A:p.K908E,SCN2A,GOF,1.0,0.379746835443038,2.6333333333333333,SCN10A:p.R814H,SCN10A,GOF
wt_mut_site,1,129,SCN5A:p.W879R,SCN5A,LOF,0.0,0.4869109947643979,0.0,SCN10A:p.R814H,SCN10A,GOF
wt_mut_site,1,130,SCN1A:p.H939Q,SCN1A,LOF,1.0,0.5609756097560976,1.7826086956521738,SCN5A:p.N1722D,SCN5A,LOF
wt_mut_site,1,131,SCN5A:p.I890T,SCN5A,LOF,1.0,0.4869109947643979,2.053763440860215,SCN1A:p.M956T,SCN1A,LOF
wt_mut_site,1,132,SCN5A:p.F892I,SCN5A,LOF,1.0,0.4869109947643979,2.053763440860215,SCN1A:p.M956T,SCN1A,LOF
wt_mut_site,1,133,SCN1A:p.R946C,SCN1A,LOF,1.0,0.5609756097560976,1.7826086956521738,SCN2A:p.R937C,SCN2A,LOF
wt_mut_site,1,134,SCN2A:p.R937C,SCN2A,LOF,1.0,0.620253164556962,1.6122448979591837,SCN1A:p.R946C,SCN1A,LOF
wt_mut_site,1,135,SCN1A:p.R946H,SCN1A,LOF,1.0,0.5609756097560976,1.7826086956521738,SCN2A:p.R937H,SCN2A,LOF
wt_mut_site,1,136,SCN2A:p.R937H,SCN2A,LOF,1.0,0.620253164556962,1.6122448979591837,SCN1A:p.R946H,SCN1A,LOF
wt_mut_site,1,137,SCN5A:p.E901K,SCN5A,LOF,0.0,0.4869109947643979,0.0,SCN8A:p.N374K,SCN8A,GOF
wt_mut_site,1,138,SCN1A:p.M956T,SCN1A,LOF,1.0,0.5609756097560976,1.7826086956521738,SCN2A:p.L1330F,SCN2A,LOF
wt_mut_site,1,139,SCN1A:p.C959R,SCN1A,LOF,1.0,0.5609756097560976,1.7826086956521738,SCN5A:p.A1428V,SCN5A,LOF
wt_mut_site,1,140,SCN5A:p.S910L,SCN5A,LOF,0.0,0.4869109947643979,0.0,SCN8A:p.R1872L,SCN8A,GOF
wt_mut_site,1,141,SCN10A:p.L867F,SCN10A,LOF,0.0,0.6114457831325302,0.0,SCN11A:p.I381T,SCN11A,GOF
wt_mut_site,1,142,SCN1A:p.G979R,SCN1A,LOF,1.0,0.5609756097560976,1.7826086956521738,SCN8A:p.G964R,SCN8A,LOF
wt_mut_site,1,143,SCN8A:p.G964R,SCN8A,LOF,1.0,0.6196319018404908,1.613861386138614,SCN1A:p.G979R,SCN1A,LOF
wt_mut_site,1,144,SCN5A:p.N927S,SCN5A,LOF,0.0,0.4869109947643979,0.0,SCN1A:p.F1774S,SCN1A,GOF
wt_mut_site,1,145,SCN5A:p.L928P,SCN5A,LOF,1.0,0.4869109947643979,2.053763440860215,SCN1A:p.L986F,SCN1A,LOF
wt_mut_site,1,146,SCN1A:p.V983A,SCN1A,LOF,1.0,0.5609756097560976,1.7826086956521738,SCN10A:p.L388M,SCN10A,LOF
wt_mut_site,1,147,SCN1A:p.N985I,SCN1A,LOF,0.0,0.5609756097560976,0.0,SCN9A:p.N395K,SCN9A,GOF
wt_mut_site,1,148,SCN1A:p.L986F,SCN1A,LOF,0.0,0.5609756097560976,0.0,SCN4A:p.L796V,SCN4A,GOF
wt_mut_site,1,149,SCN4A:p.L796V,SCN4A,GOF,0.0,0.3785488958990536,0.0,SCN1A:p.L986F,SCN1A,LOF
wt_mut_site,1,150,SCN5A:p.S941N,SCN5A,GOF,1.0,0.5130890052356021,1.9489795918367347,SCN8A:p.N1768D,SCN8A,GOF
wt_mut_site,1,151,SCN11A:p.N816K,SCN11A,GOF,1.0,0.38596491228070173,2.5909090909090913,SCN2A:p.E999K,SCN2A,GOF
wt_mut_site,1,152,SCN2A:p.E999K,SCN2A,GOF,0.0,0.379746835443038,0.0,SCN1A:p.N1011I,SCN1A,LOF
wt_mut_site,1,153,SCN1A:p.N1011I,SCN1A,LOF,0.0,0.5609756097560976,0.0,SCN2A:p.E999K,SCN2A,GOF
wt_mut_site,1,154,SCN5A:p.R965C,SCN5A,LOF,0.0,0.4869109947643979,0.0,SCN8A:p.R1872W,SCN8A,GOF
wt_mut_site,1,155,SCN5A:p.R1023H,SCN5A,LOF,0.0,0.4869109947643979,0.0,SCN9A:p.Q10R,SCN9A,GOF
wt_mut_site,1,156,SCN10A:p.P1102S,SCN10A,GOF,1.0,0.3885542168674699,2.5736434108527133,SCN5A:p.R18W,SCN5A,GOF
wt_mut_site,1,157,SCN5A:p.S1103Y,SCN5A,GOF,1.0,0.5130890052356021,1.9489795918367347,SCN10A:p.L554P,SCN10A,GOF
wt_mut_site,1,158,SCN5A:p.P1177L,SCN5A,GOF,0.0,0.5130890052356021,0.0,SCN10A:p.V94G,SCN10A,LOF
wt_mut_site,1,159,SCN5A:p.R1193Q,SCN5A,LOF,0.0,0.4869109947643979,0.0,SCN8A:p.R1872Q,SCN8A,GOF
wt_mut_site,1,160,SCN5A:p.S1218I,SCN5A,LOF,0.0,0.4869109947643979,0.0,SCN4A:p.N1366S,SCN4A,GOF
wt_mut_site,1,161,SCN5A:p.E1225K,SCN5A,LOF,1.0,0.4869109947643979,2.053763440860215,SCN1A:p.E788K,SCN1A,LOF
wt_mut_site,1,162,SCN5A:p.R1232W,SCN5A,LOF,0.0,0.4869109947643979,0.0,SCN8A:p.R1872W,SCN8A,GOF
wt_mut_site,1,163,SCN1A:p.M1267I,SCN1A,LOF,0.0,0.5609756097560976,0.0,SCN3A:p.M1765I,SCN3A,GOF
wt_mut_site,1,164,SCN5A:p.G1262S,SCN5A,LOF,1.0,0.4869109947643979,2.053763440860215,SCN1A:p.R1596C,SCN1A,LOF
wt_mut_site,1,165,SCN5A:p.A1294G,SCN5A,LOF,1.0,0.4869109947643979,2.053763440860215,SCN2A:p.D82G,SCN2A,LOF
wt_mut_site,1,166,SCN5A:p.E1295K,SCN5A,GOF,1.0,0.5130890052356021,1.9489795918367347,SCN2A:p.E999K,SCN2A,GOF
wt_mut_site,1,167,SCN5A:p.T1304M,SCN5A,GOF,1.0,0.5130890052356021,1.9489795918367347,SCN3A:p.L855P,SCN3A,GOF
wt_mut_site,1,168,SCN2A:p.R1312T,SCN2A,LOF,1.0,0.620253164556962,1.6122448979591837,SCN4A:p.R225W,SCN4A,LOF
wt_mut_site,1,169,SCN11A:p.L1158P,SCN11A,GOF,0.0,0.38596491228070173,0.0,SCN1A:p.I227S,SCN1A,LOF
wt_mut_site,1,170,SCN2A:p.R1319Q,SCN2A,LOF,1.0,0.620253164556962,1.6122448979591837,SCN10A:p.R1588Q,SCN10A,LOF
wt_mut_site,1,171,SCN5A:p.G1319V,SCN5A,LOF,1.0,0.4869109947643979,2.053763440860215,SCN1A:p.T875M,SCN1A,LOF
wt_mut_site,1,172,SCN5A:p.N1325S,SCN5A,GOF,1.0,0.5130890052356021,1.9489795918367347,SCN4A:p.F1473S,SCN4A,GOF
wt_mut_site,1,173,SCN2A:p.L1330F,SCN2A,LOF,0.0,0.620253164556962,0.0,SCN3A:p.I875T,SCN3A,GOF
wt_mut_site,1,174,SCN5A:p.V1328M,SCN5A,GOF,0.0,0.5130890052356021,0.0,SCN1A:p.M1664K,SCN1A,LOF
wt_mut_site,1,175,SCN5A:p.A1330P,SCN5A,GOF,1.0,0.5130890052356021,1.9489795918367347,SCN4A:p.A1156T,SCN4A,GOF
wt_mut_site,1,176,SCN4A:p.A1156T,SCN4A,GOF,1.0,0.3785488958990536,2.6416666666666666,SCN5A:p.A1330T,SCN5A,GOF
wt_mut_site,1,177,SCN5A:p.A1330T,SCN5A,GOF,1.0,0.5130890052356021,1.9489795918367347,SCN4A:p.A1156T,SCN4A,GOF
wt_mut_site,1,178,SCN3A:p.P1333L,SCN3A,GOF,1.0,0.38095238095238093,2.625,SCN4A:p.P1158L,SCN4A,GOF
wt_mut_site,1,179,SCN4A:p.P1158L,SCN4A,GOF,1.0,0.3785488958990536,2.6416666666666666,SCN3A:p.P1333L,SCN3A,GOF
wt_mut_site,1,180,SCN5A:p.P1332L,SCN5A,GOF,1.0,0.5130890052356021,1.9489795918367347,SCN3A:p.P1333L,SCN3A,GOF
wt_mut_site,1,181,SCN5A:p.S1333Y,SCN5A,GOF,1.0,0.5130890052356021,1.9489795918367347,SCN2A:p.S1336Y,SCN2A,GOF
wt_mut_site,1,182,SCN2A:p.S1336Y,SCN2A,GOF,1.0,0.379746835443038,2.6333333333333333,SCN5A:p.S1333Y,SCN5A,GOF
wt_mut_site,1,183,SCN8A:p.I1327V,SCN8A,GOF,0.0,0.3803680981595092,0.0,SCN3A:p.L247P,SCN3A,LOF
wt_mut_site,1,184,SCN2A:p.N1339D,SCN2A,GOF,0.0,0.379746835443038,0.0,SCN1A:p.D249E,SCN1A,LOF
wt_mut_site,1,185,SCN8A:p.L1331V,SCN8A,GOF,1.0,0.3803680981595092,2.629032258064516,SCN4A:p.T704M,SCN4A,GOF
wt_mut_site,1,186,SCN11A:p.V1184A,SCN11A,GOF,0.0,0.38596491228070173,0.0,SCN1A:p.V1353L,SCN1A,LOF
wt_mut_site,1,187,SCN5A:p.V1340I,SCN5A,LOF,1.0,0.4869109947643979,2.053763440860215,SCN1A:p.V1353L,SCN1A,LOF
wt_mut_site,1,188,SCN1A:p.V1353L,SCN1A,LOF,1.0,0.5609756097560976,1.7826086956521738,SCN5A:p.V1340I,SCN5A,LOF
wt_mut_site,1,189,SCN5A:p.F1344S,SCN5A,LOF,0.0,0.4869109947643979,0.0,SCN11A:p.V1184A,SCN11A,GOF
wt_mut_site,1,190,SCN5A:p.W1345C,SCN5A,LOF,1.0,0.4869109947643979,2.053763440860215,SCN1A:p.F902C,SCN1A,LOF
wt_mut_site,1,191,SCN5A:p.L1346P,SCN5A,LOF,1.0,0.4869109947643979,2.053763440860215,SCN1A:p.S259R,SCN1A,LOF
wt_mut_site,1,192,SCN1A:p.V1366I,SCN1A,LOF,0.0,0.5609756097560976,0.0,SCN5A:p.V1667I,SCN5A,GOF
wt_mut_site,1,193,SCN10A:p.A1304T,SCN10A,GOF,0.0,0.3885542168674699,0.0,SCN1A:p.V1366I,SCN1A,LOF
wt_mut_site,1,194,SCN8A:p.T1360N,SCN8A,LOF,1.0,0.6196319018404908,1.613861386138614,SCN1A:p.G1749E,SCN1A,LOF
wt_mut_site,1,195,SCN5A:p.V1378M,SCN5A,LOF,0.0,0.4869109947643979,0.0,SCN2A:p.M1879T,SCN2A,GOF
wt_mut_site,1,196,SCN5A:p.N1380K,SCN5A,LOF,1.0,0.4869109947643979,2.053763440860215,SCN1A:p.G1749E,SCN1A,LOF
wt_mut_site,1,197,SCN5A:p.S1382I,SCN5A,LOF,1.0,0.4869109947643979,2.053763440860215,SCN1A:p.T297I,SCN1A,LOF
wt_mut_site,1,198,SCN4A:p.C1209F,SCN4A,LOF,1.0,0.6214511041009464,1.6091370558375635,SCN2A:p.C1386R,SCN2A,LOF
wt_mut_site,1,199,SCN2A:p.C1386R,SCN2A,LOF,1.0,0.620253164556962,1.6122448979591837,SCN4A:p.C1209F,SCN4A,LOF
wt_mut_site,1,200,SCN5A:p.V1405L,SCN5A,LOF,1.0,0.4869109947643979,2.053763440860215,SCN1A:p.F1831S,SCN1A,LOF
wt_mut_site,1,201,SCN5A:p.V1405M,SCN5A,LOF,1.0,0.4869109947643979,2.053763440860215,SCN1A:p.F1831S,SCN1A,LOF
wt_mut_site,1,202,SCN5A:p.G1406E,SCN5A,LOF,0.0,0.4869109947643979,0.0,SCN8A:p.R1872W,SCN8A,GOF
wt_mut_site,1,203,SCN5A:p.G1406R,SCN5A,LOF,0.0,0.4869109947643979,0.0,SCN8A:p.R1872W,SCN8A,GOF
wt_mut_site,1,204,SCN1A:p.G1421W,SCN1A,LOF,1.0,0.5609756097560976,1.7826086956521738,SCN5A:p.G1748D,SCN5A,LOF
wt_mut_site,1,205,SCN2A:p.T1420M,SCN2A,LOF,1.0,0.620253164556962,1.6122448979591837,SCN5A:p.T1709M,SCN5A,LOF
wt_mut_site,1,206,SCN5A:p.G1420R,SCN5A,LOF,0.0,0.4869109947643979,0.0,SCN10A:p.G1662S,SCN10A,GOF
wt_mut_site,1,207,SCN5A:p.G1420V,SCN5A,LOF,0.0,0.4869109947643979,0.0,SCN10A:p.G1662S,SCN10A,GOF
wt_mut_site,1,208,SCN5A:p.A1428S,SCN5A,LOF,1.0,0.4869109947643979,2.053763440860215,SCN1A:p.C959R,SCN1A,LOF
wt_mut_site,1,209,SCN5A:p.A1428V,SCN5A,LOF,1.0,0.4869109947643979,2.053763440860215,SCN1A:p.C959R,SCN1A,LOF
wt_mut_site,1,210,SCN5A:p.D1430N,SCN5A,LOF,1.0,0.4869109947643979,2.053763440860215,SCN1A:p.R393H,SCN1A,LOF
wt_mut_site,1,211,SCN5A:p.R1432G,SCN5A,LOF,0.0,0.4869109947643979,0.0,SCN2A:p.R1882G,SCN2A,GOF
wt_mut_site,1,212,SCN5A:p.Y1449C,SCN5A,LOF,1.0,0.4869109947643979,2.053763440860215,SCN1A:p.F1765L,SCN1A,LOF
wt_mut_site,1,213,SCN5A:p.T1461S,SCN5A,LOF,1.0,0.4869109947643979,2.053763440860215,SCN10A:p.L388M,SCN10A,LOF
wt_mut_site,1,214,SCN4A:p.V1293I,SCN4A,GOF,1.0,0.3785488958990536,2.6416666666666666,SCN2A:p.V423L,SCN2A,GOF
wt_mut_site,1,215,SCN2A:p.I1473M,SCN2A,GOF,1.0,0.379746835443038,2.6333333333333333,SCN4A:p.F1298C,SCN4A,GOF
wt_mut_site,1,216,SCN4A:p.N1297K,SCN4A,GOF,1.0,0.3785488958990536,2.6416666666666666,SCN5A:p.N1774D,SCN5A,GOF
wt_mut_site,1,217,SCN4A:p.N1297S,SCN4A,GOF,1.0,0.3785488958990536,2.6416666666666666,SCN5A:p.N1774D,SCN5A,GOF
wt_mut_site,1,218,SCN4A:p.F1298C,SCN4A,GOF,1.0,0.3785488958990536,2.6416666666666666,SCN5A:p.F1473C,SCN5A,GOF
wt_mut_site,1,219,SCN5A:p.F1473C,SCN5A,GOF,1.0,0.5130890052356021,1.9489795918367347,SCN4A:p.F1298C,SCN4A,GOF
wt_mut_site,1,220,SCN5A:p.F1473S,SCN5A,GOF,1.0,0.5130890052356021,1.9489795918367347,SCN4A:p.F1298C,SCN4A,GOF
wt_mut_site,1,221,SCN5A:p.Q1475P,SCN5A,GOF,1.0,0.5130890052356021,1.9489795918367347,SCN11A:p.N816K,SCN11A,GOF
wt_mut_site,1,222,SCN1A:p.Q1489H,SCN1A,GOF,1.0,0.43902439024390244,2.2777777777777777,SCN5A:p.Q1476R,SCN5A,GOF
wt_mut_site,1,223,SCN1A:p.Q1489K,SCN1A,GOF,1.0,0.43902439024390244,2.2777777777777777,SCN5A:p.Q1476R,SCN5A,GOF
wt_mut_site,1,224,SCN5A:p.Q1476R,SCN5A,GOF,1.0,0.5130890052356021,1.9489795918367347,SCN1A:p.Q1489H,SCN1A,GOF
wt_mut_site,1,225,SCN4A:p.G1306E,SCN4A,GOF,1.0,0.3785488958990536,2.6416666666666666,SCN8A:p.G1475R,SCN8A,GOF
wt_mut_site,1,226,SCN8A:p.G1475R,SCN8A,GOF,1.0,0.3803680981595092,2.629032258064516,SCN4A:p.G1306E,SCN4A,GOF
wt_mut_site,1,227,SCN1A:p.I1498M,SCN1A,LOF,0.0,0.5609756097560976,0.0,SCN4A:p.I1310N,SCN4A,GOF
wt_mut_site,1,228,SCN4A:p.I1310N,SCN4A,GOF,0.0,0.3785488958990536,0.0,SCN1A:p.I1498M,SCN1A,LOF
wt_mut_site,1,229,SCN5A:p.F1486L,SCN5A,GOF,1.0,0.5130890052356021,1.9489795918367347,SCN1A:p.F1499L,SCN1A,GOF
wt_mut_site,1,230,SCN1A:p.F1499L,SCN1A,GOF,1.0,0.43902439024390244,2.2777777777777777,SCN5A:p.F1486L,SCN5A,GOF
wt_mut_site,1,231,SCN1A:p.M1500V,SCN1A,GOF,1.0,0.43902439024390244,2.2777777777777777,SCN5A:p.F1486L,SCN5A,GOF
wt_mut_site,1,232,SCN4A:p.T1313A,SCN4A,GOF,1.0,0.3785488958990536,2.6416666666666666,SCN3A:p.T1486I,SCN3A,GOF
wt_mut_site,1,233,SCN4A:p.T1313M,SCN4A,GOF,1.0,0.3785488958990536,2.6416666666666666,SCN3A:p.T1486I,SCN3A,GOF
wt_mut_site,1,234,SCN3A:p.T1486I,SCN3A,GOF,1.0,0.38095238095238093,2.625,SCN4A:p.T1313M,SCN4A,GOF
wt_mut_site,1,235,SCN8A:p.A1491V,SCN8A,GOF,1.0,0.3803680981595092,2.629032258064516,SCN2A:p.M1879T,SCN2A,GOF
wt_mut_site,1,236,SCN5A:p.P1506S,SCN5A,LOF,1.0,0.4869109947643979,2.053763440860215,SCN10A:p.V94G,SCN10A,LOF
wt_mut_site,1,237,SCN5A:p.R1512W,SCN5A,LOF,1.0,0.4869109947643979,2.053763440860215,SCN1A:p.R1525Q,SCN1A,LOF
wt_mut_site,1,238,SCN1A:p.R1525Q,SCN1A,LOF,1.0,0.5609756097560976,1.7826086956521738,SCN5A:p.R1512W,SCN5A,LOF
wt_mut_site,1,239,SCN5A:p.N1541D,SCN5A,LOF,0.0,0.4869109947643979,0.0,SCN4A:p.N1366S,SCN4A,GOF
wt_mut_site,1,240,SCN4A:p.N1366S,SCN4A,GOF,0.0,0.3785488958990536,0.0,SCN5A:p.N1541D,SCN5A,LOF
wt_mut_site,1,241,SCN1A:p.R1575C,SCN1A,GOF,1.0,0.43902439024390244,2.2777777777777777,SCN10A:p.Y158D,SCN10A,GOF
wt_mut_site,1,242,SCN2A:p.I1571T,SCN2A,GOF,1.0,0.379746835443038,2.6333333333333333,SCN11A:p.I381T,SCN11A,GOF
wt_mut_site,1,243,SCN10A:p.V1518I,SCN10A,LOF,0.0,0.6114457831325302,0.0,SCN1A:p.V1611F,SCN1A,GOF
wt_mut_site,1,244,SCN1A:p.E1587K,SCN1A,LOF,1.0,0.5609756097560976,1.7826086956521738,SCN5A:p.E1574K,SCN5A,LOF
wt_mut_site,1,245,SCN5A:p.E1574K,SCN5A,LOF,1.0,0.4869109947643979,2.053763440860215,SCN1A:p.E1587K,SCN1A,LOF
wt_mut_site,1,246,SCN1A:p.R1596C,SCN1A,LOF,1.0,0.5609756097560976,1.7826086956521738,SCN5A:p.R1583C,SCN5A,LOF
wt_mut_site,1,247,SCN5A:p.R1583C,SCN5A,LOF,1.0,0.4869109947643979,2.053763440860215,SCN1A:p.R1596C,SCN1A,LOF
wt_mut_site,1,248,SCN2A:p.Y1589C,SCN2A,GOF,0.0,0.379746835443038,0.0,SCN5A:p.Y1449C,SCN5A,LOF
wt_mut_site,1,249,SCN2A:p.F1597L,SCN2A,GOF,0.0,0.379746835443038,0.0,SCN1A:p.F1765L,SCN1A,LOF
wt_mut_site,1,250,SCN5A:p.D1595N,SCN5A,LOF,1.0,0.4869109947643979,2.053763440860215,SCN1A:p.E1587K,SCN1A,LOF
wt_mut_site,1,251,SCN1A:p.V1611F,SCN1A,GOF,0.0,0.43902439024390244,0.0,SCN10A:p.V1518I,SCN10A,LOF
wt_mut_site,1,252,SCN5A:p.S1609L,SCN5A,GOF,1.0,0.5130890052356021,1.9489795918367347,SCN8A:p.R1872L,SCN8A,GOF
wt_mut_site,1,253,SCN1A:p.L1624P,SCN1A,GOF,1.0,0.43902439024390244,2.2777777777777777,SCN8A:p.R1872W,SCN8A,GOF
wt_mut_site,1,254,SCN4A:p.V1442E,SCN4A,LOF,0.0,0.6214511041009464,0.0,SCN2A:p.V208E,SCN2A,GOF
wt_mut_site,1,255,SCN1A:p.P1632S,SCN1A,LOF,1.0,0.5609756097560976,1.7826086956521738,SCN2A:p.P1622S,SCN2A,LOF
wt_mut_site,1,256,SCN2A:p.P1622S,SCN2A,LOF,1.0,0.620253164556962,1.6122448979591837,SCN1A:p.P1632S,SCN1A,LOF
wt_mut_site,1,257,SCN2A:p.T1623N,SCN2A,GOF,0.0,0.379746835443038,0.0,SCN5A:p.T1620M,SCN5A,LOF
wt_mut_site,1,258,SCN5A:p.T1620M,SCN5A,LOF,0.0,0.4869109947643979,0.0,SCN2A:p.T1623N,SCN2A,GOF
wt_mut_site,1,259,SCN3A:p.R1621G,SCN3A,GOF,1.0,0.38095238095238093,2.625,SCN8A:p.R1617Q,SCN8A,GOF
wt_mut_site,1,260,SCN3A:p.R1621Q,SCN3A,GOF,1.0,0.38095238095238093,2.625,SCN8A:p.R1617Q,SCN8A,GOF
wt_mut_site,1,261,SCN5A:p.R1623Q,SCN5A,GOF,1.0,0.5130890052356021,1.9489795918367347,SCN8A:p.R1617Q,SCN8A,GOF
wt_mut_site,1,262,SCN8A:p.R1617Q,SCN8A,GOF,1.0,0.3803680981595092,2.629032258064516,SCN3A:p.R1621Q,SCN3A,GOF
wt_mut_site,1,263,SCN4A:p.R1451C,SCN4A,LOF,0.0,0.6214511041009464,0.0,SCN5A:p.R1626P,SCN5A,GOF
wt_mut_site,1,264,SCN5A:p.R1626P,SCN5A,GOF,0.0,0.5130890052356021,0.0,SCN4A:p.R1451C,SCN4A,LOF
wt_mut_site,1,265,SCN4A:p.R1451L,SCN4A,LOF,1.0,0.6214511041009464,1.6091370558375635,SCN8A:p.R1620L,SCN8A,LOF
wt_mut_site,1,266,SCN8A:p.R1620L,SCN8A,LOF,1.0,0.6196319018404908,1.613861386138614,SCN4A:p.R1451L,SCN4A,LOF
wt_mut_site,1,267,SCN8A:p.A1622D,SCN8A,GOF,1.0,0.3803680981595092,2.629032258064516,SCN5A:p.G1631D,SCN5A,GOF
wt_mut_site,1,268,SCN5A:p.R1629Q,SCN5A,LOF,1.0,0.4869109947643979,2.053763440860215,SCN4A:p.R1454W,SCN4A,LOF
wt_mut_site,1,269,SCN4A:p.R1454W,SCN4A,LOF,1.0,0.6214511041009464,1.6091370558375635,SCN5A:p.R1629Q,SCN5A,LOF
wt_mut_site,1,270,SCN5A:p.G1631D,SCN5A,GOF,1.0,0.5130890052356021,1.9489795918367347,SCN8A:p.A1622D,SCN8A,GOF
wt_mut_site,1,271,SCN5A:p.R1632C,SCN5A,LOF,1.0,0.4869109947643979,2.053763440860215,SCN4A:p.R1457H,SCN4A,LOF
wt_mut_site,1,272,SCN4A:p.R1457H,SCN4A,LOF,1.0,0.6214511041009464,1.6091370558375635,SCN5A:p.R1632C,SCN5A,LOF
wt_mut_site,1,273,SCN10A:p.R1588Q,SCN10A,LOF,1.0,0.6114457831325302,1.6354679802955663,SCN5A:p.R1644C,SCN5A,LOF
wt_mut_site,1,274,SCN5A:p.G1642E,SCN5A,LOF,1.0,0.4869109947643979,2.053763440860215,SCN1A:p.T875M,SCN1A,LOF
wt_mut_site,1,275,SCN1A:p.I1656M,SCN1A,LOF,0.0,0.5609756097560976,0.0,SCN3A:p.I875T,SCN3A,GOF
wt_mut_site,1,276,SCN1A:p.R1657C,SCN1A,LOF,1.0,0.5609756097560976,1.7826086956521738,SCN8A:p.R1638C,SCN8A,LOF
wt_mut_site,1,277,SCN5A:p.R1644C,SCN5A,LOF,1.0,0.4869109947643979,2.053763440860215,SCN8A:p.R1638C,SCN8A,LOF
wt_mut_site,1,278,SCN8A:p.R1638C,SCN8A,LOF,1.0,0.6196319018404908,1.613861386138614,SCN1A:p.R1657C,SCN1A,LOF
wt_mut_site,1,279,SCN5A:p.R1644H,SCN5A,GOF,0.0,0.5130890052356021,0.0,SCN1A:p.R1657C,SCN1A,LOF
wt_mut_site,1,280,SCN3A:p.F1646C,SCN3A,GOF,1.0,0.38095238095238093,2.625,SCN1A:p.F1661L,SCN1A,GOF
wt_mut_site,1,281,SCN1A:p.F1661L,SCN1A,GOF,1.0,0.43902439024390244,2.2777777777777777,SCN3A:p.F1646C,SCN3A,GOF
wt_mut_site,1,282,SCN4A:p.F1473S,SCN4A,GOF,1.0,0.3785488958990536,2.6416666666666666,SCN3A:p.F1646C,SCN3A,GOF
wt_mut_site,1,283,SCN1A:p.M1664K,SCN1A,LOF,0.0,0.5609756097560976,0.0,SCN5A:p.V1328M,SCN5A,GOF
wt_mut_site,1,284,SCN5A:p.M1652R,SCN5A,GOF,0.0,0.5130890052356021,0.0,SCN1A:p.M1664K,SCN1A,LOF
wt_mut_site,1,285,SCN2A:p.P1658S,SCN2A,LOF,0.0,0.620253164556962,0.0,SCN4A:p.P1158L,SCN4A,GOF
wt_mut_site,1,286,SCN5A:p.A1656D,SCN5A,GOF,1.0,0.5130890052356021,1.9489795918367347,SCN2A:p.S1336Y,SCN2A,GOF
wt_mut_site,1,287,SCN5A:p.I1660V,SCN5A,LOF,0.0,0.4869109947643979,0.0,SCN8A:p.I1327V,SCN8A,GOF
wt_mut_site,1,288,SCN1A:p.G1674R,SCN1A,LOF,1.0,0.5609756097560976,1.7826086956521738,SCN5A:p.G1661R,SCN5A,LOF
wt_mut_site,1,289,SCN5A:p.G1661R,SCN5A,LOF,1.0,0.4869109947643979,2.053763440860215,SCN1A:p.G1674R,SCN1A,LOF
wt_mut_site,1,290,SCN5A:p.V1667I,SCN5A,GOF,1.0,0.5130890052356021,1.9489795918367347,SCN9A:p.V872G,SCN9A,GOF
wt_mut_site,1,291,SCN3A:p.Y1669C,SCN3A,LOF,1.0,0.6190476190476191,1.6153846153846154,SCN5A:p.F851L,SCN5A,LOF
wt_mut_site,1,292,SCN1A:p.A1685D,SCN1A,LOF,1.0,0.5609756097560976,1.7826086956521738,SCN5A:p.S1672Y,SCN5A,LOF
wt_mut_site,1,293,SCN1A:p.A1685V,SCN1A,LOF,1.0,0.5609756097560976,1.7826086956521738,SCN5A:p.S1672Y,SCN5A,LOF
wt_mut_site,1,294,SCN5A:p.S1672Y,SCN5A,LOF,1.0,0.4869109947643979,2.053763440860215,SCN1A:p.A1685D,SCN1A,LOF
wt_mut_site,1,295,SCN10A:p.D1639N,SCN10A,LOF,1.0,0.6114457831325302,1.6354679802955663,SCN5A:p.D1690N,SCN5A,LOF
wt_mut_site,1,296,SCN5A:p.D1690N,SCN5A,LOF,1.0,0.4869109947643979,2.053763440860215,SCN10A:p.D1639N,SCN10A,LOF
wt_mut_site,1,297,SCN1A:p.T1709I,SCN1A,LOF,1.0,0.5609756097560976,1.7826086956521738,SCN10A:p.D1639N,SCN10A,LOF
wt_mut_site,1,298,SCN5A:p.T1709M,SCN5A,LOF,1.0,0.4869109947643979,2.053763440860215,SCN2A:p.T1420M,SCN2A,LOF
wt_mut_site,1,299,SCN5A:p.G1712C,SCN5A,LOF,0.0,0.4869109947643979,0.0,SCN10A:p.G1662S,SCN10A,GOF
wt_mut_site,1,300,SCN10A:p.G1662S,SCN10A,GOF,0.0,0.3885542168674699,0.0,SCN5A:p.G1712C,SCN5A,LOF
wt_mut_site,1,301,SCN5A:p.D1714G,SCN5A,LOF,0.0,0.4869109947643979,0.0,SCN8A:p.N374K,SCN8A,GOF
wt_mut_site,1,302,SCN5A:p.N1722D,SCN5A,LOF,0.0,0.4869109947643979,0.0,SCN8A:p.R1872W,SCN8A,GOF
wt_mut_site,1,303,SCN5A:p.P1730H,SCN5A,LOF,1.0,0.4869109947643979,2.053763440860215,SCN1A:p.G1749E,SCN1A,LOF
wt_mut_site,1,304,SCN1A:p.G1749E,SCN1A,LOF,1.0,0.5609756097560976,1.7826086956521738,SCN2A:p.D12N,SCN2A,LOF
wt_mut_site,1,305,SCN5A:p.G1740R,SCN5A,LOF,1.0,0.4869109947643979,2.053763440860215,SCN1A:p.G1749E,SCN1A,LOF
wt_mut_site,1,306,SCN5A:p.G1743R,SCN5A,LOF,1.0,0.4869109947643979,2.053763440860215,SCN1A:p.G1749E,SCN1A,LOF
wt_mut_site,1,307,SCN5A:p.G1748D,SCN5A,LOF,1.0,0.4869109947643979,2.053763440860215,SCN10A:p.L867F,SCN10A,LOF
wt_mut_site,1,308,SCN1A:p.F1765L,SCN1A,LOF,1.0,0.5609756097560976,1.7826086956521738,SCN5A:p.Y1449C,SCN5A,LOF
wt_mut_site,1,309,SCN10A:p.I1706V,SCN10A,GOF,1.0,0.3885542168674699,2.5736434108527133,SCN11A:p.I381T,SCN11A,GOF
wt_mut_site,1,310,SCN1A:p.F1774S,SCN1A,GOF,0.0,0.43902439024390244,0.0,SCN5A:p.N927S,SCN5A,LOF
wt_mut_site,1,311,SCN5A:p.I1762A,SCN5A,GOF,1.0,0.5130890052356021,1.9489795918367347,SCN3A:p.V1769A,SCN3A,GOF
wt_mut_site,1,312,SCN5A:p.V1763M,SCN5A,GOF,0.0,0.5130890052356021,0.0,SCN1A:p.V983A,SCN1A,LOF
wt_mut_site,1,313,SCN8A:p.V1758A,SCN8A,LOF,0.0,0.6196319018404908,0.0,SCN5A:p.V1764M,SCN5A,GOF
wt_mut_site,1,314,SCN5A:p.V1764M,SCN5A,GOF,0.0,0.5130890052356021,0.0,SCN8A:p.V1758A,SCN8A,LOF
wt_mut_site,1,315,SCN3A:p.M1765I,SCN3A,GOF,1.0,0.38095238095238093,2.625,SCN8A:p.M1760I,SCN8A,GOF
wt_mut_site,1,316,SCN8A:p.M1760I,SCN8A,GOF,1.0,0.3803680981595092,2.629032258064516,SCN3A:p.M1765I,SCN3A,GOF
wt_mut_site,1,317,SCN5A:p.Y1767C,SCN5A,GOF,1.0,0.5130890052356021,1.9489795918367347,SCN8A:p.M1760I,SCN8A,GOF
wt_mut_site,1,318,SCN5A:p.I1768V,SCN5A,GOF,1.0,0.5130890052356021,1.9489795918367347,SCN3A:p.V1769A,SCN3A,GOF
wt_mut_site,1,319,SCN2A:p.A1773T,SCN2A,LOF,0.0,0.620253164556962,0.0,SCN3A:p.V1769A,SCN3A,GOF
wt_mut_site,1,320,SCN3A:p.V1769A,SCN3A,GOF,1.0,0.38095238095238093,2.625,SCN4A:p.V1293I,SCN4A,GOF
wt_mut_site,1,321,SCN5A:p.N1774D,SCN5A,GOF,1.0,0.5130890052356021,1.9489795918367347,SCN8A:p.N1768D,SCN8A,GOF
wt_mut_site,1,322,SCN8A:p.N1768D,SCN8A,GOF,1.0,0.3803680981595092,2.629032258064516,SCN5A:p.N1774D,SCN5A,GOF
wt_mut_site,1,323,SCN5A:p.S1787N,SCN5A,GOF,1.0,0.5130890052356021,1.9489795918367347,SCN8A:p.R1872W,SCN8A,GOF
wt_mut_site,1,324,SCN5A:p.Y1795C,SCN5A,GOF,1.0,0.5130890052356021,1.9489795918367347,SCN8A:p.R1872W,SCN8A,GOF
wt_mut_site,1,325,SCN5A:p.Y1795H,SCN5A,LOF,0.0,0.4869109947643979,0.0,SCN8A:p.R1872W,SCN8A,GOF
wt_mut_site,1,326,SCN2A:p.E1803G,SCN2A,GOF,1.0,0.379746835443038,2.6333333333333333,SCN5A:p.Y1795C,SCN5A,GOF
wt_mut_site,1,327,SCN4A:p.Q1633E,SCN4A,GOF,0.0,0.3785488958990536,0.0,SCN5A:p.Q1832E,SCN5A,LOF
wt_mut_site,1,328,SCN1A:p.F1831S,SCN1A,LOF,1.0,0.5609756097560976,1.7826086956521738,SCN5A:p.L1825P,SCN5A,LOF
wt_mut_site,1,329,SCN5A:p.L1825P,SCN5A,LOF,0.0,0.4869109947643979,0.0,SCN2A:p.M1879T,SCN2A,GOF
wt_mut_site,1,330,SCN5A:p.Q1832E,SCN5A,LOF,0.0,0.4869109947643979,0.0,SCN8A:p.R1872W,SCN8A,GOF
wt_mut_site,1,331,SCN5A:p.C1850S,SCN5A,LOF,0.0,0.4869109947643979,0.0,SCN2A:p.M1879T,SCN2A,GOF
wt_mut_site,1,332,SCN1A:p.D1866Y,SCN1A,GOF,1.0,0.43902439024390244,2.2777777777777777,SCN8A:p.R1872W,SCN8A,GOF
wt_mut_site,1,333,SCN2A:p.M1879T,SCN2A,GOF,1.0,0.379746835443038,2.6333333333333333,SCN8A:p.R1872W,SCN8A,GOF
wt_mut_site,1,334,SCN8A:p.R1872L,SCN8A,GOF,1.0,0.3803680981595092,2.629032258064516,SCN2A:p.R1882Q,SCN2A,GOF
wt_mut_site,1,335,SCN2A:p.R1882G,SCN2A,GOF,1.0,0.379746835443038,2.6333333333333333,SCN8A:p.R1872W,SCN8A,GOF
wt_mut_site,1,336,SCN2A:p.R1882Q,SCN2A,GOF,1.0,0.379746835443038,2.6333333333333333,SCN8A:p.R1872Q,SCN8A,GOF
wt_mut_site,1,337,SCN8A:p.R1872Q,SCN8A,GOF,1.0,0.3803680981595092,2.629032258064516,SCN2A:p.R1882Q,SCN2A,GOF
wt_mut_site,1,338,SCN8A:p.R1872W,SCN8A,GOF,1.0,0.3803680981595092,2.629032258064516,SCN2A:p.R1882Q,SCN2A,GOF
wt_mut_site,1,339,SCN5A:p.R1897W,SCN5A,LOF,0.0,0.4869109947643979,0.0,SCN8A:p.R1872W,SCN8A,GOF
wt_mut_site,1,340,SCN5A:p.R1898C,SCN5A,LOF,0.0,0.4869109947643979,0.0,SCN8A:p.R1872W,SCN8A,GOF
wt_mut_site,1,341,SCN1A:p.Q1923R,SCN1A,LOF,1.0,0.5609756097560976,1.7826086956521738,SCN5A:p.R1897W,SCN5A,LOF
wt_mut_site,1,342,SCN1A:p.R1927G,SCN1A,LOF,1.0,0.5609756097560976,1.7826086956521738,SCN5A:p.R1897W,SCN5A,LOF
wt_mut_site,1,343,SCN1A:p.T1934I,SCN1A,LOF,0.0,0.5609756097560976,0.0,SCN5A:p.R18W,SCN5A,GOF
wt_mut_site,1,344,SCN10A:p.A1886V,SCN10A,GOF,0.0,0.3885542168674699,0.0,SCN5A:p.A551T,SCN5A,LOF
wt_mut_site,1,345,SCN5A:p.I1968S,SCN5A,LOF,0.0,0.4869109947643979,0.0,SCN10A:p.L554P,SCN10A,GOF
wt_mut_site,1,346,SCN5A:p.F2004L,SCN5A,LOF,0.0,0.4869109947643979,0.0,SCN10A:p.L554P,SCN10A,GOF
wt_mut_site,1,347,SCN5A:p.P2006A,SCN5A,GOF,1.0,0.5130890052356021,1.9489795918367347,SCN9A:p.Q10R,SCN9A,GOF
wt_mut_site,3,0,SCN9A:p.Q10R,SCN9A,GOF,0.6666666666666666,0.3768545994065282,1.769028871391076,SCN2A:p.D12N;SCN5A:p.R18W;SCN5A:p.R569W,SCN2A;SCN5A;SCN5A,LOF;GOF;GOF
wt_mut_site,3,1,SCN2A:p.D12N,SCN2A,LOF,0.3333333333333333,0.620253164556962,0.5374149659863946,SCN9A:p.Q10R;SCN9A:p.D623N;SCN5A:p.D84N,SCN9A;SCN9A;SCN5A,GOF;GOF;LOF
wt_mut_site,3,2,SCN5A:p.R18W,SCN5A,GOF,0.6666666666666666,0.5130890052356021,1.2993197278911564,SCN9A:p.Q10R;SCN2A:p.D12N;SCN8A:p.R1872W,SCN9A;SCN2A;SCN8A,GOF;LOF;GOF
wt_mut_site,3,3,SCN5A:p.R27H,SCN5A,LOF,0.0,0.4869109947643979,0.0,SCN8A:p.R1872W;SCN8A:p.R1872Q;SCN2A:p.R1882Q,SCN8A;SCN8A;SCN2A,GOF;GOF;GOF
wt_mut_site,3,4,SCN1A:p.E78D,SCN1A,LOF,1.0,0.5609756097560976,1.7826086956521738,SCN5A:p.D84N;SCN2A:p.D82G;SCN2A:p.D12N,SCN5A;SCN2A;SCN2A,LOF;LOF;LOF
wt_mut_site,3,5,SCN5A:p.D84N,SCN5A,LOF,1.0,0.4869109947643979,2.053763440860215,SCN2A:p.D82G;SCN2A:p.D12N;SCN1A:p.E78D,SCN2A;SCN2A;SCN1A,LOF;LOF;LOF
wt_mut_site,3,6,SCN2A:p.D82G,SCN2A,LOF,1.0,0.620253164556962,1.6122448979591837,SCN5A:p.D84N;SCN10A:p.V94G;SCN1A:p.E78D,SCN5A;SCN10A;SCN1A,LOF;LOF;LOF
wt_mut_site,3,7,SCN5A:p.F93S,SCN5A,LOF,0.6666666666666666,0.4869109947643979,1.3691756272401432,SCN10A:p.V94G;SCN1A:p.E78D;SCN9A:p.Q10R,SCN10A;SCN1A;SCN9A,LOF;LOF;GOF
wt_mut_site,3,8,SCN10A:p.V94G,SCN10A,LOF,0.6666666666666666,0.6114457831325302,1.0903119868637108,SCN5A:p.F93S;SCN2A:p.D82G;SCN5A:p.R18W,SCN5A;SCN2A;SCN5A,LOF;LOF;GOF
wt_mut_site,3,9,SCN4A:p.R104H,SCN4A,LOF,1.0,0.6214511041009464,1.6091370558375635,SCN5A:p.R104W;SCN5A:p.R104Q;SCN10A:p.V94G,SCN5A;SCN5A;SCN10A,LOF;LOF;LOF
wt_mut_site,3,10,SCN5A:p.R104Q,SCN5A,LOF,0.6666666666666666,0.4869109947643979,1.3691756272401432,SCN4A:p.R104H;SCN10A:p.V94G;SCN8A:p.R1872Q,SCN4A;SCN10A;SCN8A,LOF;LOF;GOF
wt_mut_site,3,11,SCN5A:p.R104W,SCN5A,LOF,0.6666666666666666,0.4869109947643979,1.3691756272401432,SCN4A:p.R104H;SCN10A:p.V94G;SCN8A:p.R1872W,SCN4A;SCN10A;SCN8A,LOF;LOF;GOF
wt_mut_site,3,12,SCN5A:p.R121W,SCN5A,LOF,1.0,0.4869109947643979,2.053763440860215,SCN4A:p.R104H;SCN1A:p.R1927G;SCN1A:p.R1657C,SCN4A;SCN1A;SCN1A,LOF;LOF;LOF
wt_mut_site,3,13,SCN5A:p.A124D,SCN5A,LOF,0.3333333333333333,0.4869109947643979,0.6845878136200716,SCN3A:p.I875T;SCN1A:p.F1831S;SCN8A:p.A1491V,SCN3A;SCN1A;SCN8A,GOF;LOF;GOF
wt_mut_site,3,14,SCN5A:p.V125L,SCN5A,GOF,0.3333333333333333,0.5130890052356021,0.6496598639455782,SCN10A:p.V94G;SCN4A:p.R104H;SCN2A:p.M1879T,SCN10A;SCN4A;SCN2A,LOF;LOF;GOF
wt_mut_site,3,15,SCN5A:p.K126E,SCN5A,LOF,0.3333333333333333,0.4869109947643979,0.6845878136200716,SCN8A:p.R1872W;SCN10A:p.V94G;SCN8A:p.R1872Q,SCN8A;SCN10A;SCN8A,GOF;LOF;GOF
wt_mut_site,3,16,SCN5A:p.L136P,SCN5A,LOF,0.3333333333333333,0.4869109947643979,0.6845878136200716,SCN1A:p.F1831S;SCN4A:p.T704M;SCN8A:p.L1331V,SCN1A;SCN4A;SCN8A,LOF;GOF;GOF
wt_mut_site,3,17,SCN8A:p.M139I,SCN8A,GOF,1.0,0.3803680981595092,2.629032258064516,SCN9A:p.I136V;SCN4A:p.I141V;SCN2A:p.T773I,SCN9A;SCN4A;SCN2A,GOF;GOF;GOF
wt_mut_site,3,18,SCN4A:p.I141V,SCN4A,GOF,1.0,0.3785488958990536,2.6416666666666666,SCN9A:p.I136V;SCN5A:p.I1768V;SCN5A:p.I1762A,SCN9A;SCN5A;SCN5A,GOF;GOF;GOF
wt_mut_site,3,19,SCN9A:p.I136V,SCN9A,GOF,1.0,0.3768545994065282,2.653543307086614,SCN4A:p.I141V;SCN5A:p.I1768V;SCN5A:p.I1762A,SCN4A;SCN5A;SCN5A,GOF;GOF;GOF
wt_mut_site,3,20,SCN1A:p.M145T,SCN1A,LOF,1.0,0.5609756097560976,1.7826086956521738,SCN5A:p.M734V;SCN5A:p.A735T;SCN5A:p.A735E,SCN5A;SCN5A;SCN5A,LOF;LOF;LOF
wt_mut_site,3,21,SCN5A:p.E161K,SCN5A,LOF,0.3333333333333333,0.4869109947643979,0.6845878136200716,SCN1A:p.E788K;SCN1A:p.D1866Y;SCN8A:p.R1872W,SCN1A;SCN1A;SCN8A,LOF;GOF;GOF
wt_mut_site,3,22,SCN10A:p.Y158D,SCN10A,GOF,0.6666666666666666,0.3885542168674699,1.7157622739018086,SCN1A:p.R1575C;SCN5A:p.R1897W;SCN8A:p.R1872W,SCN1A;SCN5A;SCN8A,GOF;LOF;GOF
wt_mut_site,3,23,SCN5A:p.K175N,SCN5A,LOF,0.3333333333333333,0.4869109947643979,0.6845878136200716,SCN1A:p.E1587K;SCN4A:p.N1366S;SCN9A:p.N395K,SCN1A;SCN4A;SCN9A,LOF;GOF;GOF
wt_mut_site,3,24,SCN5A:p.A178G,SCN5A,LOF,0.6666666666666666,0.4869109947643979,1.3691756272401432,SCN1A:p.G177A;SCN1A:p.G177E;SCN2A:p.A263V,SCN1A;SCN1A;SCN2A,LOF;LOF;GOF
wt_mut_site,3,25,SCN1A:p.G177A,SCN1A,LOF,1.0,0.5609756097560976,1.7826086956521738,SCN5A:p.G1262S;SCN5A:p.R1583C;SCN5A:p.G1319V,SCN5A;SCN5A;SCN5A,LOF;LOF;LOF
wt_mut_site,3,26,SCN1A:p.G177E,SCN1A,LOF,1.0,0.5609756097560976,1.7826086956521738,SCN5A:p.G1262S;SCN5A:p.R1583C;SCN5A:p.G1319V,SCN5A;SCN5A;SCN5A,LOF;LOF;LOF
wt_mut_site,3,27,SCN5A:p.T187I,SCN5A,LOF,0.0,0.4869109947643979,0.0,SCN3A:p.T1486I;SCN4A:p.T1313A;SCN4A:p.T1313M,SCN3A;SCN4A;SCN4A,GOF;GOF;GOF
wt_mut_site,3,28,SCN4A:p.M203K,SCN4A,LOF,0.6666666666666666,0.6214511041009464,1.0727580372250423,SCN2A:p.V208E;SCN5A:p.L136P;SCN10A:p.V1518I,SCN2A;SCN5A;SCN10A,GOF;LOF;LOF
wt_mut_site,3,29,SCN2A:p.V208E,SCN2A,GOF,0.3333333333333333,0.379746835443038,0.8777777777777777,SCN4A:p.V1442E;SCN1A:p.L1624P;SCN5A:p.A1294G,SCN4A;SCN1A;SCN5A,LOF;GOF;LOF
wt_mut_site,3,30,SCN9A:p.S211P,SCN9A,GOF,0.3333333333333333,0.3768545994065282,0.884514435695538,SCN2A:p.T1623N;SCN5A:p.T1620M;SCN2A:p.P1622S,SCN2A;SCN5A;SCN2A,GOF;LOF;LOF
wt_mut_site,3,31,SCN11A:p.R222H,SCN11A,GOF,0.0,0.38596491228070173,0.0,SCN1A:p.R859H;SCN5A:p.R808C;SCN10A:p.R756W,SCN1A;SCN5A;SCN10A,LOF;LOF;LOF
wt_mut_site,3,32,SCN9A:p.F216S,SCN9A,GOF,1.0,0.3768545994065282,2.653543307086614,SCN8A:p.A1622D;SCN5A:p.F1473S;SCN5A:p.G1631D,SCN8A;SCN5A;SCN5A,GOF;GOF;GOF
wt_mut_site,3,33,SCN8A:p.R223G,SCN8A,LOF,1.0,0.6196319018404908,1.613861386138614,SCN4A:p.R672G;SCN4A:p.R672H;SCN5A:p.R811H,SCN4A;SCN4A;SCN5A,LOF;LOF;LOF
wt_mut_site,3,34,SCN5A:p.V223L,SCN5A,LOF,0.3333333333333333,0.4869109947643979,0.6845878136200716,SCN3A:p.L855P;SCN1A:p.V1353L;SCN11A:p.V1184A,SCN3A;SCN1A;SCN11A,GOF;LOF;GOF
wt_mut_site,3,35,SCN4A:p.R225W,SCN4A,LOF,0.3333333333333333,0.6214511041009464,0.5363790186125211,SCN5A:p.R225W;SCN5A:p.R225P;SCN1A:p.R865G,SCN5A;SCN5A;SCN1A,LOF;GOF;GOF
wt_mut_site,3,36,SCN5A:p.R225W,SCN5A,LOF,0.6666666666666666,0.4869109947643979,1.3691756272401432,SCN4A:p.R225W;SCN1A:p.R865G;SCN2A:p.R1312T,SCN4A;SCN1A;SCN2A,LOF;GOF;LOF
wt_mut_site,3,37,SCN5A:p.R225P,SCN5A,GOF,0.3333333333333333,0.5130890052356021,0.6496598639455782,SCN4A:p.R225W;SCN1A:p.R865G;SCN2A:p.R1312T,SCN4A;SCN1A;SCN2A,LOF;GOF;LOF
wt_mut_site,3,38,SCN5A:p.A226V,SCN5A,LOF,0.3333333333333333,0.4869109947643979,0.6845878136200716,SCN3A:p.L855P;SCN1A:p.I227S;SCN2A:p.A263V,SCN3A;SCN1A;SCN2A,GOF;LOF;GOF
wt_mut_site,3,39,SCN1A:p.I227S,SCN1A,LOF,0.0,0.5609756097560976,0.0,SCN11A:p.L1158P;SCN9A:p.I228M;SCN9A:p.F216S,SCN11A;SCN9A;SCN9A,GOF;GOF;GOF
wt_mut_site,3,40,SCN9A:p.I228M,SCN9A,GOF,0.3333333333333333,0.3768545994065282,0.884514435695538,SCN1A:p.I227S;SCN1A:p.I1656M;SCN11A:p.L1158P,SCN1A;SCN1A;SCN11A,LOF;LOF;GOF
wt_mut_site,3,41,SCN2A:p.T236S,SCN2A,GOF,1.0,0.379746835443038,2.6333333333333333,SCN5A:p.N1325S;SCN4A:p.F1473S;SCN3A:p.F1646C,SCN5A;SCN4A;SCN3A,GOF;GOF;GOF
wt_mut_site,3,42,SCN9A:p.I234T,SCN9A,GOF,0.3333333333333333,0.3768545994065282,0.884514435695538,SCN2A:p.L1330F;SCN1A:p.I1656M;SCN3A:p.I875T,SCN2A;SCN1A;SCN3A,LOF;LOF;GOF
wt_mut_site,3,43,SCN9A:p.S241T,SCN9A,GOF,1.0,0.3768545994065282,2.653543307086614,SCN10A:p.S242T;SCN5A:p.A1330T;SCN4A:p.A1156T,SCN10A;SCN5A;SCN4A,GOF;GOF;GOF
wt_mut_site,3,44,SCN10A:p.S242T,SCN10A,GOF,1.0,0.3885542168674699,2.5736434108527133,SCN9A:p.S241T;SCN5A:p.A1330T;SCN4A:p.A1156T,SCN9A;SCN5A;SCN4A,GOF;GOF;GOF
wt_mut_site,3,45,SCN3A:p.L247P,SCN3A,LOF,0.6666666666666666,0.6190476190476191,1.0769230769230769,SCN5A:p.L839P;SCN8A:p.I1327V;SCN2A:p.L1330F,SCN5A;SCN8A;SCN2A,LOF;GOF;LOF
wt_mut_site,3,46,SCN1A:p.D249E,SCN1A,LOF,0.0,0.5609756097560976,0.0,SCN2A:p.N1339D;SCN5A:p.S1333Y;SCN2A:p.S1336Y,SCN2A;SCN5A;SCN2A,GOF;GOF;GOF
wt_mut_site,3,47,SCN1A:p.S259R,SCN1A,LOF,1.0,0.5609756097560976,1.7826086956521738,SCN5A:p.L1346P;SCN5A:p.F851L;SCN5A:p.F1344S,SCN5A;SCN5A;SCN5A,LOF;LOF;LOF
wt_mut_site,3,48,SCN2A:p.A263V,SCN2A,GOF,0.0,0.379746835443038,0.0,SCN1A:p.A1685V;SCN1A:p.A1685D;SCN5A:p.S1672Y,SCN1A;SCN1A;SCN5A,LOF;LOF;LOF
wt_mut_site,3,49,SCN1A:p.L263V,SCN1A,GOF,0.6666666666666666,0.43902439024390244,1.5185185185185184,SCN4A:p.L796V;SCN5A:p.L1346P;SCN2A:p.A263V,SCN4A;SCN5A;SCN2A,GOF;LOF;GOF
wt_mut_site,3,50,SCN8A:p.G269R,SCN8A,LOF,0.6666666666666666,0.6196319018404908,1.0759075907590758,SCN2A:p.G899S;SCN2A:p.A263V;SCN1A:p.A1685D,SCN2A;SCN2A;SCN1A,LOF;GOF;LOF
wt_mut_site,3,51,SCN5A:p.L276Q,SCN5A,LOF,0.3333333333333333,0.4869109947643979,0.6845878136200716,SCN10A:p.R814H;SCN2A:p.K908E;SCN1A:p.M956T,SCN10A;SCN2A;SCN1A,GOF;GOF;LOF
wt_mut_site,3,52,SCN5A:p.R282H,SCN5A,LOF,0.0,0.4869109947643979,0.0,SCN10A:p.R814H;SCN8A:p.R1872W;SCN8A:p.R1872Q,SCN10A;SCN8A;SCN8A,GOF;GOF;GOF
wt_mut_site,3,53,SCN5A:p.R282C,SCN5A,LOF,0.0,0.4869109947643979,0.0,SCN8A:p.R1872W;SCN8A:p.R1872L;SCN10A:p.R814H,SCN8A;SCN8A;SCN10A,GOF;GOF;GOF
wt_mut_site,3,54,SCN1A:p.T297I,SCN1A,LOF,1.0,0.5609756097560976,1.7826086956521738,SCN5A:p.S1382I;SCN5A:p.F93S;SCN8A:p.T1360N,SCN5A;SCN5A;SCN8A,LOF;LOF;LOF
wt_mut_site,3,55,SCN5A:p.L325R,SCN5A,LOF,0.3333333333333333,0.4869109947643979,0.6845878136200716,SCN10A:p.V94G;SCN2A:p.M1879T;SCN8A:p.R1872W,SCN10A;SCN2A;SCN8A,LOF;GOF;GOF
wt_mut_site,3,56,SCN5A:p.C335R,SCN5A,LOF,1.0,0.4869109947643979,2.053763440860215,SCN2A:p.C1386R;SCN4A:p.C1209F;SCN2A:p.D82G,SCN2A;SCN4A;SCN2A,LOF;LOF;LOF
wt_mut_site,3,57,SCN5A:p.P336L,SCN5A,LOF,1.0,0.4869109947643979,2.053763440860215,SCN4A:p.P382T;SCN2A:p.D82G;SCN2A:p.D12N,SCN4A;SCN2A;SCN2A,LOF;LOF;LOF
wt_mut_site,3,58,SCN3A:p.K354Q,SCN3A,GOF,0.3333333333333333,0.38095238095238093,0.875,SCN5A:p.R104Q;SCN5A:p.R18W;SCN5A:p.R282H,SCN5A;SCN5A;SCN5A,LOF;GOF;LOF
wt_mut_site,3,59,SCN4A:p.P382T,SCN4A,LOF,1.0,0.6214511041009464,1.6091370558375635,SCN5A:p.P336L;SCN5A:p.P1506S;SCN5A:p.P1730H,SCN5A;SCN5A;SCN5A,LOF;LOF;LOF
wt_mut_site,3,60,SCN5A:p.D349N,SCN5A,LOF,1.0,0.4869109947643979,2.053763440860215,SCN2A:p.D12N;SCN10A:p.D1639N;SCN4A:p.P382T,SCN2A;SCN10A;SCN4A,LOF;LOF;LOF
wt_mut_site,3,61,SCN5A:p.T353I,SCN5A,LOF,1.0,0.4869109947643979,2.053763440860215,SCN4A:p.P382T;SCN1A:p.T297I;SCN10A:p.D1639N,SCN4A;SCN1A;SCN10A,LOF;LOF;LOF
wt_mut_site,3,62,SCN5A:p.D356N,SCN5A,LOF,1.0,0.4869109947643979,2.053763440860215,SCN10A:p.D1639N;SCN1A:p.R393H;SCN1A:p.H939Q,SCN10A;SCN1A;SCN1A,LOF;LOF;LOF
wt_mut_site,3,63,SCN5A:p.R367C,SCN5A,LOF,1.0,0.4869109947643979,2.053763440860215,SCN2A:p.R379H;SCN1A:p.R946C;SCN2A:p.R937C,SCN2A;SCN1A;SCN2A,LOF;LOF;LOF
wt_mut_site,3,64,SCN2A:p.R379H,SCN2A,LOF,1.0,0.620253164556962,1.6122448979591837,SCN5A:p.R367H;SCN5A:p.R367C;SCN5A:p.R367L,SCN5A;SCN5A;SCN5A,LOF;LOF;LOF
wt_mut_site,3,65,SCN5A:p.R367H,SCN5A,LOF,1.0,0.4869109947643979,2.053763440860215,SCN2A:p.R379H;SCN1A:p.R946H;SCN2A:p.R937H,SCN2A;SCN1A;SCN2A,LOF;LOF;LOF
wt_mut_site,3,66,SCN5A:p.R367L,SCN5A,LOF,1.0,0.4869109947643979,2.053763440860215,SCN2A:p.R379H;SCN1A:p.R946C;SCN2A:p.R937C,SCN2A;SCN1A;SCN2A,LOF;LOF;LOF
wt_mut_site,3,67,SCN5A:p.M369K,SCN5A,LOF,0.6666666666666666,0.4869109947643979,1.3691756272401432,SCN2A:p.T1420M;SCN2A:p.R379H;SCN4A:p.V445M,SCN2A;SCN2A;SCN4A,LOF;LOF;GOF
wt_mut_site,3,68,SCN5A:p.W374G,SCN5A,LOF,0.6666666666666666,0.4869109947643979,1.3691756272401432,SCN10A:p.G1662S;SCN1A:p.M956T;SCN2A:p.T1420M,SCN10A;SCN1A;SCN2A,GOF;LOF;LOF
wt_mut_site,3,69,SCN5A:p.R376H,SCN5A,LOF,0.3333333333333333,0.4869109947643979,0.6845878136200716,SCN8A:p.N374K;SCN1A:p.R393H;SCN8A:p.R1872W,SCN8A;SCN1A;SCN8A,GOF;LOF;GOF
wt_mut_site,3,70,SCN8A:p.N374K,SCN8A,GOF,0.0,0.3803680981595092,0.0,SCN5A:p.R376H;SCN5A:p.E901K;SCN5A:p.N1722D,SCN5A;SCN5A;SCN5A,LOF;LOF;LOF
wt_mut_site,3,71,SCN1A:p.R393H,SCN1A,LOF,1.0,0.5609756097560976,1.7826086956521738,SCN5A:p.N1722D;SCN4A:p.R104H;SCN5A:p.R27H,SCN5A;SCN4A;SCN5A,LOF;LOF;LOF
wt_mut_site,3,72,SCN5A:p.G386R,SCN5A,LOF,0.6666666666666666,0.4869109947643979,1.3691756272401432,SCN1A:p.R393H;SCN8A:p.G1475R;SCN10A:p.D1639N,SCN1A;SCN8A;SCN10A,LOF;GOF;LOF
wt_mut_site,3,73,SCN11A:p.I381T,SCN11A,GOF,0.6666666666666666,0.38596491228070173,1.7272727272727273,SCN10A:p.L867F;SCN10A:p.I1706V;SCN1A:p.R1575C,SCN10A;SCN10A;SCN1A,LOF;GOF;GOF
wt_mut_site,3,74,SCN5A:p.V396L,SCN5A,LOF,0.3333333333333333,0.4869109947643979,0.6845878136200716,SCN1A:p.V983A;SCN10A:p.I1706V;SCN2A:p.V423L,SCN1A;SCN10A;SCN2A,LOF;GOF;GOF
wt_mut_site,3,75,SCN10A:p.L388M,SCN10A,LOF,0.6666666666666666,0.6114457831325302,1.0903119868637108,SCN1A:p.V983A;SCN5A:p.T1461S;SCN5A:p.V1763M,SCN1A;SCN5A;SCN5A,LOF;LOF;GOF
wt_mut_site,3,76,SCN4A:p.N440K,SCN4A,GOF,0.3333333333333333,0.3785488958990536,0.8805555555555555,SCN9A:p.N395K;SCN5A:p.N406S;SCN1A:p.N985I,SCN9A;SCN5A;SCN1A,GOF;LOF;LOF
wt_mut_site,3,77,SCN9A:p.N395K,SCN9A,GOF,0.3333333333333333,0.3768545994065282,0.884514435695538,SCN4A:p.N440K;SCN5A:p.N406S;SCN1A:p.N985I,SCN4A;SCN5A;SCN1A,GOF;LOF;LOF
wt_mut_site,3,78,SCN5A:p.N406S,SCN5A,LOF,0.3333333333333333,0.4869109947643979,0.6845878136200716,SCN9A:p.N395K;SCN4A:p.N440K;SCN1A:p.N985I,SCN9A;SCN4A;SCN1A,GOF;GOF;LOF
wt_mut_site,3,79,SCN2A:p.V423L,SCN2A,GOF,1.0,0.379746835443038,2.6333333333333333,SCN9A:p.V400M;SCN5A:p.V411M;SCN4A:p.V445M,SCN9A;SCN5A;SCN4A,GOF;GOF;GOF
wt_mut_site,3,80,SCN4A:p.V445M,SCN4A,GOF,1.0,0.3785488958990536,2.6416666666666666,SCN5A:p.V411M;SCN9A:p.V400M;SCN2A:p.V423L,SCN5A;SCN9A;SCN2A,GOF;GOF;GOF
wt_mut_site,3,81,SCN5A:p.V411M,SCN5A,GOF,1.0,0.5130890052356021,1.9489795918367347,SCN9A:p.V400M;SCN4A:p.V445M;SCN2A:p.V423L,SCN9A;SCN4A;SCN2A,GOF;GOF;GOF
wt_mut_site,3,82,SCN9A:p.V400M,SCN9A,GOF,1.0,0.3768545994065282,2.653543307086614,SCN5A:p.V411M;SCN2A:p.V423L;SCN4A:p.V445M,SCN5A;SCN2A;SCN4A,GOF;GOF;GOF
wt_mut_site,3,83,SCN1A:p.Y426N,SCN1A,LOF,0.0,0.5609756097560976,0.0,SCN4A:p.F1298C;SCN5A:p.F1473C;SCN5A:p.F1473S,SCN4A;SCN5A;SCN5A,GOF;GOF;GOF
wt_mut_site,3,84,SCN5A:p.R458C,SCN5A,GOF,0.6666666666666666,0.5130890052356021,1.2993197278911564,SCN9A:p.Q10R;SCN2A:p.D12N;SCN9A:p.D623N,SCN9A;SCN2A;SCN9A,GOF;LOF;GOF
wt_mut_site,3,85,SCN5A:p.A551T,SCN5A,LOF,0.3333333333333333,0.4869109947643979,0.6845878136200716,SCN10A:p.A1886V;SCN10A:p.L554P;SCN2A:p.D12N,SCN10A;SCN10A;SCN2A,GOF;GOF;LOF
wt_mut_site,3,86,SCN5A:p.L567Q,SCN5A,LOF,0.3333333333333333,0.4869109947643979,0.6845878136200716,SCN10A:p.L554P;SCN9A:p.Q10R;SCN2A:p.D12N,SCN10A;SCN9A;SCN2A,GOF;GOF;LOF
wt_mut_site,3,87,SCN5A:p.R569W,SCN5A,GOF,0.6666666666666666,0.5130890052356021,1.2993197278911564,SCN9A:p.Q10R;SCN2A:p.D12N;SCN9A:p.D623N,SCN9A;SCN2A;SCN9A,GOF;LOF;GOF
wt_mut_site,3,88,SCN10A:p.L554P,SCN10A,GOF,0.3333333333333333,0.3885542168674699,0.8578811369509043,SCN5A:p.L567Q;SCN5A:p.L619F;SCN5A:p.F2004L,SCN5A;SCN5A;SCN5A,LOF;GOF;LOF
wt_mut_site,3,89,SCN5A:p.N592K,SCN5A,LOF,0.3333333333333333,0.4869109947643979,0.6845878136200716,SCN9A:p.Q10R;SCN9A:p.D623N;SCN2A:p.D12N,SCN9A;SCN9A;SCN2A,GOF;GOF;LOF
wt_mut_site,3,90,SCN9A:p.D623N,SCN9A,GOF,0.0,0.3768545994065282,0.0,SCN2A:p.D12N;SCN5A:p.D84N;SCN5A:p.N592K,SCN2A;SCN5A;SCN5A,LOF;LOF;LOF
wt_mut_site,3,91,SCN5A:p.L619F,SCN5A,GOF,0.6666666666666666,0.5130890052356021,1.2993197278911564,SCN10A:p.L554P;SCN9A:p.Q10R;SCN2A:p.D12N,SCN10A;SCN9A;SCN2A,GOF;GOF;LOF
wt_mut_site,3,92,SCN5A:p.R689H,SCN5A,LOF,0.3333333333333333,0.4869109947643979,0.6845878136200716,SCN10A:p.V94G;SCN8A:p.R1872W;SCN8A:p.R1872Q,SCN10A;SCN8A;SCN8A,LOF;GOF;GOF
wt_mut_site,3,93,SCN2A:p.T773I,SCN2A,GOF,1.0,0.379746835443038,2.6333333333333333,SCN8A:p.T767I;SCN4A:p.I141V;SCN9A:p.I136V,SCN8A;SCN4A;SCN9A,GOF;GOF;GOF
wt_mut_site,3,94,SCN8A:p.T767I,SCN8A,GOF,1.0,0.3803680981595092,2.629032258064516,SCN2A:p.T773I;SCN4A:p.I141V;SCN9A:p.I136V,SCN2A;SCN4A;SCN9A,GOF;GOF;GOF
wt_mut_site,3,95,SCN5A:p.M734V,SCN5A,LOF,0.3333333333333333,0.4869109947643979,0.6845878136200716,SCN1A:p.M145T;SCN8A:p.T767I;SCN2A:p.T773I,SCN1A;SCN8A;SCN2A,LOF;GOF;GOF
wt_mut_site,3,96,SCN5A:p.A735E,SCN5A,LOF,0.6666666666666666,0.4869109947643979,1.3691756272401432,SCN2A:p.A263V;SCN2A:p.A1773T;SCN1A:p.M145T,SCN2A;SCN2A;SCN1A,GOF;LOF;LOF
wt_mut_site,3,97,SCN5A:p.A735T,SCN5A,LOF,0.6666666666666666,0.4869109947643979,1.3691756272401432,SCN2A:p.A1773T;SCN1A:p.M145T;SCN2A:p.A263V,SCN2A;SCN1A;SCN2A,LOF;LOF;GOF
wt_mut_site,3,98,SCN5A:p.A735V,SCN5A,LOF,0.6666666666666666,0.4869109947643979,1.3691756272401432,SCN2A:p.A263V;SCN2A:p.A1773T;SCN1A:p.A1685V,SCN2A;SCN2A;SCN1A,GOF;LOF;LOF
wt_mut_site,3,99,SCN1A:p.E788K,SCN1A,LOF,0.6666666666666666,0.5609756097560976,1.188405797101449,SCN5A:p.E1225K;SCN5A:p.S1609L;SCN5A:p.E746K,SCN5A;SCN5A;SCN5A,LOF;GOF;LOF
wt_mut_site,3,100,SCN1A:p.Y790C,SCN1A,LOF,1.0,0.5609756097560976,1.7826086956521738,SCN5A:p.F93S;SCN5A:p.R1897W;SCN5A:p.D84N,SCN5A;SCN5A;SCN5A,LOF;LOF;LOF
wt_mut_site,3,101,SCN5A:p.E746K,SCN5A,LOF,0.0,0.4869109947643979,0.0,SCN8A:p.R1872W;SCN2A:p.R1882Q;SCN2A:p.R1882G,SCN8A;SCN2A;SCN2A,GOF;GOF;GOF
wt_mut_site,3,102,SCN5A:p.G752R,SCN5A,LOF,0.0,0.4869109947643979,0.0,SCN1A:p.R1575C;SCN2A:p.M1879T;SCN11A:p.I381T,SCN1A;SCN2A;SCN11A,GOF;GOF;GOF
wt_mut_site,3,103,SCN5A:p.D785N,SCN5A,LOF,0.6666666666666666,0.4869109947643979,1.3691756272401432,SCN1A:p.E1587K;SCN4A:p.N1366S;SCN1A:p.R859C,SCN1A;SCN4A;SCN1A,LOF;GOF;LOF
wt_mut_site,3,104,SCN8A:p.G822R,SCN8A,LOF,0.3333333333333333,0.6196319018404908,0.5379537953795379,SCN2A:p.F1597L;SCN1A:p.M1267I;SCN2A:p.I1571T,SCN2A;SCN1A;SCN2A,GOF;LOF;GOF
wt_mut_site,3,105,SCN10A:p.R756W,SCN10A,LOF,1.0,0.6114457831325302,1.6354679802955663,SCN5A:p.R808C;SCN1A:p.R859C;SCN1A:p.R859H,SCN5A;SCN1A;SCN1A,LOF;LOF;LOF
wt_mut_site,3,106,SCN1A:p.R859H,SCN1A,LOF,1.0,0.5609756097560976,1.7826086956521738,SCN4A:p.R669H;SCN5A:p.R808C;SCN10A:p.R756W,SCN4A;SCN5A;SCN10A,LOF;LOF;LOF
wt_mut_site,3,107,SCN4A:p.R669H,SCN4A,LOF,1.0,0.6214511041009464,1.6091370558375635,SCN1A:p.R859H;SCN1A:p.R859C;SCN5A:p.R808C,SCN1A;SCN1A;SCN5A,LOF;LOF;LOF
wt_mut_site,3,108,SCN1A:p.R859C,SCN1A,LOF,1.0,0.5609756097560976,1.7826086956521738,SCN5A:p.R808C;SCN10A:p.R756W;SCN4A:p.R669H,SCN5A;SCN10A;SCN4A,LOF;LOF;LOF
wt_mut_site,3,109,SCN5A:p.R808C,SCN5A,LOF,1.0,0.4869109947643979,2.053763440860215,SCN1A:p.R859C;SCN10A:p.R756W;SCN1A:p.R859H,SCN1A;SCN10A;SCN1A,LOF;LOF;LOF
wt_mut_site,3,110,SCN4A:p.R672G,SCN4A,LOF,0.6666666666666666,0.6214511041009464,1.0727580372250423,SCN5A:p.R811H;SCN8A:p.R223G;SCN1A:p.R865G,SCN5A;SCN8A;SCN1A,LOF;LOF;GOF
wt_mut_site,3,111,SCN4A:p.R672H,SCN4A,LOF,0.6666666666666666,0.6214511041009464,1.0727580372250423,SCN5A:p.R811H;SCN1A:p.R865G;SCN8A:p.R223G,SCN5A;SCN1A;SCN8A,LOF;GOF;LOF
wt_mut_site,3,112,SCN5A:p.R811H,SCN5A,LOF,0.6666666666666666,0.4869109947643979,1.3691756272401432,SCN4A:p.R672H;SCN4A:p.R672G;SCN1A:p.R865G,SCN4A;SCN4A;SCN1A,LOF;LOF;GOF
wt_mut_site,3,113,SCN3A:p.L855P,SCN3A,GOF,0.3333333333333333,0.38095238095238093,0.875,SCN5A:p.L812Q;SCN5A:p.V223L;SCN5A:p.T1304M,SCN5A;SCN5A;SCN5A,LOF;LOF;GOF
wt_mut_site,3,114,SCN5A:p.L812Q,SCN5A,LOF,0.3333333333333333,0.4869109947643979,0.6845878136200716,SCN3A:p.L855P;SCN9A:p.F216S;SCN3A:p.L247P,SCN3A;SCN9A;SCN3A,GOF;GOF;LOF
wt_mut_site,3,115,SCN1A:p.R865G,SCN1A,GOF,0.0,0.43902439024390244,0.0,SCN4A:p.R225W;SCN5A:p.R811H;SCN5A:p.R225W,SCN4A;SCN5A;SCN5A,LOF;LOF;LOF
wt_mut_site,3,116,SCN5A:p.K817E,SCN5A,LOF,0.6666666666666666,0.4869109947643979,1.3691756272401432,SCN4A:p.R1457H;SCN4A:p.R1454W;SCN1A:p.R865G,SCN4A;SCN4A;SCN1A,LOF;LOF;GOF
wt_mut_site,3,117,SCN1A:p.T875M,SCN1A,LOF,0.6666666666666666,0.5609756097560976,1.188405797101449,SCN5A:p.G1642E;SCN5A:p.G1319V;SCN2A:p.T236S,SCN5A;SCN5A;SCN2A,LOF;LOF;GOF
wt_mut_site,3,118,SCN3A:p.I875T,SCN3A,GOF,0.0,0.38095238095238093,0.0,SCN2A:p.L1330F;SCN1A:p.I1656M;SCN5A:p.L839P,SCN2A;SCN1A;SCN5A,LOF;LOF;LOF
wt_mut_site,3,119,SCN11A:p.G699R,SCN11A,GOF,1.0,0.38596491228070173,2.5909090909090913,SCN5A:p.P1332L;SCN4A:p.P1158L;SCN3A:p.P1333L,SCN5A;SCN4A;SCN3A,GOF;GOF;GOF
wt_mut_site,3,120,SCN5A:p.L839P,SCN5A,LOF,0.3333333333333333,0.4869109947643979,0.6845878136200716,SCN3A:p.L247P;SCN8A:p.I1327V;SCN3A:p.I875T,SCN3A;SCN8A;SCN3A,LOF;GOF;GOF
wt_mut_site,3,121,SCN4A:p.T704M,SCN4A,GOF,0.3333333333333333,0.3785488958990536,0.8805555555555555,SCN5A:p.G1661R;SCN1A:p.G1674R;SCN8A:p.L1331V,SCN5A;SCN1A;SCN8A,LOF;LOF;GOF
wt_mut_site,3,122,SCN1A:p.F902C,SCN1A,LOF,1.0,0.5609756097560976,1.7826086956521738,SCN5A:p.F851L;SCN5A:p.L1346P;SCN5A:p.W1345C,SCN5A;SCN5A;SCN5A,LOF;LOF;LOF
wt_mut_site,3,123,SCN5A:p.F851L,SCN5A,LOF,1.0,0.4869109947643979,2.053763440860215,SCN1A:p.F902C;SCN1A:p.S259R;SCN3A:p.Y1669C,SCN1A;SCN1A;SCN3A,LOF;LOF;LOF
wt_mut_site,3,124,SCN9A:p.V872G,SCN9A,GOF,0.3333333333333333,0.3768545994065282,0.884514435695538,SCN11A:p.V1184A;SCN1A:p.V1353L;SCN5A:p.V1340I,SCN11A;SCN1A;SCN5A,GOF;LOF;LOF
wt_mut_site,3,125,SCN2A:p.G899S,SCN2A,LOF,1.0,0.620253164556962,1.6122448979591837,SCN8A:p.G269R;SCN1A:p.A1685D;SCN1A:p.A1685V,SCN8A;SCN1A;SCN1A,LOF;LOF;LOF
wt_mut_site,3,126,SCN1A:p.M909K,SCN1A,LOF,0.6666666666666666,0.5609756097560976,1.188405797101449,SCN10A:p.A1304T;SCN5A:p.F851L;SCN5A:p.L276Q,SCN10A;SCN5A;SCN5A,GOF;LOF;LOF
wt_mut_site,3,127,SCN10A:p.R814H,SCN10A,GOF,0.3333333333333333,0.3885542168674699,0.8578811369509043,SCN2A:p.K908E;SCN5A:p.R282H;SCN5A:p.R1897W,SCN2A;SCN5A;SCN5A,GOF;LOF;LOF
wt_mut_site,3,128,SCN2A:p.K908E,SCN2A,GOF,0.6666666666666666,0.379746835443038,1.7555555555555553,SCN10A:p.R814H;SCN5A:p.R18W;SCN5A:p.R1897W,SCN10A;SCN5A;SCN5A,GOF;GOF;LOF
wt_mut_site,3,129,SCN5A:p.W879R,SCN5A,LOF,0.0,0.4869109947643979,0.0,SCN10A:p.R814H;SCN2A:p.K908E;SCN3A:p.K354Q,SCN10A;SCN2A;SCN3A,GOF;GOF;GOF
wt_mut_site,3,130,SCN1A:p.H939Q,SCN1A,LOF,0.6666666666666666,0.5609756097560976,1.188405797101449,SCN5A:p.N1722D;SCN5A:p.P1730H;SCN2A:p.K908E,SCN5A;SCN5A;SCN2A,LOF;LOF;GOF
wt_mut_site,3,131,SCN5A:p.I890T,SCN5A,LOF,1.0,0.4869109947643979,2.053763440860215,SCN1A:p.M956T;SCN2A:p.R937H;SCN1A:p.R946H,SCN1A;SCN2A;SCN1A,LOF;LOF;LOF
wt_mut_site,3,132,SCN5A:p.F892I,SCN5A,LOF,0.3333333333333333,0.4869109947643979,0.6845878136200716,SCN1A:p.M956T;SCN9A:p.F216S;SCN2A:p.F1597L,SCN1A;SCN9A;SCN2A,LOF;GOF;GOF
wt_mut_site,3,133,SCN1A:p.R946C,SCN1A,LOF,1.0,0.5609756097560976,1.7826086956521738,SCN2A:p.R937C;SCN2A:p.R937H;SCN5A:p.R367C,SCN2A;SCN2A;SCN5A,LOF;LOF;LOF
wt_mut_site,3,134,SCN2A:p.R937C,SCN2A,LOF,1.0,0.620253164556962,1.6122448979591837,SCN1A:p.R946C;SCN1A:p.R946H;SCN5A:p.R367C,SCN1A;SCN1A;SCN5A,LOF;LOF;LOF
wt_mut_site,3,135,SCN1A:p.R946H,SCN1A,LOF,1.0,0.5609756097560976,1.7826086956521738,SCN2A:p.R937H;SCN2A:p.R937C;SCN2A:p.R379H,SCN2A;SCN2A;SCN2A,LOF;LOF;LOF
wt_mut_site,3,136,SCN2A:p.R937H,SCN2A,LOF,1.0,0.620253164556962,1.6122448979591837,SCN1A:p.R946H;SCN1A:p.R946C;SCN5A:p.R367H,SCN1A;SCN1A;SCN5A,LOF;LOF;LOF
wt_mut_site,3,137,SCN5A:p.E901K,SCN5A,LOF,0.3333333333333333,0.4869109947643979,0.6845878136200716,SCN8A:p.N374K;SCN1A:p.H939Q;SCN1A:p.D1866Y,SCN8A;SCN1A;SCN1A,GOF;LOF;GOF
wt_mut_site,3,138,SCN1A:p.M956T,SCN1A,LOF,0.6666666666666666,0.5609756097560976,1.188405797101449,SCN2A:p.L1330F;SCN3A:p.I875T;SCN5A:p.F892I,SCN2A;SCN3A;SCN5A,LOF;GOF;LOF
wt_mut_site,3,139,SCN1A:p.C959R,SCN1A,LOF,1.0,0.5609756097560976,1.7826086956521738,SCN5A:p.A1428V;SCN5A:p.A1428S;SCN2A:p.C1386R,SCN5A;SCN5A;SCN2A,LOF;LOF;LOF
wt_mut_site,3,140,SCN5A:p.S910L,SCN5A,LOF,0.0,0.4869109947643979,0.0,SCN8A:p.R1872L;SCN8A:p.R1872W;SCN2A:p.R1882Q,SCN8A;SCN8A;SCN2A,GOF;GOF;GOF
wt_mut_site,3,141,SCN10A:p.L867F,SCN10A,LOF,0.6666666666666666,0.6114457831325302,1.0903119868637108,SCN11A:p.I381T;SCN5A:p.G1748D;SCN5A:p.L325R,SCN11A;SCN5A;SCN5A,GOF;LOF;LOF
wt_mut_site,3,142,SCN1A:p.G979R,SCN1A,LOF,1.0,0.5609756097560976,1.7826086956521738,SCN8A:p.G964R;SCN5A:p.N927S;SCN8A:p.G269R,SCN8A;SCN5A;SCN8A,LOF;LOF;LOF
wt_mut_site,3,143,SCN8A:p.G964R,SCN8A,LOF,1.0,0.6196319018404908,1.613861386138614,SCN1A:p.G979R;SCN5A:p.N927S;SCN1A:p.G1674R,SCN1A;SCN5A;SCN1A,LOF;LOF;LOF
wt_mut_site,3,144,SCN5A:p.N927S,SCN5A,LOF,0.6666666666666666,0.4869109947643979,1.3691756272401432,SCN1A:p.F1774S;SCN1A:p.N985I;SCN8A:p.G964R,SCN1A;SCN1A;SCN8A,GOF;LOF;LOF
wt_mut_site,3,145,SCN5A:p.L928P,SCN5A,LOF,0.3333333333333333,0.4869109947643979,0.6845878136200716,SCN1A:p.L986F;SCN4A:p.L796V;SCN3A:p.M1765I,SCN1A;SCN4A;SCN3A,LOF;GOF;GOF
wt_mut_site,3,146,SCN1A:p.V983A,SCN1A,LOF,0.6666666666666666,0.5609756097560976,1.188405797101449,SCN10A:p.L388M;SCN5A:p.V1763M;SCN5A:p.T1461S,SCN10A;SCN5A;SCN5A,LOF;GOF;LOF
wt_mut_site,3,147,SCN1A:p.N985I,SCN1A,LOF,0.3333333333333333,0.5609756097560976,0.5942028985507245,SCN9A:p.N395K;SCN4A:p.N440K;SCN5A:p.N406S,SCN9A;SCN4A;SCN5A,GOF;GOF;LOF
wt_mut_site,3,148,SCN1A:p.L986F,SCN1A,LOF,0.0,0.5609756097560976,0.0,SCN4A:p.L796V;SCN3A:p.M1765I;SCN8A:p.M1760I,SCN4A;SCN3A;SCN8A,GOF;GOF;GOF
wt_mut_site,3,149,SCN4A:p.L796V,SCN4A,GOF,0.6666666666666666,0.3785488958990536,1.761111111111111,SCN1A:p.L986F;SCN3A:p.M1765I;SCN8A:p.M1760I,SCN1A;SCN3A;SCN8A,LOF;GOF;GOF
wt_mut_site,3,150,SCN5A:p.S941N,SCN5A,GOF,1.0,0.5130890052356021,1.9489795918367347,SCN8A:p.N1768D;SCN4A:p.N1297S;SCN4A:p.N1297K,SCN8A;SCN4A;SCN4A,GOF;GOF;GOF
wt_mut_site,3,151,SCN11A:p.N816K,SCN11A,GOF,0.6666666666666666,0.38596491228070173,1.7272727272727273,SCN2A:p.E999K;SCN5A:p.N592K;SCN5A:p.R18W,SCN2A;SCN5A;SCN5A,GOF;LOF;GOF
wt_mut_site,3,152,SCN2A:p.E999K,SCN2A,GOF,0.3333333333333333,0.379746835443038,0.8777777777777777,SCN1A:p.N1011I;SCN1A:p.E78D;SCN5A:p.R18W,SCN1A;SCN1A;SCN5A,LOF;LOF;GOF
wt_mut_site,3,153,SCN1A:p.N1011I,SCN1A,LOF,0.3333333333333333,0.5609756097560976,0.5942028985507245,SCN2A:p.E999K;SCN5A:p.R18W;SCN5A:p.R965C,SCN2A;SCN5A;SCN5A,GOF;GOF;LOF
wt_mut_site,3,154,SCN5A:p.R965C,SCN5A,LOF,0.3333333333333333,0.4869109947643979,0.6845878136200716,SCN8A:p.R1872W;SCN1A:p.N1011I;SCN8A:p.R1872L,SCN8A;SCN1A;SCN8A,GOF;LOF;GOF
wt_mut_site,3,155,SCN5A:p.R1023H,SCN5A,LOF,0.3333333333333333,0.4869109947643979,0.6845878136200716,SCN9A:p.Q10R;SCN10A:p.A1886V;SCN2A:p.D12N,SCN9A;SCN10A;SCN2A,GOF;GOF;LOF
wt_mut_site,3,156,SCN10A:p.P1102S,SCN10A,GOF,0.3333333333333333,0.3885542168674699,0.8578811369509043,SCN5A:p.R18W;SCN5A:p.R27H;SCN5A:p.F93S,SCN5A;SCN5A;SCN5A,GOF;LOF;LOF
wt_mut_site,3,157,SCN5A:p.S1103Y,SCN5A,GOF,0.6666666666666666,0.5130890052356021,1.2993197278911564,SCN10A:p.L554P;SCN10A:p.A1886V;SCN2A:p.D12N,SCN10A;SCN10A;SCN2A,GOF;GOF;LOF
wt_mut_site,3,158,SCN5A:p.P1177L,SCN5A,GOF,0.3333333333333333,0.5130890052356021,0.6496598639455782,SCN10A:p.V94G;SCN2A:p.D12N;SCN9A:p.Q10R,SCN10A;SCN2A;SCN9A,LOF;LOF;GOF
wt_mut_site,3,159,SCN5A:p.R1193Q,SCN5A,LOF,0.0,0.4869109947643979,0.0,SCN8A:p.R1872Q;SCN2A:p.R1882Q;SCN8A:p.R1872W,SCN8A;SCN2A;SCN8A,GOF;GOF;GOF
wt_mut_site,3,160,SCN5A:p.S1218I,SCN5A,LOF,0.3333333333333333,0.4869109947643979,0.6845878136200716,SCN4A:p.N1366S;SCN1A:p.N985I;SCN4A:p.N440K,SCN4A;SCN1A;SCN4A,GOF;LOF;GOF
wt_mut_site,3,161,SCN5A:p.E1225K,SCN5A,LOF,0.3333333333333333,0.4869109947643979,0.6845878136200716,SCN1A:p.E788K;SCN1A:p.D1866Y;SCN8A:p.R1872W,SCN1A;SCN1A;SCN8A,LOF;GOF;GOF
wt_mut_site,3,162,SCN5A:p.R1232W,SCN5A,LOF,0.0,0.4869109947643979,0.0,SCN8A:p.R1872W;SCN8A:p.R1872L;SCN8A:p.R1872Q,SCN8A;SCN8A;SCN8A,GOF;GOF;GOF
wt_mut_site,3,163,SCN1A:p.M1267I,SCN1A,LOF,0.3333333333333333,0.5609756097560976,0.5942028985507245,SCN3A:p.M1765I;SCN8A:p.M1760I;SCN8A:p.G822R,SCN3A;SCN8A;SCN8A,GOF;GOF;LOF
wt_mut_site,3,164,SCN5A:p.G1262S,SCN5A,LOF,1.0,0.4869109947643979,2.053763440860215,SCN1A:p.R1596C;SCN1A:p.G177A;SCN1A:p.G177E,SCN1A;SCN1A;SCN1A,LOF;LOF;LOF
wt_mut_site,3,165,SCN5A:p.A1294G,SCN5A,LOF,1.0,0.4869109947643979,2.053763440860215,SCN2A:p.D82G;SCN2A:p.D12N;SCN10A:p.V94G,SCN2A;SCN2A;SCN10A,LOF;LOF;LOF
wt_mut_site,3,166,SCN5A:p.E1295K,SCN5A,GOF,0.6666666666666666,0.5130890052356021,1.2993197278911564,SCN2A:p.E999K;SCN9A:p.Q10R;SCN2A:p.D12N,SCN2A;SCN9A;SCN2A,GOF;GOF;LOF
wt_mut_site,3,167,SCN5A:p.T1304M,SCN5A,GOF,1.0,0.5130890052356021,1.9489795918367347,SCN3A:p.L855P;SCN2A:p.T1623N;SCN9A:p.S211P,SCN3A;SCN2A;SCN9A,GOF;GOF;GOF
wt_mut_site,3,168,SCN2A:p.R1312T,SCN2A,LOF,0.6666666666666666,0.620253164556962,1.0748299319727892,SCN4A:p.R225W;SCN5A:p.R225W;SCN5A:p.R225P,SCN4A;SCN5A;SCN5A,LOF;LOF;GOF
wt_mut_site,3,169,SCN11A:p.L1158P,SCN11A,GOF,0.3333333333333333,0.38596491228070173,0.8636363636363636,SCN1A:p.I227S;SCN1A:p.I1656M;SCN5A:p.G1631D,SCN1A;SCN1A;SCN5A,LOF;LOF;GOF
wt_mut_site,3,170,SCN2A:p.R1319Q,SCN2A,LOF,0.6666666666666666,0.620253164556962,1.0748299319727892,SCN10A:p.R1588Q;SCN11A:p.R222H;SCN5A:p.R1644C,SCN10A;SCN11A;SCN5A,LOF;GOF;LOF
wt_mut_site,3,171,SCN5A:p.G1319V,SCN5A,LOF,1.0,0.4869109947643979,2.053763440860215,SCN1A:p.T875M;SCN8A:p.G269R;SCN1A:p.G177A,SCN1A;SCN8A;SCN1A,LOF;LOF;LOF
wt_mut_site,3,172,SCN5A:p.N1325S,SCN5A,GOF,1.0,0.5130890052356021,1.9489795918367347,SCN4A:p.F1473S;SCN3A:p.F1646C;SCN1A:p.F1661L,SCN4A;SCN3A;SCN1A,GOF;GOF;GOF
wt_mut_site,3,173,SCN2A:p.L1330F,SCN2A,LOF,0.6666666666666666,0.620253164556962,1.0748299319727892,SCN3A:p.I875T;SCN1A:p.I1656M;SCN3A:p.L247P,SCN3A;SCN1A;SCN3A,GOF;LOF;LOF
wt_mut_site,3,174,SCN5A:p.V1328M,SCN5A,GOF,0.3333333333333333,0.5130890052356021,0.6496598639455782,SCN1A:p.M1664K;SCN3A:p.I875T;SCN2A:p.L1330F,SCN1A;SCN3A;SCN2A,LOF;GOF;LOF
wt_mut_site,3,175,SCN5A:p.A1330P,SCN5A,GOF,1.0,0.5130890052356021,1.9489795918367347,SCN4A:p.A1156T;SCN10A:p.S242T;SCN9A:p.S241T,SCN4A;SCN10A;SCN9A,GOF;GOF;GOF
wt_mut_site,3,176,SCN4A:p.A1156T,SCN4A,GOF,1.0,0.3785488958990536,2.6416666666666666,SCN5A:p.A1330T;SCN5A:p.A1330P;SCN10A:p.S242T,SCN5A;SCN5A;SCN10A,GOF;GOF;GOF
wt_mut_site,3,177,SCN5A:p.A1330T,SCN5A,GOF,1.0,0.5130890052356021,1.9489795918367347,SCN4A:p.A1156T;SCN10A:p.S242T;SCN9A:p.S241T,SCN4A;SCN10A;SCN9A,GOF;GOF;GOF
wt_mut_site,3,178,SCN3A:p.P1333L,SCN3A,GOF,0.6666666666666666,0.38095238095238093,1.75,SCN4A:p.P1158L;SCN5A:p.P1332L;SCN2A:p.P1658S,SCN4A;SCN5A;SCN2A,GOF;GOF;LOF
wt_mut_site,3,179,SCN4A:p.P1158L,SCN4A,GOF,0.6666666666666666,0.3785488958990536,1.761111111111111,SCN3A:p.P1333L;SCN5A:p.P1332L;SCN2A:p.P1658S,SCN3A;SCN5A;SCN2A,GOF;GOF;LOF
wt_mut_site,3,180,SCN5A:p.P1332L,SCN5A,GOF,0.6666666666666666,0.5130890052356021,1.2993197278911564,SCN3A:p.P1333L;SCN4A:p.P1158L;SCN2A:p.P1658S,SCN3A;SCN4A;SCN2A,GOF;GOF;LOF
wt_mut_site,3,181,SCN5A:p.S1333Y,SCN5A,GOF,1.0,0.5130890052356021,1.9489795918367347,SCN2A:p.S1336Y;SCN2A:p.N1339D;SCN4A:p.P1158L,SCN2A;SCN2A;SCN4A,GOF;GOF;GOF
wt_mut_site,3,182,SCN2A:p.S1336Y,SCN2A,GOF,1.0,0.379746835443038,2.6333333333333333,SCN5A:p.S1333Y;SCN5A:p.A1656D;SCN3A:p.P1333L,SCN5A;SCN5A;SCN3A,GOF;GOF;GOF
wt_mut_site,3,183,SCN8A:p.I1327V,SCN8A,GOF,0.0,0.3803680981595092,0.0,SCN3A:p.L247P;SCN5A:p.L839P;SCN5A:p.I1660V,SCN3A;SCN5A;SCN5A,LOF;LOF;LOF
wt_mut_site,3,184,SCN2A:p.N1339D,SCN2A,GOF,0.6666666666666666,0.379746835443038,1.7555555555555553,SCN1A:p.D249E;SCN5A:p.N1325S;SCN5A:p.S1333Y,SCN1A;SCN5A;SCN5A,LOF;GOF;GOF
wt_mut_site,3,185,SCN8A:p.L1331V,SCN8A,GOF,0.3333333333333333,0.3803680981595092,0.8763440860215053,SCN4A:p.T704M;SCN1A:p.G1674R;SCN5A:p.G1661R,SCN4A;SCN1A;SCN5A,GOF;LOF;LOF
wt_mut_site,3,186,SCN11A:p.V1184A,SCN11A,GOF,0.3333333333333333,0.38596491228070173,0.8636363636363636,SCN1A:p.V1353L;SCN5A:p.V1340I;SCN9A:p.V872G,SCN1A;SCN5A;SCN9A,LOF;LOF;GOF
wt_mut_site,3,187,SCN5A:p.V1340I,SCN5A,LOF,0.3333333333333333,0.4869109947643979,0.6845878136200716,SCN1A:p.V1353L;SCN11A:p.V1184A;SCN9A:p.V872G,SCN1A;SCN11A;SCN9A,LOF;GOF;GOF
wt_mut_site,3,188,SCN1A:p.V1353L,SCN1A,LOF,0.3333333333333333,0.5609756097560976,0.5942028985507245,SCN5A:p.V1340I;SCN11A:p.V1184A;SCN9A:p.V872G,SCN5A;SCN11A;SCN9A,LOF;GOF;GOF
wt_mut_site,3,189,SCN5A:p.F1344S,SCN5A,LOF,0.3333333333333333,0.4869109947643979,0.6845878136200716,SCN11A:p.V1184A;SCN1A:p.V1353L;SCN9A:p.V872G,SCN11A;SCN1A;SCN9A,GOF;LOF;GOF
wt_mut_site,3,190,SCN5A:p.W1345C,SCN5A,LOF,1.0,0.4869109947643979,2.053763440860215,SCN1A:p.F902C;SCN3A:p.Y1669C;SCN1A:p.S259R,SCN1A;SCN3A;SCN1A,LOF;LOF;LOF
wt_mut_site,3,191,SCN5A:p.L1346P,SCN5A,LOF,0.6666666666666666,0.4869109947643979,1.3691756272401432,SCN1A:p.S259R;SCN1A:p.F902C;SCN8A:p.L1331V,SCN1A;SCN1A;SCN8A,LOF;LOF;GOF
wt_mut_site,3,192,SCN1A:p.V1366I,SCN1A,LOF,0.3333333333333333,0.5609756097560976,0.5942028985507245,SCN5A:p.V1667I;SCN4A:p.V1293I;SCN5A:p.V1340I,SCN5A;SCN4A;SCN5A,GOF;GOF;LOF
wt_mut_site,3,193,SCN10A:p.A1304T,SCN10A,GOF,0.0,0.3885542168674699,0.0,SCN1A:p.V1366I;SCN1A:p.M909K;SCN1A:p.A1685D,SCN1A;SCN1A;SCN1A,LOF;LOF;LOF
wt_mut_site,3,194,SCN8A:p.T1360N,SCN8A,LOF,1.0,0.6196319018404908,1.613861386138614,SCN1A:p.G1749E;SCN5A:p.S1382I;SCN1A:p.T297I,SCN1A;SCN5A;SCN1A,LOF;LOF;LOF
wt_mut_site,3,195,SCN5A:p.V1378M,SCN5A,LOF,0.3333333333333333,0.4869109947643979,0.6845878136200716,SCN2A:p.M1879T;SCN10A:p.V94G;SCN8A:p.R1872W,SCN2A;SCN10A;SCN8A,GOF;LOF;GOF
wt_mut_site,3,196,SCN5A:p.N1380K,SCN5A,LOF,0.3333333333333333,0.4869109947643979,0.6845878136200716,SCN1A:p.G1749E;SCN2A:p.K908E;SCN9A:p.Q10R,SCN1A;SCN2A;SCN9A,LOF;GOF;GOF
wt_mut_site,3,197,SCN5A:p.S1382I,SCN5A,LOF,1.0,0.4869109947643979,2.053763440860215,SCN1A:p.T297I;SCN1A:p.G1749E;SCN2A:p.D82G,SCN1A;SCN1A;SCN2A,LOF;LOF;LOF
wt_mut_site,3,198,SCN4A:p.C1209F,SCN4A,LOF,1.0,0.6214511041009464,1.6091370558375635,SCN2A:p.C1386R;SCN5A:p.C335R;SCN5A:p.V1378M,SCN2A;SCN5A;SCN5A,LOF;LOF;LOF
wt_mut_site,3,199,SCN2A:p.C1386R,SCN2A,LOF,1.0,0.620253164556962,1.6122448979591837,SCN4A:p.C1209F;SCN5A:p.C335R;SCN5A:p.V1378M,SCN4A;SCN5A;SCN5A,LOF;LOF;LOF
wt_mut_site,3,200,SCN5A:p.V1405L,SCN5A,LOF,0.3333333333333333,0.4869109947643979,0.6845878136200716,SCN1A:p.F1831S;SCN3A:p.I875T;SCN3A:p.V1769A,SCN1A;SCN3A;SCN3A,LOF;GOF;GOF
wt_mut_site,3,201,SCN5A:p.V1405M,SCN5A,LOF,0.3333333333333333,0.4869109947643979,0.6845878136200716,SCN1A:p.F1831S;SCN3A:p.V1769A;SCN3A:p.I875T,SCN1A;SCN3A;SCN3A,LOF;GOF;GOF
wt_mut_site,3,202,SCN5A:p.G1406E,SCN5A,LOF,0.0,0.4869109947643979,0.0,SCN8A:p.R1872W;SCN2A:p.M1879T;SCN2A:p.R1882Q,SCN8A;SCN2A;SCN2A,GOF;GOF;GOF
wt_mut_site,3,203,SCN5A:p.G1406R,SCN5A,LOF,0.0,0.4869109947643979,0.0,SCN8A:p.R1872W;SCN2A:p.M1879T;SCN2A:p.R1882Q,SCN8A;SCN2A;SCN2A,GOF;GOF;GOF
wt_mut_site,3,204,SCN1A:p.G1421W,SCN1A,LOF,1.0,0.5609756097560976,1.7826086956521738,SCN5A:p.G1748D;SCN5A:p.A1428S;SCN5A:p.A1428V,SCN5A;SCN5A;SCN5A,LOF;LOF;LOF
wt_mut_site,3,205,SCN2A:p.T1420M,SCN2A,LOF,1.0,0.620253164556962,1.6122448979591837,SCN5A:p.T1709M;SCN5A:p.M369K;SCN5A:p.G1420V,SCN5A;SCN5A;SCN5A,LOF;LOF;LOF
wt_mut_site,3,206,SCN5A:p.G1420R,SCN5A,LOF,0.3333333333333333,0.4869109947643979,0.6845878136200716,SCN10A:p.G1662S;SCN8A:p.N374K;SCN2A:p.T1420M,SCN10A;SCN8A;SCN2A,GOF;GOF;LOF
wt_mut_site,3,207,SCN5A:p.G1420V,SCN5A,LOF,0.3333333333333333,0.4869109947643979,0.6845878136200716,SCN10A:p.G1662S;SCN8A:p.N374K;SCN2A:p.T1420M,SCN10A;SCN8A;SCN2A,GOF;GOF;LOF
wt_mut_site,3,208,SCN5A:p.A1428S,SCN5A,LOF,0.6666666666666666,0.4869109947643979,1.3691756272401432,SCN1A:p.C959R;SCN1A:p.G1421W;SCN8A:p.A1491V,SCN1A;SCN1A;SCN8A,LOF;LOF;GOF
wt_mut_site,3,209,SCN5A:p.A1428V,SCN5A,LOF,0.6666666666666666,0.4869109947643979,1.3691756272401432,SCN1A:p.C959R;SCN8A:p.A1491V;SCN4A:p.C1209F,SCN1A;SCN8A;SCN4A,LOF;GOF;LOF
wt_mut_site,3,210,SCN5A:p.D1430N,SCN5A,LOF,0.6666666666666666,0.4869109947643979,1.3691756272401432,SCN1A:p.R393H;SCN1A:p.D1866Y;SCN10A:p.D1639N,SCN1A;SCN1A;SCN10A,LOF;GOF;LOF
wt_mut_site,3,211,SCN5A:p.R1432G,SCN5A,LOF,0.0,0.4869109947643979,0.0,SCN2A:p.R1882G;SCN8A:p.R1872W;SCN8A:p.R1872Q,SCN2A;SCN8A;SCN8A,GOF;GOF;GOF
wt_mut_site,3,212,SCN5A:p.Y1449C,SCN5A,LOF,0.3333333333333333,0.4869109947643979,0.6845878136200716,SCN1A:p.F1765L;SCN2A:p.Y1589C;SCN11A:p.I381T,SCN1A;SCN2A;SCN11A,LOF;GOF;GOF
wt_mut_site,3,213,SCN5A:p.T1461S,SCN5A,LOF,1.0,0.4869109947643979,2.053763440860215,SCN10A:p.L388M;SCN1A:p.V983A;SCN8A:p.V1758A,SCN10A;SCN1A;SCN8A,LOF;LOF;LOF
wt_mut_site,3,214,SCN4A:p.V1293I,SCN4A,GOF,1.0,0.3785488958990536,2.6416666666666666,SCN2A:p.V423L;SCN9A:p.V400M;SCN5A:p.V411M,SCN2A;SCN9A;SCN5A,GOF;GOF;GOF
wt_mut_site,3,215,SCN2A:p.I1473M,SCN2A,GOF,1.0,0.379746835443038,2.6333333333333333,SCN4A:p.F1298C;SCN5A:p.F1473C;SCN5A:p.F1473S,SCN4A;SCN5A;SCN5A,GOF;GOF;GOF
wt_mut_site,3,216,SCN4A:p.N1297K,SCN4A,GOF,1.0,0.3785488958990536,2.6416666666666666,SCN5A:p.N1774D;SCN8A:p.N1768D;SCN5A:p.S941N,SCN5A;SCN8A;SCN5A,GOF;GOF;GOF
wt_mut_site,3,217,SCN4A:p.N1297S,SCN4A,GOF,1.0,0.3785488958990536,2.6416666666666666,SCN5A:p.N1774D;SCN8A:p.N1768D;SCN5A:p.S941N,SCN5A;SCN8A;SCN5A,GOF;GOF;GOF
wt_mut_site,3,218,SCN4A:p.F1298C,SCN4A,GOF,0.6666666666666666,0.3785488958990536,1.761111111111111,SCN5A:p.F1473C;SCN5A:p.F1473S;SCN1A:p.Y426N,SCN5A;SCN5A;SCN1A,GOF;GOF;LOF
wt_mut_site,3,219,SCN5A:p.F1473C,SCN5A,GOF,0.6666666666666666,0.5130890052356021,1.2993197278911564,SCN4A:p.F1298C;SCN1A:p.Y426N;SCN2A:p.I1473M,SCN4A;SCN1A;SCN2A,GOF;LOF;GOF
wt_mut_site,3,220,SCN5A:p.F1473S,SCN5A,GOF,0.3333333333333333,0.5130890052356021,0.6496598639455782,SCN4A:p.F1298C;SCN1A:p.Y426N;SCN1A:p.F1831S,SCN4A;SCN1A;SCN1A,GOF;LOF;LOF
wt_mut_site,3,221,SCN5A:p.Q1475P,SCN5A,GOF,1.0,0.5130890052356021,1.9489795918367347,SCN11A:p.N816K;SCN1A:p.Q1489H;SCN1A:p.Q1489K,SCN11A;SCN1A;SCN1A,GOF;GOF;GOF
wt_mut_site,3,222,SCN1A:p.Q1489H,SCN1A,GOF,1.0,0.43902439024390244,2.2777777777777777,SCN5A:p.Q1476R;SCN5A:p.Q1475P;SCN2A:p.M1879T,SCN5A;SCN5A;SCN2A,GOF;GOF;GOF
wt_mut_site,3,223,SCN1A:p.Q1489K,SCN1A,GOF,1.0,0.43902439024390244,2.2777777777777777,SCN5A:p.Q1476R;SCN5A:p.Q1475P;SCN2A:p.M1879T,SCN5A;SCN5A;SCN2A,GOF;GOF;GOF
wt_mut_site,3,224,SCN5A:p.Q1476R,SCN5A,GOF,1.0,0.5130890052356021,1.9489795918367347,SCN1A:p.Q1489H;SCN1A:p.Q1489K;SCN2A:p.M1879T,SCN1A;SCN1A;SCN2A,GOF;GOF;GOF
wt_mut_site,3,225,SCN4A:p.G1306E,SCN4A,GOF,1.0,0.3785488958990536,2.6416666666666666,SCN8A:p.G1475R;SCN8A:p.R1872W;SCN2A:p.R1882Q,SCN8A;SCN8A;SCN2A,GOF;GOF;GOF
wt_mut_site,3,226,SCN8A:p.G1475R,SCN8A,GOF,1.0,0.3803680981595092,2.629032258064516,SCN4A:p.G1306E;SCN2A:p.R1882Q;SCN2A:p.R1882G,SCN4A;SCN2A;SCN2A,GOF;GOF;GOF
wt_mut_site,3,227,SCN1A:p.I1498M,SCN1A,LOF,0.0,0.5609756097560976,0.0,SCN4A:p.I1310N;SCN5A:p.F1486L;SCN8A:p.R1872W,SCN4A;SCN5A;SCN8A,GOF;GOF;GOF
wt_mut_site,3,228,SCN4A:p.I1310N,SCN4A,GOF,0.6666666666666666,0.3785488958990536,1.761111111111111,SCN1A:p.I1498M;SCN1A:p.F1499L;SCN5A:p.F1486L,SCN1A;SCN1A;SCN5A,LOF;GOF;GOF
wt_mut_site,3,229,SCN5A:p.F1486L,SCN5A,GOF,0.6666666666666666,0.5130890052356021,1.2993197278911564,SCN1A:p.F1499L;SCN1A:p.I1498M;SCN4A:p.I1310N,SCN1A;SCN1A;SCN4A,GOF;LOF;GOF
wt_mut_site,3,230,SCN1A:p.F1499L,SCN1A,GOF,1.0,0.43902439024390244,2.2777777777777777,SCN5A:p.F1486L;SCN4A:p.I1310N;SCN2A:p.M1879T,SCN5A;SCN4A;SCN2A,GOF;GOF;GOF
wt_mut_site,3,231,SCN1A:p.M1500V,SCN1A,GOF,1.0,0.43902439024390244,2.2777777777777777,SCN5A:p.F1486L;SCN4A:p.I1310N;SCN2A:p.M1879T,SCN5A;SCN4A;SCN2A,GOF;GOF;GOF
wt_mut_site,3,232,SCN4A:p.T1313A,SCN4A,GOF,0.6666666666666666,0.3785488958990536,1.761111111111111,SCN3A:p.T1486I;SCN5A:p.S1787N;SCN5A:p.R1898C,SCN3A;SCN5A;SCN5A,GOF;GOF;LOF
wt_mut_site,3,233,SCN4A:p.T1313M,SCN4A,GOF,0.6666666666666666,0.3785488958990536,1.761111111111111,SCN3A:p.T1486I;SCN5A:p.S1787N;SCN5A:p.R1898C,SCN3A;SCN5A;SCN5A,GOF;GOF;LOF
wt_mut_site,3,234,SCN3A:p.T1486I,SCN3A,GOF,1.0,0.38095238095238093,2.625,SCN4A:p.T1313M;SCN4A:p.T1313A;SCN5A:p.S1787N,SCN4A;SCN4A;SCN5A,GOF;GOF;GOF
wt_mut_site,3,235,SCN8A:p.A1491V,SCN8A,GOF,1.0,0.3803680981595092,2.629032258064516,SCN2A:p.M1879T;SCN2A:p.R1882Q;SCN2A:p.R1882G,SCN2A;SCN2A;SCN2A,GOF;GOF;GOF
wt_mut_site,3,236,SCN5A:p.P1506S,SCN5A,LOF,0.3333333333333333,0.4869109947643979,0.6845878136200716,SCN10A:p.V94G;SCN8A:p.R1872W;SCN2A:p.M1879T,SCN10A;SCN8A;SCN2A,LOF;GOF;GOF
wt_mut_site,3,237,SCN5A:p.R1512W,SCN5A,LOF,0.6666666666666666,0.4869109947643979,1.3691756272401432,SCN1A:p.R1525Q;SCN4A:p.R104H;SCN8A:p.R1872W,SCN1A;SCN4A;SCN8A,LOF;LOF;GOF
wt_mut_site,3,238,SCN1A:p.R1525Q,SCN1A,LOF,1.0,0.5609756097560976,1.7826086956521738,SCN5A:p.R1512W;SCN5A:p.R104Q;SCN5A:p.P1506S,SCN5A;SCN5A;SCN5A,LOF;LOF;LOF
wt_mut_site,3,239,SCN5A:p.N1541D,SCN5A,LOF,0.3333333333333333,0.4869109947643979,0.6845878136200716,SCN4A:p.N1366S;SCN1A:p.N985I;SCN4A:p.N440K,SCN4A;SCN1A;SCN4A,GOF;LOF;GOF
wt_mut_site,3,240,SCN4A:p.N1366S,SCN4A,GOF,0.0,0.3785488958990536,0.0,SCN5A:p.N1541D;SCN5A:p.S1218I;SCN1A:p.N985I,SCN5A;SCN5A;SCN1A,LOF;LOF;LOF
wt_mut_site,3,241,SCN1A:p.R1575C,SCN1A,GOF,0.6666666666666666,0.43902439024390244,1.5185185185185184,SCN10A:p.Y158D;SCN5A:p.R965C;SCN8A:p.R1872W,SCN10A;SCN5A;SCN8A,GOF;LOF;GOF
wt_mut_site,3,242,SCN2A:p.I1571T,SCN2A,GOF,0.3333333333333333,0.379746835443038,0.8777777777777777,SCN11A:p.I381T;SCN10A:p.L867F;SCN8A:p.G822R,SCN11A;SCN10A;SCN8A,GOF;LOF;LOF
wt_mut_site,3,243,SCN10A:p.V1518I,SCN10A,LOF,0.6666666666666666,0.6114457831325302,1.0903119868637108,SCN1A:p.V1611F;SCN5A:p.L136P;SCN5A:p.G752R,SCN1A;SCN5A;SCN5A,GOF;LOF;LOF
wt_mut_site,3,244,SCN1A:p.E1587K,SCN1A,LOF,1.0,0.5609756097560976,1.7826086956521738,SCN5A:p.E1574K;SCN5A:p.D1595N;SCN5A:p.D785N,SCN5A;SCN5A;SCN5A,LOF;LOF;LOF
wt_mut_site,3,245,SCN5A:p.E1574K,SCN5A,LOF,0.3333333333333333,0.4869109947643979,0.6845878136200716,SCN1A:p.E1587K;SCN4A:p.N1366S;SCN4A:p.N440K,SCN1A;SCN4A;SCN4A,LOF;GOF;GOF
wt_mut_site,3,246,SCN1A:p.R1596C,SCN1A,LOF,1.0,0.5609756097560976,1.7826086956521738,SCN5A:p.R1583C;SCN5A:p.G1262S;SCN5A:p.R1644C,SCN5A;SCN5A;SCN5A,LOF;LOF;LOF
wt_mut_site,3,247,SCN5A:p.R1583C,SCN5A,LOF,1.0,0.4869109947643979,2.053763440860215,SCN1A:p.R1596C;SCN1A:p.G177A;SCN1A:p.G177E,SCN1A;SCN1A;SCN1A,LOF;LOF;LOF
wt_mut_site,3,248,SCN2A:p.Y1589C,SCN2A,GOF,0.0,0.379746835443038,0.0,SCN5A:p.Y1449C;SCN1A:p.F1831S;SCN1A:p.F1765L,SCN5A;SCN1A;SCN1A,LOF;LOF;LOF
wt_mut_site,3,249,SCN2A:p.F1597L,SCN2A,GOF,0.6666666666666666,0.379746835443038,1.7555555555555553,SCN1A:p.F1765L;SCN4A:p.F1298C;SCN5A:p.F1473C,SCN1A;SCN4A;SCN5A,LOF;GOF;GOF
wt_mut_site,3,250,SCN5A:p.D1595N,SCN5A,LOF,0.6666666666666666,0.4869109947643979,1.3691756272401432,SCN1A:p.E1587K;SCN4A:p.N1366S;SCN1A:p.R859C,SCN1A;SCN4A;SCN1A,LOF;GOF;LOF
wt_mut_site,3,251,SCN1A:p.V1611F,SCN1A,GOF,0.6666666666666666,0.43902439024390244,1.5185185185185184,SCN10A:p.V1518I;SCN4A:p.I141V;SCN9A:p.I136V,SCN10A;SCN4A;SCN9A,LOF;GOF;GOF
wt_mut_site,3,252,SCN5A:p.S1609L,SCN5A,GOF,1.0,0.5130890052356021,1.9489795918367347,SCN8A:p.R1872L;SCN8A:p.R1872W;SCN2A:p.R1882Q,SCN8A;SCN8A;SCN2A,GOF;GOF;GOF
wt_mut_site,3,253,SCN1A:p.L1624P,SCN1A,GOF,1.0,0.43902439024390244,2.2777777777777777,SCN8A:p.R1872W;SCN5A:p.E1295K;SCN2A:p.R1882Q,SCN8A;SCN5A;SCN2A,GOF;GOF;GOF
wt_mut_site,3,254,SCN4A:p.V1442E,SCN4A,LOF,0.3333333333333333,0.6214511041009464,0.5363790186125211,SCN2A:p.V208E;SCN5A:p.A1294G;SCN5A:p.E1295K,SCN2A;SCN5A;SCN5A,GOF;LOF;GOF
wt_mut_site,3,255,SCN1A:p.P1632S,SCN1A,LOF,0.6666666666666666,0.5609756097560976,1.188405797101449,SCN2A:p.P1622S;SCN5A:p.P1506S;SCN5A:p.E1295K,SCN2A;SCN5A;SCN5A,LOF;LOF;GOF
wt_mut_site,3,256,SCN2A:p.P1622S,SCN2A,LOF,0.6666666666666666,0.620253164556962,1.0748299319727892,SCN1A:p.P1632S;SCN5A:p.P1506S;SCN5A:p.E1295K,SCN1A;SCN5A;SCN5A,LOF;LOF;GOF
wt_mut_site,3,257,SCN2A:p.T1623N,SCN2A,GOF,0.3333333333333333,0.379746835443038,0.8777777777777777,SCN5A:p.T1620M;SCN9A:p.S211P;SCN4A:p.V1442E,SCN5A;SCN9A;SCN4A,LOF;GOF;LOF
wt_mut_site,3,258,SCN5A:p.T1620M,SCN5A,LOF,0.0,0.4869109947643979,0.0,SCN2A:p.T1623N;SCN9A:p.S211P;SCN3A:p.R1621G,SCN2A;SCN9A;SCN3A,GOF;GOF;GOF
wt_mut_site,3,259,SCN3A:p.R1621G,SCN3A,GOF,0.6666666666666666,0.38095238095238093,1.75,SCN8A:p.R1617Q;SCN5A:p.R1623Q;SCN5A:p.R808C,SCN8A;SCN5A;SCN5A,GOF;GOF;LOF
wt_mut_site,3,260,SCN3A:p.R1621Q,SCN3A,GOF,0.6666666666666666,0.38095238095238093,1.75,SCN8A:p.R1617Q;SCN5A:p.R1623Q;SCN5A:p.R808C,SCN8A;SCN5A;SCN5A,GOF;GOF;LOF
wt_mut_site,3,261,SCN5A:p.R1623Q,SCN5A,GOF,1.0,0.5130890052356021,1.9489795918367347,SCN8A:p.R1617Q;SCN3A:p.R1621Q;SCN3A:p.R1621G,SCN8A;SCN3A;SCN3A,GOF;GOF;GOF
wt_mut_site,3,262,SCN8A:p.R1617Q,SCN8A,GOF,1.0,0.3803680981595092,2.629032258064516,SCN3A:p.R1621Q;SCN5A:p.R1623Q;SCN3A:p.R1621G,SCN3A;SCN5A;SCN3A,GOF;GOF;GOF
wt_mut_site,3,263,SCN4A:p.R1451C,SCN4A,LOF,0.6666666666666666,0.6214511041009464,1.0727580372250423,SCN5A:p.R1626P;SCN8A:p.R1620L;SCN5A:p.R811H,SCN5A;SCN8A;SCN5A,GOF;LOF;LOF
wt_mut_site,3,264,SCN5A:p.R1626P,SCN5A,GOF,0.0,0.5130890052356021,0.0,SCN4A:p.R1451C;SCN8A:p.R1620L;SCN4A:p.R1451L,SCN4A;SCN8A;SCN4A,LOF;LOF;LOF
wt_mut_site,3,265,SCN4A:p.R1451L,SCN4A,LOF,0.6666666666666666,0.6214511041009464,1.0727580372250423,SCN8A:p.R1620L;SCN5A:p.R1626P;SCN5A:p.R811H,SCN8A;SCN5A;SCN5A,LOF;GOF;LOF
wt_mut_site,3,266,SCN8A:p.R1620L,SCN8A,LOF,0.6666666666666666,0.6196319018404908,1.0759075907590758,SCN4A:p.R1451L;SCN5A:p.R1626P;SCN4A:p.R1451C,SCN4A;SCN5A;SCN4A,LOF;GOF;LOF
wt_mut_site,3,267,SCN8A:p.A1622D,SCN8A,GOF,0.6666666666666666,0.3803680981595092,1.7526881720430105,SCN5A:p.G1631D;SCN9A:p.F216S;SCN1A:p.I227S,SCN5A;SCN9A;SCN1A,GOF;GOF;LOF
wt_mut_site,3,268,SCN5A:p.R1629Q,SCN5A,LOF,1.0,0.4869109947643979,2.053763440860215,SCN4A:p.R1454W;SCN4A:p.R1457H;SCN4A:p.R1451L,SCN4A;SCN4A;SCN4A,LOF;LOF;LOF
wt_mut_site,3,269,SCN4A:p.R1454W,SCN4A,LOF,0.6666666666666666,0.6214511041009464,1.0727580372250423,SCN5A:p.R1629Q;SCN5A:p.R1632C;SCN5A:p.R1626P,SCN5A;SCN5A;SCN5A,LOF;LOF;GOF
wt_mut_site,3,270,SCN5A:p.G1631D,SCN5A,GOF,1.0,0.5130890052356021,1.9489795918367347,SCN8A:p.A1622D;SCN9A:p.F216S;SCN11A:p.L1158P,SCN8A;SCN9A;SCN11A,GOF;GOF;GOF
wt_mut_site,3,271,SCN5A:p.R1632C,SCN5A,LOF,0.6666666666666666,0.4869109947643979,1.3691756272401432,SCN4A:p.R1457H;SCN4A:p.R1454W;SCN1A:p.R865G,SCN4A;SCN4A;SCN1A,LOF;LOF;GOF
wt_mut_site,3,272,SCN4A:p.R1457H,SCN4A,LOF,0.6666666666666666,0.6214511041009464,1.0727580372250423,SCN5A:p.R1632C;SCN1A:p.R865G;SCN5A:p.R1629Q,SCN5A;SCN1A;SCN5A,LOF;GOF;LOF
wt_mut_site,3,273,SCN10A:p.R1588Q,SCN10A,LOF,0.6666666666666666,0.6114457831325302,1.0903119868637108,SCN5A:p.R1644C;SCN1A:p.R1657C;SCN5A:p.R1644H,SCN5A;SCN1A;SCN5A,LOF;LOF;GOF
wt_mut_site,3,274,SCN5A:p.G1642E,SCN5A,LOF,0.3333333333333333,0.4869109947643979,0.6845878136200716,SCN1A:p.T875M;SCN2A:p.T236S;SCN11A:p.G699R,SCN1A;SCN2A;SCN11A,LOF;GOF;GOF
wt_mut_site,3,275,SCN1A:p.I1656M,SCN1A,LOF,0.3333333333333333,0.5609756097560976,0.5942028985507245,SCN3A:p.I875T;SCN2A:p.L1330F;SCN9A:p.I234T,SCN3A;SCN2A;SCN9A,GOF;LOF;GOF
wt_mut_site,3,276,SCN1A:p.R1657C,SCN1A,LOF,0.6666666666666666,0.5609756097560976,1.188405797101449,SCN8A:p.R1638C;SCN5A:p.R1644C;SCN5A:p.R1644H,SCN8A;SCN5A;SCN5A,LOF;LOF;GOF
wt_mut_site,3,277,SCN5A:p.R1644C,SCN5A,LOF,1.0,0.4869109947643979,2.053763440860215,SCN8A:p.R1638C;SCN1A:p.R1657C;SCN10A:p.R1588Q,SCN8A;SCN1A;SCN10A,LOF;LOF;LOF
wt_mut_site,3,278,SCN8A:p.R1638C,SCN8A,LOF,0.6666666666666666,0.6196319018404908,1.0759075907590758,SCN1A:p.R1657C;SCN5A:p.R1644C;SCN5A:p.R1644H,SCN1A;SCN5A;SCN5A,LOF;LOF;GOF
wt_mut_site,3,279,SCN5A:p.R1644H,SCN5A,GOF,0.0,0.5130890052356021,0.0,SCN1A:p.R1657C;SCN8A:p.R1638C;SCN10A:p.R1588Q,SCN1A;SCN8A;SCN10A,LOF;LOF;LOF
wt_mut_site,3,280,SCN3A:p.F1646C,SCN3A,GOF,1.0,0.38095238095238093,2.625,SCN1A:p.F1661L;SCN4A:p.F1473S;SCN5A:p.N1325S,SCN1A;SCN4A;SCN5A,GOF;GOF;GOF
wt_mut_site,3,281,SCN1A:p.F1661L,SCN1A,GOF,1.0,0.43902439024390244,2.2777777777777777,SCN3A:p.F1646C;SCN4A:p.F1473S;SCN5A:p.N1325S,SCN3A;SCN4A;SCN5A,GOF;GOF;GOF
wt_mut_site,3,282,SCN4A:p.F1473S,SCN4A,GOF,1.0,0.3785488958990536,2.6416666666666666,SCN3A:p.F1646C;SCN1A:p.F1661L;SCN5A:p.N1325S,SCN3A;SCN1A;SCN5A,GOF;GOF;GOF
wt_mut_site,3,283,SCN1A:p.M1664K,SCN1A,LOF,0.0,0.5609756097560976,0.0,SCN5A:p.V1328M;SCN5A:p.M1652R;SCN3A:p.F1646C,SCN5A;SCN5A;SCN3A,GOF;GOF;GOF
wt_mut_site,3,284,SCN5A:p.M1652R,SCN5A,GOF,0.6666666666666666,0.5130890052356021,1.2993197278911564,SCN1A:p.M1664K;SCN3A:p.F1646C;SCN1A:p.F1661L,SCN1A;SCN3A;SCN1A,LOF;GOF;GOF
wt_mut_site,3,285,SCN2A:p.P1658S,SCN2A,LOF,0.0,0.620253164556962,0.0,SCN4A:p.P1158L;SCN3A:p.P1333L;SCN5A:p.P1332L,SCN4A;SCN3A;SCN5A,GOF;GOF;GOF
wt_mut_site,3,286,SCN5A:p.A1656D,SCN5A,GOF,0.6666666666666666,0.5130890052356021,1.2993197278911564,SCN2A:p.S1336Y;SCN2A:p.P1658S;SCN4A:p.A1156T,SCN2A;SCN2A;SCN4A,GOF;LOF;GOF
wt_mut_site,3,287,SCN5A:p.I1660V,SCN5A,LOF,0.3333333333333333,0.4869109947643979,0.6845878136200716,SCN8A:p.I1327V;SCN9A:p.V872G;SCN1A:p.V1353L,SCN8A;SCN9A;SCN1A,GOF;GOF;LOF
wt_mut_site,3,288,SCN1A:p.G1674R,SCN1A,LOF,0.3333333333333333,0.5609756097560976,0.5942028985507245,SCN5A:p.G1661R;SCN4A:p.T704M;SCN8A:p.L1331V,SCN5A;SCN4A;SCN8A,LOF;GOF;GOF
wt_mut_site,3,289,SCN5A:p.G1661R,SCN5A,LOF,0.3333333333333333,0.4869109947643979,0.6845878136200716,SCN1A:p.G1674R;SCN4A:p.T704M;SCN8A:p.L1331V,SCN1A;SCN4A;SCN8A,LOF;GOF;GOF
wt_mut_site,3,290,SCN5A:p.V1667I,SCN5A,GOF,0.6666666666666666,0.5130890052356021,1.2993197278911564,SCN9A:p.V872G;SCN1A:p.V1353L;SCN11A:p.V1184A,SCN9A;SCN1A;SCN11A,GOF;LOF;GOF
wt_mut_site,3,291,SCN3A:p.Y1669C,SCN3A,LOF,1.0,0.6190476190476191,1.6153846153846154,SCN5A:p.F851L;SCN5A:p.W1345C;SCN1A:p.F902C,SCN5A;SCN5A;SCN1A,LOF;LOF;LOF
wt_mut_site,3,292,SCN1A:p.A1685D,SCN1A,LOF,0.3333333333333333,0.5609756097560976,0.5942028985507245,SCN5A:p.S1672Y;SCN2A:p.A263V;SCN5A:p.A1330P,SCN5A;SCN2A;SCN5A,LOF;GOF;GOF
wt_mut_site,3,293,SCN1A:p.A1685V,SCN1A,LOF,0.3333333333333333,0.5609756097560976,0.5942028985507245,SCN5A:p.S1672Y;SCN2A:p.A263V;SCN5A:p.A1330P,SCN5A;SCN2A;SCN5A,LOF;GOF;GOF
wt_mut_site,3,294,SCN5A:p.S1672Y,SCN5A,LOF,0.6666666666666666,0.4869109947643979,1.3691756272401432,SCN1A:p.A1685D;SCN1A:p.A1685V;SCN2A:p.A263V,SCN1A;SCN1A;SCN2A,LOF;LOF;GOF
wt_mut_site,3,295,SCN10A:p.D1639N,SCN10A,LOF,0.3333333333333333,0.6114457831325302,0.5451559934318554,SCN5A:p.D1690N;SCN2A:p.K908E;SCN9A:p.D623N,SCN5A;SCN2A;SCN9A,LOF;GOF;GOF
wt_mut_site,3,296,SCN5A:p.D1690N,SCN5A,LOF,0.6666666666666666,0.4869109947643979,1.3691756272401432,SCN10A:p.D1639N;SCN9A:p.D623N;SCN2A:p.D12N,SCN10A;SCN9A;SCN2A,LOF;GOF;LOF
wt_mut_site,3,297,SCN1A:p.T1709I,SCN1A,LOF,0.6666666666666666,0.5609756097560976,1.188405797101449,SCN10A:p.D1639N;SCN5A:p.N1380K;SCN3A:p.T1486I,SCN10A;SCN5A;SCN3A,LOF;LOF;GOF
wt_mut_site,3,298,SCN5A:p.T1709M,SCN5A,LOF,0.6666666666666666,0.4869109947643979,1.3691756272401432,SCN2A:p.T1420M;SCN10A:p.G1662S;SCN1A:p.T1709I,SCN2A;SCN10A;SCN1A,LOF;GOF;LOF
wt_mut_site,3,299,SCN5A:p.G1712C,SCN5A,LOF,0.3333333333333333,0.4869109947643979,0.6845878136200716,SCN10A:p.G1662S;SCN1A:p.H939Q;SCN8A:p.N374K,SCN10A;SCN1A;SCN8A,GOF;LOF;GOF
wt_mut_site,3,300,SCN10A:p.G1662S,SCN10A,GOF,0.0,0.3885542168674699,0.0,SCN5A:p.G1712C;SCN5A:p.G1420R;SCN5A:p.G1420V,SCN5A;SCN5A;SCN5A,LOF;LOF;LOF
wt_mut_site,3,301,SCN5A:p.D1714G,SCN5A,LOF,0.3333333333333333,0.4869109947643979,0.6845878136200716,SCN8A:p.N374K;SCN2A:p.K908E;SCN2A:p.D82G,SCN8A;SCN2A;SCN2A,GOF;GOF;LOF
wt_mut_site,3,302,SCN5A:p.N1722D,SCN5A,LOF,0.3333333333333333,0.4869109947643979,0.6845878136200716,SCN8A:p.R1872W;SCN1A:p.E78D;SCN2A:p.K908E,SCN8A;SCN1A;SCN2A,GOF;LOF;GOF
wt_mut_site,3,303,SCN5A:p.P1730H,SCN5A,LOF,0.6666666666666666,0.4869109947643979,1.3691756272401432,SCN1A:p.G1749E;SCN9A:p.Q10R;SCN2A:p.D12N,SCN1A;SCN9A;SCN2A,LOF;GOF;LOF
wt_mut_site,3,304,SCN1A:p.G1749E,SCN1A,LOF,0.3333333333333333,0.5609756097560976,0.5942028985507245,SCN2A:p.D12N;SCN9A:p.Q10R;SCN5A:p.R18W,SCN2A;SCN9A;SCN5A,LOF;GOF;GOF
wt_mut_site,3,305,SCN5A:p.G1740R,SCN5A,LOF,0.6666666666666666,0.4869109947643979,1.3691756272401432,SCN1A:p.G1749E;SCN9A:p.Q10R;SCN2A:p.D12N,SCN1A;SCN9A;SCN2A,LOF;GOF;LOF
wt_mut_site,3,306,SCN5A:p.G1743R,SCN5A,LOF,0.6666666666666666,0.4869109947643979,1.3691756272401432,SCN1A:p.G1749E;SCN9A:p.Q10R;SCN2A:p.D12N,SCN1A;SCN9A;SCN2A,LOF;GOF;LOF
wt_mut_site,3,307,SCN5A:p.G1748D,SCN5A,LOF,1.0,0.4869109947643979,2.053763440860215,SCN10A:p.L867F;SCN1A:p.G1421W;SCN1A:p.C959R,SCN10A;SCN1A;SCN1A,LOF;LOF;LOF
wt_mut_site,3,308,SCN1A:p.F1765L,SCN1A,LOF,0.3333333333333333,0.5609756097560976,0.5942028985507245,SCN5A:p.Y1449C;SCN4A:p.F1298C;SCN2A:p.F1597L,SCN5A;SCN4A;SCN2A,LOF;GOF;GOF
wt_mut_site,3,309,SCN10A:p.I1706V,SCN10A,GOF,1.0,0.3885542168674699,2.5736434108527133,SCN11A:p.I381T;SCN5A:p.I1762A;SCN1A:p.F1774S,SCN11A;SCN5A;SCN1A,GOF;GOF;GOF
wt_mut_site,3,310,SCN1A:p.F1774S,SCN1A,GOF,0.6666666666666666,0.43902439024390244,1.5185185185185184,SCN5A:p.N927S;SCN10A:p.I1706V;SCN5A:p.Y1767C,SCN5A;SCN10A;SCN5A,LOF;GOF;GOF
wt_mut_site,3,311,SCN5A:p.I1762A,SCN5A,GOF,0.6666666666666666,0.5130890052356021,1.2993197278911564,SCN3A:p.V1769A;SCN1A:p.V983A;SCN10A:p.I1706V,SCN3A;SCN1A;SCN10A,GOF;LOF;GOF
wt_mut_site,3,312,SCN5A:p.V1763M,SCN5A,GOF,0.0,0.5130890052356021,0.0,SCN1A:p.V983A;SCN10A:p.L388M;SCN8A:p.V1758A,SCN1A;SCN10A;SCN8A,LOF;LOF;LOF
wt_mut_site,3,313,SCN8A:p.V1758A,SCN8A,LOF,0.0,0.6196319018404908,0.0,SCN5A:p.V1764M;SCN3A:p.V1769A;SCN5A:p.V1763M,SCN5A;SCN3A;SCN5A,GOF;GOF;GOF
wt_mut_site,3,314,SCN5A:p.V1764M,SCN5A,GOF,0.3333333333333333,0.5130890052356021,0.6496598639455782,SCN8A:p.V1758A;SCN3A:p.V1769A;SCN1A:p.V983A,SCN8A;SCN3A;SCN1A,LOF;GOF;LOF
wt_mut_site,3,315,SCN3A:p.M1765I,SCN3A,GOF,0.6666666666666666,0.38095238095238093,1.75,SCN8A:p.M1760I;SCN4A:p.L796V;SCN1A:p.L986F,SCN8A;SCN4A;SCN1A,GOF;GOF;LOF
wt_mut_site,3,316,SCN8A:p.M1760I,SCN8A,GOF,0.6666666666666666,0.3803680981595092,1.7526881720430105,SCN3A:p.M1765I;SCN1A:p.L986F;SCN4A:p.L796V,SCN3A;SCN1A;SCN4A,GOF;LOF;GOF
wt_mut_site,3,317,SCN5A:p.Y1767C,SCN5A,GOF,1.0,0.5130890052356021,1.9489795918367347,SCN8A:p.M1760I;SCN3A:p.M1765I;SCN4A:p.F1298C,SCN8A;SCN3A;SCN4A,GOF;GOF;GOF
wt_mut_site,3,318,SCN5A:p.I1768V,SCN5A,GOF,1.0,0.5130890052356021,1.9489795918367347,SCN3A:p.V1769A;SCN2A:p.I1473M;SCN4A:p.I141V,SCN3A;SCN2A;SCN4A,GOF;GOF;GOF
wt_mut_site,3,319,SCN2A:p.A1773T,SCN2A,LOF,0.3333333333333333,0.620253164556962,0.5374149659863946,SCN3A:p.V1769A;SCN5A:p.A735T;SCN9A:p.V400M,SCN3A;SCN5A;SCN9A,GOF;LOF;GOF
wt_mut_site,3,320,SCN3A:p.V1769A,SCN3A,GOF,1.0,0.38095238095238093,2.625,SCN4A:p.V1293I;SCN9A:p.V400M;SCN5A:p.V411M,SCN4A;SCN9A;SCN5A,GOF;GOF;GOF
wt_mut_site,3,321,SCN5A:p.N1774D,SCN5A,GOF,1.0,0.5130890052356021,1.9489795918367347,SCN8A:p.N1768D;SCN4A:p.N1297S;SCN4A:p.N1297K,SCN8A;SCN4A;SCN4A,GOF;GOF;GOF
wt_mut_site,3,322,SCN8A:p.N1768D,SCN8A,GOF,1.0,0.3803680981595092,2.629032258064516,SCN5A:p.N1774D;SCN4A:p.N1297S;SCN4A:p.N1297K,SCN5A;SCN4A;SCN4A,GOF;GOF;GOF
wt_mut_site,3,323,SCN5A:p.S1787N,SCN5A,GOF,0.6666666666666666,0.5130890052356021,1.2993197278911564,SCN8A:p.R1872W;SCN2A:p.D12N;SCN2A:p.R1882Q,SCN8A;SCN2A;SCN2A,GOF;LOF;GOF
wt_mut_site,3,324,SCN5A:p.Y1795C,SCN5A,GOF,1.0,0.5130890052356021,1.9489795918367347,SCN8A:p.R1872W;SCN2A:p.R1882Q;SCN8A:p.R1872Q,SCN8A;SCN2A;SCN8A,GOF;GOF;GOF
wt_mut_site,3,325,SCN5A:p.Y1795H,SCN5A,LOF,0.0,0.4869109947643979,0.0,SCN8A:p.R1872W;SCN2A:p.R1882Q;SCN8A:p.R1872Q,SCN8A;SCN2A;SCN8A,GOF;GOF;GOF
wt_mut_site,3,326,SCN2A:p.E1803G,SCN2A,GOF,0.6666666666666666,0.379746835443038,1.7555555555555553,SCN5A:p.Y1795C;SCN5A:p.Y1795H;SCN8A:p.R1872W,SCN5A;SCN5A;SCN8A,GOF;LOF;GOF
wt_mut_site,3,327,SCN4A:p.Q1633E,SCN4A,GOF,0.6666666666666666,0.3785488958990536,1.761111111111111,SCN5A:p.Q1832E;SCN8A:p.R1872W;SCN2A:p.R1882Q,SCN5A;SCN8A;SCN2A,LOF;GOF;GOF
wt_mut_site,3,328,SCN1A:p.F1831S,SCN1A,LOF,0.3333333333333333,0.5609756097560976,0.5942028985507245,SCN5A:p.L1825P;SCN2A:p.M1879T;SCN5A:p.F1486L,SCN5A;SCN2A;SCN5A,LOF;GOF;GOF
wt_mut_site,3,329,SCN5A:p.L1825P,SCN5A,LOF,0.0,0.4869109947643979,0.0,SCN2A:p.M1879T;SCN1A:p.F1499L;SCN8A:p.R1872W,SCN2A;SCN1A;SCN8A,GOF;GOF;GOF
wt_mut_site,3,330,SCN5A:p.Q1832E,SCN5A,LOF,0.0,0.4869109947643979,0.0,SCN8A:p.R1872W;SCN9A:p.Q10R;SCN2A:p.R1882Q,SCN8A;SCN9A;SCN2A,GOF;GOF;GOF
wt_mut_site,3,331,SCN5A:p.C1850S,SCN5A,LOF,0.0,0.4869109947643979,0.0,SCN2A:p.M1879T;SCN8A:p.R1872W;SCN2A:p.R1882Q,SCN2A;SCN8A;SCN2A,GOF;GOF;GOF
wt_mut_site,3,332,SCN1A:p.D1866Y,SCN1A,GOF,0.6666666666666666,0.43902439024390244,1.5185185185185184,SCN8A:p.R1872W;SCN2A:p.D82G;SCN5A:p.R18W,SCN8A;SCN2A;SCN5A,GOF;LOF;GOF
wt_mut_site,3,333,SCN2A:p.M1879T,SCN2A,GOF,1.0,0.379746835443038,2.6333333333333333,SCN8A:p.R1872W;SCN8A:p.R1872Q;SCN8A:p.R1872L,SCN8A;SCN8A;SCN8A,GOF;GOF;GOF
wt_mut_site,3,334,SCN8A:p.R1872L,SCN8A,GOF,0.6666666666666666,0.3803680981595092,1.7526881720430105,SCN2A:p.R1882Q;SCN2A:p.R1882G;SCN5A:p.R27H,SCN2A;SCN2A;SCN5A,GOF;GOF;LOF
wt_mut_site,3,335,SCN2A:p.R1882G,SCN2A,GOF,1.0,0.379746835443038,2.6333333333333333,SCN8A:p.R1872W;SCN8A:p.R1872Q;SCN8A:p.R1872L,SCN8A;SCN8A;SCN8A,GOF;GOF;GOF
wt_mut_site,3,336,SCN2A:p.R1882Q,SCN2A,GOF,1.0,0.379746835443038,2.6333333333333333,SCN8A:p.R1872Q;SCN8A:p.R1872W;SCN8A:p.R1872L,SCN8A;SCN8A;SCN8A,GOF;GOF;GOF
wt_mut_site,3,337,SCN8A:p.R1872Q,SCN8A,GOF,0.6666666666666666,0.3803680981595092,1.7526881720430105,SCN2A:p.R1882Q;SCN2A:p.R1882G;SCN5A:p.R27H,SCN2A;SCN2A;SCN5A,GOF;GOF;LOF
wt_mut_site,3,338,SCN8A:p.R1872W,SCN8A,GOF,0.6666666666666666,0.3803680981595092,1.7526881720430105,SCN2A:p.R1882Q;SCN2A:p.R1882G;SCN5A:p.R27H,SCN2A;SCN2A;SCN5A,GOF;GOF;LOF
wt_mut_site,3,339,SCN5A:p.R1897W,SCN5A,LOF,0.0,0.4869109947643979,0.0,SCN8A:p.R1872W;SCN2A:p.R1882Q;SCN8A:p.R1872Q,SCN8A;SCN2A;SCN8A,GOF;GOF;GOF
wt_mut_site,3,340,SCN5A:p.R1898C,SCN5A,LOF,0.0,0.4869109947643979,0.0,SCN8A:p.R1872W;SCN8A:p.R1872L;SCN8A:p.R1872Q,SCN8A;SCN8A;SCN8A,GOF;GOF;GOF
wt_mut_site,3,341,SCN1A:p.Q1923R,SCN1A,LOF,0.6666666666666666,0.5609756097560976,1.188405797101449,SCN5A:p.R1897W;SCN9A:p.Q10R;SCN5A:p.R1898C,SCN5A;SCN9A;SCN5A,LOF;GOF;LOF
wt_mut_site,3,342,SCN1A:p.R1927G,SCN1A,LOF,0.6666666666666666,0.5609756097560976,1.188405797101449,SCN5A:p.R1897W;SCN2A:p.R1882G;SCN5A:p.R1898C,SCN5A;SCN2A;SCN5A,LOF;GOF;LOF
wt_mut_site,3,343,SCN1A:p.T1934I,SCN1A,LOF,0.0,0.5609756097560976,0.0,SCN5A:p.R18W;SCN8A:p.R1872W;SCN8A:p.R1872L,SCN5A;SCN8A;SCN8A,GOF;GOF;GOF
wt_mut_site,3,344,SCN10A:p.A1886V,SCN10A,GOF,0.6666666666666666,0.3885542168674699,1.7157622739018086,SCN5A:p.A551T;SCN5A:p.P2006A;SCN5A:p.R569W,SCN5A;SCN5A;SCN5A,LOF;GOF;GOF
wt_mut_site,3,345,SCN5A:p.I1968S,SCN5A,LOF,0.3333333333333333,0.4869109947643979,0.6845878136200716,SCN10A:p.L554P;SCN9A:p.Q10R;SCN2A:p.D12N,SCN10A;SCN9A;SCN2A,GOF;GOF;LOF
wt_mut_site,3,346,SCN5A:p.F2004L,SCN5A,LOF,0.0,0.4869109947643979,0.0,SCN10A:p.L554P;SCN10A:p.A1886V;SCN9A:p.Q10R,SCN10A;SCN10A;SCN9A,GOF;GOF;GOF
wt_mut_site,3,347,SCN5A:p.P2006A,SCN5A,GOF,0.6666666666666666,0.5130890052356021,1.2993197278911564,SCN9A:p.Q10R;SCN2A:p.D12N;SCN10A:p.L554P,SCN9A;SCN2A;SCN10A,GOF;LOF;GOF
wt_mut_site,5,0,SCN9A:p.Q10R,SCN9A,GOF,0.6,0.3768545994065282,1.5921259842519684,SCN2A:p.D12N;SCN5A:p.R18W;SCN5A:p.R569W;SCN5A:p.P2006A;SCN5A:p.N592K,SCN2A;SCN5A;SCN5A;SCN5A;SCN5A,LOF;GOF;GOF;GOF;LOF
wt_mut_site,5,1,SCN2A:p.D12N,SCN2A,LOF,0.2,0.620253164556962,0.32244897959183677,SCN9A:p.Q10R;SCN9A:p.D623N;SCN5A:p.D84N;SCN5A:p.R18W;SCN5A:p.P2006A,SCN9A;SCN9A;SCN5A;SCN5A;SCN5A,GOF;GOF;LOF;GOF;GOF
wt_mut_site,5,2,SCN5A:p.R18W,SCN5A,GOF,0.8,0.5130890052356021,1.5591836734693878,SCN9A:p.Q10R;SCN2A:p.D12N;SCN8A:p.R1872W;SCN8A:p.R1872Q;SCN8A:p.R1872L,SCN9A;SCN2A;SCN8A;SCN8A;SCN8A,GOF;LOF;GOF;GOF;GOF
wt_mut_site,5,3,SCN5A:p.R27H,SCN5A,LOF,0.0,0.4869109947643979,0.0,SCN8A:p.R1872W;SCN8A:p.R1872Q;SCN2A:p.R1882Q;SCN8A:p.R1872L;SCN2A:p.R1882G,SCN8A;SCN8A;SCN2A;SCN8A;SCN2A,GOF;GOF;GOF;GOF;GOF
wt_mut_site,5,4,SCN1A:p.E78D,SCN1A,LOF,0.8,0.5609756097560976,1.4260869565217391,SCN5A:p.D84N;SCN2A:p.D82G;SCN2A:p.D12N;SCN5A:p.R18W;SCN5A:p.F93S,SCN5A;SCN2A;SCN2A;SCN5A;SCN5A,LOF;LOF;LOF;GOF;LOF
wt_mut_site,5,5,SCN5A:p.D84N,SCN5A,LOF,0.6,0.4869109947643979,1.232258064516129,SCN2A:p.D82G;SCN2A:p.D12N;SCN1A:p.E78D;SCN9A:p.D623N;SCN9A:p.Q10R,SCN2A;SCN2A;SCN1A;SCN9A;SCN9A,LOF;LOF;LOF;GOF;GOF
wt_mut_site,5,6,SCN2A:p.D82G,SCN2A,LOF,0.8,0.620253164556962,1.289795918367347,SCN5A:p.D84N;SCN10A:p.V94G;SCN1A:p.E78D;SCN5A:p.R18W;SCN5A:p.F93S,SCN5A;SCN10A;SCN1A;SCN5A;SCN5A,LOF;LOF;LOF;GOF;LOF
wt_mut_site,5,7,SCN5A:p.F93S,SCN5A,LOF,0.8,0.4869109947643979,1.643010752688172,SCN10A:p.V94G;SCN1A:p.E78D;SCN9A:p.Q10R;SCN2A:p.D12N;SCN2A:p.D82G,SCN10A;SCN1A;SCN9A;SCN2A;SCN2A,LOF;LOF;GOF;LOF;LOF
wt_mut_site,5,8,SCN10A:p.V94G,SCN10A,LOF,0.6,0.6114457831325302,0.9812807881773398,SCN5A:p.F93S;SCN2A:p.D82G;SCN5A:p.R18W;SCN2A:p.R1882G;SCN5A:p.D84N,SCN5A;SCN2A;SCN5A;SCN2A;SCN5A,LOF;LOF;GOF;GOF;LOF
wt_mut_site,5,9,SCN4A:p.R104H,SCN4A,LOF,0.8,0.6214511041009464,1.2873096446700507,SCN5A:p.R104W;SCN5A:p.R104Q;SCN10A:p.V94G;SCN8A:p.R1872W;SCN5A:p.F93S,SCN5A;SCN5A;SCN10A;SCN8A;SCN5A,LOF;LOF;LOF;GOF;LOF
wt_mut_site,5,10,SCN5A:p.R104Q,SCN5A,LOF,0.4,0.4869109947643979,0.821505376344086,SCN4A:p.R104H;SCN10A:p.V94G;SCN8A:p.R1872Q;SCN2A:p.R1882Q;SCN8A:p.R1872W,SCN4A;SCN10A;SCN8A;SCN2A;SCN8A,LOF;LOF;GOF;GOF;GOF
wt_mut_site,5,11,SCN5A:p.R104W,SCN5A,LOF,0.4,0.4869109947643979,0.821505376344086,SCN4A:p.R104H;SCN10A:p.V94G;SCN8A:p.R1872W;SCN8A:p.R1872Q;SCN8A:p.R1872L,SCN4A;SCN10A;SCN8A;SCN8A;SCN8A,LOF;LOF;GOF;GOF;GOF
wt_mut_site,5,12,SCN5A:p.R121W,SCN5A,LOF,0.8,0.4869109947643979,1.643010752688172,SCN4A:p.R104H;SCN1A:p.R1927G;SCN1A:p.R1657C;SCN8A:p.R1638C;SCN11A:p.R222H,SCN4A;SCN1A;SCN1A;SCN8A;SCN11A,LOF;LOF;LOF;LOF;GOF
wt_mut_site,5,13,SCN5A:p.A124D,SCN5A,LOF,0.4,0.4869109947643979,0.821505376344086,SCN3A:p.I875T;SCN1A:p.F1831S;SCN8A:p.A1491V;SCN4A:p.C1209F;SCN2A:p.M1879T,SCN3A;SCN1A;SCN8A;SCN4A;SCN2A,GOF;LOF;GOF;LOF;GOF
wt_mut_site,5,14,SCN5A:p.V125L,SCN5A,GOF,0.6,0.5130890052356021,1.1693877551020408,SCN10A:p.V94G;SCN4A:p.R104H;SCN2A:p.M1879T;SCN8A:p.R1872L;SCN8A:p.A1491V,SCN10A;SCN4A;SCN2A;SCN8A;SCN8A,LOF;LOF;GOF;GOF;GOF
wt_mut_site,5,15,SCN5A:p.K126E,SCN5A,LOF,0.2,0.4869109947643979,0.410752688172043,SCN8A:p.R1872W;SCN10A:p.V94G;SCN8A:p.R1872Q;SCN8A:p.R1872L;SCN2A:p.R1882G,SCN8A;SCN10A;SCN8A;SCN8A;SCN2A,GOF;LOF;GOF;GOF;GOF
wt_mut_site,5,16,SCN5A:p.L136P,SCN5A,LOF,0.4,0.4869109947643979,0.821505376344086,SCN1A:p.F1831S;SCN4A:p.T704M;SCN8A:p.L1331V;SCN11A:p.I381T;SCN10A:p.V1518I,SCN1A;SCN4A;SCN8A;SCN11A;SCN10A,LOF;GOF;GOF;GOF;LOF
wt_mut_site,5,17,SCN8A:p.M139I,SCN8A,GOF,0.8,0.3803680981595092,2.1032258064516127,SCN9A:p.I136V;SCN4A:p.I141V;SCN2A:p.T773I;SCN5A:p.L136P;SCN3A:p.M1765I,SCN9A;SCN4A;SCN2A;SCN5A;SCN3A,GOF;GOF;GOF;LOF;GOF
wt_mut_site,5,18,SCN4A:p.I141V,SCN4A,GOF,0.8,0.3785488958990536,2.1133333333333337,SCN9A:p.I136V;SCN5A:p.I1768V;SCN5A:p.I1762A;SCN5A:p.I1660V;SCN2A:p.T773I,SCN9A;SCN5A;SCN5A;SCN5A;SCN2A,GOF;GOF;GOF;LOF;GOF
wt_mut_site,5,19,SCN9A:p.I136V,SCN9A,GOF,1.0,0.3768545994065282,2.653543307086614,SCN4A:p.I141V;SCN5A:p.I1768V;SCN5A:p.I1762A;SCN8A:p.M139I;SCN2A:p.T773I,SCN4A;SCN5A;SCN5A;SCN8A;SCN2A,GOF;GOF;GOF;GOF;GOF
wt_mut_site,5,20,SCN1A:p.M145T,SCN1A,LOF,0.8,0.5609756097560976,1.4260869565217391,SCN5A:p.M734V;SCN5A:p.A735T;SCN5A:p.A735E;SCN5A:p.A735V;SCN4A:p.L796V,SCN5A;SCN5A;SCN5A;SCN5A;SCN4A,LOF;LOF;LOF;LOF;GOF
wt_mut_site,5,21,SCN5A:p.E161K,SCN5A,LOF,0.2,0.4869109947643979,0.410752688172043,SCN1A:p.E788K;SCN1A:p.D1866Y;SCN8A:p.R1872W;SCN2A:p.R1882Q;SCN8A:p.R1872Q,SCN1A;SCN1A;SCN8A;SCN2A;SCN8A,LOF;GOF;GOF;GOF;GOF
wt_mut_site,5,22,SCN10A:p.Y158D,SCN10A,GOF,0.4,0.3885542168674699,1.0294573643410854,SCN1A:p.R1575C;SCN5A:p.R1897W;SCN8A:p.R1872W;SCN1A:p.E78D;SCN5A:p.R1898C,SCN1A;SCN5A;SCN8A;SCN1A;SCN5A,GOF;LOF;GOF;LOF;LOF
wt_mut_site,5,23,SCN5A:p.K175N,SCN5A,LOF,0.4,0.4869109947643979,0.821505376344086,SCN1A:p.E1587K;SCN4A:p.N1366S;SCN9A:p.N395K;SCN1A:p.N985I;SCN4A:p.N440K,SCN1A;SCN4A;SCN9A;SCN1A;SCN4A,LOF;GOF;GOF;LOF;GOF
wt_mut_site,5,24,SCN5A:p.A178G,SCN5A,LOF,0.8,0.4869109947643979,1.643010752688172,SCN1A:p.G177A;SCN1A:p.G177E;SCN2A:p.A263V;SCN1A:p.A1685D;SCN1A:p.A1685V,SCN1A;SCN1A;SCN2A;SCN1A;SCN1A,LOF;LOF;GOF;LOF;LOF
wt_mut_site,5,25,SCN1A:p.G177A,SCN1A,LOF,1.0,0.5609756097560976,1.7826086956521738,SCN5A:p.G1262S;SCN5A:p.R1583C;SCN5A:p.G1319V;SCN5A:p.A178G;SCN5A:p.T187I,SCN5A;SCN5A;SCN5A;SCN5A;SCN5A,LOF;LOF;LOF;LOF;LOF
wt_mut_site,5,26,SCN1A:p.G177E,SCN1A,LOF,1.0,0.5609756097560976,1.7826086956521738,SCN5A:p.G1262S;SCN5A:p.R1583C;SCN5A:p.G1319V;SCN5A:p.T187I;SCN5A:p.A178G,SCN5A;SCN5A;SCN5A;SCN5A;SCN5A,LOF;LOF;LOF;LOF;LOF
wt_mut_site,5,27,SCN5A:p.T187I,SCN5A,LOF,0.4,0.4869109947643979,0.821505376344086,SCN3A:p.T1486I;SCN4A:p.T1313A;SCN4A:p.T1313M;SCN1A:p.T1709I;SCN1A:p.G177E,SCN3A;SCN4A;SCN4A;SCN1A;SCN1A,GOF;GOF;GOF;LOF;LOF
wt_mut_site,5,28,SCN4A:p.M203K,SCN4A,LOF,0.8,0.6214511041009464,1.2873096446700507,SCN2A:p.V208E;SCN5A:p.L136P;SCN10A:p.V1518I;SCN5A:p.G752R;SCN1A:p.M1664K,SCN2A;SCN5A;SCN10A;SCN5A;SCN1A,GOF;LOF;LOF;LOF;LOF
wt_mut_site,5,29,SCN2A:p.V208E,SCN2A,GOF,0.6,0.379746835443038,1.5799999999999998,SCN4A:p.V1442E;SCN1A:p.L1624P;SCN5A:p.A1294G;SCN5A:p.E1295K;SCN8A:p.R1872W,SCN4A;SCN1A;SCN5A;SCN5A;SCN8A,LOF;GOF;LOF;GOF;GOF
wt_mut_site,5,30,SCN9A:p.S211P,SCN9A,GOF,0.2,0.3768545994065282,0.5307086614173229,SCN2A:p.T1623N;SCN5A:p.T1620M;SCN2A:p.P1622S;SCN1A:p.P1632S;SCN4A:p.V1442E,SCN2A;SCN5A;SCN2A;SCN1A;SCN4A,GOF;LOF;LOF;LOF;LOF
wt_mut_site,5,31,SCN11A:p.R222H,SCN11A,GOF,0.0,0.38596491228070173,0.0,SCN1A:p.R859H;SCN5A:p.R808C;SCN10A:p.R756W;SCN1A:p.R859C;SCN4A:p.R669H,SCN1A;SCN5A;SCN10A;SCN1A;SCN4A,LOF;LOF;LOF;LOF;LOF
wt_mut_site,5,32,SCN9A:p.F216S,SCN9A,GOF,0.8,0.3768545994065282,2.1228346456692915,SCN8A:p.A1622D;SCN5A:p.F1473S;SCN5A:p.G1631D;SCN5A:p.F1473C;SCN1A:p.I227S,SCN8A;SCN5A;SCN5A;SCN5A;SCN1A,GOF;GOF;GOF;GOF;LOF
wt_mut_site,5,33,SCN8A:p.R223G,SCN8A,LOF,1.0,0.6196319018404908,1.613861386138614,SCN4A:p.R672G;SCN4A:p.R672H;SCN5A:p.R811H;SCN4A:p.R669H;SCN1A:p.R859H,SCN4A;SCN4A;SCN5A;SCN4A;SCN1A,LOF;LOF;LOF;LOF;LOF
wt_mut_site,5,34,SCN5A:p.V223L,SCN5A,LOF,0.4,0.4869109947643979,0.821505376344086,SCN3A:p.L855P;SCN1A:p.V1353L;SCN11A:p.V1184A;SCN1A:p.I1656M;SCN2A:p.V423L,SCN3A;SCN1A;SCN11A;SCN1A;SCN2A,GOF;LOF;GOF;LOF;GOF
wt_mut_site,5,35,SCN4A:p.R225W,SCN4A,LOF,0.6,0.6214511041009464,0.965482233502538,SCN5A:p.R225W;SCN5A:p.R225P;SCN1A:p.R865G;SCN2A:p.R1312T;SCN5A:p.R811H,SCN5A;SCN5A;SCN1A;SCN2A;SCN5A,LOF;GOF;GOF;LOF;LOF
wt_mut_site,5,36,SCN5A:p.R225W,SCN5A,LOF,0.8,0.4869109947643979,1.643010752688172,SCN4A:p.R225W;SCN1A:p.R865G;SCN2A:p.R1312T;SCN4A:p.R672H;SCN4A:p.R672G,SCN4A;SCN1A;SCN2A;SCN4A;SCN4A,LOF;GOF;LOF;LOF;LOF
wt_mut_site,5,37,SCN5A:p.R225P,SCN5A,GOF,0.2,0.5130890052356021,0.38979591836734695,SCN4A:p.R225W;SCN1A:p.R865G;SCN2A:p.R1312T;SCN4A:p.R672H;SCN4A:p.R672G,SCN4A;SCN1A;SCN2A;SCN4A;SCN4A,LOF;GOF;LOF;LOF;LOF
wt_mut_site,5,38,SCN5A:p.A226V,SCN5A,LOF,0.2,0.4869109947643979,0.410752688172043,SCN3A:p.L855P;SCN1A:p.I227S;SCN2A:p.A263V;SCN4A:p.A1156T;SCN10A:p.S242T,SCN3A;SCN1A;SCN2A;SCN4A;SCN10A,GOF;LOF;GOF;GOF;GOF
wt_mut_site,5,39,SCN1A:p.I227S,SCN1A,LOF,0.0,0.5609756097560976,0.0,SCN11A:p.L1158P;SCN9A:p.I228M;SCN9A:p.F216S;SCN9A:p.I234T;SCN5A:p.G1631D,SCN11A;SCN9A;SCN9A;SCN9A;SCN5A,GOF;GOF;GOF;GOF;GOF
wt_mut_site,5,40,SCN9A:p.I228M,SCN9A,GOF,0.4,0.3768545994065282,1.0614173228346457,SCN1A:p.I227S;SCN1A:p.I1656M;SCN11A:p.L1158P;SCN3A:p.L855P;SCN5A:p.L812Q,SCN1A;SCN1A;SCN11A;SCN3A;SCN5A,LOF;LOF;GOF;GOF;LOF
wt_mut_site,5,41,SCN2A:p.T236S,SCN2A,GOF,0.8,0.379746835443038,2.1066666666666665,SCN5A:p.N1325S;SCN4A:p.F1473S;SCN3A:p.F1646C;SCN1A:p.T875M;SCN1A:p.F1661L,SCN5A;SCN4A;SCN3A;SCN1A;SCN1A,GOF;GOF;GOF;LOF;GOF
wt_mut_site,5,42,SCN9A:p.I234T,SCN9A,GOF,0.4,0.3768545994065282,1.0614173228346457,SCN2A:p.L1330F;SCN1A:p.I1656M;SCN3A:p.I875T;SCN3A:p.L247P;SCN8A:p.I1327V,SCN2A;SCN1A;SCN3A;SCN3A;SCN8A,LOF;LOF;GOF;LOF;GOF
wt_mut_site,5,43,SCN9A:p.S241T,SCN9A,GOF,1.0,0.3768545994065282,2.653543307086614,SCN10A:p.S242T;SCN5A:p.A1330T;SCN4A:p.A1156T;SCN5A:p.A1330P;SCN2A:p.A263V,SCN10A;SCN5A;SCN4A;SCN5A;SCN2A,GOF;GOF;GOF;GOF;GOF
wt_mut_site,5,44,SCN10A:p.S242T,SCN10A,GOF,1.0,0.3885542168674699,2.5736434108527133,SCN9A:p.S241T;SCN5A:p.A1330T;SCN4A:p.A1156T;SCN5A:p.A1330P;SCN2A:p.A263V,SCN9A;SCN5A;SCN4A;SCN5A;SCN2A,GOF;GOF;GOF;GOF;GOF
wt_mut_site,5,45,SCN3A:p.L247P,SCN3A,LOF,0.6,0.6190476190476191,0.9692307692307691,SCN5A:p.L839P;SCN8A:p.I1327V;SCN2A:p.L1330F;SCN1A:p.I1656M;SCN8A:p.L1331V,SCN5A;SCN8A;SCN2A;SCN1A;SCN8A,LOF;GOF;LOF;LOF;GOF
wt_mut_site,5,46,SCN1A:p.D249E,SCN1A,LOF,0.0,0.5609756097560976,0.0,SCN2A:p.N1339D;SCN5A:p.S1333Y;SCN2A:p.S1336Y;SCN11A:p.G699R;SCN5A:p.P1332L,SCN2A;SCN5A;SCN2A;SCN11A;SCN5A,GOF;GOF;GOF;GOF;GOF
wt_mut_site,5,47,SCN1A:p.S259R,SCN1A,LOF,0.6,0.5609756097560976,1.0695652173913042,SCN5A:p.L1346P;SCN5A:p.F851L;SCN5A:p.F1344S;SCN9A:p.V872G;SCN2A:p.A263V,SCN5A;SCN5A;SCN5A;SCN9A;SCN2A,LOF;LOF;LOF;GOF;GOF
wt_mut_site,5,48,SCN2A:p.A263V,SCN2A,GOF,0.2,0.379746835443038,0.5266666666666666,SCN1A:p.A1685V;SCN1A:p.A1685D;SCN5A:p.S1672Y;SCN8A:p.G269R;SCN1A:p.L263V,SCN1A;SCN1A;SCN5A;SCN8A;SCN1A,LOF;LOF;LOF;LOF;GOF
wt_mut_site,5,49,SCN1A:p.L263V,SCN1A,GOF,0.6,0.43902439024390244,1.3666666666666667,SCN4A:p.L796V;SCN5A:p.L1346P;SCN2A:p.A263V;SCN3A:p.L247P;SCN9A:p.V872G,SCN4A;SCN5A;SCN2A;SCN3A;SCN9A,GOF;LOF;GOF;LOF;GOF
wt_mut_site,5,50,SCN8A:p.G269R,SCN8A,LOF,0.8,0.6196319018404908,1.2910891089108911,SCN2A:p.G899S;SCN2A:p.A263V;SCN1A:p.A1685D;SCN5A:p.S1672Y;SCN1A:p.A1685V,SCN2A;SCN2A;SCN1A;SCN5A;SCN1A,LOF;GOF;LOF;LOF;LOF
wt_mut_site,5,51,SCN5A:p.L276Q,SCN5A,LOF,0.4,0.4869109947643979,0.821505376344086,SCN10A:p.R814H;SCN2A:p.K908E;SCN1A:p.M956T;SCN1A:p.F1831S;SCN2A:p.M1879T,SCN10A;SCN2A;SCN1A;SCN1A;SCN2A,GOF;GOF;LOF;LOF;GOF
wt_mut_site,5,52,SCN5A:p.R282H,SCN5A,LOF,0.0,0.4869109947643979,0.0,SCN10A:p.R814H;SCN8A:p.R1872W;SCN8A:p.R1872Q;SCN8A:p.R1872L;SCN2A:p.R1882Q,SCN10A;SCN8A;SCN8A;SCN8A;SCN2A,GOF;GOF;GOF;GOF;GOF
wt_mut_site,5,53,SCN5A:p.R282C,SCN5A,LOF,0.0,0.4869109947643979,0.0,SCN8A:p.R1872W;SCN8A:p.R1872L;SCN10A:p.R814H;SCN8A:p.R1872Q;SCN2A:p.R1882Q,SCN8A;SCN8A;SCN10A;SCN8A;SCN2A,GOF;GOF;GOF;GOF;GOF
wt_mut_site,5,54,SCN1A:p.T297I,SCN1A,LOF,0.6,0.5609756097560976,1.0695652173913042,SCN5A:p.S1382I;SCN5A:p.F93S;SCN8A:p.T1360N;SCN10A:p.A1886V;SCN9A:p.D623N,SCN5A;SCN5A;SCN8A;SCN10A;SCN9A,LOF;LOF;LOF;GOF;GOF
wt_mut_site,5,55,SCN5A:p.L325R,SCN5A,LOF,0.2,0.4869109947643979,0.410752688172043,SCN10A:p.V94G;SCN2A:p.M1879T;SCN8A:p.R1872W;SCN9A:p.Q10R;SCN9A:p.D623N,SCN10A;SCN2A;SCN8A;SCN9A;SCN9A,LOF;GOF;GOF;GOF;GOF
wt_mut_site,5,56,SCN5A:p.C335R,SCN5A,LOF,0.8,0.4869109947643979,1.643010752688172,SCN2A:p.C1386R;SCN4A:p.C1209F;SCN2A:p.D82G;SCN10A:p.V94G;SCN9A:p.Q10R,SCN2A;SCN4A;SCN2A;SCN10A;SCN9A,LOF;LOF;LOF;LOF;GOF
wt_mut_site,5,57,SCN5A:p.P336L,SCN5A,LOF,1.0,0.4869109947643979,2.053763440860215,SCN4A:p.P382T;SCN2A:p.D82G;SCN2A:p.D12N;SCN1A:p.G1749E;SCN1A:p.E78D,SCN4A;SCN2A;SCN2A;SCN1A;SCN1A,LOF;LOF;LOF;LOF;LOF
wt_mut_site,5,58,SCN3A:p.K354Q,SCN3A,GOF,0.6,0.38095238095238093,1.575,SCN5A:p.R104Q;SCN5A:p.R18W;SCN5A:p.R282H;SCN8A:p.R1872Q;SCN2A:p.R1882Q,SCN5A;SCN5A;SCN5A;SCN8A;SCN2A,LOF;GOF;LOF;GOF;GOF
wt_mut_site,5,59,SCN4A:p.P382T,SCN4A,LOF,0.8,0.6214511041009464,1.2873096446700507,SCN5A:p.P336L;SCN5A:p.P1506S;SCN5A:p.P1730H;SCN5A:p.L325R;SCN5A:p.R18W,SCN5A;SCN5A;SCN5A;SCN5A;SCN5A,LOF;LOF;LOF;LOF;GOF
wt_mut_site,5,60,SCN5A:p.D349N,SCN5A,LOF,0.6,0.4869109947643979,1.232258064516129,SCN2A:p.D12N;SCN10A:p.D1639N;SCN4A:p.P382T;SCN9A:p.D623N;SCN3A:p.K354Q,SCN2A;SCN10A;SCN4A;SCN9A;SCN3A,LOF;LOF;LOF;GOF;GOF
wt_mut_site,5,61,SCN5A:p.T353I,SCN5A,LOF,1.0,0.4869109947643979,2.053763440860215,SCN4A:p.P382T;SCN1A:p.T297I;SCN10A:p.D1639N;SCN10A:p.L867F;SCN1A:p.T1709I,SCN4A;SCN1A;SCN10A;SCN10A;SCN1A,LOF;LOF;LOF;LOF;LOF
wt_mut_site,5,62,SCN5A:p.D356N,SCN5A,LOF,0.6,0.4869109947643979,1.232258064516129,SCN10A:p.D1639N;SCN1A:p.R393H;SCN1A:p.H939Q;SCN8A:p.N374K;SCN1A:p.D1866Y,SCN10A;SCN1A;SCN1A;SCN8A;SCN1A,LOF;LOF;LOF;GOF;GOF
wt_mut_site,5,63,SCN5A:p.R367C,SCN5A,LOF,1.0,0.4869109947643979,2.053763440860215,SCN2A:p.R379H;SCN1A:p.R946C;SCN2A:p.R937C;SCN1A:p.R946H;SCN2A:p.R937H,SCN2A;SCN1A;SCN2A;SCN1A;SCN2A,LOF;LOF;LOF;LOF;LOF
wt_mut_site,5,64,SCN2A:p.R379H,SCN2A,LOF,1.0,0.620253164556962,1.6122448979591837,SCN5A:p.R367H;SCN5A:p.R367C;SCN5A:p.R367L;SCN1A:p.R946H;SCN1A:p.R946C,SCN5A;SCN5A;SCN5A;SCN1A;SCN1A,LOF;LOF;LOF;LOF;LOF
wt_mut_site,5,65,SCN5A:p.R367H,SCN5A,LOF,1.0,0.4869109947643979,2.053763440860215,SCN2A:p.R379H;SCN1A:p.R946H;SCN2A:p.R937H;SCN1A:p.R946C;SCN2A:p.R937C,SCN2A;SCN1A;SCN2A;SCN1A;SCN2A,LOF;LOF;LOF;LOF;LOF
wt_mut_site,5,66,SCN5A:p.R367L,SCN5A,LOF,1.0,0.4869109947643979,2.053763440860215,SCN2A:p.R379H;SCN1A:p.R946C;SCN2A:p.R937C;SCN1A:p.R946H;SCN2A:p.R937H,SCN2A;SCN1A;SCN2A;SCN1A;SCN2A,LOF;LOF;LOF;LOF;LOF
wt_mut_site,5,67,SCN5A:p.M369K,SCN5A,LOF,0.4,0.4869109947643979,0.821505376344086,SCN2A:p.T1420M;SCN2A:p.R379H;SCN4A:p.V445M;SCN2A:p.V423L;SCN9A:p.V400M,SCN2A;SCN2A;SCN4A;SCN2A;SCN9A,LOF;LOF;GOF;GOF;GOF
wt_mut_site,5,68,SCN5A:p.W374G,SCN5A,LOF,0.6,0.4869109947643979,1.232258064516129,SCN10A:p.G1662S;SCN1A:p.M956T;SCN2A:p.T1420M;SCN1A:p.Y426N;SCN4A:p.F1298C,SCN10A;SCN1A;SCN2A;SCN1A;SCN4A,GOF;LOF;LOF;LOF;GOF
wt_mut_site,5,69,SCN5A:p.R376H,SCN5A,LOF,0.2,0.4869109947643979,0.410752688172043,SCN8A:p.N374K;SCN1A:p.R393H;SCN8A:p.R1872W;SCN8A:p.R1872Q;SCN2A:p.R1882Q,SCN8A;SCN1A;SCN8A;SCN8A;SCN2A,GOF;LOF;GOF;GOF;GOF
wt_mut_site,5,70,SCN8A:p.N374K,SCN8A,GOF,0.0,0.3803680981595092,0.0,SCN5A:p.R376H;SCN5A:p.E901K;SCN5A:p.N1722D;SCN5A:p.D1714G;SCN5A:p.E746K,SCN5A;SCN5A;SCN5A;SCN5A;SCN5A,LOF;LOF;LOF;LOF;LOF
wt_mut_site,5,71,SCN1A:p.R393H,SCN1A,LOF,0.8,0.5609756097560976,1.4260869565217391,SCN5A:p.N1722D;SCN4A:p.R104H;SCN5A:p.R27H;SCN8A:p.R1872W;SCN5A:p.R104W,SCN5A;SCN4A;SCN5A;SCN8A;SCN5A,LOF;LOF;LOF;GOF;LOF
wt_mut_site,5,72,SCN5A:p.G386R,SCN5A,LOF,0.4,0.4869109947643979,0.821505376344086,SCN1A:p.R393H;SCN8A:p.G1475R;SCN10A:p.D1639N;SCN9A:p.Q10R;SCN4A:p.G1306E,SCN1A;SCN8A;SCN10A;SCN9A;SCN4A,LOF;GOF;LOF;GOF;GOF
wt_mut_site,5,73,SCN11A:p.I381T,SCN11A,GOF,0.6,0.38596491228070173,1.5545454545454547,SCN10A:p.L867F;SCN10A:p.I1706V;SCN1A:p.R1575C;SCN2A:p.M1879T;SCN1A:p.F1831S,SCN10A;SCN10A;SCN1A;SCN2A;SCN1A,LOF;GOF;GOF;GOF;LOF
wt_mut_site,5,74,SCN5A:p.V396L,SCN5A,LOF,0.4,0.4869109947643979,0.821505376344086,SCN1A:p.V983A;SCN10A:p.I1706V;SCN2A:p.V423L;SCN10A:p.L388M;SCN9A:p.V400M,SCN1A;SCN10A;SCN2A;SCN10A;SCN9A,LOF;GOF;GOF;LOF;GOF
wt_mut_site,5,75,SCN10A:p.L388M,SCN10A,LOF,0.6,0.6114457831325302,0.9812807881773398,SCN1A:p.V983A;SCN5A:p.T1461S;SCN5A:p.V1763M;SCN1A:p.L986F;SCN4A:p.L796V,SCN1A;SCN5A;SCN5A;SCN1A;SCN4A,LOF;LOF;GOF;LOF;GOF
wt_mut_site,5,76,SCN4A:p.N440K,SCN4A,GOF,0.2,0.3785488958990536,0.5283333333333334,SCN9A:p.N395K;SCN5A:p.N406S;SCN1A:p.N985I;SCN5A:p.N1541D;SCN5A:p.S1218I,SCN9A;SCN5A;SCN1A;SCN5A;SCN5A,GOF;LOF;LOF;LOF;LOF
wt_mut_site,5,77,SCN9A:p.N395K,SCN9A,GOF,0.4,0.3768545994065282,1.0614173228346457,SCN4A:p.N440K;SCN5A:p.N406S;SCN1A:p.N985I;SCN5A:p.N1541D;SCN4A:p.N1366S,SCN4A;SCN5A;SCN1A;SCN5A;SCN4A,GOF;LOF;LOF;LOF;GOF
wt_mut_site,5,78,SCN5A:p.N406S,SCN5A,LOF,0.4,0.4869109947643979,0.821505376344086,SCN9A:p.N395K;SCN4A:p.N440K;SCN1A:p.N985I;SCN4A:p.N1366S;SCN1A:p.E1587K,SCN9A;SCN4A;SCN1A;SCN4A;SCN1A,GOF;GOF;LOF;GOF;LOF
wt_mut_site,5,79,SCN2A:p.V423L,SCN2A,GOF,1.0,0.379746835443038,2.6333333333333333,SCN9A:p.V400M;SCN5A:p.V411M;SCN4A:p.V445M;SCN4A:p.V1293I;SCN3A:p.V1769A,SCN9A;SCN5A;SCN4A;SCN4A;SCN3A,GOF;GOF;GOF;GOF;GOF
wt_mut_site,5,80,SCN4A:p.V445M,SCN4A,GOF,0.8,0.3785488958990536,2.1133333333333337,SCN5A:p.V411M;SCN9A:p.V400M;SCN2A:p.V423L;SCN3A:p.V1769A;SCN1A:p.Y426N,SCN5A;SCN9A;SCN2A;SCN3A;SCN1A,GOF;GOF;GOF;GOF;LOF
wt_mut_site,5,81,SCN5A:p.V411M,SCN5A,GOF,1.0,0.5130890052356021,1.9489795918367347,SCN9A:p.V400M;SCN4A:p.V445M;SCN2A:p.V423L;SCN4A:p.V1293I;SCN3A:p.V1769A,SCN9A;SCN4A;SCN2A;SCN4A;SCN3A,GOF;GOF;GOF;GOF;GOF
wt_mut_site,5,82,SCN9A:p.V400M,SCN9A,GOF,1.0,0.3768545994065282,2.653543307086614,SCN5A:p.V411M;SCN2A:p.V423L;SCN4A:p.V445M;SCN4A:p.V1293I;SCN3A:p.V1769A,SCN5A;SCN2A;SCN4A;SCN4A;SCN3A,GOF;GOF;GOF;GOF;GOF
wt_mut_site,5,83,SCN1A:p.Y426N,SCN1A,LOF,0.0,0.5609756097560976,0.0,SCN4A:p.F1298C;SCN5A:p.F1473C;SCN5A:p.F1473S;SCN9A:p.V400M;SCN5A:p.V411M,SCN4A;SCN5A;SCN5A;SCN9A;SCN5A,GOF;GOF;GOF;GOF;GOF
wt_mut_site,5,84,SCN5A:p.R458C,SCN5A,GOF,0.8,0.5130890052356021,1.5591836734693878,SCN9A:p.Q10R;SCN2A:p.D12N;SCN9A:p.D623N;SCN10A:p.A1886V;SCN8A:p.R1872W,SCN9A;SCN2A;SCN9A;SCN10A;SCN8A,GOF;LOF;GOF;GOF;GOF
wt_mut_site,5,85,SCN5A:p.A551T,SCN5A,LOF,0.2,0.4869109947643979,0.410752688172043,SCN10A:p.A1886V;SCN10A:p.L554P;SCN2A:p.D12N;SCN9A:p.D623N;SCN9A:p.Q10R,SCN10A;SCN10A;SCN2A;SCN9A;SCN9A,GOF;GOF;LOF;GOF;GOF
wt_mut_site,5,86,SCN5A:p.L567Q,SCN5A,LOF,0.2,0.4869109947643979,0.410752688172043,SCN10A:p.L554P;SCN9A:p.Q10R;SCN2A:p.D12N;SCN9A:p.D623N;SCN10A:p.A1886V,SCN10A;SCN9A;SCN2A;SCN9A;SCN10A,GOF;GOF;LOF;GOF;GOF
wt_mut_site,5,87,SCN5A:p.R569W,SCN5A,GOF,0.8,0.5130890052356021,1.5591836734693878,SCN9A:p.Q10R;SCN2A:p.D12N;SCN9A:p.D623N;SCN8A:p.R1872W;SCN10A:p.L554P,SCN9A;SCN2A;SCN9A;SCN8A;SCN10A,GOF;LOF;GOF;GOF;GOF
wt_mut_site,5,88,SCN10A:p.L554P,SCN10A,GOF,0.6,0.3885542168674699,1.544186046511628,SCN5A:p.L567Q;SCN5A:p.L619F;SCN5A:p.F2004L;SCN5A:p.P2006A;SCN5A:p.R569W,SCN5A;SCN5A;SCN5A;SCN5A;SCN5A,LOF;GOF;LOF;GOF;GOF
wt_mut_site,5,89,SCN5A:p.N592K,SCN5A,LOF,0.2,0.4869109947643979,0.410752688172043,SCN9A:p.Q10R;SCN9A:p.D623N;SCN2A:p.D12N;SCN10A:p.A1886V;SCN10A:p.L554P,SCN9A;SCN9A;SCN2A;SCN10A;SCN10A,GOF;GOF;LOF;GOF;GOF
wt_mut_site,5,90,SCN9A:p.D623N,SCN9A,GOF,0.4,0.3768545994065282,1.0614173228346457,SCN2A:p.D12N;SCN5A:p.D84N;SCN5A:p.N592K;SCN5A:p.R569W;SCN5A:p.R18W,SCN2A;SCN5A;SCN5A;SCN5A;SCN5A,LOF;LOF;LOF;GOF;GOF
wt_mut_site,5,91,SCN5A:p.L619F,SCN5A,GOF,0.8,0.5130890052356021,1.5591836734693878,SCN10A:p.L554P;SCN9A:p.Q10R;SCN2A:p.D12N;SCN9A:p.D623N;SCN10A:p.A1886V,SCN10A;SCN9A;SCN2A;SCN9A;SCN10A,GOF;GOF;LOF;GOF;GOF
wt_mut_site,5,92,SCN5A:p.R689H,SCN5A,LOF,0.2,0.4869109947643979,0.410752688172043,SCN10A:p.V94G;SCN8A:p.R1872W;SCN8A:p.R1872Q;SCN9A:p.Q10R;SCN8A:p.R1872L,SCN10A;SCN8A;SCN8A;SCN9A;SCN8A,LOF;GOF;GOF;GOF;GOF
wt_mut_site,5,93,SCN2A:p.T773I,SCN2A,GOF,1.0,0.379746835443038,2.6333333333333333,SCN8A:p.T767I;SCN4A:p.I141V;SCN9A:p.I136V;SCN8A:p.M139I;SCN3A:p.M1765I,SCN8A;SCN4A;SCN9A;SCN8A;SCN3A,GOF;GOF;GOF;GOF;GOF
wt_mut_site,5,94,SCN8A:p.T767I,SCN8A,GOF,0.8,0.3803680981595092,2.1032258064516127,SCN2A:p.T773I;SCN4A:p.I141V;SCN9A:p.I136V;SCN5A:p.A735V;SCN3A:p.M1765I,SCN2A;SCN4A;SCN9A;SCN5A;SCN3A,GOF;GOF;GOF;LOF;GOF
wt_mut_site,5,95,SCN5A:p.M734V,SCN5A,LOF,0.2,0.4869109947643979,0.410752688172043,SCN1A:p.M145T;SCN8A:p.T767I;SCN2A:p.T773I;SCN4A:p.L796V;SCN1A:p.L263V,SCN1A;SCN8A;SCN2A;SCN4A;SCN1A,LOF;GOF;GOF;GOF;GOF
wt_mut_site,5,96,SCN5A:p.A735E,SCN5A,LOF,0.6,0.4869109947643979,1.232258064516129,SCN2A:p.A263V;SCN2A:p.A1773T;SCN1A:p.M145T;SCN1A:p.A1685D;SCN8A:p.T767I,SCN2A;SCN2A;SCN1A;SCN1A;SCN8A,GOF;LOF;LOF;LOF;GOF
wt_mut_site,5,97,SCN5A:p.A735T,SCN5A,LOF,0.8,0.4869109947643979,1.643010752688172,SCN2A:p.A1773T;SCN1A:p.M145T;SCN2A:p.A263V;SCN1A:p.A1685D;SCN1A:p.E788K,SCN2A;SCN1A;SCN2A;SCN1A;SCN1A,LOF;LOF;GOF;LOF;LOF
wt_mut_site,5,98,SCN5A:p.A735V,SCN5A,LOF,0.8,0.4869109947643979,1.643010752688172,SCN2A:p.A263V;SCN2A:p.A1773T;SCN1A:p.A1685V;SCN1A:p.A1685D;SCN1A:p.M145T,SCN2A;SCN2A;SCN1A;SCN1A;SCN1A,GOF;LOF;LOF;LOF;LOF
wt_mut_site,5,99,SCN1A:p.E788K,SCN1A,LOF,0.4,0.5609756097560976,0.7130434782608696,SCN5A:p.E1225K;SCN5A:p.S1609L;SCN5A:p.E746K;SCN5A:p.E1295K;SCN8A:p.R1872W,SCN5A;SCN5A;SCN5A;SCN5A;SCN8A,LOF;GOF;LOF;GOF;GOF
wt_mut_site,5,100,SCN1A:p.Y790C,SCN1A,LOF,0.8,0.5609756097560976,1.4260869565217391,SCN5A:p.F93S;SCN5A:p.R1897W;SCN5A:p.D84N;SCN8A:p.R1872W;SCN2A:p.D82G,SCN5A;SCN5A;SCN5A;SCN8A;SCN2A,LOF;LOF;LOF;GOF;LOF
wt_mut_site,5,101,SCN5A:p.E746K,SCN5A,LOF,0.0,0.4869109947643979,0.0,SCN8A:p.R1872W;SCN2A:p.R1882Q;SCN2A:p.R1882G;SCN8A:p.R1872Q;SCN8A:p.R1872L,SCN8A;SCN2A;SCN2A;SCN8A;SCN8A,GOF;GOF;GOF;GOF;GOF
wt_mut_site,5,102,SCN5A:p.G752R,SCN5A,LOF,0.2,0.4869109947643979,0.410752688172043,SCN1A:p.R1575C;SCN2A:p.M1879T;SCN11A:p.I381T;SCN10A:p.V1518I;SCN8A:p.R1872W,SCN1A;SCN2A;SCN11A;SCN10A;SCN8A,GOF;GOF;GOF;LOF;GOF
wt_mut_site,5,103,SCN5A:p.D785N,SCN5A,LOF,0.6,0.4869109947643979,1.232258064516129,SCN1A:p.E1587K;SCN4A:p.N1366S;SCN1A:p.R859C;SCN4A:p.R669H;SCN4A:p.N440K,SCN1A;SCN4A;SCN1A;SCN4A;SCN4A,LOF;GOF;LOF;LOF;GOF
wt_mut_site,5,104,SCN8A:p.G822R,SCN8A,LOF,0.6,0.6196319018404908,0.9683168316831683,SCN2A:p.F1597L;SCN1A:p.M1267I;SCN2A:p.I1571T;SCN5A:p.L136P;SCN1A:p.G1674R,SCN2A;SCN1A;SCN2A;SCN5A;SCN1A,GOF;LOF;GOF;LOF;LOF
wt_mut_site,5,105,SCN10A:p.R756W,SCN10A,LOF,0.8,0.6114457831325302,1.3083743842364532,SCN5A:p.R808C;SCN1A:p.R859C;SCN1A:p.R859H;SCN4A:p.R669H;SCN5A:p.R1626P,SCN5A;SCN1A;SCN1A;SCN4A;SCN5A,LOF;LOF;LOF;LOF;GOF
wt_mut_site,5,106,SCN1A:p.R859H,SCN1A,LOF,1.0,0.5609756097560976,1.7826086956521738,SCN4A:p.R669H;SCN5A:p.R808C;SCN10A:p.R756W;SCN4A:p.R672G;SCN4A:p.R672H,SCN4A;SCN5A;SCN10A;SCN4A;SCN4A,LOF;LOF;LOF;LOF;LOF
wt_mut_site,5,107,SCN4A:p.R669H,SCN4A,LOF,1.0,0.6214511041009464,1.6091370558375635,SCN1A:p.R859H;SCN1A:p.R859C;SCN5A:p.R808C;SCN10A:p.R756W;SCN8A:p.R223G,SCN1A;SCN1A;SCN5A;SCN10A;SCN8A,LOF;LOF;LOF;LOF;LOF
wt_mut_site,5,108,SCN1A:p.R859C,SCN1A,LOF,0.8,0.5609756097560976,1.4260869565217391,SCN5A:p.R808C;SCN10A:p.R756W;SCN4A:p.R669H;SCN4A:p.R672G;SCN5A:p.R1626P,SCN5A;SCN10A;SCN4A;SCN4A;SCN5A,LOF;LOF;LOF;LOF;GOF
wt_mut_site,5,109,SCN5A:p.R808C,SCN5A,LOF,1.0,0.4869109947643979,2.053763440860215,SCN1A:p.R859C;SCN10A:p.R756W;SCN1A:p.R859H;SCN4A:p.R669H;SCN4A:p.R672G,SCN1A;SCN10A;SCN1A;SCN4A;SCN4A,LOF;LOF;LOF;LOF;LOF
wt_mut_site,5,110,SCN4A:p.R672G,SCN4A,LOF,0.6,0.6214511041009464,0.965482233502538,SCN5A:p.R811H;SCN8A:p.R223G;SCN1A:p.R865G;SCN5A:p.R1626P;SCN8A:p.R1620L,SCN5A;SCN8A;SCN1A;SCN5A;SCN8A,LOF;LOF;GOF;GOF;LOF
wt_mut_site,5,111,SCN4A:p.R672H,SCN4A,LOF,0.6,0.6214511041009464,0.965482233502538,SCN5A:p.R811H;SCN1A:p.R865G;SCN8A:p.R223G;SCN5A:p.R1626P;SCN5A:p.R225W,SCN5A;SCN1A;SCN8A;SCN5A;SCN5A,LOF;GOF;LOF;GOF;LOF
wt_mut_site,5,112,SCN5A:p.R811H,SCN5A,LOF,0.8,0.4869109947643979,1.643010752688172,SCN4A:p.R672H;SCN4A:p.R672G;SCN1A:p.R865G;SCN4A:p.R225W;SCN8A:p.R223G,SCN4A;SCN4A;SCN1A;SCN4A;SCN8A,LOF;LOF;GOF;LOF;LOF
wt_mut_site,5,113,SCN3A:p.L855P,SCN3A,GOF,0.4,0.38095238095238093,1.05,SCN5A:p.L812Q;SCN5A:p.V223L;SCN5A:p.T1304M;SCN5A:p.A226V;SCN9A:p.F216S,SCN5A;SCN5A;SCN5A;SCN5A;SCN9A,LOF;LOF;GOF;LOF;GOF
wt_mut_site,5,114,SCN5A:p.L812Q,SCN5A,LOF,0.6,0.4869109947643979,1.232258064516129,SCN3A:p.L855P;SCN9A:p.F216S;SCN3A:p.L247P;SCN1A:p.L986F;SCN1A:p.I1656M,SCN3A;SCN9A;SCN3A;SCN1A;SCN1A,GOF;GOF;LOF;LOF;LOF
wt_mut_site,5,115,SCN1A:p.R865G,SCN1A,GOF,0.2,0.43902439024390244,0.4555555555555556,SCN4A:p.R225W;SCN5A:p.R811H;SCN5A:p.R225W;SCN5A:p.R225P;SCN4A:p.R672H,SCN4A;SCN5A;SCN5A;SCN5A;SCN4A,LOF;LOF;LOF;GOF;LOF
wt_mut_site,5,116,SCN5A:p.K817E,SCN5A,LOF,0.8,0.4869109947643979,1.643010752688172,SCN4A:p.R1457H;SCN4A:p.R1454W;SCN1A:p.R865G;SCN4A:p.R225W;SCN4A:p.R672H,SCN4A;SCN4A;SCN1A;SCN4A;SCN4A,LOF;LOF;GOF;LOF;LOF
wt_mut_site,5,117,SCN1A:p.T875M,SCN1A,LOF,0.6,0.5609756097560976,1.0695652173913042,SCN5A:p.G1642E;SCN5A:p.G1319V;SCN2A:p.T236S;SCN5A:p.T1620M;SCN2A:p.T1623N,SCN5A;SCN5A;SCN2A;SCN5A;SCN2A,LOF;LOF;GOF;LOF;GOF
wt_mut_site,5,118,SCN3A:p.I875T,SCN3A,GOF,0.4,0.38095238095238093,1.05,SCN2A:p.L1330F;SCN1A:p.I1656M;SCN5A:p.L839P;SCN9A:p.I234T;SCN8A:p.I1327V,SCN2A;SCN1A;SCN5A;SCN9A;SCN8A,LOF;LOF;LOF;GOF;GOF
wt_mut_site,5,119,SCN11A:p.G699R,SCN11A,GOF,0.8,0.38596491228070173,2.0727272727272728,SCN5A:p.P1332L;SCN4A:p.P1158L;SCN3A:p.P1333L;SCN2A:p.P1658S;SCN4A:p.F1473S,SCN5A;SCN4A;SCN3A;SCN2A;SCN4A,GOF;GOF;GOF;LOF;GOF
wt_mut_site,5,120,SCN5A:p.L839P,SCN5A,LOF,0.2,0.4869109947643979,0.410752688172043,SCN3A:p.L247P;SCN8A:p.I1327V;SCN3A:p.I875T;SCN4A:p.T704M;SCN8A:p.L1331V,SCN3A;SCN8A;SCN3A;SCN4A;SCN8A,LOF;GOF;GOF;GOF;GOF
wt_mut_site,5,121,SCN4A:p.T704M,SCN4A,GOF,0.4,0.3785488958990536,1.0566666666666669,SCN5A:p.G1661R;SCN1A:p.G1674R;SCN8A:p.L1331V;SCN5A:p.L839P;SCN3A:p.I875T,SCN5A;SCN1A;SCN8A;SCN5A;SCN3A,LOF;LOF;GOF;LOF;GOF
wt_mut_site,5,122,SCN1A:p.F902C,SCN1A,LOF,0.8,0.5609756097560976,1.4260869565217391,SCN5A:p.F851L;SCN5A:p.L1346P;SCN5A:p.W1345C;SCN5A:p.F1344S;SCN5A:p.V1667I,SCN5A;SCN5A;SCN5A;SCN5A;SCN5A,LOF;LOF;LOF;LOF;GOF
wt_mut_site,5,123,SCN5A:p.F851L,SCN5A,LOF,0.6,0.4869109947643979,1.232258064516129,SCN1A:p.F902C;SCN1A:p.S259R;SCN3A:p.Y1669C;SCN9A:p.V872G;SCN1A:p.L263V,SCN1A;SCN1A;SCN3A;SCN9A;SCN1A,LOF;LOF;LOF;GOF;GOF
wt_mut_site,5,124,SCN9A:p.V872G,SCN9A,GOF,0.4,0.3768545994065282,1.0614173228346457,SCN11A:p.V1184A;SCN1A:p.V1353L;SCN5A:p.V1340I;SCN5A:p.V1667I;SCN5A:p.I1660V,SCN11A;SCN1A;SCN5A;SCN5A;SCN5A,GOF;LOF;LOF;GOF;LOF
wt_mut_site,5,125,SCN2A:p.G899S,SCN2A,LOF,1.0,0.620253164556962,1.6122448979591837,SCN8A:p.G269R;SCN1A:p.A1685D;SCN1A:p.A1685V;SCN5A:p.S1672Y;SCN1A:p.G1674R,SCN8A;SCN1A;SCN1A;SCN5A;SCN1A,LOF;LOF;LOF;LOF;LOF
wt_mut_site,5,126,SCN1A:p.M909K,SCN1A,LOF,0.6,0.5609756097560976,1.0695652173913042,SCN10A:p.A1304T;SCN5A:p.F851L;SCN5A:p.L276Q;SCN2A:p.G899S;SCN4A:p.V445M,SCN10A;SCN5A;SCN5A;SCN2A;SCN4A,GOF;LOF;LOF;LOF;GOF
wt_mut_site,5,127,SCN10A:p.R814H,SCN10A,GOF,0.2,0.3885542168674699,0.5147286821705427,SCN2A:p.K908E;SCN5A:p.R282H;SCN5A:p.R1897W;SCN5A:p.R27H;SCN5A:p.R689H,SCN2A;SCN5A;SCN5A;SCN5A;SCN5A,GOF;LOF;LOF;LOF;LOF
wt_mut_site,5,128,SCN2A:p.K908E,SCN2A,GOF,0.6,0.379746835443038,1.5799999999999998,SCN10A:p.R814H;SCN5A:p.R18W;SCN5A:p.R1897W;SCN9A:p.Q10R;SCN5A:p.D84N,SCN10A;SCN5A;SCN5A;SCN9A;SCN5A,GOF;GOF;LOF;GOF;LOF
wt_mut_site,5,129,SCN5A:p.W879R,SCN5A,LOF,0.4,0.4869109947643979,0.821505376344086,SCN10A:p.R814H;SCN2A:p.K908E;SCN3A:p.K354Q;SCN10A:p.D1639N;SCN4A:p.P382T,SCN10A;SCN2A;SCN3A;SCN10A;SCN4A,GOF;GOF;GOF;LOF;LOF
wt_mut_site,5,130,SCN1A:p.H939Q,SCN1A,LOF,0.6,0.5609756097560976,1.0695652173913042,SCN5A:p.N1722D;SCN5A:p.P1730H;SCN2A:p.K908E;SCN5A:p.R282H;SCN3A:p.K354Q,SCN5A;SCN5A;SCN2A;SCN5A;SCN3A,LOF;LOF;GOF;LOF;GOF
wt_mut_site,5,131,SCN5A:p.I890T,SCN5A,LOF,1.0,0.4869109947643979,2.053763440860215,SCN1A:p.M956T;SCN2A:p.R937H;SCN1A:p.R946H;SCN2A:p.R937C;SCN1A:p.R946C,SCN1A;SCN2A;SCN1A;SCN2A;SCN1A,LOF;LOF;LOF;LOF;LOF
wt_mut_site,5,132,SCN5A:p.F892I,SCN5A,LOF,0.4,0.4869109947643979,0.821505376344086,SCN1A:p.M956T;SCN9A:p.F216S;SCN2A:p.F1597L;SCN1A:p.F1765L;SCN4A:p.F1298C,SCN1A;SCN9A;SCN2A;SCN1A;SCN4A,LOF;GOF;GOF;LOF;GOF
wt_mut_site,5,133,SCN1A:p.R946C,SCN1A,LOF,1.0,0.5609756097560976,1.7826086956521738,SCN2A:p.R937C;SCN2A:p.R937H;SCN5A:p.R367C;SCN2A:p.R379H;SCN5A:p.R367L,SCN2A;SCN2A;SCN5A;SCN2A;SCN5A,LOF;LOF;LOF;LOF;LOF
wt_mut_site,5,134,SCN2A:p.R937C,SCN2A,LOF,1.0,0.620253164556962,1.6122448979591837,SCN1A:p.R946C;SCN1A:p.R946H;SCN5A:p.R367C;SCN5A:p.R367L;SCN5A:p.R367H,SCN1A;SCN1A;SCN5A;SCN5A;SCN5A,LOF;LOF;LOF;LOF;LOF
wt_mut_site,5,135,SCN1A:p.R946H,SCN1A,LOF,1.0,0.5609756097560976,1.7826086956521738,SCN2A:p.R937H;SCN2A:p.R937C;SCN2A:p.R379H;SCN5A:p.R367H;SCN5A:p.R367C,SCN2A;SCN2A;SCN2A;SCN5A;SCN5A,LOF;LOF;LOF;LOF;LOF
wt_mut_site,5,136,SCN2A:p.R937H,SCN2A,LOF,1.0,0.620253164556962,1.6122448979591837,SCN1A:p.R946H;SCN1A:p.R946C;SCN5A:p.R367H;SCN5A:p.R367C;SCN5A:p.R367L,SCN1A;SCN1A;SCN5A;SCN5A;SCN5A,LOF;LOF;LOF;LOF;LOF
wt_mut_site,5,137,SCN5A:p.E901K,SCN5A,LOF,0.6,0.4869109947643979,1.232258064516129,SCN8A:p.N374K;SCN1A:p.H939Q;SCN1A:p.D1866Y;SCN1A:p.R393H;SCN10A:p.D1639N,SCN8A;SCN1A;SCN1A;SCN1A;SCN10A,GOF;LOF;GOF;LOF;LOF
wt_mut_site,5,138,SCN1A:p.M956T,SCN1A,LOF,0.6,0.5609756097560976,1.0695652173913042,SCN2A:p.L1330F;SCN3A:p.I875T;SCN5A:p.F892I;SCN5A:p.L276Q;SCN4A:p.L796V,SCN2A;SCN3A;SCN5A;SCN5A;SCN4A,LOF;GOF;LOF;LOF;GOF
wt_mut_site,5,139,SCN1A:p.C959R,SCN1A,LOF,1.0,0.5609756097560976,1.7826086956521738,SCN5A:p.A1428V;SCN5A:p.A1428S;SCN2A:p.C1386R;SCN4A:p.C1209F;SCN10A:p.L867F,SCN5A;SCN5A;SCN2A;SCN4A;SCN10A,LOF;LOF;LOF;LOF;LOF
wt_mut_site,5,140,SCN5A:p.S910L,SCN5A,LOF,0.0,0.4869109947643979,0.0,SCN8A:p.R1872L;SCN8A:p.R1872W;SCN2A:p.R1882Q;SCN8A:p.R1872Q;SCN2A:p.R1882G,SCN8A;SCN8A;SCN2A;SCN8A;SCN2A,GOF;GOF;GOF;GOF;GOF
wt_mut_site,5,141,SCN10A:p.L867F,SCN10A,LOF,0.6,0.6114457831325302,0.9812807881773398,SCN11A:p.I381T;SCN5A:p.G1748D;SCN5A:p.L325R;SCN5A:p.L619F;SCN5A:p.R1897W,SCN11A;SCN5A;SCN5A;SCN5A;SCN5A,GOF;LOF;LOF;GOF;LOF
wt_mut_site,5,142,SCN1A:p.G979R,SCN1A,LOF,1.0,0.5609756097560976,1.7826086956521738,SCN8A:p.G964R;SCN5A:p.N927S;SCN8A:p.G269R;SCN5A:p.G1661R;SCN2A:p.G899S,SCN8A;SCN5A;SCN8A;SCN5A;SCN2A,LOF;LOF;LOF;LOF;LOF
wt_mut_site,5,143,SCN8A:p.G964R,SCN8A,LOF,1.0,0.6196319018404908,1.613861386138614,SCN1A:p.G979R;SCN5A:p.N927S;SCN1A:p.G1674R;SCN1A:p.V983A;SCN5A:p.G1661R,SCN1A;SCN5A;SCN1A;SCN1A;SCN5A,LOF;LOF;LOF;LOF;LOF
wt_mut_site,5,144,SCN5A:p.N927S,SCN5A,LOF,0.6,0.4869109947643979,1.232258064516129,SCN1A:p.F1774S;SCN1A:p.N985I;SCN8A:p.G964R;SCN1A:p.G979R;SCN8A:p.N1768D,SCN1A;SCN1A;SCN8A;SCN1A;SCN8A,GOF;LOF;LOF;LOF;GOF
wt_mut_site,5,145,SCN5A:p.L928P,SCN5A,LOF,0.2,0.4869109947643979,0.410752688172043,SCN1A:p.L986F;SCN4A:p.L796V;SCN3A:p.M1765I;SCN8A:p.M1760I;SCN1A:p.F1774S,SCN1A;SCN4A;SCN3A;SCN8A;SCN1A,LOF;GOF;GOF;GOF;GOF
wt_mut_site,5,146,SCN1A:p.V983A,SCN1A,LOF,0.4,0.5609756097560976,0.7130434782608696,SCN10A:p.L388M;SCN5A:p.V1763M;SCN5A:p.T1461S;SCN5A:p.I1762A;SCN9A:p.V400M,SCN10A;SCN5A;SCN5A;SCN5A;SCN9A,LOF;GOF;LOF;GOF;GOF
wt_mut_site,5,147,SCN1A:p.N985I,SCN1A,LOF,0.4,0.5609756097560976,0.7130434782608696,SCN9A:p.N395K;SCN4A:p.N440K;SCN5A:p.N406S;SCN5A:p.N1541D;SCN4A:p.N1366S,SCN9A;SCN4A;SCN5A;SCN5A;SCN4A,GOF;GOF;LOF;LOF;GOF
wt_mut_site,5,148,SCN1A:p.L986F,SCN1A,LOF,0.4,0.5609756097560976,0.7130434782608696,SCN4A:p.L796V;SCN3A:p.M1765I;SCN8A:p.M1760I;SCN2A:p.L1330F;SCN5A:p.L928P,SCN4A;SCN3A;SCN8A;SCN2A;SCN5A,GOF;GOF;GOF;LOF;LOF
wt_mut_site,5,149,SCN4A:p.L796V,SCN4A,GOF,0.6,0.3785488958990536,1.585,SCN1A:p.L986F;SCN3A:p.M1765I;SCN8A:p.M1760I;SCN1A:p.L263V;SCN2A:p.L1330F,SCN1A;SCN3A;SCN8A;SCN1A;SCN2A,LOF;GOF;GOF;GOF;LOF
wt_mut_site,5,150,SCN5A:p.S941N,SCN5A,GOF,1.0,0.5130890052356021,1.9489795918367347,SCN8A:p.N1768D;SCN4A:p.N1297S;SCN4A:p.N1297K;SCN11A:p.N816K;SCN1A:p.Q1489H,SCN8A;SCN4A;SCN4A;SCN11A;SCN1A,GOF;GOF;GOF;GOF;GOF
wt_mut_site,5,151,SCN11A:p.N816K,SCN11A,GOF,0.8,0.38596491228070173,2.0727272727272728,SCN2A:p.E999K;SCN5A:p.N592K;SCN5A:p.R18W;SCN8A:p.R1872W;SCN2A:p.R1882G,SCN2A;SCN5A;SCN5A;SCN8A;SCN2A,GOF;LOF;GOF;GOF;GOF
wt_mut_site,5,152,SCN2A:p.E999K,SCN2A,GOF,0.4,0.379746835443038,1.0533333333333332,SCN1A:p.N1011I;SCN1A:p.E78D;SCN5A:p.R18W;SCN5A:p.N592K;SCN9A:p.Q10R,SCN1A;SCN1A;SCN5A;SCN5A;SCN9A,LOF;LOF;GOF;LOF;GOF
wt_mut_site,5,153,SCN1A:p.N1011I,SCN1A,LOF,0.4,0.5609756097560976,0.7130434782608696,SCN2A:p.E999K;SCN5A:p.R18W;SCN5A:p.R965C;SCN5A:p.N592K;SCN9A:p.Q10R,SCN2A;SCN5A;SCN5A;SCN5A;SCN9A,GOF;GOF;LOF;LOF;GOF
wt_mut_site,5,154,SCN5A:p.R965C,SCN5A,LOF,0.2,0.4869109947643979,0.410752688172043,SCN8A:p.R1872W;SCN1A:p.N1011I;SCN8A:p.R1872L;SCN8A:p.R1872Q;SCN2A:p.R1882G,SCN8A;SCN1A;SCN8A;SCN8A;SCN2A,GOF;LOF;GOF;GOF;GOF
wt_mut_site,5,155,SCN5A:p.R1023H,SCN5A,LOF,0.2,0.4869109947643979,0.410752688172043,SCN9A:p.Q10R;SCN10A:p.A1886V;SCN2A:p.D12N;SCN10A:p.L554P;SCN9A:p.D623N,SCN9A;SCN10A;SCN2A;SCN10A;SCN9A,GOF;GOF;LOF;GOF;GOF
wt_mut_site,5,156,SCN10A:p.P1102S,SCN10A,GOF,0.4,0.3885542168674699,1.0294573643410854,SCN5A:p.R18W;SCN5A:p.R27H;SCN5A:p.F93S;SCN5A:p.P2006A;SCN1A:p.E78D,SCN5A;SCN5A;SCN5A;SCN5A;SCN1A,GOF;LOF;LOF;GOF;LOF
wt_mut_site,5,157,SCN5A:p.S1103Y,SCN5A,GOF,0.8,0.5130890052356021,1.5591836734693878,SCN10A:p.L554P;SCN10A:p.A1886V;SCN2A:p.D12N;SCN9A:p.D623N;SCN9A:p.Q10R,SCN10A;SCN10A;SCN2A;SCN9A;SCN9A,GOF;GOF;LOF;GOF;GOF
wt_mut_site,5,158,SCN5A:p.P1177L,SCN5A,GOF,0.6,0.5130890052356021,1.1693877551020408,SCN10A:p.V94G;SCN2A:p.D12N;SCN9A:p.Q10R;SCN10A:p.P1102S;SCN8A:p.R1872L,SCN10A;SCN2A;SCN9A;SCN10A;SCN8A,LOF;LOF;GOF;GOF;GOF
wt_mut_site,5,159,SCN5A:p.R1193Q,SCN5A,LOF,0.2,0.4869109947643979,0.410752688172043,SCN8A:p.R1872Q;SCN2A:p.R1882Q;SCN8A:p.R1872W;SCN10A:p.V94G;SCN8A:p.R1872L,SCN8A;SCN2A;SCN8A;SCN10A;SCN8A,GOF;GOF;GOF;LOF;GOF
wt_mut_site,5,160,SCN5A:p.S1218I,SCN5A,LOF,0.2,0.4869109947643979,0.410752688172043,SCN4A:p.N1366S;SCN1A:p.N985I;SCN4A:p.N440K;SCN9A:p.N395K;SCN8A:p.T767I,SCN4A;SCN1A;SCN4A;SCN9A;SCN8A,GOF;LOF;GOF;GOF;GOF
wt_mut_site,5,161,SCN5A:p.E1225K,SCN5A,LOF,0.2,0.4869109947643979,0.410752688172043,SCN1A:p.E788K;SCN1A:p.D1866Y;SCN8A:p.R1872W;SCN2A:p.R1882Q;SCN8A:p.R1872Q,SCN1A;SCN1A;SCN8A;SCN2A;SCN8A,LOF;GOF;GOF;GOF;GOF
wt_mut_site,5,162,SCN5A:p.R1232W,SCN5A,LOF,0.2,0.4869109947643979,0.410752688172043,SCN8A:p.R1872W;SCN8A:p.R1872L;SCN8A:p.R1872Q;SCN2A:p.R1882Q;SCN2A:p.D12N,SCN8A;SCN8A;SCN8A;SCN2A;SCN2A,GOF;GOF;GOF;GOF;LOF
wt_mut_site,5,163,SCN1A:p.M1267I,SCN1A,LOF,0.2,0.5609756097560976,0.3565217391304348,SCN3A:p.M1765I;SCN8A:p.M1760I;SCN8A:p.G822R;SCN8A:p.T767I;SCN2A:p.T773I,SCN3A;SCN8A;SCN8A;SCN8A;SCN2A,GOF;GOF;LOF;GOF;GOF
wt_mut_site,5,164,SCN5A:p.G1262S,SCN5A,LOF,0.8,0.4869109947643979,1.643010752688172,SCN1A:p.R1596C;SCN1A:p.G177A;SCN1A:p.G177E;SCN8A:p.G1475R;SCN1A:p.T1709I,SCN1A;SCN1A;SCN1A;SCN8A;SCN1A,LOF;LOF;LOF;GOF;LOF
wt_mut_site,5,165,SCN5A:p.A1294G,SCN5A,LOF,0.6,0.4869109947643979,1.232258064516129,SCN2A:p.D82G;SCN2A:p.D12N;SCN10A:p.V94G;SCN2A:p.R1882G;SCN9A:p.Q10R,SCN2A;SCN2A;SCN10A;SCN2A;SCN9A,LOF;LOF;LOF;GOF;GOF
wt_mut_site,5,166,SCN5A:p.E1295K,SCN5A,GOF,0.8,0.5130890052356021,1.5591836734693878,SCN2A:p.E999K;SCN9A:p.Q10R;SCN2A:p.D12N;SCN8A:p.R1872W;SCN8A:p.R1872Q,SCN2A;SCN9A;SCN2A;SCN8A;SCN8A,GOF;GOF;LOF;GOF;GOF
wt_mut_site,5,167,SCN5A:p.T1304M,SCN5A,GOF,0.8,0.5130890052356021,1.5591836734693878,SCN3A:p.L855P;SCN2A:p.T1623N;SCN9A:p.S211P;SCN4A:p.V1442E;SCN11A:p.L1158P,SCN3A;SCN2A;SCN9A;SCN4A;SCN11A,GOF;GOF;GOF;LOF;GOF
wt_mut_site,5,168,SCN2A:p.R1312T,SCN2A,LOF,0.6,0.620253164556962,0.9673469387755103,SCN4A:p.R225W;SCN5A:p.R225W;SCN5A:p.R225P;SCN1A:p.R865G;SCN5A:p.R1632C,SCN4A;SCN5A;SCN5A;SCN1A;SCN5A,LOF;LOF;GOF;GOF;LOF
wt_mut_site,5,169,SCN11A:p.L1158P,SCN11A,GOF,0.6,0.38596491228070173,1.5545454545454547,SCN1A:p.I227S;SCN1A:p.I1656M;SCN5A:p.G1631D;SCN9A:p.I228M;SCN3A:p.L855P,SCN1A;SCN1A;SCN5A;SCN9A;SCN3A,LOF;LOF;GOF;GOF;GOF
wt_mut_site,5,170,SCN2A:p.R1319Q,SCN2A,LOF,0.6,0.620253164556962,0.9673469387755103,SCN10A:p.R1588Q;SCN11A:p.R222H;SCN5A:p.R1644C;SCN5A:p.R1644H;SCN8A:p.R1638C,SCN10A;SCN11A;SCN5A;SCN5A;SCN8A,LOF;GOF;LOF;GOF;LOF
wt_mut_site,5,171,SCN5A:p.G1319V,SCN5A,LOF,0.8,0.4869109947643979,1.643010752688172,SCN1A:p.T875M;SCN8A:p.G269R;SCN1A:p.G177A;SCN1A:p.G177E;SCN11A:p.G699R,SCN1A;SCN8A;SCN1A;SCN1A;SCN11A,LOF;LOF;LOF;LOF;GOF
wt_mut_site,5,172,SCN5A:p.N1325S,SCN5A,GOF,1.0,0.5130890052356021,1.9489795918367347,SCN4A:p.F1473S;SCN3A:p.F1646C;SCN1A:p.F1661L;SCN11A:p.G699R;SCN2A:p.T236S,SCN4A;SCN3A;SCN1A;SCN11A;SCN2A,GOF;GOF;GOF;GOF;GOF
wt_mut_site,5,173,SCN2A:p.L1330F,SCN2A,LOF,0.6,0.620253164556962,0.9673469387755103,SCN3A:p.I875T;SCN1A:p.I1656M;SCN3A:p.L247P;SCN9A:p.I234T;SCN1A:p.L986F,SCN3A;SCN1A;SCN3A;SCN9A;SCN1A,GOF;LOF;LOF;GOF;LOF
wt_mut_site,5,174,SCN5A:p.V1328M,SCN5A,GOF,0.4,0.5130890052356021,0.7795918367346939,SCN1A:p.M1664K;SCN3A:p.I875T;SCN2A:p.L1330F;SCN1A:p.I1656M;SCN3A:p.F1646C,SCN1A;SCN3A;SCN2A;SCN1A;SCN3A,LOF;GOF;LOF;LOF;GOF
wt_mut_site,5,175,SCN5A:p.A1330P,SCN5A,GOF,0.6,0.5130890052356021,1.1693877551020408,SCN4A:p.A1156T;SCN10A:p.S242T;SCN9A:p.S241T;SCN1A:p.A1685D;SCN1A:p.A1685V,SCN4A;SCN10A;SCN9A;SCN1A;SCN1A,GOF;GOF;GOF;LOF;LOF
wt_mut_site,5,176,SCN4A:p.A1156T,SCN4A,GOF,0.8,0.3785488958990536,2.1133333333333337,SCN5A:p.A1330T;SCN5A:p.A1330P;SCN10A:p.S242T;SCN9A:p.S241T;SCN1A:p.A1685D,SCN5A;SCN5A;SCN10A;SCN9A;SCN1A,GOF;GOF;GOF;GOF;LOF
wt_mut_site,5,177,SCN5A:p.A1330T,SCN5A,GOF,0.6,0.5130890052356021,1.1693877551020408,SCN4A:p.A1156T;SCN10A:p.S242T;SCN9A:p.S241T;SCN1A:p.A1685D;SCN1A:p.A1685V,SCN4A;SCN10A;SCN9A;SCN1A;SCN1A,GOF;GOF;GOF;LOF;LOF
wt_mut_site,5,178,SCN3A:p.P1333L,SCN3A,GOF,0.8,0.38095238095238093,2.1,SCN4A:p.P1158L;SCN5A:p.P1332L;SCN2A:p.P1658S;SCN11A:p.G699R;SCN1A:p.F1661L,SCN4A;SCN5A;SCN2A;SCN11A;SCN1A,GOF;GOF;LOF;GOF;GOF
wt_mut_site,5,179,SCN4A:p.P1158L,SCN4A,GOF,0.8,0.3785488958990536,2.1133333333333337,SCN3A:p.P1333L;SCN5A:p.P1332L;SCN2A:p.P1658S;SCN11A:p.G699R;SCN5A:p.N1325S,SCN3A;SCN5A;SCN2A;SCN11A;SCN5A,GOF;GOF;LOF;GOF;GOF
wt_mut_site,5,180,SCN5A:p.P1332L,SCN5A,GOF,0.8,0.5130890052356021,1.5591836734693878,SCN3A:p.P1333L;SCN4A:p.P1158L;SCN2A:p.P1658S;SCN11A:p.G699R;SCN1A:p.F1661L,SCN3A;SCN4A;SCN2A;SCN11A;SCN1A,GOF;GOF;LOF;GOF;GOF
wt_mut_site,5,181,SCN5A:p.S1333Y,SCN5A,GOF,0.8,0.5130890052356021,1.5591836734693878,SCN2A:p.S1336Y;SCN2A:p.N1339D;SCN4A:p.P1158L;SCN3A:p.P1333L;SCN1A:p.D249E,SCN2A;SCN2A;SCN4A;SCN3A;SCN1A,GOF;GOF;GOF;GOF;LOF
wt_mut_site,5,182,SCN2A:p.S1336Y,SCN2A,GOF,1.0,0.379746835443038,2.6333333333333333,SCN5A:p.S1333Y;SCN5A:p.A1656D;SCN3A:p.P1333L;SCN4A:p.P1158L;SCN5A:p.P1332L,SCN5A;SCN5A;SCN3A;SCN4A;SCN5A,GOF;GOF;GOF;GOF;GOF
wt_mut_site,5,183,SCN8A:p.I1327V,SCN8A,GOF,0.2,0.3803680981595092,0.5258064516129032,SCN3A:p.L247P;SCN5A:p.L839P;SCN5A:p.I1660V;SCN3A:p.I875T;SCN1A:p.I1656M,SCN3A;SCN5A;SCN5A;SCN3A;SCN1A,LOF;LOF;LOF;GOF;LOF
wt_mut_site,5,184,SCN2A:p.N1339D,SCN2A,GOF,0.8,0.379746835443038,2.1066666666666665,SCN1A:p.D249E;SCN5A:p.N1325S;SCN5A:p.S1333Y;SCN3A:p.P1333L;SCN4A:p.P1158L,SCN1A;SCN5A;SCN5A;SCN3A;SCN4A,LOF;GOF;GOF;GOF;GOF
wt_mut_site,5,185,SCN8A:p.L1331V,SCN8A,GOF,0.2,0.3803680981595092,0.5258064516129032,SCN4A:p.T704M;SCN1A:p.G1674R;SCN5A:p.G1661R;SCN5A:p.L839P;SCN5A:p.L1346P,SCN4A;SCN1A;SCN5A;SCN5A;SCN5A,GOF;LOF;LOF;LOF;LOF
wt_mut_site,5,186,SCN11A:p.V1184A,SCN11A,GOF,0.4,0.38596491228070173,1.0363636363636364,SCN1A:p.V1353L;SCN5A:p.V1340I;SCN9A:p.V872G;SCN5A:p.F1344S;SCN5A:p.V1667I,SCN1A;SCN5A;SCN9A;SCN5A;SCN5A,LOF;LOF;GOF;LOF;GOF
wt_mut_site,5,187,SCN5A:p.V1340I,SCN5A,LOF,0.2,0.4869109947643979,0.410752688172043,SCN1A:p.V1353L;SCN11A:p.V1184A;SCN9A:p.V872G;SCN8A:p.I1327V;SCN4A:p.V1293I,SCN1A;SCN11A;SCN9A;SCN8A;SCN4A,LOF;GOF;GOF;GOF;GOF
wt_mut_site,5,188,SCN1A:p.V1353L,SCN1A,LOF,0.4,0.5609756097560976,0.7130434782608696,SCN5A:p.V1340I;SCN11A:p.V1184A;SCN9A:p.V872G;SCN5A:p.V1667I;SCN5A:p.F1344S,SCN5A;SCN11A;SCN9A;SCN5A;SCN5A,LOF;GOF;GOF;GOF;LOF
wt_mut_site,5,189,SCN5A:p.F1344S,SCN5A,LOF,0.6,0.4869109947643979,1.232258064516129,SCN11A:p.V1184A;SCN1A:p.V1353L;SCN9A:p.V872G;SCN1A:p.F902C;SCN1A:p.S259R,SCN11A;SCN1A;SCN9A;SCN1A;SCN1A,GOF;LOF;GOF;LOF;LOF
wt_mut_site,5,190,SCN5A:p.W1345C,SCN5A,LOF,0.6,0.4869109947643979,1.232258064516129,SCN1A:p.F902C;SCN3A:p.Y1669C;SCN1A:p.S259R;SCN8A:p.L1331V;SCN9A:p.V872G,SCN1A;SCN3A;SCN1A;SCN8A;SCN9A,LOF;LOF;LOF;GOF;GOF
wt_mut_site,5,191,SCN5A:p.L1346P,SCN5A,LOF,0.4,0.4869109947643979,0.821505376344086,SCN1A:p.S259R;SCN1A:p.F902C;SCN8A:p.L1331V;SCN1A:p.L263V;SCN9A:p.V872G,SCN1A;SCN1A;SCN8A;SCN1A;SCN9A,LOF;LOF;GOF;GOF;GOF
wt_mut_site,5,192,SCN1A:p.V1366I,SCN1A,LOF,0.4,0.5609756097560976,0.7130434782608696,SCN5A:p.V1667I;SCN4A:p.V1293I;SCN5A:p.V1340I;SCN10A:p.A1304T;SCN8A:p.V1758A,SCN5A;SCN4A;SCN5A;SCN10A;SCN8A,GOF;GOF;LOF;GOF;LOF
wt_mut_site,5,193,SCN10A:p.A1304T,SCN10A,GOF,0.2,0.3885542168674699,0.5147286821705427,SCN1A:p.V1366I;SCN1A:p.M909K;SCN1A:p.A1685D;SCN2A:p.A263V;SCN1A:p.A1685V,SCN1A;SCN1A;SCN1A;SCN2A;SCN1A,LOF;LOF;LOF;GOF;LOF
wt_mut_site,5,194,SCN8A:p.T1360N,SCN8A,LOF,0.8,0.6196319018404908,1.2910891089108911,SCN1A:p.G1749E;SCN5A:p.S1382I;SCN1A:p.T297I;SCN9A:p.D623N;SCN2A:p.D12N,SCN1A;SCN5A;SCN1A;SCN9A;SCN2A,LOF;LOF;LOF;GOF;LOF
wt_mut_site,5,195,SCN5A:p.V1378M,SCN5A,LOF,0.2,0.4869109947643979,0.410752688172043,SCN2A:p.M1879T;SCN10A:p.V94G;SCN8A:p.R1872W;SCN2A:p.R1882Q;SCN2A:p.R1882G,SCN2A;SCN10A;SCN8A;SCN2A;SCN2A,GOF;LOF;GOF;GOF;GOF
wt_mut_site,5,196,SCN5A:p.N1380K,SCN5A,LOF,0.4,0.4869109947643979,0.821505376344086,SCN1A:p.G1749E;SCN2A:p.K908E;SCN9A:p.Q10R;SCN8A:p.R1872W;SCN10A:p.D1639N,SCN1A;SCN2A;SCN9A;SCN8A;SCN10A,LOF;GOF;GOF;GOF;LOF
wt_mut_site,5,197,SCN5A:p.S1382I,SCN5A,LOF,1.0,0.4869109947643979,2.053763440860215,SCN1A:p.T297I;SCN1A:p.G1749E;SCN2A:p.D82G;SCN8A:p.T1360N;SCN1A:p.E78D,SCN1A;SCN1A;SCN2A;SCN8A;SCN1A,LOF;LOF;LOF;LOF;LOF
wt_mut_site,5,198,SCN4A:p.C1209F,SCN4A,LOF,0.6,0.6214511041009464,0.965482233502538,SCN2A:p.C1386R;SCN5A:p.C335R;SCN5A:p.V1378M;SCN2A:p.M1879T;SCN8A:p.R1872W,SCN2A;SCN5A;SCN5A;SCN2A;SCN8A,LOF;LOF;LOF;GOF;GOF
wt_mut_site,5,199,SCN2A:p.C1386R,SCN2A,LOF,0.8,0.620253164556962,1.289795918367347,SCN4A:p.C1209F;SCN5A:p.C335R;SCN5A:p.V1378M;SCN8A:p.R1872W;SCN5A:p.L325R,SCN4A;SCN5A;SCN5A;SCN8A;SCN5A,LOF;LOF;LOF;GOF;LOF
wt_mut_site,5,200,SCN5A:p.V1405L,SCN5A,LOF,0.4,0.4869109947643979,0.821505376344086,SCN1A:p.F1831S;SCN3A:p.I875T;SCN3A:p.V1769A;SCN1A:p.M956T;SCN11A:p.I381T,SCN1A;SCN3A;SCN3A;SCN1A;SCN11A,LOF;GOF;GOF;LOF;GOF
wt_mut_site,5,201,SCN5A:p.V1405M,SCN5A,LOF,0.4,0.4869109947643979,0.821505376344086,SCN1A:p.F1831S;SCN3A:p.V1769A;SCN3A:p.I875T;SCN1A:p.M956T;SCN11A:p.I381T,SCN1A;SCN3A;SCN3A;SCN1A;SCN11A,LOF;GOF;GOF;LOF;GOF
wt_mut_site,5,202,SCN5A:p.G1406E,SCN5A,LOF,0.0,0.4869109947643979,0.0,SCN8A:p.R1872W;SCN2A:p.M1879T;SCN2A:p.R1882Q;SCN8A:p.R1872Q;SCN8A:p.R1872L,SCN8A;SCN2A;SCN2A;SCN8A;SCN8A,GOF;GOF;GOF;GOF;GOF
wt_mut_site,5,203,SCN5A:p.G1406R,SCN5A,LOF,0.0,0.4869109947643979,0.0,SCN8A:p.R1872W;SCN2A:p.M1879T;SCN2A:p.R1882Q;SCN8A:p.R1872Q;SCN8A:p.R1872L,SCN8A;SCN2A;SCN2A;SCN8A;SCN8A,GOF;GOF;GOF;GOF;GOF
wt_mut_site,5,204,SCN1A:p.G1421W,SCN1A,LOF,0.8,0.5609756097560976,1.4260869565217391,SCN5A:p.G1748D;SCN5A:p.A1428S;SCN5A:p.A1428V;SCN5A:p.A1330P;SCN5A:p.G1406E,SCN5A;SCN5A;SCN5A;SCN5A;SCN5A,LOF;LOF;LOF;GOF;LOF
wt_mut_site,5,205,SCN2A:p.T1420M,SCN2A,LOF,1.0,0.620253164556962,1.6122448979591837,SCN5A:p.T1709M;SCN5A:p.M369K;SCN5A:p.G1420V;SCN5A:p.G1420R;SCN5A:p.G1712C,SCN5A;SCN5A;SCN5A;SCN5A;SCN5A,LOF;LOF;LOF;LOF;LOF
wt_mut_site,5,206,SCN5A:p.G1420R,SCN5A,LOF,0.6,0.4869109947643979,1.232258064516129,SCN10A:p.G1662S;SCN8A:p.N374K;SCN2A:p.T1420M;SCN1A:p.H939Q;SCN1A:p.G1421W,SCN10A;SCN8A;SCN2A;SCN1A;SCN1A,GOF;GOF;LOF;LOF;LOF
wt_mut_site,5,207,SCN5A:p.G1420V,SCN5A,LOF,0.6,0.4869109947643979,1.232258064516129,SCN10A:p.G1662S;SCN8A:p.N374K;SCN2A:p.T1420M;SCN1A:p.H939Q;SCN1A:p.G1421W,SCN10A;SCN8A;SCN2A;SCN1A;SCN1A,GOF;GOF;LOF;LOF;LOF
wt_mut_site,5,208,SCN5A:p.A1428S,SCN5A,LOF,0.8,0.4869109947643979,1.643010752688172,SCN1A:p.C959R;SCN1A:p.G1421W;SCN8A:p.A1491V;SCN2A:p.C1386R;SCN1A:p.F1831S,SCN1A;SCN1A;SCN8A;SCN2A;SCN1A,LOF;LOF;GOF;LOF;LOF
wt_mut_site,5,209,SCN5A:p.A1428V,SCN5A,LOF,0.8,0.4869109947643979,1.643010752688172,SCN1A:p.C959R;SCN8A:p.A1491V;SCN4A:p.C1209F;SCN2A:p.C1386R;SCN10A:p.L867F,SCN1A;SCN8A;SCN4A;SCN2A;SCN10A,LOF;GOF;LOF;LOF;LOF
wt_mut_site,5,210,SCN5A:p.D1430N,SCN5A,LOF,0.6,0.4869109947643979,1.232258064516129,SCN1A:p.R393H;SCN1A:p.D1866Y;SCN10A:p.D1639N;SCN2A:p.D12N;SCN9A:p.D623N,SCN1A;SCN1A;SCN10A;SCN2A;SCN9A,LOF;GOF;LOF;LOF;GOF
wt_mut_site,5,211,SCN5A:p.R1432G,SCN5A,LOF,0.2,0.4869109947643979,0.410752688172043,SCN2A:p.R1882G;SCN8A:p.R1872W;SCN8A:p.R1872Q;SCN10A:p.V94G;SCN8A:p.R1872L,SCN2A;SCN8A;SCN8A;SCN10A;SCN8A,GOF;GOF;GOF;LOF;GOF
wt_mut_site,5,212,SCN5A:p.Y1449C,SCN5A,LOF,0.6,0.4869109947643979,1.232258064516129,SCN1A:p.F1765L;SCN2A:p.Y1589C;SCN11A:p.I381T;SCN3A:p.Y1669C;SCN1A:p.F1831S,SCN1A;SCN2A;SCN11A;SCN3A;SCN1A,LOF;GOF;GOF;LOF;LOF
wt_mut_site,5,213,SCN5A:p.T1461S,SCN5A,LOF,0.6,0.4869109947643979,1.232258064516129,SCN10A:p.L388M;SCN1A:p.V983A;SCN8A:p.V1758A;SCN3A:p.V1769A;SCN10A:p.I1706V,SCN10A;SCN1A;SCN8A;SCN3A;SCN10A,LOF;LOF;LOF;GOF;GOF
wt_mut_site,5,214,SCN4A:p.V1293I,SCN4A,GOF,0.8,0.3785488958990536,2.1133333333333337,SCN2A:p.V423L;SCN9A:p.V400M;SCN5A:p.V411M;SCN3A:p.V1769A;SCN5A:p.V1340I,SCN2A;SCN9A;SCN5A;SCN3A;SCN5A,GOF;GOF;GOF;GOF;LOF
wt_mut_site,5,215,SCN2A:p.I1473M,SCN2A,GOF,0.8,0.379746835443038,2.1066666666666665,SCN4A:p.F1298C;SCN5A:p.F1473C;SCN5A:p.F1473S;SCN5A:p.I1768V;SCN1A:p.Y426N,SCN4A;SCN5A;SCN5A;SCN5A;SCN1A,GOF;GOF;GOF;GOF;LOF
wt_mut_site,5,216,SCN4A:p.N1297K,SCN4A,GOF,1.0,0.3785488958990536,2.6416666666666666,SCN5A:p.N1774D;SCN8A:p.N1768D;SCN5A:p.S941N;SCN1A:p.Q1489K;SCN1A:p.Q1489H,SCN5A;SCN8A;SCN5A;SCN1A;SCN1A,GOF;GOF;GOF;GOF;GOF
wt_mut_site,5,217,SCN4A:p.N1297S,SCN4A,GOF,1.0,0.3785488958990536,2.6416666666666666,SCN5A:p.N1774D;SCN8A:p.N1768D;SCN5A:p.S941N;SCN1A:p.Q1489H;SCN1A:p.Q1489K,SCN5A;SCN8A;SCN5A;SCN1A;SCN1A,GOF;GOF;GOF;GOF;GOF
wt_mut_site,5,218,SCN4A:p.F1298C,SCN4A,GOF,0.6,0.3785488958990536,1.585,SCN5A:p.F1473C;SCN5A:p.F1473S;SCN1A:p.Y426N;SCN1A:p.F1831S;SCN2A:p.I1473M,SCN5A;SCN5A;SCN1A;SCN1A;SCN2A,GOF;GOF;LOF;LOF;GOF
wt_mut_site,5,219,SCN5A:p.F1473C,SCN5A,GOF,0.6,0.5130890052356021,1.1693877551020408,SCN4A:p.F1298C;SCN1A:p.Y426N;SCN2A:p.I1473M;SCN1A:p.F1831S;SCN9A:p.F216S,SCN4A;SCN1A;SCN2A;SCN1A;SCN9A,GOF;LOF;GOF;LOF;GOF
wt_mut_site,5,220,SCN5A:p.F1473S,SCN5A,GOF,0.6,0.5130890052356021,1.1693877551020408,SCN4A:p.F1298C;SCN1A:p.Y426N;SCN1A:p.F1831S;SCN2A:p.I1473M;SCN9A:p.F216S,SCN4A;SCN1A;SCN1A;SCN2A;SCN9A,GOF;LOF;LOF;GOF;GOF
wt_mut_site,5,221,SCN5A:p.Q1475P,SCN5A,GOF,1.0,0.5130890052356021,1.9489795918367347,SCN11A:p.N816K;SCN1A:p.Q1489H;SCN1A:p.Q1489K;SCN8A:p.R1872W;SCN2A:p.R1882G,SCN11A;SCN1A;SCN1A;SCN8A;SCN2A,GOF;GOF;GOF;GOF;GOF
wt_mut_site,5,222,SCN1A:p.Q1489H,SCN1A,GOF,1.0,0.43902439024390244,2.2777777777777777,SCN5A:p.Q1476R;SCN5A:p.Q1475P;SCN2A:p.M1879T;SCN8A:p.A1491V;SCN4A:p.I1310N,SCN5A;SCN5A;SCN2A;SCN8A;SCN4A,GOF;GOF;GOF;GOF;GOF
wt_mut_site,5,223,SCN1A:p.Q1489K,SCN1A,GOF,1.0,0.43902439024390244,2.2777777777777777,SCN5A:p.Q1476R;SCN5A:p.Q1475P;SCN2A:p.M1879T;SCN11A:p.N816K;SCN8A:p.A1491V,SCN5A;SCN5A;SCN2A;SCN11A;SCN8A,GOF;GOF;GOF;GOF;GOF
wt_mut_site,5,224,SCN5A:p.Q1476R,SCN5A,GOF,0.8,0.5130890052356021,1.5591836734693878,SCN1A:p.Q1489H;SCN1A:p.Q1489K;SCN2A:p.M1879T;SCN8A:p.A1491V;SCN1A:p.I1498M,SCN1A;SCN1A;SCN2A;SCN8A;SCN1A,GOF;GOF;GOF;GOF;LOF
wt_mut_site,5,225,SCN4A:p.G1306E,SCN4A,GOF,1.0,0.3785488958990536,2.6416666666666666,SCN8A:p.G1475R;SCN8A:p.R1872W;SCN2A:p.R1882Q;SCN8A:p.R1872Q;SCN8A:p.R1872L,SCN8A;SCN8A;SCN2A;SCN8A;SCN8A,GOF;GOF;GOF;GOF;GOF
wt_mut_site,5,226,SCN8A:p.G1475R,SCN8A,GOF,1.0,0.3803680981595092,2.629032258064516,SCN4A:p.G1306E;SCN2A:p.R1882Q;SCN2A:p.R1882G;SCN5A:p.R18W;SCN9A:p.Q10R,SCN4A;SCN2A;SCN2A;SCN5A;SCN9A,GOF;GOF;GOF;GOF;GOF
wt_mut_site,5,227,SCN1A:p.I1498M,SCN1A,LOF,0.0,0.5609756097560976,0.0,SCN4A:p.I1310N;SCN5A:p.F1486L;SCN8A:p.R1872W;SCN2A:p.M1879T;SCN2A:p.R1882Q,SCN4A;SCN5A;SCN8A;SCN2A;SCN2A,GOF;GOF;GOF;GOF;GOF
wt_mut_site,5,228,SCN4A:p.I1310N,SCN4A,GOF,0.8,0.3785488958990536,2.1133333333333337,SCN1A:p.I1498M;SCN1A:p.F1499L;SCN5A:p.F1486L;SCN8A:p.R1872W;SCN2A:p.M1879T,SCN1A;SCN1A;SCN5A;SCN8A;SCN2A,LOF;GOF;GOF;GOF;GOF
wt_mut_site,5,229,SCN5A:p.F1486L,SCN5A,GOF,0.8,0.5130890052356021,1.5591836734693878,SCN1A:p.F1499L;SCN1A:p.I1498M;SCN4A:p.I1310N;SCN1A:p.M1500V;SCN2A:p.M1879T,SCN1A;SCN1A;SCN4A;SCN1A;SCN2A,GOF;LOF;GOF;GOF;GOF
wt_mut_site,5,230,SCN1A:p.F1499L,SCN1A,GOF,0.8,0.43902439024390244,1.8222222222222224,SCN5A:p.F1486L;SCN4A:p.I1310N;SCN2A:p.M1879T;SCN5A:p.F93S;SCN8A:p.R1872L,SCN5A;SCN4A;SCN2A;SCN5A;SCN8A,GOF;GOF;GOF;LOF;GOF
wt_mut_site,5,231,SCN1A:p.M1500V,SCN1A,GOF,0.8,0.43902439024390244,1.8222222222222224,SCN5A:p.F1486L;SCN4A:p.I1310N;SCN2A:p.M1879T;SCN5A:p.R1897W;SCN8A:p.A1491V,SCN5A;SCN4A;SCN2A;SCN5A;SCN8A,GOF;GOF;GOF;LOF;GOF
wt_mut_site,5,232,SCN4A:p.T1313A,SCN4A,GOF,0.8,0.3785488958990536,2.1133333333333337,SCN3A:p.T1486I;SCN5A:p.S1787N;SCN5A:p.R1898C;SCN8A:p.R1872W;SCN2A:p.R1882Q,SCN3A;SCN5A;SCN5A;SCN8A;SCN2A,GOF;GOF;LOF;GOF;GOF
wt_mut_site,5,233,SCN4A:p.T1313M,SCN4A,GOF,0.6,0.3785488958990536,1.585,SCN3A:p.T1486I;SCN5A:p.S1787N;SCN5A:p.R1898C;SCN8A:p.R1872W;SCN5A:p.R1897W,SCN3A;SCN5A;SCN5A;SCN8A;SCN5A,GOF;GOF;LOF;GOF;LOF
wt_mut_site,5,234,SCN3A:p.T1486I,SCN3A,GOF,0.8,0.38095238095238093,2.1,SCN4A:p.T1313M;SCN4A:p.T1313A;SCN5A:p.S1787N;SCN5A:p.R1898C;SCN8A:p.R1872W,SCN4A;SCN4A;SCN5A;SCN5A;SCN8A,GOF;GOF;GOF;LOF;GOF
wt_mut_site,5,235,SCN8A:p.A1491V,SCN8A,GOF,0.6,0.3803680981595092,1.5774193548387094,SCN2A:p.M1879T;SCN2A:p.R1882Q;SCN2A:p.R1882G;SCN1A:p.I1498M;SCN5A:p.R1897W,SCN2A;SCN2A;SCN2A;SCN1A;SCN5A,GOF;GOF;GOF;LOF;LOF
wt_mut_site,5,236,SCN5A:p.P1506S,SCN5A,LOF,0.2,0.4869109947643979,0.410752688172043,SCN10A:p.V94G;SCN8A:p.R1872W;SCN2A:p.M1879T;SCN8A:p.R1872L;SCN8A:p.R1872Q,SCN10A;SCN8A;SCN2A;SCN8A;SCN8A,LOF;GOF;GOF;GOF;GOF
wt_mut_site,5,237,SCN5A:p.R1512W,SCN5A,LOF,0.6,0.4869109947643979,1.232258064516129,SCN1A:p.R1525Q;SCN4A:p.R104H;SCN8A:p.R1872W;SCN2A:p.D82G;SCN8A:p.R1872L,SCN1A;SCN4A;SCN8A;SCN2A;SCN8A,LOF;LOF;GOF;LOF;GOF
wt_mut_site,5,238,SCN1A:p.R1525Q,SCN1A,LOF,1.0,0.5609756097560976,1.7826086956521738,SCN5A:p.R1512W;SCN5A:p.R104Q;SCN5A:p.P1506S;SCN4A:p.R104H;SCN5A:p.R104W,SCN5A;SCN5A;SCN5A;SCN4A;SCN5A,LOF;LOF;LOF;LOF;LOF
wt_mut_site,5,239,SCN5A:p.N1541D,SCN5A,LOF,0.2,0.4869109947643979,0.410752688172043,SCN4A:p.N1366S;SCN1A:p.N985I;SCN4A:p.N440K;SCN9A:p.N395K;SCN8A:p.N1768D,SCN4A;SCN1A;SCN4A;SCN9A;SCN8A,GOF;LOF;GOF;GOF;GOF
wt_mut_site,5,240,SCN4A:p.N1366S,SCN4A,GOF,0.2,0.3785488958990536,0.5283333333333334,SCN5A:p.N1541D;SCN5A:p.S1218I;SCN1A:p.N985I;SCN5A:p.N406S;SCN9A:p.N395K,SCN5A;SCN5A;SCN1A;SCN5A;SCN9A,LOF;LOF;LOF;LOF;GOF
wt_mut_site,5,241,SCN1A:p.R1575C,SCN1A,GOF,0.6,0.43902439024390244,1.3666666666666667,SCN10A:p.Y158D;SCN5A:p.R965C;SCN8A:p.R1872W;SCN5A:p.R458C;SCN5A:p.R1898C,SCN10A;SCN5A;SCN8A;SCN5A;SCN5A,GOF;LOF;GOF;GOF;LOF
wt_mut_site,5,242,SCN2A:p.I1571T,SCN2A,GOF,0.6,0.379746835443038,1.5799999999999998,SCN11A:p.I381T;SCN10A:p.L867F;SCN8A:p.G822R;SCN8A:p.A1491V;SCN10A:p.Y158D,SCN11A;SCN10A;SCN8A;SCN8A;SCN10A,GOF;LOF;LOF;GOF;GOF
wt_mut_site,5,243,SCN10A:p.V1518I,SCN10A,LOF,0.6,0.6114457831325302,0.9812807881773398,SCN1A:p.V1611F;SCN5A:p.L136P;SCN5A:p.G752R;SCN5A:p.V1667I;SCN4A:p.M203K,SCN1A;SCN5A;SCN5A;SCN5A;SCN4A,GOF;LOF;LOF;GOF;LOF
wt_mut_site,5,244,SCN1A:p.E1587K,SCN1A,LOF,0.8,0.5609756097560976,1.4260869565217391,SCN5A:p.E1574K;SCN5A:p.D1595N;SCN5A:p.D785N;SCN5A:p.N1541D;SCN4A:p.N1366S,SCN5A;SCN5A;SCN5A;SCN5A;SCN4A,LOF;LOF;LOF;LOF;GOF
wt_mut_site,5,245,SCN5A:p.E1574K,SCN5A,LOF,0.4,0.4869109947643979,0.821505376344086,SCN1A:p.E1587K;SCN4A:p.N1366S;SCN4A:p.N440K;SCN9A:p.N395K;SCN1A:p.R859C,SCN1A;SCN4A;SCN4A;SCN9A;SCN1A,LOF;GOF;GOF;GOF;LOF
wt_mut_site,5,246,SCN1A:p.R1596C,SCN1A,LOF,1.0,0.5609756097560976,1.7826086956521738,SCN5A:p.R1583C;SCN5A:p.G1262S;SCN5A:p.R1644C;SCN8A:p.R1638C;SCN5A:p.R965C,SCN5A;SCN5A;SCN5A;SCN8A;SCN5A,LOF;LOF;LOF;LOF;LOF
wt_mut_site,5,247,SCN5A:p.R1583C,SCN5A,LOF,1.0,0.4869109947643979,2.053763440860215,SCN1A:p.R1596C;SCN1A:p.G177A;SCN1A:p.G177E;SCN1A:p.R1657C;SCN8A:p.R1638C,SCN1A;SCN1A;SCN1A;SCN1A;SCN8A,LOF;LOF;LOF;LOF;LOF
wt_mut_site,5,248,SCN2A:p.Y1589C,SCN2A,GOF,0.0,0.379746835443038,0.0,SCN5A:p.Y1449C;SCN1A:p.F1831S;SCN1A:p.F1765L;SCN5A:p.L1825P;SCN5A:p.R1897W,SCN5A;SCN1A;SCN1A;SCN5A;SCN5A,LOF;LOF;LOF;LOF;LOF
wt_mut_site,5,249,SCN2A:p.F1597L,SCN2A,GOF,0.8,0.379746835443038,2.1066666666666665,SCN1A:p.F1765L;SCN4A:p.F1298C;SCN5A:p.F1473C;SCN5A:p.F1473S;SCN9A:p.F216S,SCN1A;SCN4A;SCN5A;SCN5A;SCN9A,LOF;GOF;GOF;GOF;GOF
wt_mut_site,5,250,SCN5A:p.D1595N,SCN5A,LOF,0.8,0.4869109947643979,1.643010752688172,SCN1A:p.E1587K;SCN4A:p.N1366S;SCN1A:p.R859C;SCN1A:p.N985I;SCN1A:p.R859H,SCN1A;SCN4A;SCN1A;SCN1A;SCN1A,LOF;GOF;LOF;LOF;LOF
wt_mut_site,5,251,SCN1A:p.V1611F,SCN1A,GOF,0.8,0.43902439024390244,1.8222222222222224,SCN10A:p.V1518I;SCN4A:p.I141V;SCN9A:p.I136V;SCN5A:p.I1768V;SCN2A:p.F1597L,SCN10A;SCN4A;SCN9A;SCN5A;SCN2A,LOF;GOF;GOF;GOF;GOF
wt_mut_site,5,252,SCN5A:p.S1609L,SCN5A,GOF,1.0,0.5130890052356021,1.9489795918367347,SCN8A:p.R1872L;SCN8A:p.R1872W;SCN2A:p.R1882Q;SCN2A:p.R1882G;SCN8A:p.R1872Q,SCN8A;SCN8A;SCN2A;SCN2A;SCN8A,GOF;GOF;GOF;GOF;GOF
wt_mut_site,5,253,SCN1A:p.L1624P,SCN1A,GOF,1.0,0.43902439024390244,2.2777777777777777,SCN8A:p.R1872W;SCN5A:p.E1295K;SCN2A:p.R1882Q;SCN2A:p.R1882G;SCN8A:p.R1872Q,SCN8A;SCN5A;SCN2A;SCN2A;SCN8A,GOF;GOF;GOF;GOF;GOF
wt_mut_site,5,254,SCN4A:p.V1442E,SCN4A,LOF,0.4,0.6214511041009464,0.6436548223350254,SCN2A:p.V208E;SCN5A:p.A1294G;SCN5A:p.E1295K;SCN2A:p.M1879T;SCN5A:p.V1378M,SCN2A;SCN5A;SCN5A;SCN2A;SCN5A,GOF;LOF;GOF;GOF;LOF
wt_mut_site,5,255,SCN1A:p.P1632S,SCN1A,LOF,0.6,0.5609756097560976,1.0695652173913042,SCN2A:p.P1622S;SCN5A:p.P1506S;SCN5A:p.E1295K;SCN5A:p.A1294G;SCN5A:p.R18W,SCN2A;SCN5A;SCN5A;SCN5A;SCN5A,LOF;LOF;GOF;LOF;GOF
wt_mut_site,5,256,SCN2A:p.P1622S,SCN2A,LOF,0.6,0.620253164556962,0.9673469387755103,SCN1A:p.P1632S;SCN5A:p.P1506S;SCN5A:p.E1295K;SCN5A:p.A1294G;SCN5A:p.R18W,SCN1A;SCN5A;SCN5A;SCN5A;SCN5A,LOF;LOF;GOF;LOF;GOF
wt_mut_site,5,257,SCN2A:p.T1623N,SCN2A,GOF,0.4,0.379746835443038,1.0533333333333332,SCN5A:p.T1620M;SCN9A:p.S211P;SCN4A:p.V1442E;SCN3A:p.R1621G;SCN1A:p.P1632S,SCN5A;SCN9A;SCN4A;SCN3A;SCN1A,LOF;GOF;LOF;GOF;LOF
wt_mut_site,5,258,SCN5A:p.T1620M,SCN5A,LOF,0.2,0.4869109947643979,0.410752688172043,SCN2A:p.T1623N;SCN9A:p.S211P;SCN3A:p.R1621G;SCN4A:p.V1442E;SCN8A:p.R1617Q,SCN2A;SCN9A;SCN3A;SCN4A;SCN8A,GOF;GOF;GOF;LOF;GOF
wt_mut_site,5,259,SCN3A:p.R1621G,SCN3A,GOF,0.4,0.38095238095238093,1.05,SCN8A:p.R1617Q;SCN5A:p.R1623Q;SCN5A:p.R808C;SCN10A:p.R756W;SCN1A:p.R859H,SCN8A;SCN5A;SCN5A;SCN10A;SCN1A,GOF;GOF;LOF;LOF;LOF
wt_mut_site,5,260,SCN3A:p.R1621Q,SCN3A,GOF,0.4,0.38095238095238093,1.05,SCN8A:p.R1617Q;SCN5A:p.R1623Q;SCN5A:p.R808C;SCN1A:p.R859H;SCN10A:p.R756W,SCN8A;SCN5A;SCN5A;SCN1A;SCN10A,GOF;GOF;LOF;LOF;LOF
wt_mut_site,5,261,SCN5A:p.R1623Q,SCN5A,GOF,0.6,0.5130890052356021,1.1693877551020408,SCN8A:p.R1617Q;SCN3A:p.R1621Q;SCN3A:p.R1621G;SCN10A:p.R756W;SCN1A:p.R859H,SCN8A;SCN3A;SCN3A;SCN10A;SCN1A,GOF;GOF;GOF;LOF;LOF
wt_mut_site,5,262,SCN8A:p.R1617Q,SCN8A,GOF,0.6,0.3803680981595092,1.5774193548387094,SCN3A:p.R1621Q;SCN5A:p.R1623Q;SCN3A:p.R1621G;SCN5A:p.R808C;SCN10A:p.R756W,SCN3A;SCN5A;SCN3A;SCN5A;SCN10A,GOF;GOF;GOF;LOF;LOF
wt_mut_site,5,263,SCN4A:p.R1451C,SCN4A,LOF,0.8,0.6214511041009464,1.2873096446700507,SCN5A:p.R1626P;SCN8A:p.R1620L;SCN5A:p.R811H;SCN5A:p.R1632C;SCN5A:p.R1629Q,SCN5A;SCN8A;SCN5A;SCN5A;SCN5A,GOF;LOF;LOF;LOF;LOF
wt_mut_site,5,264,SCN5A:p.R1626P,SCN5A,GOF,0.0,0.5130890052356021,0.0,SCN4A:p.R1451C;SCN8A:p.R1620L;SCN4A:p.R1451L;SCN4A:p.R672G;SCN4A:p.R672H,SCN4A;SCN8A;SCN4A;SCN4A;SCN4A,LOF;LOF;LOF;LOF;LOF
wt_mut_site,5,265,SCN4A:p.R1451L,SCN4A,LOF,0.6,0.6214511041009464,0.965482233502538,SCN8A:p.R1620L;SCN5A:p.R1626P;SCN5A:p.R811H;SCN5A:p.R1629Q;SCN1A:p.R865G,SCN8A;SCN5A;SCN5A;SCN5A;SCN1A,LOF;GOF;LOF;LOF;GOF
wt_mut_site,5,266,SCN8A:p.R1620L,SCN8A,LOF,0.8,0.6196319018404908,1.2910891089108911,SCN4A:p.R1451L;SCN5A:p.R1626P;SCN4A:p.R1451C;SCN4A:p.R672H;SCN4A:p.R672G,SCN4A;SCN5A;SCN4A;SCN4A;SCN4A,LOF;GOF;LOF;LOF;LOF
wt_mut_site,5,267,SCN8A:p.A1622D,SCN8A,GOF,0.6,0.3803680981595092,1.5774193548387094,SCN5A:p.G1631D;SCN9A:p.F216S;SCN1A:p.I227S;SCN11A:p.L1158P;SCN5A:p.L812Q,SCN5A;SCN9A;SCN1A;SCN11A;SCN5A,GOF;GOF;LOF;GOF;LOF
wt_mut_site,5,268,SCN5A:p.R1629Q,SCN5A,LOF,1.0,0.4869109947643979,2.053763440860215,SCN4A:p.R1454W;SCN4A:p.R1457H;SCN4A:p.R1451L;SCN4A:p.R672H;SCN8A:p.R1620L,SCN4A;SCN4A;SCN4A;SCN4A;SCN8A,LOF;LOF;LOF;LOF;LOF
wt_mut_site,5,269,SCN4A:p.R1454W,SCN4A,LOF,0.6,0.6214511041009464,0.965482233502538,SCN5A:p.R1629Q;SCN5A:p.R1632C;SCN5A:p.R1626P;SCN5A:p.R811H;SCN1A:p.R865G,SCN5A;SCN5A;SCN5A;SCN5A;SCN1A,LOF;LOF;GOF;LOF;GOF
wt_mut_site,5,270,SCN5A:p.G1631D,SCN5A,GOF,0.6,0.5130890052356021,1.1693877551020408,SCN8A:p.A1622D;SCN9A:p.F216S;SCN11A:p.L1158P;SCN1A:p.I227S;SCN1A:p.G1674R,SCN8A;SCN9A;SCN11A;SCN1A;SCN1A,GOF;GOF;GOF;LOF;LOF
wt_mut_site,5,271,SCN5A:p.R1632C,SCN5A,LOF,0.8,0.4869109947643979,1.643010752688172,SCN4A:p.R1457H;SCN4A:p.R1454W;SCN1A:p.R865G;SCN4A:p.R225W;SCN4A:p.R1451C,SCN4A;SCN4A;SCN1A;SCN4A;SCN4A,LOF;LOF;GOF;LOF;LOF
wt_mut_site,5,272,SCN4A:p.R1457H,SCN4A,LOF,0.6,0.6214511041009464,0.965482233502538,SCN5A:p.R1632C;SCN1A:p.R865G;SCN5A:p.R1629Q;SCN5A:p.R811H;SCN5A:p.R225P,SCN5A;SCN1A;SCN5A;SCN5A;SCN5A,LOF;GOF;LOF;LOF;GOF
wt_mut_site,5,273,SCN10A:p.R1588Q,SCN10A,LOF,0.6,0.6114457831325302,0.9812807881773398,SCN5A:p.R1644C;SCN1A:p.R1657C;SCN5A:p.R1644H;SCN8A:p.R1638C;SCN8A:p.R1872Q,SCN5A;SCN1A;SCN5A;SCN8A;SCN8A,LOF;LOF;GOF;LOF;GOF
wt_mut_site,5,274,SCN5A:p.G1642E,SCN5A,LOF,0.2,0.4869109947643979,0.410752688172043,SCN1A:p.T875M;SCN2A:p.T236S;SCN11A:p.G699R;SCN2A:p.T1623N;SCN3A:p.F1646C,SCN1A;SCN2A;SCN11A;SCN2A;SCN3A,LOF;GOF;GOF;GOF;GOF
wt_mut_site,5,275,SCN1A:p.I1656M,SCN1A,LOF,0.6,0.5609756097560976,1.0695652173913042,SCN3A:p.I875T;SCN2A:p.L1330F;SCN9A:p.I234T;SCN3A:p.L247P;SCN5A:p.L839P,SCN3A;SCN2A;SCN9A;SCN3A;SCN5A,GOF;LOF;GOF;LOF;LOF
wt_mut_site,5,276,SCN1A:p.R1657C,SCN1A,LOF,0.6,0.5609756097560976,1.0695652173913042,SCN8A:p.R1638C;SCN5A:p.R1644C;SCN5A:p.R1644H;SCN10A:p.R1588Q;SCN3A:p.F1646C,SCN8A;SCN5A;SCN5A;SCN10A;SCN3A,LOF;LOF;GOF;LOF;GOF
wt_mut_site,5,277,SCN5A:p.R1644C,SCN5A,LOF,0.6,0.4869109947643979,1.232258064516129,SCN8A:p.R1638C;SCN1A:p.R1657C;SCN10A:p.R1588Q;SCN3A:p.F1646C;SCN4A:p.F1473S,SCN8A;SCN1A;SCN10A;SCN3A;SCN4A,LOF;LOF;LOF;GOF;GOF
wt_mut_site,5,278,SCN8A:p.R1638C,SCN8A,LOF,0.6,0.6196319018404908,0.9683168316831683,SCN1A:p.R1657C;SCN5A:p.R1644C;SCN5A:p.R1644H;SCN10A:p.R1588Q;SCN3A:p.F1646C,SCN1A;SCN5A;SCN5A;SCN10A;SCN3A,LOF;LOF;GOF;LOF;GOF
wt_mut_site,5,279,SCN5A:p.R1644H,SCN5A,GOF,0.4,0.5130890052356021,0.7795918367346939,SCN1A:p.R1657C;SCN8A:p.R1638C;SCN10A:p.R1588Q;SCN4A:p.F1473S;SCN3A:p.F1646C,SCN1A;SCN8A;SCN10A;SCN4A;SCN3A,LOF;LOF;LOF;GOF;GOF
wt_mut_site,5,280,SCN3A:p.F1646C,SCN3A,GOF,0.6,0.38095238095238093,1.575,SCN1A:p.F1661L;SCN4A:p.F1473S;SCN5A:p.N1325S;SCN5A:p.R1644C;SCN5A:p.R1898C,SCN1A;SCN4A;SCN5A;SCN5A;SCN5A,GOF;GOF;GOF;LOF;LOF
wt_mut_site,5,281,SCN1A:p.F1661L,SCN1A,GOF,1.0,0.43902439024390244,2.2777777777777777,SCN3A:p.F1646C;SCN4A:p.F1473S;SCN5A:p.N1325S;SCN5A:p.S1609L;SCN8A:p.R1872L,SCN3A;SCN4A;SCN5A;SCN5A;SCN8A,GOF;GOF;GOF;GOF;GOF
wt_mut_site,5,282,SCN4A:p.F1473S,SCN4A,GOF,0.8,0.3785488958990536,2.1133333333333337,SCN3A:p.F1646C;SCN1A:p.F1661L;SCN5A:p.N1325S;SCN5A:p.F93S;SCN11A:p.G699R,SCN3A;SCN1A;SCN5A;SCN5A;SCN11A,GOF;GOF;GOF;LOF;GOF
wt_mut_site,5,283,SCN1A:p.M1664K,SCN1A,LOF,0.2,0.5609756097560976,0.3565217391304348,SCN5A:p.V1328M;SCN5A:p.M1652R;SCN3A:p.F1646C;SCN4A:p.F1473S;SCN4A:p.V1442E,SCN5A;SCN5A;SCN3A;SCN4A;SCN4A,GOF;GOF;GOF;GOF;LOF
wt_mut_site,5,284,SCN5A:p.M1652R,SCN5A,GOF,0.8,0.5130890052356021,1.5591836734693878,SCN1A:p.M1664K;SCN3A:p.F1646C;SCN1A:p.F1661L;SCN4A:p.F1473S;SCN11A:p.G699R,SCN1A;SCN3A;SCN1A;SCN4A;SCN11A,LOF;GOF;GOF;GOF;GOF
wt_mut_site,5,285,SCN2A:p.P1658S,SCN2A,LOF,0.0,0.620253164556962,0.0,SCN4A:p.P1158L;SCN3A:p.P1333L;SCN5A:p.P1332L;SCN11A:p.G699R;SCN4A:p.F1473S,SCN4A;SCN3A;SCN5A;SCN11A;SCN4A,GOF;GOF;GOF;GOF;GOF
wt_mut_site,5,286,SCN5A:p.A1656D,SCN5A,GOF,0.8,0.5130890052356021,1.5591836734693878,SCN2A:p.S1336Y;SCN2A:p.P1658S;SCN4A:p.A1156T;SCN4A:p.P1158L;SCN3A:p.P1333L,SCN2A;SCN2A;SCN4A;SCN4A;SCN3A,GOF;LOF;GOF;GOF;GOF
wt_mut_site,5,287,SCN5A:p.I1660V,SCN5A,LOF,0.4,0.4869109947643979,0.821505376344086,SCN8A:p.I1327V;SCN9A:p.V872G;SCN1A:p.V1353L;SCN11A:p.V1184A;SCN3A:p.L247P,SCN8A;SCN9A;SCN1A;SCN11A;SCN3A,GOF;GOF;LOF;GOF;LOF
wt_mut_site,5,288,SCN1A:p.G1674R,SCN1A,LOF,0.4,0.5609756097560976,0.7130434782608696,SCN5A:p.G1661R;SCN4A:p.T704M;SCN8A:p.L1331V;SCN5A:p.L839P;SCN3A:p.I875T,SCN5A;SCN4A;SCN8A;SCN5A;SCN3A,LOF;GOF;GOF;LOF;GOF
wt_mut_site,5,289,SCN5A:p.G1661R,SCN5A,LOF,0.2,0.4869109947643979,0.410752688172043,SCN1A:p.G1674R;SCN4A:p.T704M;SCN8A:p.L1331V;SCN3A:p.I875T;SCN9A:p.V872G,SCN1A;SCN4A;SCN8A;SCN3A;SCN9A,LOF;GOF;GOF;GOF;GOF
wt_mut_site,5,290,SCN5A:p.V1667I,SCN5A,GOF,0.4,0.5130890052356021,0.7795918367346939,SCN9A:p.V872G;SCN1A:p.V1353L;SCN11A:p.V1184A;SCN1A:p.F902C;SCN1A:p.S259R,SCN9A;SCN1A;SCN11A;SCN1A;SCN1A,GOF;LOF;GOF;LOF;LOF
wt_mut_site,5,291,SCN3A:p.Y1669C,SCN3A,LOF,1.0,0.6190476190476191,1.6153846153846154,SCN5A:p.F851L;SCN5A:p.W1345C;SCN1A:p.F902C;SCN5A:p.Y1449C;SCN1A:p.F1765L,SCN5A;SCN5A;SCN1A;SCN5A;SCN1A,LOF;LOF;LOF;LOF;LOF
wt_mut_site,5,292,SCN1A:p.A1685D,SCN1A,LOF,0.4,0.5609756097560976,0.7130434782608696,SCN5A:p.S1672Y;SCN2A:p.A263V;SCN5A:p.A1330P;SCN8A:p.G269R;SCN5A:p.A1330T,SCN5A;SCN2A;SCN5A;SCN8A;SCN5A,LOF;GOF;GOF;LOF;GOF
wt_mut_site,5,293,SCN1A:p.A1685V,SCN1A,LOF,0.2,0.5609756097560976,0.3565217391304348,SCN5A:p.S1672Y;SCN2A:p.A263V;SCN5A:p.A1330P;SCN5A:p.A1330T;SCN4A:p.A1156T,SCN5A;SCN2A;SCN5A;SCN5A;SCN4A,LOF;GOF;GOF;GOF;GOF
wt_mut_site,5,294,SCN5A:p.S1672Y,SCN5A,LOF,0.8,0.4869109947643979,1.643010752688172,SCN1A:p.A1685D;SCN1A:p.A1685V;SCN2A:p.A263V;SCN8A:p.G269R;SCN1A:p.S259R,SCN1A;SCN1A;SCN2A;SCN8A;SCN1A,LOF;LOF;GOF;LOF;LOF
wt_mut_site,5,295,SCN10A:p.D1639N,SCN10A,LOF,0.6,0.6114457831325302,0.9812807881773398,SCN5A:p.D1690N;SCN2A:p.K908E;SCN9A:p.D623N;SCN2A:p.D12N;SCN5A:p.D84N,SCN5A;SCN2A;SCN9A;SCN2A;SCN5A,LOF;GOF;GOF;LOF;LOF
wt_mut_site,5,296,SCN5A:p.D1690N,SCN5A,LOF,0.6,0.4869109947643979,1.232258064516129,SCN10A:p.D1639N;SCN9A:p.D623N;SCN2A:p.D12N;SCN2A:p.D82G;SCN8A:p.R1872W,SCN10A;SCN9A;SCN2A;SCN2A;SCN8A,LOF;GOF;LOF;LOF;GOF
wt_mut_site,5,297,SCN1A:p.T1709I,SCN1A,LOF,0.4,0.5609756097560976,0.7130434782608696,SCN10A:p.D1639N;SCN5A:p.N1380K;SCN3A:p.T1486I;SCN4A:p.T1313M;SCN4A:p.T1313A,SCN10A;SCN5A;SCN3A;SCN4A;SCN4A,LOF;LOF;GOF;GOF;GOF
wt_mut_site,5,298,SCN5A:p.T1709M,SCN5A,LOF,0.8,0.4869109947643979,1.643010752688172,SCN2A:p.T1420M;SCN10A:p.G1662S;SCN1A:p.T1709I;SCN1A:p.M956T;SCN2A:p.R937C,SCN2A;SCN10A;SCN1A;SCN1A;SCN2A,LOF;GOF;LOF;LOF;LOF
wt_mut_site,5,299,SCN5A:p.G1712C,SCN5A,LOF,0.6,0.4869109947643979,1.232258064516129,SCN10A:p.G1662S;SCN1A:p.H939Q;SCN8A:p.N374K;SCN1A:p.G1421W;SCN1A:p.T1709I,SCN10A;SCN1A;SCN8A;SCN1A;SCN1A,GOF;LOF;GOF;LOF;LOF
wt_mut_site,5,300,SCN10A:p.G1662S,SCN10A,GOF,0.0,0.3885542168674699,0.0,SCN5A:p.G1712C;SCN5A:p.G1420R;SCN5A:p.G1420V;SCN5A:p.D1714G;SCN1A:p.H939Q,SCN5A;SCN5A;SCN5A;SCN5A;SCN1A,LOF;LOF;LOF;LOF;LOF
wt_mut_site,5,301,SCN5A:p.D1714G,SCN5A,LOF,0.2,0.4869109947643979,0.410752688172043,SCN8A:p.N374K;SCN2A:p.K908E;SCN2A:p.D82G;SCN10A:p.R814H;SCN2A:p.R1882G,SCN8A;SCN2A;SCN2A;SCN10A;SCN2A,GOF;GOF;LOF;GOF;GOF
wt_mut_site,5,302,SCN5A:p.N1722D,SCN5A,LOF,0.2,0.4869109947643979,0.410752688172043,SCN8A:p.R1872W;SCN1A:p.E78D;SCN2A:p.K908E;SCN9A:p.Q10R;SCN11A:p.N816K,SCN8A;SCN1A;SCN2A;SCN9A;SCN11A,GOF;LOF;GOF;GOF;GOF
wt_mut_site,5,303,SCN5A:p.P1730H,SCN5A,LOF,0.6,0.4869109947643979,1.232258064516129,SCN1A:p.G1749E;SCN9A:p.Q10R;SCN2A:p.D12N;SCN1A:p.E78D;SCN8A:p.R1872W,SCN1A;SCN9A;SCN2A;SCN1A;SCN8A,LOF;GOF;LOF;LOF;GOF
wt_mut_site,5,304,SCN1A:p.G1749E,SCN1A,LOF,0.4,0.5609756097560976,0.7130434782608696,SCN2A:p.D12N;SCN9A:p.Q10R;SCN5A:p.R18W;SCN5A:p.P1730H;SCN5A:p.P2006A,SCN2A;SCN9A;SCN5A;SCN5A;SCN5A,LOF;GOF;GOF;LOF;GOF
wt_mut_site,5,305,SCN5A:p.G1740R,SCN5A,LOF,0.6,0.4869109947643979,1.232258064516129,SCN1A:p.G1749E;SCN9A:p.Q10R;SCN2A:p.D12N;SCN2A:p.D82G;SCN8A:p.R1872W,SCN1A;SCN9A;SCN2A;SCN2A;SCN8A,LOF;GOF;LOF;LOF;GOF
wt_mut_site,5,306,SCN5A:p.G1743R,SCN5A,LOF,0.6,0.4869109947643979,1.232258064516129,SCN1A:p.G1749E;SCN9A:p.Q10R;SCN2A:p.D12N;SCN8A:p.R1872W;SCN2A:p.D82G,SCN1A;SCN9A;SCN2A;SCN8A;SCN2A,LOF;GOF;LOF;GOF;LOF
wt_mut_site,5,307,SCN5A:p.G1748D,SCN5A,LOF,0.6,0.4869109947643979,1.232258064516129,SCN10A:p.L867F;SCN1A:p.G1421W;SCN1A:p.C959R;SCN8A:p.R1872W;SCN8A:p.R1872Q,SCN10A;SCN1A;SCN1A;SCN8A;SCN8A,LOF;LOF;LOF;GOF;GOF
wt_mut_site,5,308,SCN1A:p.F1765L,SCN1A,LOF,0.2,0.5609756097560976,0.3565217391304348,SCN5A:p.Y1449C;SCN4A:p.F1298C;SCN2A:p.F1597L;SCN5A:p.F1473C;SCN5A:p.F1473S,SCN5A;SCN4A;SCN2A;SCN5A;SCN5A,LOF;GOF;GOF;GOF;GOF
wt_mut_site,5,309,SCN10A:p.I1706V,SCN10A,GOF,1.0,0.3885542168674699,2.5736434108527133,SCN11A:p.I381T;SCN5A:p.I1762A;SCN1A:p.F1774S;SCN5A:p.V1764M;SCN5A:p.I1768V,SCN11A;SCN5A;SCN1A;SCN5A;SCN5A,GOF;GOF;GOF;GOF;GOF
wt_mut_site,5,310,SCN1A:p.F1774S,SCN1A,GOF,0.4,0.43902439024390244,0.9111111111111112,SCN5A:p.N927S;SCN10A:p.I1706V;SCN5A:p.Y1767C;SCN5A:p.L928P;SCN8A:p.V1758A,SCN5A;SCN10A;SCN5A;SCN5A;SCN8A,LOF;GOF;GOF;LOF;LOF
wt_mut_site,5,311,SCN5A:p.I1762A,SCN5A,GOF,0.8,0.5130890052356021,1.5591836734693878,SCN3A:p.V1769A;SCN1A:p.V983A;SCN10A:p.I1706V;SCN8A:p.M1760I;SCN3A:p.M1765I,SCN3A;SCN1A;SCN10A;SCN8A;SCN3A,GOF;LOF;GOF;GOF;GOF
wt_mut_site,5,312,SCN5A:p.V1763M,SCN5A,GOF,0.2,0.5130890052356021,0.38979591836734695,SCN1A:p.V983A;SCN10A:p.L388M;SCN8A:p.V1758A;SCN3A:p.V1769A;SCN1A:p.I1656M,SCN1A;SCN10A;SCN8A;SCN3A;SCN1A,LOF;LOF;LOF;GOF;LOF
wt_mut_site,5,313,SCN8A:p.V1758A,SCN8A,LOF,0.2,0.6196319018404908,0.3227722772277228,SCN5A:p.V1764M;SCN3A:p.V1769A;SCN5A:p.V1763M;SCN1A:p.V983A;SCN5A:p.I1762A,SCN5A;SCN3A;SCN5A;SCN1A;SCN5A,GOF;GOF;GOF;LOF;GOF
wt_mut_site,5,314,SCN5A:p.V1764M,SCN5A,GOF,0.6,0.5130890052356021,1.1693877551020408,SCN8A:p.V1758A;SCN3A:p.V1769A;SCN1A:p.V983A;SCN8A:p.M1760I;SCN3A:p.M1765I,SCN8A;SCN3A;SCN1A;SCN8A;SCN3A,LOF;GOF;LOF;GOF;GOF
wt_mut_site,5,315,SCN3A:p.M1765I,SCN3A,GOF,0.8,0.38095238095238093,2.1,SCN8A:p.M1760I;SCN4A:p.L796V;SCN1A:p.L986F;SCN5A:p.Y1767C;SCN5A:p.I1762A,SCN8A;SCN4A;SCN1A;SCN5A;SCN5A,GOF;GOF;LOF;GOF;GOF
wt_mut_site,5,316,SCN8A:p.M1760I,SCN8A,GOF,0.8,0.3803680981595092,2.1032258064516127,SCN3A:p.M1765I;SCN1A:p.L986F;SCN4A:p.L796V;SCN5A:p.Y1767C;SCN5A:p.I1762A,SCN3A;SCN1A;SCN4A;SCN5A;SCN5A,GOF;LOF;GOF;GOF;GOF
wt_mut_site,5,317,SCN5A:p.Y1767C,SCN5A,GOF,0.8,0.5130890052356021,1.5591836734693878,SCN8A:p.M1760I;SCN3A:p.M1765I;SCN4A:p.F1298C;SCN1A:p.Y426N;SCN1A:p.F1774S,SCN8A;SCN3A;SCN4A;SCN1A;SCN1A,GOF;GOF;GOF;LOF;GOF
wt_mut_site,5,318,SCN5A:p.I1768V,SCN5A,GOF,1.0,0.5130890052356021,1.9489795918367347,SCN3A:p.V1769A;SCN2A:p.I1473M;SCN4A:p.I141V;SCN9A:p.I136V;SCN4A:p.L796V,SCN3A;SCN2A;SCN4A;SCN9A;SCN4A,GOF;GOF;GOF;GOF;GOF
wt_mut_site,5,319,SCN2A:p.A1773T,SCN2A,LOF,0.2,0.620253164556962,0.32244897959183677,SCN3A:p.V1769A;SCN5A:p.A735T;SCN9A:p.V400M;SCN4A:p.V445M;SCN5A:p.V411M,SCN3A;SCN5A;SCN9A;SCN4A;SCN5A,GOF;LOF;GOF;GOF;GOF
wt_mut_site,5,320,SCN3A:p.V1769A,SCN3A,GOF,1.0,0.38095238095238093,2.625,SCN4A:p.V1293I;SCN9A:p.V400M;SCN5A:p.V411M;SCN4A:p.V445M;SCN2A:p.V423L,SCN4A;SCN9A;SCN5A;SCN4A;SCN2A,GOF;GOF;GOF;GOF;GOF
wt_mut_site,5,321,SCN5A:p.N1774D,SCN5A,GOF,0.8,0.5130890052356021,1.5591836734693878,SCN8A:p.N1768D;SCN4A:p.N1297S;SCN4A:p.N1297K;SCN11A:p.N816K;SCN1A:p.N985I,SCN8A;SCN4A;SCN4A;SCN11A;SCN1A,GOF;GOF;GOF;GOF;LOF
wt_mut_site,5,322,SCN8A:p.N1768D,SCN8A,GOF,1.0,0.3803680981595092,2.629032258064516,SCN5A:p.N1774D;SCN4A:p.N1297S;SCN4A:p.N1297K;SCN5A:p.S941N;SCN5A:p.N1325S,SCN5A;SCN4A;SCN4A;SCN5A;SCN5A,GOF;GOF;GOF;GOF;GOF
wt_mut_site,5,323,SCN5A:p.S1787N,SCN5A,GOF,0.8,0.5130890052356021,1.5591836734693878,SCN8A:p.R1872W;SCN2A:p.D12N;SCN2A:p.R1882Q;SCN8A:p.R1872Q;SCN8A:p.R1872L,SCN8A;SCN2A;SCN2A;SCN8A;SCN8A,GOF;LOF;GOF;GOF;GOF
wt_mut_site,5,324,SCN5A:p.Y1795C,SCN5A,GOF,1.0,0.5130890052356021,1.9489795918367347,SCN8A:p.R1872W;SCN2A:p.R1882Q;SCN8A:p.R1872Q;SCN2A:p.R1882G;SCN2A:p.M1879T,SCN8A;SCN2A;SCN8A;SCN2A;SCN2A,GOF;GOF;GOF;GOF;GOF
wt_mut_site,5,325,SCN5A:p.Y1795H,SCN5A,LOF,0.0,0.4869109947643979,0.0,SCN8A:p.R1872W;SCN2A:p.R1882Q;SCN8A:p.R1872Q;SCN2A:p.R1882G;SCN2A:p.M1879T,SCN8A;SCN2A;SCN8A;SCN2A;SCN2A,GOF;GOF;GOF;GOF;GOF
wt_mut_site,5,326,SCN2A:p.E1803G,SCN2A,GOF,0.4,0.379746835443038,1.0533333333333332,SCN5A:p.Y1795C;SCN5A:p.Y1795H;SCN8A:p.R1872W;SCN5A:p.E746K;SCN5A:p.R1898C,SCN5A;SCN5A;SCN8A;SCN5A;SCN5A,GOF;LOF;GOF;LOF;LOF
wt_mut_site,5,327,SCN4A:p.Q1633E,SCN4A,GOF,0.8,0.3785488958990536,2.1133333333333337,SCN5A:p.Q1832E;SCN8A:p.R1872W;SCN2A:p.R1882Q;SCN8A:p.R1872L;SCN2A:p.M1879T,SCN5A;SCN8A;SCN2A;SCN8A;SCN2A,LOF;GOF;GOF;GOF;GOF
wt_mut_site,5,328,SCN1A:p.F1831S,SCN1A,LOF,0.6,0.5609756097560976,1.0695652173913042,SCN5A:p.L1825P;SCN2A:p.M1879T;SCN5A:p.F1486L;SCN5A:p.V1378M;SCN5A:p.C1850S,SCN5A;SCN2A;SCN5A;SCN5A;SCN5A,LOF;GOF;GOF;LOF;LOF
wt_mut_site,5,329,SCN5A:p.L1825P,SCN5A,LOF,0.2,0.4869109947643979,0.410752688172043,SCN2A:p.M1879T;SCN1A:p.F1499L;SCN8A:p.R1872W;SCN1A:p.F1831S;SCN8A:p.R1872L,SCN2A;SCN1A;SCN8A;SCN1A;SCN8A,GOF;GOF;GOF;LOF;GOF
wt_mut_site,5,330,SCN5A:p.Q1832E,SCN5A,LOF,0.0,0.4869109947643979,0.0,SCN8A:p.R1872W;SCN9A:p.Q10R;SCN2A:p.R1882Q;SCN8A:p.R1872Q;SCN2A:p.R1882G,SCN8A;SCN9A;SCN2A;SCN8A;SCN2A,GOF;GOF;GOF;GOF;GOF
wt_mut_site,5,331,SCN5A:p.C1850S,SCN5A,LOF,0.0,0.4869109947643979,0.0,SCN2A:p.M1879T;SCN8A:p.R1872W;SCN2A:p.R1882Q;SCN8A:p.R1872Q;SCN2A:p.R1882G,SCN2A;SCN8A;SCN2A;SCN8A;SCN2A,GOF;GOF;GOF;GOF;GOF
wt_mut_site,5,332,SCN1A:p.D1866Y,SCN1A,GOF,0.8,0.43902439024390244,1.8222222222222224,SCN8A:p.R1872W;SCN2A:p.D82G;SCN5A:p.R18W;SCN2A:p.R1882Q;SCN8A:p.R1872Q,SCN8A;SCN2A;SCN5A;SCN2A;SCN8A,GOF;LOF;GOF;GOF;GOF
wt_mut_site,5,333,SCN2A:p.M1879T,SCN2A,GOF,0.8,0.379746835443038,2.1066666666666665,SCN8A:p.R1872W;SCN8A:p.R1872Q;SCN8A:p.R1872L;SCN5A:p.R1897W;SCN5A:p.R18W,SCN8A;SCN8A;SCN8A;SCN5A;SCN5A,GOF;GOF;GOF;LOF;GOF
wt_mut_site,5,334,SCN8A:p.R1872L,SCN8A,GOF,0.8,0.3803680981595092,2.1032258064516127,SCN2A:p.R1882Q;SCN2A:p.R1882G;SCN5A:p.R27H;SCN5A:p.R18W;SCN2A:p.M1879T,SCN2A;SCN2A;SCN5A;SCN5A;SCN2A,GOF;GOF;LOF;GOF;GOF
wt_mut_site,5,335,SCN2A:p.R1882G,SCN2A,GOF,0.8,0.379746835443038,2.1066666666666665,SCN8A:p.R1872W;SCN8A:p.R1872Q;SCN8A:p.R1872L;SCN5A:p.R27H;SCN5A:p.R18W,SCN8A;SCN8A;SCN8A;SCN5A;SCN5A,GOF;GOF;GOF;LOF;GOF
wt_mut_site,5,336,SCN2A:p.R1882Q,SCN2A,GOF,0.8,0.379746835443038,2.1066666666666665,SCN8A:p.R1872Q;SCN8A:p.R1872W;SCN8A:p.R1872L;SCN5A:p.R27H;SCN5A:p.R18W,SCN8A;SCN8A;SCN8A;SCN5A;SCN5A,GOF;GOF;GOF;LOF;GOF
wt_mut_site,5,337,SCN8A:p.R1872Q,SCN8A,GOF,0.8,0.3803680981595092,2.1032258064516127,SCN2A:p.R1882Q;SCN2A:p.R1882G;SCN5A:p.R27H;SCN5A:p.R18W;SCN2A:p.M1879T,SCN2A;SCN2A;SCN5A;SCN5A;SCN2A,GOF;GOF;LOF;GOF;GOF
wt_mut_site,5,338,SCN8A:p.R1872W,SCN8A,GOF,0.8,0.3803680981595092,2.1032258064516127,SCN2A:p.R1882Q;SCN2A:p.R1882G;SCN5A:p.R27H;SCN5A:p.R18W;SCN2A:p.M1879T,SCN2A;SCN2A;SCN5A;SCN5A;SCN2A,GOF;GOF;LOF;GOF;GOF
wt_mut_site,5,339,SCN5A:p.R1897W,SCN5A,LOF,0.0,0.4869109947643979,0.0,SCN8A:p.R1872W;SCN2A:p.R1882Q;SCN8A:p.R1872Q;SCN8A:p.R1872L;SCN2A:p.R1882G,SCN8A;SCN2A;SCN8A;SCN8A;SCN2A,GOF;GOF;GOF;GOF;GOF
wt_mut_site,5,340,SCN5A:p.R1898C,SCN5A,LOF,0.0,0.4869109947643979,0.0,SCN8A:p.R1872W;SCN8A:p.R1872L;SCN8A:p.R1872Q;SCN2A:p.R1882Q;SCN2A:p.R1882G,SCN8A;SCN8A;SCN8A;SCN2A;SCN2A,GOF;GOF;GOF;GOF;GOF
wt_mut_site,5,341,SCN1A:p.Q1923R,SCN1A,LOF,0.4,0.5609756097560976,0.7130434782608696,SCN5A:p.R1897W;SCN9A:p.Q10R;SCN5A:p.R1898C;SCN2A:p.R1882Q;SCN8A:p.R1872W,SCN5A;SCN9A;SCN5A;SCN2A;SCN8A,LOF;GOF;LOF;GOF;GOF
wt_mut_site,5,342,SCN1A:p.R1927G,SCN1A,LOF,0.6,0.5609756097560976,1.0695652173913042,SCN5A:p.R1897W;SCN2A:p.R1882G;SCN5A:p.R1898C;SCN8A:p.R1872W;SCN4A:p.R104H,SCN5A;SCN2A;SCN5A;SCN8A;SCN4A,LOF;GOF;LOF;GOF;LOF
wt_mut_site,5,343,SCN1A:p.T1934I,SCN1A,LOF,0.4,0.5609756097560976,0.7130434782608696,SCN5A:p.R18W;SCN8A:p.R1872W;SCN8A:p.R1872L;SCN5A:p.R27H;SCN5A:p.R1897W,SCN5A;SCN8A;SCN8A;SCN5A;SCN5A,GOF;GOF;GOF;LOF;LOF
wt_mut_site,5,344,SCN10A:p.A1886V,SCN10A,GOF,0.8,0.3885542168674699,2.0589147286821707,SCN5A:p.A551T;SCN5A:p.P2006A;SCN5A:p.R569W;SCN5A:p.R458C;SCN5A:p.R18W,SCN5A;SCN5A;SCN5A;SCN5A;SCN5A,LOF;GOF;GOF;GOF;GOF
wt_mut_site,5,345,SCN5A:p.I1968S,SCN5A,LOF,0.2,0.4869109947643979,0.410752688172043,SCN10A:p.L554P;SCN9A:p.Q10R;SCN2A:p.D12N;SCN9A:p.D623N;SCN10A:p.A1886V,SCN10A;SCN9A;SCN2A;SCN9A;SCN10A,GOF;GOF;LOF;GOF;GOF
wt_mut_site,5,346,SCN5A:p.F2004L,SCN5A,LOF,0.2,0.4869109947643979,0.410752688172043,SCN10A:p.L554P;SCN10A:p.A1886V;SCN9A:p.Q10R;SCN2A:p.D12N;SCN8A:p.R1872L,SCN10A;SCN10A;SCN9A;SCN2A;SCN8A,GOF;GOF;GOF;LOF;GOF
wt_mut_site,5,347,SCN5A:p.P2006A,SCN5A,GOF,0.8,0.5130890052356021,1.5591836734693878,SCN9A:p.Q10R;SCN2A:p.D12N;SCN10A:p.L554P;SCN10A:p.A1886V;SCN9A:p.D623N,SCN9A;SCN2A;SCN10A;SCN10A;SCN9A,GOF;LOF;GOF;GOF;GOF
