variant_index,query_gene,k,true_label,gof_score,pred_label,correct,setting,feature_set
0,SCN9A,1,1,0.0,0,0,global_all_348_cross_gene,wt_site
0,SCN9A,3,1,0.6666666666666666,1,1,global_all_348_cross_gene,wt_site
0,SCN9A,5,1,0.6,1,1,global_all_348_cross_gene,wt_site
1,SCN2A,1,0,1.0,1,0,global_all_348_cross_gene,wt_site
1,SCN2A,3,0,0.6666666666666666,1,0,global_all_348_cross_gene,wt_site
1,SCN2A,5,0,0.8,1,0,global_all_348_cross_gene,wt_site
2,SCN5A,1,1,1.0,1,1,global_all_348_cross_gene,wt_site
2,SCN5A,3,1,1.0,1,1,global_all_348_cross_gene,wt_site
2,SCN5A,5,1,0.8,1,1,global_all_348_cross_gene,wt_site
3,SCN5A,1,0,1.0,1,0,global_all_348_cross_gene,wt_site
3,SCN5A,3,0,1.0,1,0,global_all_348_cross_gene,wt_site
3,SCN5A,5,0,1.0,1,0,global_all_348_cross_gene,wt_site
4,SCN1A,1,0,0.0,0,1,global_all_348_cross_gene,wt_site
4,SCN1A,3,0,0.0,0,1,global_all_348_cross_gene,wt_site
4,SCN1A,5,0,0.4,0,1,global_all_348_cross_gene,wt_site
5,SCN5A,1,0,0.0,0,1,global_all_348_cross_gene,wt_site
5,SCN5A,3,0,0.3333333333333333,0,1,global_all_348_cross_gene,wt_site
5,SCN5A,5,0,0.4,0,1,global_all_348_cross_gene,wt_site
6,SCN2A,1,0,0.0,0,1,global_all_348_cross_gene,wt_site
6,SCN2A,3,0,0.3333333333333333,0,1,global_all_348_cross_gene,wt_site
6,SCN2A,5,0,0.6,1,0,global_all_348_cross_gene,wt_site
7,SCN5A,1,0,0.0,0,1,global_all_348_cross_gene,wt_site
7,SCN5A,3,0,0.3333333333333333,0,1,global_all_348_cross_gene,wt_site
7,SCN5A,5,0,0.2,0,1,global_all_348_cross_gene,wt_site
8,SCN10A,1,0,0.0,0,1,global_all_348_cross_gene,wt_site
8,SCN10A,3,0,0.3333333333333333,0,1,global_all_348_cross_gene,wt_site
8,SCN10A,5,0,0.2,0,1,global_all_348_cross_gene,wt_site
9,SCN4A,1,0,0.0,0,1,global_all_348_cross_gene,wt_site
9,SCN4A,3,0,0.0,0,1,global_all_348_cross_gene,wt_site
9,SCN4A,5,0,0.4,0,1,global_all_348_cross_gene,wt_site
10,SCN5A,1,0,0.0,0,1,global_all_348_cross_gene,wt_site
10,SCN5A,3,0,0.3333333333333333,0,1,global_all_348_cross_gene,wt_site
10,SCN5A,5,0,0.6,1,0,global_all_348_cross_gene,wt_site
11,SCN5A,1,0,0.0,0,1,global_all_348_cross_gene,wt_site
11,SCN5A,3,0,0.3333333333333333,0,1,global_all_348_cross_gene,wt_site
11,SCN5A,5,0,0.6,1,0,global_all_348_cross_gene,wt_site
12,SCN5A,1,0,0.0,0,1,global_all_348_cross_gene,wt_site
12,SCN5A,3,0,0.3333333333333333,0,1,global_all_348_cross_gene,wt_site
12,SCN5A,5,0,0.6,1,0,global_all_348_cross_gene,wt_site
13,SCN5A,1,0,1.0,1,0,global_all_348_cross_gene,wt_site
13,SCN5A,3,0,0.6666666666666666,1,0,global_all_348_cross_gene,wt_site
13,SCN5A,5,0,0.4,0,1,global_all_348_cross_gene,wt_site
14,SCN5A,1,1,0.0,0,0,global_all_348_cross_gene,wt_site
14,SCN5A,3,1,0.3333333333333333,0,0,global_all_348_cross_gene,wt_site
14,SCN5A,5,1,0.6,1,1,global_all_348_cross_gene,wt_site
15,SCN5A,1,0,0.0,0,1,global_all_348_cross_gene,wt_site
15,SCN5A,3,0,0.6666666666666666,1,0,global_all_348_cross_gene,wt_site
15,SCN5A,5,0,0.8,1,0,global_all_348_cross_gene,wt_site
16,SCN5A,1,0,1.0,1,0,global_all_348_cross_gene,wt_site
16,SCN5A,3,0,0.6666666666666666,1,0,global_all_348_cross_gene,wt_site
16,SCN5A,5,0,0.6,1,0,global_all_348_cross_gene,wt_site
17,SCN8A,1,1,1.0,1,1,global_all_348_cross_gene,wt_site
17,SCN8A,3,1,0.6666666666666666,1,1,global_all_348_cross_gene,wt_site
17,SCN8A,5,1,0.6,1,1,global_all_348_cross_gene,wt_site
18,SCN4A,1,1,1.0,1,1,global_all_348_cross_gene,wt_site
18,SCN4A,3,1,1.0,1,1,global_all_348_cross_gene,wt_site
18,SCN4A,5,1,0.8,1,1,global_all_348_cross_gene,wt_site
19,SCN9A,1,1,1.0,1,1,global_all_348_cross_gene,wt_site
19,SCN9A,3,1,1.0,1,1,global_all_348_cross_gene,wt_site
19,SCN9A,5,1,0.8,1,1,global_all_348_cross_gene,wt_site
20,SCN1A,1,0,0.0,0,1,global_all_348_cross_gene,wt_site
20,SCN1A,3,0,0.0,0,1,global_all_348_cross_gene,wt_site
20,SCN1A,5,0,0.2,0,1,global_all_348_cross_gene,wt_site
21,SCN5A,1,0,0.0,0,1,global_all_348_cross_gene,wt_site
21,SCN5A,3,0,0.3333333333333333,0,1,global_all_348_cross_gene,wt_site
21,SCN5A,5,0,0.6,1,0,global_all_348_cross_gene,wt_site
22,SCN10A,1,1,1.0,1,1,global_all_348_cross_gene,wt_site
22,SCN10A,3,1,0.3333333333333333,0,0,global_all_348_cross_gene,wt_site
22,SCN10A,5,1,0.6,1,1,global_all_348_cross_gene,wt_site
23,SCN5A,1,0,0.0,0,1,global_all_348_cross_gene,wt_site
23,SCN5A,3,0,0.6666666666666666,1,0,global_all_348_cross_gene,wt_site
23,SCN5A,5,0,0.6,1,0,global_all_348_cross_gene,wt_site
24,SCN5A,1,0,0.0,0,1,global_all_348_cross_gene,wt_site
24,SCN5A,3,0,0.3333333333333333,0,1,global_all_348_cross_gene,wt_site
24,SCN5A,5,0,0.2,0,1,global_all_348_cross_gene,wt_site
25,SCN1A,1,0,0.0,0,1,global_all_348_cross_gene,wt_site
25,SCN1A,3,0,0.0,0,1,global_all_348_cross_gene,wt_site
25,SCN1A,5,0,0.0,0,1,global_all_348_cross_gene,wt_site
26,SCN1A,1,0,0.0,0,1,global_all_348_cross_gene,wt_site
26,SCN1A,3,0,0.0,0,1,global_all_348_cross_gene,wt_site
26,SCN1A,5,0,0.0,0,1,global_all_348_cross_gene,wt_site
27,SCN5A,1,0,1.0,1,0,global_all_348_cross_gene,wt_site
27,SCN5A,3,0,1.0,1,0,global_all_348_cross_gene,wt_site
27,SCN5A,5,0,0.8,1,0,global_all_348_cross_gene,wt_site
28,SCN4A,1,0,1.0,1,0,global_all_348_cross_gene,wt_site
28,SCN4A,3,0,1.0,1,0,global_all_348_cross_gene,wt_site
28,SCN4A,5,0,0.8,1,0,global_all_348_cross_gene,wt_site
29,SCN2A,1,1,1.0,1,1,global_all_348_cross_gene,wt_site
29,SCN2A,3,1,0.3333333333333333,0,0,global_all_348_cross_gene,wt_site
29,SCN2A,5,1,0.4,0,0,global_all_348_cross_gene,wt_site
30,SCN9A,1,1,1.0,1,1,global_all_348_cross_gene,wt_site
30,SCN9A,3,1,0.3333333333333333,0,0,global_all_348_cross_gene,wt_site
30,SCN9A,5,1,0.4,0,0,global_all_348_cross_gene,wt_site
31,SCN11A,1,1,0.0,0,0,global_all_348_cross_gene,wt_site
31,SCN11A,3,1,0.0,0,0,global_all_348_cross_gene,wt_site
31,SCN11A,5,1,0.0,0,0,global_all_348_cross_gene,wt_site
32,SCN9A,1,1,1.0,1,1,global_all_348_cross_gene,wt_site
32,SCN9A,3,1,1.0,1,1,global_all_348_cross_gene,wt_site
32,SCN9A,5,1,1.0,1,1,global_all_348_cross_gene,wt_site
33,SCN8A,1,0,0.0,0,1,global_all_348_cross_gene,wt_site
33,SCN8A,3,0,0.0,0,1,global_all_348_cross_gene,wt_site
33,SCN8A,5,0,0.2,0,1,global_all_348_cross_gene,wt_site
34,SCN5A,1,0,1.0,1,0,global_all_348_cross_gene,wt_site
34,SCN5A,3,0,0.6666666666666666,1,0,global_all_348_cross_gene,wt_site
34,SCN5A,5,0,0.6,1,0,global_all_348_cross_gene,wt_site
35,SCN4A,1,0,0.0,0,1,global_all_348_cross_gene,wt_site
35,SCN4A,3,0,0.6666666666666666,1,0,global_all_348_cross_gene,wt_site
35,SCN4A,5,0,0.4,0,1,global_all_348_cross_gene,wt_site
36,SCN5A,1,0,0.0,0,1,global_all_348_cross_gene,wt_site
36,SCN5A,3,0,0.3333333333333333,0,1,global_all_348_cross_gene,wt_site
36,SCN5A,5,0,0.2,0,1,global_all_348_cross_gene,wt_site
37,SCN5A,1,1,0.0,0,0,global_all_348_cross_gene,wt_site
37,SCN5A,3,1,0.3333333333333333,0,0,global_all_348_cross_gene,wt_site
37,SCN5A,5,1,0.2,0,0,global_all_348_cross_gene,wt_site
38,SCN5A,1,0,1.0,1,0,global_all_348_cross_gene,wt_site
38,SCN5A,3,0,1.0,1,0,global_all_348_cross_gene,wt_site
38,SCN5A,5,0,1.0,1,0,global_all_348_cross_gene,wt_site
39,SCN1A,1,0,1.0,1,0,global_all_348_cross_gene,wt_site
39,SCN1A,3,0,1.0,1,0,global_all_348_cross_gene,wt_site
39,SCN1A,5,0,1.0,1,0,global_all_348_cross_gene,wt_site
40,SCN9A,1,1,0.0,0,0,global_all_348_cross_gene,wt_site
40,SCN9A,3,1,0.3333333333333333,0,0,global_all_348_cross_gene,wt_site
40,SCN9A,5,1,0.6,1,1,global_all_348_cross_gene,wt_site
41,SCN2A,1,1,0.0,0,0,global_all_348_cross_gene,wt_site
41,SCN2A,3,1,0.3333333333333333,0,0,global_all_348_cross_gene,wt_site
41,SCN2A,5,1,0.6,1,1,global_all_348_cross_gene,wt_site
42,SCN9A,1,1,0.0,0,0,global_all_348_cross_gene,wt_site
42,SCN9A,3,1,0.0,0,0,global_all_348_cross_gene,wt_site
42,SCN9A,5,1,0.4,0,0,global_all_348_cross_gene,wt_site
43,SCN9A,1,1,1.0,1,1,global_all_348_cross_gene,wt_site
43,SCN9A,3,1,1.0,1,1,global_all_348_cross_gene,wt_site
43,SCN9A,5,1,1.0,1,1,global_all_348_cross_gene,wt_site
44,SCN10A,1,1,1.0,1,1,global_all_348_cross_gene,wt_site
44,SCN10A,3,1,1.0,1,1,global_all_348_cross_gene,wt_site
44,SCN10A,5,1,0.8,1,1,global_all_348_cross_gene,wt_site
45,SCN3A,1,0,0.0,0,1,global_all_348_cross_gene,wt_site
45,SCN3A,3,0,0.3333333333333333,0,1,global_all_348_cross_gene,wt_site
45,SCN3A,5,0,0.6,1,0,global_all_348_cross_gene,wt_site
46,SCN1A,1,0,1.0,1,0,global_all_348_cross_gene,wt_site
46,SCN1A,3,0,1.0,1,0,global_all_348_cross_gene,wt_site
46,SCN1A,5,0,1.0,1,0,global_all_348_cross_gene,wt_site
47,SCN1A,1,0,0.0,0,1,global_all_348_cross_gene,wt_site
47,SCN1A,3,0,0.0,0,1,global_all_348_cross_gene,wt_site
47,SCN1A,5,0,0.4,0,1,global_all_348_cross_gene,wt_site
48,SCN2A,1,1,0.0,0,0,global_all_348_cross_gene,wt_site
48,SCN2A,3,1,0.0,0,0,global_all_348_cross_gene,wt_site
48,SCN2A,5,1,0.0,0,0,global_all_348_cross_gene,wt_site
49,SCN1A,1,1,1.0,1,1,global_all_348_cross_gene,wt_site
49,SCN1A,3,1,0.3333333333333333,0,0,global_all_348_cross_gene,wt_site
49,SCN1A,5,1,0.6,1,1,global_all_348_cross_gene,wt_site
50,SCN8A,1,0,0.0,0,1,global_all_348_cross_gene,wt_site
50,SCN8A,3,0,0.3333333333333333,0,1,global_all_348_cross_gene,wt_site
50,SCN8A,5,0,0.2,0,1,global_all_348_cross_gene,wt_site
51,SCN5A,1,0,0.0,0,1,global_all_348_cross_gene,wt_site
51,SCN5A,3,0,0.6666666666666666,1,0,global_all_348_cross_gene,wt_site
51,SCN5A,5,0,0.6,1,0,global_all_348_cross_gene,wt_site
52,SCN5A,1,0,1.0,1,0,global_all_348_cross_gene,wt_site
52,SCN5A,3,0,1.0,1,0,global_all_348_cross_gene,wt_site
52,SCN5A,5,0,1.0,1,0,global_all_348_cross_gene,wt_site
53,SCN5A,1,0,1.0,1,0,global_all_348_cross_gene,wt_site
53,SCN5A,3,0,1.0,1,0,global_all_348_cross_gene,wt_site
53,SCN5A,5,0,1.0,1,0,global_all_348_cross_gene,wt_site
54,SCN1A,1,0,0.0,0,1,global_all_348_cross_gene,wt_site
54,SCN1A,3,0,0.0,0,1,global_all_348_cross_gene,wt_site
54,SCN1A,5,0,0.2,0,1,global_all_348_cross_gene,wt_site
55,SCN5A,1,0,0.0,0,1,global_all_348_cross_gene,wt_site
55,SCN5A,3,0,0.6666666666666666,1,0,global_all_348_cross_gene,wt_site
55,SCN5A,5,0,0.8,1,0,global_all_348_cross_gene,wt_site
56,SCN5A,1,0,0.0,0,1,global_all_348_cross_gene,wt_site
56,SCN5A,3,0,0.0,0,1,global_all_348_cross_gene,wt_site
56,SCN5A,5,0,0.2,0,1,global_all_348_cross_gene,wt_site
57,SCN5A,1,0,0.0,0,1,global_all_348_cross_gene,wt_site
57,SCN5A,3,0,0.3333333333333333,0,1,global_all_348_cross_gene,wt_site
57,SCN5A,5,0,0.4,0,1,global_all_348_cross_gene,wt_site
58,SCN3A,1,1,1.0,1,1,global_all_348_cross_gene,wt_site
58,SCN3A,3,1,0.3333333333333333,0,0,global_all_348_cross_gene,wt_site
58,SCN3A,5,1,0.6,1,1,global_all_348_cross_gene,wt_site
59,SCN4A,1,0,0.0,0,1,global_all_348_cross_gene,wt_site
59,SCN4A,3,0,0.0,0,1,global_all_348_cross_gene,wt_site
59,SCN4A,5,0,0.2,0,1,global_all_348_cross_gene,wt_site
60,SCN5A,1,0,0.0,0,1,global_all_348_cross_gene,wt_site
60,SCN5A,3,0,0.3333333333333333,0,1,global_all_348_cross_gene,wt_site
60,SCN5A,5,0,0.2,0,1,global_all_348_cross_gene,wt_site
61,SCN5A,1,0,0.0,0,1,global_all_348_cross_gene,wt_site
61,SCN5A,3,0,0.0,0,1,global_all_348_cross_gene,wt_site
61,SCN5A,5,0,0.0,0,1,global_all_348_cross_gene,wt_site
62,SCN5A,1,0,1.0,1,0,global_all_348_cross_gene,wt_site
62,SCN5A,3,0,0.3333333333333333,0,1,global_all_348_cross_gene,wt_site
62,SCN5A,5,0,0.4,0,1,global_all_348_cross_gene,wt_site
63,SCN5A,1,0,0.0,0,1,global_all_348_cross_gene,wt_site
63,SCN5A,3,0,0.0,0,1,global_all_348_cross_gene,wt_site
63,SCN5A,5,0,0.0,0,1,global_all_348_cross_gene,wt_site
64,SCN2A,1,0,0.0,0,1,global_all_348_cross_gene,wt_site
64,SCN2A,3,0,0.0,0,1,global_all_348_cross_gene,wt_site
64,SCN2A,5,0,0.0,0,1,global_all_348_cross_gene,wt_site
65,SCN5A,1,0,0.0,0,1,global_all_348_cross_gene,wt_site
65,SCN5A,3,0,0.0,0,1,global_all_348_cross_gene,wt_site
65,SCN5A,5,0,0.0,0,1,global_all_348_cross_gene,wt_site
66,SCN5A,1,0,0.0,0,1,global_all_348_cross_gene,wt_site
66,SCN5A,3,0,0.0,0,1,global_all_348_cross_gene,wt_site
66,SCN5A,5,0,0.0,0,1,global_all_348_cross_gene,wt_site
67,SCN5A,1,0,0.0,0,1,global_all_348_cross_gene,wt_site
67,SCN5A,3,0,0.3333333333333333,0,1,global_all_348_cross_gene,wt_site
67,SCN5A,5,0,0.4,0,1,global_all_348_cross_gene,wt_site
68,SCN5A,1,0,1.0,1,0,global_all_348_cross_gene,wt_site
68,SCN5A,3,0,0.6666666666666666,1,0,global_all_348_cross_gene,wt_site
68,SCN5A,5,0,0.4,0,1,global_all_348_cross_gene,wt_site
69,SCN5A,1,0,1.0,1,0,global_all_348_cross_gene,wt_site
69,SCN5A,3,0,1.0,1,0,global_all_348_cross_gene,wt_site
69,SCN5A,5,0,1.0,1,0,global_all_348_cross_gene,wt_site
70,SCN8A,1,1,0.0,0,0,global_all_348_cross_gene,wt_site
70,SCN8A,3,1,0.0,0,0,global_all_348_cross_gene,wt_site
70,SCN8A,5,1,0.0,0,0,global_all_348_cross_gene,wt_site
71,SCN1A,1,0,0.0,0,1,global_all_348_cross_gene,wt_site
71,SCN1A,3,0,0.0,0,1,global_all_348_cross_gene,wt_site
71,SCN1A,5,0,0.0,0,1,global_all_348_cross_gene,wt_site
72,SCN5A,1,0,0.0,0,1,global_all_348_cross_gene,wt_site
72,SCN5A,3,0,0.6666666666666666,1,0,global_all_348_cross_gene,wt_site
72,SCN5A,5,0,0.4,0,1,global_all_348_cross_gene,wt_site
73,SCN11A,1,1,1.0,1,1,global_all_348_cross_gene,wt_site
73,SCN11A,3,1,0.6666666666666666,1,1,global_all_348_cross_gene,wt_site
73,SCN11A,5,1,0.6,1,1,global_all_348_cross_gene,wt_site
74,SCN5A,1,0,0.0,0,1,global_all_348_cross_gene,wt_site
74,SCN5A,3,0,0.3333333333333333,0,1,global_all_348_cross_gene,wt_site
74,SCN5A,5,0,0.4,0,1,global_all_348_cross_gene,wt_site
75,SCN10A,1,0,0.0,0,1,global_all_348_cross_gene,wt_site
75,SCN10A,3,0,0.3333333333333333,0,1,global_all_348_cross_gene,wt_site
75,SCN10A,5,0,0.4,0,1,global_all_348_cross_gene,wt_site
76,SCN4A,1,1,0.0,0,0,global_all_348_cross_gene,wt_site
76,SCN4A,3,1,0.3333333333333333,0,0,global_all_348_cross_gene,wt_site
76,SCN4A,5,1,0.2,0,0,global_all_348_cross_gene,wt_site
77,SCN9A,1,1,0.0,0,0,global_all_348_cross_gene,wt_site
77,SCN9A,3,1,0.3333333333333333,0,0,global_all_348_cross_gene,wt_site
77,SCN9A,5,1,0.4,0,0,global_all_348_cross_gene,wt_site
78,SCN5A,1,0,1.0,1,0,global_all_348_cross_gene,wt_site
78,SCN5A,3,0,0.6666666666666666,1,0,global_all_348_cross_gene,wt_site
78,SCN5A,5,0,0.6,1,0,global_all_348_cross_gene,wt_site
79,SCN2A,1,1,1.0,1,1,global_all_348_cross_gene,wt_site
79,SCN2A,3,1,1.0,1,1,global_all_348_cross_gene,wt_site
79,SCN2A,5,1,1.0,1,1,global_all_348_cross_gene,wt_site
80,SCN4A,1,1,1.0,1,1,global_all_348_cross_gene,wt_site
80,SCN4A,3,1,1.0,1,1,global_all_348_cross_gene,wt_site
80,SCN4A,5,1,0.8,1,1,global_all_348_cross_gene,wt_site
81,SCN5A,1,1,1.0,1,1,global_all_348_cross_gene,wt_site
81,SCN5A,3,1,1.0,1,1,global_all_348_cross_gene,wt_site
81,SCN5A,5,1,1.0,1,1,global_all_348_cross_gene,wt_site
82,SCN9A,1,1,1.0,1,1,global_all_348_cross_gene,wt_site
82,SCN9A,3,1,1.0,1,1,global_all_348_cross_gene,wt_site
82,SCN9A,5,1,1.0,1,1,global_all_348_cross_gene,wt_site
83,SCN1A,1,0,1.0,1,0,global_all_348_cross_gene,wt_site
83,SCN1A,3,0,1.0,1,0,global_all_348_cross_gene,wt_site
83,SCN1A,5,0,1.0,1,0,global_all_348_cross_gene,wt_site
84,SCN5A,1,1,1.0,1,1,global_all_348_cross_gene,wt_site
84,SCN5A,3,1,0.6666666666666666,1,1,global_all_348_cross_gene,wt_site
84,SCN5A,5,1,0.8,1,1,global_all_348_cross_gene,wt_site
85,SCN5A,1,0,1.0,1,0,global_all_348_cross_gene,wt_site
85,SCN5A,3,0,0.6666666666666666,1,0,global_all_348_cross_gene,wt_site
85,SCN5A,5,0,0.8,1,0,global_all_348_cross_gene,wt_site
86,SCN5A,1,0,1.0,1,0,global_all_348_cross_gene,wt_site
86,SCN5A,3,0,0.6666666666666666,1,0,global_all_348_cross_gene,wt_site
86,SCN5A,5,0,0.8,1,0,global_all_348_cross_gene,wt_site
87,SCN5A,1,1,1.0,1,1,global_all_348_cross_gene,wt_site
87,SCN5A,3,1,0.6666666666666666,1,1,global_all_348_cross_gene,wt_site
87,SCN5A,5,1,0.8,1,1,global_all_348_cross_gene,wt_site
88,SCN10A,1,1,0.0,0,0,global_all_348_cross_gene,wt_site
88,SCN10A,3,1,0.3333333333333333,0,0,global_all_348_cross_gene,wt_site
88,SCN10A,5,1,0.4,0,0,global_all_348_cross_gene,wt_site
89,SCN5A,1,0,1.0,1,0,global_all_348_cross_gene,wt_site
89,SCN5A,3,0,0.6666666666666666,1,0,global_all_348_cross_gene,wt_site
89,SCN5A,5,0,0.6,1,0,global_all_348_cross_gene,wt_site
90,SCN9A,1,1,0.0,0,0,global_all_348_cross_gene,wt_site
90,SCN9A,3,1,0.0,0,0,global_all_348_cross_gene,wt_site
90,SCN9A,5,1,0.2,0,0,global_all_348_cross_gene,wt_site
91,SCN5A,1,1,1.0,1,1,global_all_348_cross_gene,wt_site
91,SCN5A,3,1,1.0,1,1,global_all_348_cross_gene,wt_site
91,SCN5A,5,1,0.8,1,1,global_all_348_cross_gene,wt_site
92,SCN5A,1,0,1.0,1,0,global_all_348_cross_gene,wt_site
92,SCN5A,3,0,1.0,1,0,global_all_348_cross_gene,wt_site
92,SCN5A,5,0,1.0,1,0,global_all_348_cross_gene,wt_site
93,SCN2A,1,1,1.0,1,1,global_all_348_cross_gene,wt_site
93,SCN2A,3,1,1.0,1,1,global_all_348_cross_gene,wt_site
93,SCN2A,5,1,0.8,1,1,global_all_348_cross_gene,wt_site
94,SCN8A,1,1,1.0,1,1,global_all_348_cross_gene,wt_site
94,SCN8A,3,1,1.0,1,1,global_all_348_cross_gene,wt_site
94,SCN8A,5,1,0.6,1,1,global_all_348_cross_gene,wt_site
95,SCN5A,1,0,0.0,0,1,global_all_348_cross_gene,wt_site
95,SCN5A,3,0,0.6666666666666666,1,0,global_all_348_cross_gene,wt_site
95,SCN5A,5,0,0.6,1,0,global_all_348_cross_gene,wt_site
96,SCN5A,1,0,1.0,1,0,global_all_348_cross_gene,wt_site
96,SCN5A,3,0,0.3333333333333333,0,1,global_all_348_cross_gene,wt_site
96,SCN5A,5,0,0.2,0,1,global_all_348_cross_gene,wt_site
97,SCN5A,1,0,1.0,1,0,global_all_348_cross_gene,wt_site
97,SCN5A,3,0,0.3333333333333333,0,1,global_all_348_cross_gene,wt_site
97,SCN5A,5,0,0.2,0,1,global_all_348_cross_gene,wt_site
98,SCN5A,1,0,1.0,1,0,global_all_348_cross_gene,wt_site
98,SCN5A,3,0,0.3333333333333333,0,1,global_all_348_cross_gene,wt_site
98,SCN5A,5,0,0.2,0,1,global_all_348_cross_gene,wt_site
99,SCN1A,1,0,0.0,0,1,global_all_348_cross_gene,wt_site
99,SCN1A,3,0,0.3333333333333333,0,1,global_all_348_cross_gene,wt_site
99,SCN1A,5,0,0.6,1,0,global_all_348_cross_gene,wt_site
100,SCN1A,1,0,0.0,0,1,global_all_348_cross_gene,wt_site
100,SCN1A,3,0,0.3333333333333333,0,1,global_all_348_cross_gene,wt_site
100,SCN1A,5,0,0.4,0,1,global_all_348_cross_gene,wt_site
101,SCN5A,1,0,0.0,0,1,global_all_348_cross_gene,wt_site
101,SCN5A,3,0,0.6666666666666666,1,0,global_all_348_cross_gene,wt_site
101,SCN5A,5,0,0.8,1,0,global_all_348_cross_gene,wt_site
102,SCN5A,1,0,1.0,1,0,global_all_348_cross_gene,wt_site
102,SCN5A,3,0,1.0,1,0,global_all_348_cross_gene,wt_site
102,SCN5A,5,0,1.0,1,0,global_all_348_cross_gene,wt_site
103,SCN5A,1,0,0.0,0,1,global_all_348_cross_gene,wt_site
103,SCN5A,3,0,0.3333333333333333,0,1,global_all_348_cross_gene,wt_site
103,SCN5A,5,0,0.2,0,1,global_all_348_cross_gene,wt_site
104,SCN8A,1,0,1.0,1,0,global_all_348_cross_gene,wt_site
104,SCN8A,3,0,0.6666666666666666,1,0,global_all_348_cross_gene,wt_site
104,SCN8A,5,0,0.6,1,0,global_all_348_cross_gene,wt_site
105,SCN10A,1,0,0.0,0,1,global_all_348_cross_gene,wt_site
105,SCN10A,3,0,0.0,0,1,global_all_348_cross_gene,wt_site
105,SCN10A,5,0,0.2,0,1,global_all_348_cross_gene,wt_site
106,SCN1A,1,0,0.0,0,1,global_all_348_cross_gene,wt_site
106,SCN1A,3,0,0.0,0,1,global_all_348_cross_gene,wt_site
106,SCN1A,5,0,0.4,0,1,global_all_348_cross_gene,wt_site
107,SCN4A,1,0,0.0,0,1,global_all_348_cross_gene,wt_site
107,SCN4A,3,0,0.0,0,1,global_all_348_cross_gene,wt_site
107,SCN4A,5,0,0.2,0,1,global_all_348_cross_gene,wt_site
108,SCN1A,1,0,0.0,0,1,global_all_348_cross_gene,wt_site
108,SCN1A,3,0,0.0,0,1,global_all_348_cross_gene,wt_site
108,SCN1A,5,0,0.4,0,1,global_all_348_cross_gene,wt_site
109,SCN5A,1,0,0.0,0,1,global_all_348_cross_gene,wt_site
109,SCN5A,3,0,0.0,0,1,global_all_348_cross_gene,wt_site
109,SCN5A,5,0,0.2,0,1,global_all_348_cross_gene,wt_site
110,SCN4A,1,0,0.0,0,1,global_all_348_cross_gene,wt_site
110,SCN4A,3,0,0.3333333333333333,0,1,global_all_348_cross_gene,wt_site
110,SCN4A,5,0,0.4,0,1,global_all_348_cross_gene,wt_site
111,SCN4A,1,0,0.0,0,1,global_all_348_cross_gene,wt_site
111,SCN4A,3,0,0.3333333333333333,0,1,global_all_348_cross_gene,wt_site
111,SCN4A,5,0,0.4,0,1,global_all_348_cross_gene,wt_site
112,SCN5A,1,0,0.0,0,1,global_all_348_cross_gene,wt_site
112,SCN5A,3,0,0.0,0,1,global_all_348_cross_gene,wt_site
112,SCN5A,5,0,0.2,0,1,global_all_348_cross_gene,wt_site
113,SCN3A,1,1,0.0,0,0,global_all_348_cross_gene,wt_site
113,SCN3A,3,1,0.3333333333333333,0,0,global_all_348_cross_gene,wt_site
113,SCN3A,5,1,0.4,0,0,global_all_348_cross_gene,wt_site
114,SCN5A,1,0,1.0,1,0,global_all_348_cross_gene,wt_site
114,SCN5A,3,0,0.6666666666666666,1,0,global_all_348_cross_gene,wt_site
114,SCN5A,5,0,0.4,0,1,global_all_348_cross_gene,wt_site
115,SCN1A,1,1,0.0,0,0,global_all_348_cross_gene,wt_site
115,SCN1A,3,1,0.3333333333333333,0,0,global_all_348_cross_gene,wt_site
115,SCN1A,5,1,0.2,0,0,global_all_348_cross_gene,wt_site
116,SCN5A,1,0,0.0,0,1,global_all_348_cross_gene,wt_site
116,SCN5A,3,0,0.3333333333333333,0,1,global_all_348_cross_gene,wt_site
116,SCN5A,5,0,0.2,0,1,global_all_348_cross_gene,wt_site
117,SCN1A,1,0,0.0,0,1,global_all_348_cross_gene,wt_site
117,SCN1A,3,0,0.3333333333333333,0,1,global_all_348_cross_gene,wt_site
117,SCN1A,5,0,0.4,0,1,global_all_348_cross_gene,wt_site
118,SCN3A,1,1,0.0,0,0,global_all_348_cross_gene,wt_site
118,SCN3A,3,1,0.0,0,0,global_all_348_cross_gene,wt_site
118,SCN3A,5,1,0.4,0,0,global_all_348_cross_gene,wt_site
119,SCN11A,1,1,1.0,1,1,global_all_348_cross_gene,wt_site
119,SCN11A,3,1,1.0,1,1,global_all_348_cross_gene,wt_site
119,SCN11A,5,1,0.8,1,1,global_all_348_cross_gene,wt_site
120,SCN5A,1,0,0.0,0,1,global_all_348_cross_gene,wt_site
120,SCN5A,3,0,0.6666666666666666,1,0,global_all_348_cross_gene,wt_site
120,SCN5A,5,0,0.8,1,0,global_all_348_cross_gene,wt_site
121,SCN4A,1,1,0.0,0,0,global_all_348_cross_gene,wt_site
121,SCN4A,3,1,0.3333333333333333,0,0,global_all_348_cross_gene,wt_site
121,SCN4A,5,1,0.4,0,0,global_all_348_cross_gene,wt_site
122,SCN1A,1,0,0.0,0,1,global_all_348_cross_gene,wt_site
122,SCN1A,3,0,0.0,0,1,global_all_348_cross_gene,wt_site
122,SCN1A,5,0,0.2,0,1,global_all_348_cross_gene,wt_site
123,SCN5A,1,0,0.0,0,1,global_all_348_cross_gene,wt_site
123,SCN5A,3,0,0.0,0,1,global_all_348_cross_gene,wt_site
123,SCN5A,5,0,0.4,0,1,global_all_348_cross_gene,wt_site
124,SCN9A,1,1,1.0,1,1,global_all_348_cross_gene,wt_site
124,SCN9A,3,1,0.3333333333333333,0,0,global_all_348_cross_gene,wt_site
124,SCN9A,5,1,0.4,0,0,global_all_348_cross_gene,wt_site
125,SCN2A,1,0,0.0,0,1,global_all_348_cross_gene,wt_site
125,SCN2A,3,0,0.0,0,1,global_all_348_cross_gene,wt_site
125,SCN2A,5,0,0.0,0,1,global_all_348_cross_gene,wt_site
126,SCN1A,1,0,0.0,0,1,global_all_348_cross_gene,wt_site
126,SCN1A,3,0,0.3333333333333333,0,1,global_all_348_cross_gene,wt_site
126,SCN1A,5,0,0.2,0,1,global_all_348_cross_gene,wt_site
127,SCN10A,1,1,1.0,1,1,global_all_348_cross_gene,wt_site
127,SCN10A,3,1,0.3333333333333333,0,0,global_all_348_cross_gene,wt_site
127,SCN10A,5,1,0.4,0,0,global_all_348_cross_gene,wt_site
128,SCN2A,1,1,1.0,1,1,global_all_348_cross_gene,wt_site
128,SCN2A,3,1,0.6666666666666666,1,1,global_all_348_cross_gene,wt_site
128,SCN2A,5,1,0.6,1,1,global_all_348_cross_gene,wt_site
129,SCN5A,1,0,1.0,1,0,global_all_348_cross_gene,wt_site
129,SCN5A,3,0,1.0,1,0,global_all_348_cross_gene,wt_site
129,SCN5A,5,0,0.6,1,0,global_all_348_cross_gene,wt_site
130,SCN1A,1,0,0.0,0,1,global_all_348_cross_gene,wt_site
130,SCN1A,3,0,0.3333333333333333,0,1,global_all_348_cross_gene,wt_site
130,SCN1A,5,0,0.2,0,1,global_all_348_cross_gene,wt_site
131,SCN5A,1,0,0.0,0,1,global_all_348_cross_gene,wt_site
131,SCN5A,3,0,0.0,0,1,global_all_348_cross_gene,wt_site
131,SCN5A,5,0,0.0,0,1,global_all_348_cross_gene,wt_site
132,SCN5A,1,0,0.0,0,1,global_all_348_cross_gene,wt_site
132,SCN5A,3,0,0.6666666666666666,1,0,global_all_348_cross_gene,wt_site
132,SCN5A,5,0,0.6,1,0,global_all_348_cross_gene,wt_site
133,SCN1A,1,0,0.0,0,1,global_all_348_cross_gene,wt_site
133,SCN1A,3,0,0.0,0,1,global_all_348_cross_gene,wt_site
133,SCN1A,5,0,0.0,0,1,global_all_348_cross_gene,wt_site
134,SCN2A,1,0,0.0,0,1,global_all_348_cross_gene,wt_site
134,SCN2A,3,0,0.0,0,1,global_all_348_cross_gene,wt_site
134,SCN2A,5,0,0.0,0,1,global_all_348_cross_gene,wt_site
135,SCN1A,1,0,0.0,0,1,global_all_348_cross_gene,wt_site
135,SCN1A,3,0,0.0,0,1,global_all_348_cross_gene,wt_site
135,SCN1A,5,0,0.0,0,1,global_all_348_cross_gene,wt_site
136,SCN2A,1,0,0.0,0,1,global_all_348_cross_gene,wt_site
136,SCN2A,3,0,0.0,0,1,global_all_348_cross_gene,wt_site
136,SCN2A,5,0,0.0,0,1,global_all_348_cross_gene,wt_site
137,SCN5A,1,0,1.0,1,0,global_all_348_cross_gene,wt_site
137,SCN5A,3,0,0.6666666666666666,1,0,global_all_348_cross_gene,wt_site
137,SCN5A,5,0,0.6,1,0,global_all_348_cross_gene,wt_site
138,SCN1A,1,0,0.0,0,1,global_all_348_cross_gene,wt_site
138,SCN1A,3,0,0.3333333333333333,0,1,global_all_348_cross_gene,wt_site
138,SCN1A,5,0,0.6,1,0,global_all_348_cross_gene,wt_site
139,SCN1A,1,0,0.0,0,1,global_all_348_cross_gene,wt_site
139,SCN1A,3,0,0.0,0,1,global_all_348_cross_gene,wt_site
139,SCN1A,5,0,0.0,0,1,global_all_348_cross_gene,wt_site
140,SCN5A,1,0,1.0,1,0,global_all_348_cross_gene,wt_site
140,SCN5A,3,0,1.0,1,0,global_all_348_cross_gene,wt_site
140,SCN5A,5,0,1.0,1,0,global_all_348_cross_gene,wt_site
141,SCN10A,1,0,0.0,0,1,global_all_348_cross_gene,wt_site
141,SCN10A,3,0,0.3333333333333333,0,1,global_all_348_cross_gene,wt_site
141,SCN10A,5,0,0.6,1,0,global_all_348_cross_gene,wt_site
142,SCN1A,1,0,0.0,0,1,global_all_348_cross_gene,wt_site
142,SCN1A,3,0,0.0,0,1,global_all_348_cross_gene,wt_site
142,SCN1A,5,0,0.0,0,1,global_all_348_cross_gene,wt_site
143,SCN8A,1,0,0.0,0,1,global_all_348_cross_gene,wt_site
143,SCN8A,3,0,0.0,0,1,global_all_348_cross_gene,wt_site
143,SCN8A,5,0,0.0,0,1,global_all_348_cross_gene,wt_site
144,SCN5A,1,0,1.0,1,0,global_all_348_cross_gene,wt_site
144,SCN5A,3,0,0.6666666666666666,1,0,global_all_348_cross_gene,wt_site
144,SCN5A,5,0,0.4,0,1,global_all_348_cross_gene,wt_site
145,SCN5A,1,0,0.0,0,1,global_all_348_cross_gene,wt_site
145,SCN5A,3,0,0.6666666666666666,1,0,global_all_348_cross_gene,wt_site
145,SCN5A,5,0,0.6,1,0,global_all_348_cross_gene,wt_site
146,SCN1A,1,0,1.0,1,0,global_all_348_cross_gene,wt_site
146,SCN1A,3,0,0.3333333333333333,0,1,global_all_348_cross_gene,wt_site
146,SCN1A,5,0,0.4,0,1,global_all_348_cross_gene,wt_site
147,SCN1A,1,0,0.0,0,1,global_all_348_cross_gene,wt_site
147,SCN1A,3,0,0.6666666666666666,1,0,global_all_348_cross_gene,wt_site
147,SCN1A,5,0,0.6,1,0,global_all_348_cross_gene,wt_site
148,SCN1A,1,0,1.0,1,0,global_all_348_cross_gene,wt_site
148,SCN1A,3,0,1.0,1,0,global_all_348_cross_gene,wt_site
148,SCN1A,5,0,0.6,1,0,global_all_348_cross_gene,wt_site
149,SCN4A,1,1,0.0,0,0,global_all_348_cross_gene,wt_site
149,SCN4A,3,1,0.6666666666666666,1,1,global_all_348_cross_gene,wt_site
149,SCN4A,5,1,0.6,1,1,global_all_348_cross_gene,wt_site
150,SCN5A,1,1,1.0,1,1,global_all_348_cross_gene,wt_site
150,SCN5A,3,1,1.0,1,1,global_all_348_cross_gene,wt_site
150,SCN5A,5,1,1.0,1,1,global_all_348_cross_gene,wt_site
151,SCN11A,1,1,0.0,0,0,global_all_348_cross_gene,wt_site
151,SCN11A,3,1,0.3333333333333333,0,0,global_all_348_cross_gene,wt_site
151,SCN11A,5,1,0.6,1,1,global_all_348_cross_gene,wt_site
152,SCN2A,1,1,0.0,0,0,global_all_348_cross_gene,wt_site
152,SCN2A,3,1,0.3333333333333333,0,0,global_all_348_cross_gene,wt_site
152,SCN2A,5,1,0.6,1,1,global_all_348_cross_gene,wt_site
153,SCN1A,1,0,1.0,1,0,global_all_348_cross_gene,wt_site
153,SCN1A,3,0,0.6666666666666666,1,0,global_all_348_cross_gene,wt_site
153,SCN1A,5,0,0.6,1,0,global_all_348_cross_gene,wt_site
154,SCN5A,1,0,1.0,1,0,global_all_348_cross_gene,wt_site
154,SCN5A,3,0,1.0,1,0,global_all_348_cross_gene,wt_site
154,SCN5A,5,0,1.0,1,0,global_all_348_cross_gene,wt_site
155,SCN5A,1,0,1.0,1,0,global_all_348_cross_gene,wt_site
155,SCN5A,3,0,0.6666666666666666,1,0,global_all_348_cross_gene,wt_site
155,SCN5A,5,0,0.8,1,0,global_all_348_cross_gene,wt_site
156,SCN10A,1,1,1.0,1,1,global_all_348_cross_gene,wt_site
156,SCN10A,3,1,1.0,1,1,global_all_348_cross_gene,wt_site
156,SCN10A,5,1,0.6,1,1,global_all_348_cross_gene,wt_site
157,SCN5A,1,1,1.0,1,1,global_all_348_cross_gene,wt_site
157,SCN5A,3,1,0.6666666666666666,1,1,global_all_348_cross_gene,wt_site
157,SCN5A,5,1,0.8,1,1,global_all_348_cross_gene,wt_site
158,SCN5A,1,1,1.0,1,1,global_all_348_cross_gene,wt_site
158,SCN5A,3,1,0.6666666666666666,1,1,global_all_348_cross_gene,wt_site
158,SCN5A,5,1,0.6,1,1,global_all_348_cross_gene,wt_site
159,SCN5A,1,0,1.0,1,0,global_all_348_cross_gene,wt_site
159,SCN5A,3,0,1.0,1,0,global_all_348_cross_gene,wt_site
159,SCN5A,5,0,1.0,1,0,global_all_348_cross_gene,wt_site
160,SCN5A,1,0,1.0,1,0,global_all_348_cross_gene,wt_site
160,SCN5A,3,0,0.6666666666666666,1,0,global_all_348_cross_gene,wt_site
160,SCN5A,5,0,0.8,1,0,global_all_348_cross_gene,wt_site
161,SCN5A,1,0,0.0,0,1,global_all_348_cross_gene,wt_site
161,SCN5A,3,0,0.6666666666666666,1,0,global_all_348_cross_gene,wt_site
161,SCN5A,5,0,0.8,1,0,global_all_348_cross_gene,wt_site
162,SCN5A,1,0,1.0,1,0,global_all_348_cross_gene,wt_site
162,SCN5A,3,0,1.0,1,0,global_all_348_cross_gene,wt_site
162,SCN5A,5,0,1.0,1,0,global_all_348_cross_gene,wt_site
163,SCN1A,1,0,1.0,1,0,global_all_348_cross_gene,wt_site
163,SCN1A,3,0,0.6666666666666666,1,0,global_all_348_cross_gene,wt_site
163,SCN1A,5,0,0.6,1,0,global_all_348_cross_gene,wt_site
164,SCN5A,1,0,0.0,0,1,global_all_348_cross_gene,wt_site
164,SCN5A,3,0,0.0,0,1,global_all_348_cross_gene,wt_site
164,SCN5A,5,0,0.4,0,1,global_all_348_cross_gene,wt_site
165,SCN5A,1,0,1.0,1,0,global_all_348_cross_gene,wt_site
165,SCN5A,3,0,0.6666666666666666,1,0,global_all_348_cross_gene,wt_site
165,SCN5A,5,0,0.6,1,0,global_all_348_cross_gene,wt_site
166,SCN5A,1,1,0.0,0,0,global_all_348_cross_gene,wt_site
166,SCN5A,3,1,0.3333333333333333,0,0,global_all_348_cross_gene,wt_site
166,SCN5A,5,1,0.6,1,1,global_all_348_cross_gene,wt_site
167,SCN5A,1,1,1.0,1,1,global_all_348_cross_gene,wt_site
167,SCN5A,3,1,1.0,1,1,global_all_348_cross_gene,wt_site
167,SCN5A,5,1,1.0,1,1,global_all_348_cross_gene,wt_site
168,SCN2A,1,0,0.0,0,1,global_all_348_cross_gene,wt_site
168,SCN2A,3,0,0.3333333333333333,0,1,global_all_348_cross_gene,wt_site
168,SCN2A,5,0,0.4,0,1,global_all_348_cross_gene,wt_site
169,SCN11A,1,1,0.0,0,0,global_all_348_cross_gene,wt_site
169,SCN11A,3,1,0.0,0,0,global_all_348_cross_gene,wt_site
169,SCN11A,5,1,0.2,0,0,global_all_348_cross_gene,wt_site
170,SCN2A,1,0,0.0,0,1,global_all_348_cross_gene,wt_site
170,SCN2A,3,0,0.6666666666666666,1,0,global_all_348_cross_gene,wt_site
170,SCN2A,5,0,0.4,0,1,global_all_348_cross_gene,wt_site
171,SCN5A,1,0,0.0,0,1,global_all_348_cross_gene,wt_site
171,SCN5A,3,0,0.0,0,1,global_all_348_cross_gene,wt_site
171,SCN5A,5,0,0.2,0,1,global_all_348_cross_gene,wt_site
172,SCN5A,1,1,1.0,1,1,global_all_348_cross_gene,wt_site
172,SCN5A,3,1,1.0,1,1,global_all_348_cross_gene,wt_site
172,SCN5A,5,1,1.0,1,1,global_all_348_cross_gene,wt_site
173,SCN2A,1,0,1.0,1,0,global_all_348_cross_gene,wt_site
173,SCN2A,3,0,0.3333333333333333,0,1,global_all_348_cross_gene,wt_site
173,SCN2A,5,0,0.4,0,1,global_all_348_cross_gene,wt_site
174,SCN5A,1,1,0.0,0,0,global_all_348_cross_gene,wt_site
174,SCN5A,3,1,0.3333333333333333,0,0,global_all_348_cross_gene,wt_site
174,SCN5A,5,1,0.4,0,0,global_all_348_cross_gene,wt_site
175,SCN5A,1,1,1.0,1,1,global_all_348_cross_gene,wt_site
175,SCN5A,3,1,1.0,1,1,global_all_348_cross_gene,wt_site
175,SCN5A,5,1,0.6,1,1,global_all_348_cross_gene,wt_site
176,SCN4A,1,1,1.0,1,1,global_all_348_cross_gene,wt_site
176,SCN4A,3,1,1.0,1,1,global_all_348_cross_gene,wt_site
176,SCN4A,5,1,0.8,1,1,global_all_348_cross_gene,wt_site
177,SCN5A,1,1,1.0,1,1,global_all_348_cross_gene,wt_site
177,SCN5A,3,1,1.0,1,1,global_all_348_cross_gene,wt_site
177,SCN5A,5,1,0.6,1,1,global_all_348_cross_gene,wt_site
178,SCN3A,1,1,1.0,1,1,global_all_348_cross_gene,wt_site
178,SCN3A,3,1,0.6666666666666666,1,1,global_all_348_cross_gene,wt_site
178,SCN3A,5,1,0.8,1,1,global_all_348_cross_gene,wt_site
179,SCN4A,1,1,1.0,1,1,global_all_348_cross_gene,wt_site
179,SCN4A,3,1,0.6666666666666666,1,1,global_all_348_cross_gene,wt_site
179,SCN4A,5,1,0.8,1,1,global_all_348_cross_gene,wt_site
180,SCN5A,1,1,1.0,1,1,global_all_348_cross_gene,wt_site
180,SCN5A,3,1,0.6666666666666666,1,1,global_all_348_cross_gene,wt_site
180,SCN5A,5,1,0.8,1,1,global_all_348_cross_gene,wt_site
181,SCN5A,1,1,1.0,1,1,global_all_348_cross_gene,wt_site
181,SCN5A,3,1,1.0,1,1,global_all_348_cross_gene,wt_site
181,SCN5A,5,1,0.8,1,1,global_all_348_cross_gene,wt_site
182,SCN2A,1,1,1.0,1,1,global_all_348_cross_gene,wt_site
182,SCN2A,3,1,1.0,1,1,global_all_348_cross_gene,wt_site
182,SCN2A,5,1,1.0,1,1,global_all_348_cross_gene,wt_site
183,SCN8A,1,1,0.0,0,0,global_all_348_cross_gene,wt_site
183,SCN8A,3,1,0.0,0,0,global_all_348_cross_gene,wt_site
183,SCN8A,5,1,0.2,0,0,global_all_348_cross_gene,wt_site
184,SCN2A,1,1,0.0,0,0,global_all_348_cross_gene,wt_site
184,SCN2A,3,1,0.6666666666666666,1,1,global_all_348_cross_gene,wt_site
184,SCN2A,5,1,0.8,1,1,global_all_348_cross_gene,wt_site
185,SCN8A,1,1,1.0,1,1,global_all_348_cross_gene,wt_site
185,SCN8A,3,1,0.3333333333333333,0,0,global_all_348_cross_gene,wt_site
185,SCN8A,5,1,0.2,0,0,global_all_348_cross_gene,wt_site
186,SCN11A,1,1,0.0,0,0,global_all_348_cross_gene,wt_site
186,SCN11A,3,1,0.3333333333333333,0,0,global_all_348_cross_gene,wt_site
186,SCN11A,5,1,0.4,0,0,global_all_348_cross_gene,wt_site
187,SCN5A,1,0,0.0,0,1,global_all_348_cross_gene,wt_site
187,SCN5A,3,0,0.6666666666666666,1,0,global_all_348_cross_gene,wt_site
187,SCN5A,5,0,0.8,1,0,global_all_348_cross_gene,wt_site
188,SCN1A,1,0,0.0,0,1,global_all_348_cross_gene,wt_site
188,SCN1A,3,0,0.6666666666666666,1,0,global_all_348_cross_gene,wt_site
188,SCN1A,5,0,0.6,1,0,global_all_348_cross_gene,wt_site
189,SCN5A,1,0,0.0,0,1,global_all_348_cross_gene,wt_site
189,SCN5A,3,0,0.3333333333333333,0,1,global_all_348_cross_gene,wt_site
189,SCN5A,5,0,0.4,0,1,global_all_348_cross_gene,wt_site
190,SCN5A,1,0,0.0,0,1,global_all_348_cross_gene,wt_site
190,SCN5A,3,0,0.0,0,1,global_all_348_cross_gene,wt_site
190,SCN5A,5,0,0.4,0,1,global_all_348_cross_gene,wt_site
191,SCN5A,1,0,0.0,0,1,global_all_348_cross_gene,wt_site
191,SCN5A,3,0,0.3333333333333333,0,1,global_all_348_cross_gene,wt_site
191,SCN5A,5,0,0.6,1,0,global_all_348_cross_gene,wt_site
192,SCN1A,1,0,1.0,1,0,global_all_348_cross_gene,wt_site
192,SCN1A,3,0,0.6666666666666666,1,0,global_all_348_cross_gene,wt_site
192,SCN1A,5,0,0.8,1,0,global_all_348_cross_gene,wt_site
193,SCN10A,1,1,0.0,0,0,global_all_348_cross_gene,wt_site
193,SCN10A,3,1,0.3333333333333333,0,0,global_all_348_cross_gene,wt_site
193,SCN10A,5,1,0.2,0,0,global_all_348_cross_gene,wt_site
194,SCN8A,1,0,0.0,0,1,global_all_348_cross_gene,wt_site
194,SCN8A,3,0,0.0,0,1,global_all_348_cross_gene,wt_site
194,SCN8A,5,0,0.2,0,1,global_all_348_cross_gene,wt_site
195,SCN5A,1,0,0.0,0,1,global_all_348_cross_gene,wt_site
195,SCN5A,3,0,0.6666666666666666,1,0,global_all_348_cross_gene,wt_site
195,SCN5A,5,0,0.8,1,0,global_all_348_cross_gene,wt_site
196,SCN5A,1,0,1.0,1,0,global_all_348_cross_gene,wt_site
196,SCN5A,3,0,0.3333333333333333,0,1,global_all_348_cross_gene,wt_site
196,SCN5A,5,0,0.2,0,1,global_all_348_cross_gene,wt_site
197,SCN5A,1,0,0.0,0,1,global_all_348_cross_gene,wt_site
197,SCN5A,3,0,0.3333333333333333,0,1,global_all_348_cross_gene,wt_site
197,SCN5A,5,0,0.4,0,1,global_all_348_cross_gene,wt_site
198,SCN4A,1,0,0.0,0,1,global_all_348_cross_gene,wt_site
198,SCN4A,3,0,0.0,0,1,global_all_348_cross_gene,wt_site
198,SCN4A,5,0,0.2,0,1,global_all_348_cross_gene,wt_site
199,SCN2A,1,0,0.0,0,1,global_all_348_cross_gene,wt_site
199,SCN2A,3,0,0.0,0,1,global_all_348_cross_gene,wt_site
199,SCN2A,5,0,0.2,0,1,global_all_348_cross_gene,wt_site
200,SCN5A,1,0,1.0,1,0,global_all_348_cross_gene,wt_site
200,SCN5A,3,0,0.6666666666666666,1,0,global_all_348_cross_gene,wt_site
200,SCN5A,5,0,0.8,1,0,global_all_348_cross_gene,wt_site
201,SCN5A,1,0,1.0,1,0,global_all_348_cross_gene,wt_site
201,SCN5A,3,0,0.6666666666666666,1,0,global_all_348_cross_gene,wt_site
201,SCN5A,5,0,0.8,1,0,global_all_348_cross_gene,wt_site
202,SCN5A,1,0,1.0,1,0,global_all_348_cross_gene,wt_site
202,SCN5A,3,0,1.0,1,0,global_all_348_cross_gene,wt_site
202,SCN5A,5,0,1.0,1,0,global_all_348_cross_gene,wt_site
203,SCN5A,1,0,1.0,1,0,global_all_348_cross_gene,wt_site
203,SCN5A,3,0,1.0,1,0,global_all_348_cross_gene,wt_site
203,SCN5A,5,0,1.0,1,0,global_all_348_cross_gene,wt_site
204,SCN1A,1,0,0.0,0,1,global_all_348_cross_gene,wt_site
204,SCN1A,3,0,0.0,0,1,global_all_348_cross_gene,wt_site
204,SCN1A,5,0,0.0,0,1,global_all_348_cross_gene,wt_site
205,SCN2A,1,0,0.0,0,1,global_all_348_cross_gene,wt_site
205,SCN2A,3,0,0.0,0,1,global_all_348_cross_gene,wt_site
205,SCN2A,5,0,0.2,0,1,global_all_348_cross_gene,wt_site
206,SCN5A,1,0,1.0,1,0,global_all_348_cross_gene,wt_site
206,SCN5A,3,0,0.6666666666666666,1,0,global_all_348_cross_gene,wt_site
206,SCN5A,5,0,0.4,0,1,global_all_348_cross_gene,wt_site
207,SCN5A,1,0,1.0,1,0,global_all_348_cross_gene,wt_site
207,SCN5A,3,0,0.6666666666666666,1,0,global_all_348_cross_gene,wt_site
207,SCN5A,5,0,0.4,0,1,global_all_348_cross_gene,wt_site
208,SCN5A,1,0,0.0,0,1,global_all_348_cross_gene,wt_site
208,SCN5A,3,0,0.3333333333333333,0,1,global_all_348_cross_gene,wt_site
208,SCN5A,5,0,0.2,0,1,global_all_348_cross_gene,wt_site
209,SCN5A,1,0,0.0,0,1,global_all_348_cross_gene,wt_site
209,SCN5A,3,0,0.3333333333333333,0,1,global_all_348_cross_gene,wt_site
209,SCN5A,5,0,0.2,0,1,global_all_348_cross_gene,wt_site
210,SCN5A,1,0,1.0,1,0,global_all_348_cross_gene,wt_site
210,SCN5A,3,0,0.3333333333333333,0,1,global_all_348_cross_gene,wt_site
210,SCN5A,5,0,0.4,0,1,global_all_348_cross_gene,wt_site
211,SCN5A,1,0,1.0,1,0,global_all_348_cross_gene,wt_site
211,SCN5A,3,0,1.0,1,0,global_all_348_cross_gene,wt_site
211,SCN5A,5,0,1.0,1,0,global_all_348_cross_gene,wt_site
212,SCN5A,1,0,0.0,0,1,global_all_348_cross_gene,wt_site
212,SCN5A,3,0,0.3333333333333333,0,1,global_all_348_cross_gene,wt_site
212,SCN5A,5,0,0.6,1,0,global_all_348_cross_gene,wt_site
213,SCN5A,1,0,0.0,0,1,global_all_348_cross_gene,wt_site
213,SCN5A,3,0,0.0,0,1,global_all_348_cross_gene,wt_site
213,SCN5A,5,0,0.4,0,1,global_all_348_cross_gene,wt_site
214,SCN4A,1,1,1.0,1,1,global_all_348_cross_gene,wt_site
214,SCN4A,3,1,1.0,1,1,global_all_348_cross_gene,wt_site
214,SCN4A,5,1,0.8,1,1,global_all_348_cross_gene,wt_site
215,SCN2A,1,1,1.0,1,1,global_all_348_cross_gene,wt_site
215,SCN2A,3,1,1.0,1,1,global_all_348_cross_gene,wt_site
215,SCN2A,5,1,1.0,1,1,global_all_348_cross_gene,wt_site
216,SCN4A,1,1,1.0,1,1,global_all_348_cross_gene,wt_site
216,SCN4A,3,1,1.0,1,1,global_all_348_cross_gene,wt_site
216,SCN4A,5,1,1.0,1,1,global_all_348_cross_gene,wt_site
217,SCN4A,1,1,1.0,1,1,global_all_348_cross_gene,wt_site
217,SCN4A,3,1,1.0,1,1,global_all_348_cross_gene,wt_site
217,SCN4A,5,1,1.0,1,1,global_all_348_cross_gene,wt_site
218,SCN4A,1,1,1.0,1,1,global_all_348_cross_gene,wt_site
218,SCN4A,3,1,0.6666666666666666,1,1,global_all_348_cross_gene,wt_site
218,SCN4A,5,1,0.4,0,0,global_all_348_cross_gene,wt_site
219,SCN5A,1,1,1.0,1,1,global_all_348_cross_gene,wt_site
219,SCN5A,3,1,0.3333333333333333,0,0,global_all_348_cross_gene,wt_site
219,SCN5A,5,1,0.4,0,0,global_all_348_cross_gene,wt_site
220,SCN5A,1,1,1.0,1,1,global_all_348_cross_gene,wt_site
220,SCN5A,3,1,0.3333333333333333,0,0,global_all_348_cross_gene,wt_site
220,SCN5A,5,1,0.4,0,0,global_all_348_cross_gene,wt_site
221,SCN5A,1,1,1.0,1,1,global_all_348_cross_gene,wt_site
221,SCN5A,3,1,1.0,1,1,global_all_348_cross_gene,wt_site
221,SCN5A,5,1,1.0,1,1,global_all_348_cross_gene,wt_site
222,SCN1A,1,1,1.0,1,1,global_all_348_cross_gene,wt_site
222,SCN1A,3,1,1.0,1,1,global_all_348_cross_gene,wt_site
222,SCN1A,5,1,0.8,1,1,global_all_348_cross_gene,wt_site
223,SCN1A,1,1,1.0,1,1,global_all_348_cross_gene,wt_site
223,SCN1A,3,1,1.0,1,1,global_all_348_cross_gene,wt_site
223,SCN1A,5,1,0.8,1,1,global_all_348_cross_gene,wt_site
224,SCN5A,1,1,1.0,1,1,global_all_348_cross_gene,wt_site
224,SCN5A,3,1,1.0,1,1,global_all_348_cross_gene,wt_site
224,SCN5A,5,1,1.0,1,1,global_all_348_cross_gene,wt_site
225,SCN4A,1,1,1.0,1,1,global_all_348_cross_gene,wt_site
225,SCN4A,3,1,1.0,1,1,global_all_348_cross_gene,wt_site
225,SCN4A,5,1,1.0,1,1,global_all_348_cross_gene,wt_site
226,SCN8A,1,1,1.0,1,1,global_all_348_cross_gene,wt_site
226,SCN8A,3,1,1.0,1,1,global_all_348_cross_gene,wt_site
226,SCN8A,5,1,0.6,1,1,global_all_348_cross_gene,wt_site
227,SCN1A,1,0,1.0,1,0,global_all_348_cross_gene,wt_site
227,SCN1A,3,0,0.6666666666666666,1,0,global_all_348_cross_gene,wt_site
227,SCN1A,5,0,0.8,1,0,global_all_348_cross_gene,wt_site
228,SCN4A,1,1,0.0,0,0,global_all_348_cross_gene,wt_site
228,SCN4A,3,1,0.6666666666666666,1,1,global_all_348_cross_gene,wt_site
228,SCN4A,5,1,0.6,1,1,global_all_348_cross_gene,wt_site
229,SCN5A,1,1,1.0,1,1,global_all_348_cross_gene,wt_site
229,SCN5A,3,1,0.6666666666666666,1,1,global_all_348_cross_gene,wt_site
229,SCN5A,5,1,0.8,1,1,global_all_348_cross_gene,wt_site
230,SCN1A,1,1,1.0,1,1,global_all_348_cross_gene,wt_site
230,SCN1A,3,1,0.6666666666666666,1,1,global_all_348_cross_gene,wt_site
230,SCN1A,5,1,0.6,1,1,global_all_348_cross_gene,wt_site
231,SCN1A,1,1,1.0,1,1,global_all_348_cross_gene,wt_site
231,SCN1A,3,1,1.0,1,1,global_all_348_cross_gene,wt_site
231,SCN1A,5,1,0.8,1,1,global_all_348_cross_gene,wt_site
232,SCN4A,1,1,1.0,1,1,global_all_348_cross_gene,wt_site
232,SCN4A,3,1,0.6666666666666666,1,1,global_all_348_cross_gene,wt_site
232,SCN4A,5,1,0.8,1,1,global_all_348_cross_gene,wt_site
233,SCN4A,1,1,1.0,1,1,global_all_348_cross_gene,wt_site
233,SCN4A,3,1,0.6666666666666666,1,1,global_all_348_cross_gene,wt_site
233,SCN4A,5,1,0.8,1,1,global_all_348_cross_gene,wt_site
234,SCN3A,1,1,1.0,1,1,global_all_348_cross_gene,wt_site
234,SCN3A,3,1,1.0,1,1,global_all_348_cross_gene,wt_site
234,SCN3A,5,1,0.8,1,1,global_all_348_cross_gene,wt_site
235,SCN8A,1,1,1.0,1,1,global_all_348_cross_gene,wt_site
235,SCN8A,3,1,1.0,1,1,global_all_348_cross_gene,wt_site
235,SCN8A,5,1,0.6,1,1,global_all_348_cross_gene,wt_site
236,SCN5A,1,0,0.0,0,1,global_all_348_cross_gene,wt_site
236,SCN5A,3,0,0.6666666666666666,1,0,global_all_348_cross_gene,wt_site
236,SCN5A,5,0,0.8,1,0,global_all_348_cross_gene,wt_site
237,SCN5A,1,0,0.0,0,1,global_all_348_cross_gene,wt_site
237,SCN5A,3,0,0.3333333333333333,0,1,global_all_348_cross_gene,wt_site
237,SCN5A,5,0,0.6,1,0,global_all_348_cross_gene,wt_site
238,SCN1A,1,0,0.0,0,1,global_all_348_cross_gene,wt_site
238,SCN1A,3,0,0.0,0,1,global_all_348_cross_gene,wt_site
238,SCN1A,5,0,0.0,0,1,global_all_348_cross_gene,wt_site
239,SCN5A,1,0,1.0,1,0,global_all_348_cross_gene,wt_site
239,SCN5A,3,0,0.6666666666666666,1,0,global_all_348_cross_gene,wt_site
239,SCN5A,5,0,0.6,1,0,global_all_348_cross_gene,wt_site
240,SCN4A,1,1,0.0,0,0,global_all_348_cross_gene,wt_site
240,SCN4A,3,1,0.0,0,0,global_all_348_cross_gene,wt_site
240,SCN4A,5,1,0.2,0,0,global_all_348_cross_gene,wt_site
241,SCN1A,1,1,1.0,1,1,global_all_348_cross_gene,wt_site
241,SCN1A,3,1,1.0,1,1,global_all_348_cross_gene,wt_site
241,SCN1A,5,1,0.8,1,1,global_all_348_cross_gene,wt_site
242,SCN2A,1,1,1.0,1,1,global_all_348_cross_gene,wt_site
242,SCN2A,3,1,0.3333333333333333,0,0,global_all_348_cross_gene,wt_site
242,SCN2A,5,1,0.6,1,1,global_all_348_cross_gene,wt_site
243,SCN10A,1,0,1.0,1,0,global_all_348_cross_gene,wt_site
243,SCN10A,3,0,0.6666666666666666,1,0,global_all_348_cross_gene,wt_site
243,SCN10A,5,0,0.6,1,0,global_all_348_cross_gene,wt_site
244,SCN1A,1,0,0.0,0,1,global_all_348_cross_gene,wt_site
244,SCN1A,3,0,0.0,0,1,global_all_348_cross_gene,wt_site
244,SCN1A,5,0,0.2,0,1,global_all_348_cross_gene,wt_site
245,SCN5A,1,0,0.0,0,1,global_all_348_cross_gene,wt_site
245,SCN5A,3,0,0.3333333333333333,0,1,global_all_348_cross_gene,wt_site
245,SCN5A,5,0,0.2,0,1,global_all_348_cross_gene,wt_site
246,SCN1A,1,0,0.0,0,1,global_all_348_cross_gene,wt_site
246,SCN1A,3,0,0.0,0,1,global_all_348_cross_gene,wt_site
246,SCN1A,5,0,0.2,0,1,global_all_348_cross_gene,wt_site
247,SCN5A,1,0,0.0,0,1,global_all_348_cross_gene,wt_site
247,SCN5A,3,0,0.0,0,1,global_all_348_cross_gene,wt_site
247,SCN5A,5,0,0.0,0,1,global_all_348_cross_gene,wt_site
248,SCN2A,1,1,0.0,0,0,global_all_348_cross_gene,wt_site
248,SCN2A,3,1,0.0,0,0,global_all_348_cross_gene,wt_site
248,SCN2A,5,1,0.2,0,0,global_all_348_cross_gene,wt_site
249,SCN2A,1,1,1.0,1,1,global_all_348_cross_gene,wt_site
249,SCN2A,3,1,1.0,1,1,global_all_348_cross_gene,wt_site
249,SCN2A,5,1,0.8,1,1,global_all_348_cross_gene,wt_site
250,SCN5A,1,0,0.0,0,1,global_all_348_cross_gene,wt_site
250,SCN5A,3,0,0.3333333333333333,0,1,global_all_348_cross_gene,wt_site
250,SCN5A,5,0,0.2,0,1,global_all_348_cross_gene,wt_site
251,SCN1A,1,1,0.0,0,0,global_all_348_cross_gene,wt_site
251,SCN1A,3,1,0.6666666666666666,1,1,global_all_348_cross_gene,wt_site
251,SCN1A,5,1,0.8,1,1,global_all_348_cross_gene,wt_site
252,SCN5A,1,1,1.0,1,1,global_all_348_cross_gene,wt_site
252,SCN5A,3,1,1.0,1,1,global_all_348_cross_gene,wt_site
252,SCN5A,5,1,1.0,1,1,global_all_348_cross_gene,wt_site
253,SCN1A,1,1,0.0,0,0,global_all_348_cross_gene,wt_site
253,SCN1A,3,1,0.6666666666666666,1,1,global_all_348_cross_gene,wt_site
253,SCN1A,5,1,0.8,1,1,global_all_348_cross_gene,wt_site
254,SCN4A,1,0,1.0,1,0,global_all_348_cross_gene,wt_site
254,SCN4A,3,0,0.3333333333333333,0,1,global_all_348_cross_gene,wt_site
254,SCN4A,5,0,0.4,0,1,global_all_348_cross_gene,wt_site
255,SCN1A,1,0,0.0,0,1,global_all_348_cross_gene,wt_site
255,SCN1A,3,0,0.3333333333333333,0,1,global_all_348_cross_gene,wt_site
255,SCN1A,5,0,0.4,0,1,global_all_348_cross_gene,wt_site
256,SCN2A,1,0,0.0,0,1,global_all_348_cross_gene,wt_site
256,SCN2A,3,0,0.0,0,1,global_all_348_cross_gene,wt_site
256,SCN2A,5,0,0.4,0,1,global_all_348_cross_gene,wt_site
257,SCN2A,1,1,0.0,0,0,global_all_348_cross_gene,wt_site
257,SCN2A,3,1,0.3333333333333333,0,0,global_all_348_cross_gene,wt_site
257,SCN2A,5,1,0.4,0,0,global_all_348_cross_gene,wt_site
258,SCN5A,1,0,1.0,1,0,global_all_348_cross_gene,wt_site
258,SCN5A,3,0,0.6666666666666666,1,0,global_all_348_cross_gene,wt_site
258,SCN5A,5,0,0.4,0,1,global_all_348_cross_gene,wt_site
259,SCN3A,1,1,1.0,1,1,global_all_348_cross_gene,wt_site
259,SCN3A,3,1,0.6666666666666666,1,1,global_all_348_cross_gene,wt_site
259,SCN3A,5,1,0.4,0,0,global_all_348_cross_gene,wt_site
260,SCN3A,1,1,1.0,1,1,global_all_348_cross_gene,wt_site
260,SCN3A,3,1,0.6666666666666666,1,1,global_all_348_cross_gene,wt_site
260,SCN3A,5,1,0.4,0,0,global_all_348_cross_gene,wt_site
261,SCN5A,1,1,1.0,1,1,global_all_348_cross_gene,wt_site
261,SCN5A,3,1,1.0,1,1,global_all_348_cross_gene,wt_site
261,SCN5A,5,1,0.6,1,1,global_all_348_cross_gene,wt_site
262,SCN8A,1,1,1.0,1,1,global_all_348_cross_gene,wt_site
262,SCN8A,3,1,1.0,1,1,global_all_348_cross_gene,wt_site
262,SCN8A,5,1,0.6,1,1,global_all_348_cross_gene,wt_site
263,SCN4A,1,0,0.0,0,1,global_all_348_cross_gene,wt_site
263,SCN4A,3,0,0.3333333333333333,0,1,global_all_348_cross_gene,wt_site
263,SCN4A,5,0,0.4,0,1,global_all_348_cross_gene,wt_site
264,SCN5A,1,1,0.0,0,0,global_all_348_cross_gene,wt_site
264,SCN5A,3,1,0.0,0,0,global_all_348_cross_gene,wt_site
264,SCN5A,5,1,0.0,0,0,global_all_348_cross_gene,wt_site
265,SCN4A,1,0,0.0,0,1,global_all_348_cross_gene,wt_site
265,SCN4A,3,0,0.3333333333333333,0,1,global_all_348_cross_gene,wt_site
265,SCN4A,5,0,0.4,0,1,global_all_348_cross_gene,wt_site
266,SCN8A,1,0,0.0,0,1,global_all_348_cross_gene,wt_site
266,SCN8A,3,0,0.3333333333333333,0,1,global_all_348_cross_gene,wt_site
266,SCN8A,5,0,0.2,0,1,global_all_348_cross_gene,wt_site
267,SCN8A,1,1,1.0,1,1,global_all_348_cross_gene,wt_site
267,SCN8A,3,1,1.0,1,1,global_all_348_cross_gene,wt_site
267,SCN8A,5,1,0.6,1,1,global_all_348_cross_gene,wt_site
268,SCN5A,1,0,0.0,0,1,global_all_348_cross_gene,wt_site
268,SCN5A,3,0,0.0,0,1,global_all_348_cross_gene,wt_site
268,SCN5A,5,0,0.0,0,1,global_all_348_cross_gene,wt_site
269,SCN4A,1,0,0.0,0,1,global_all_348_cross_gene,wt_site
269,SCN4A,3,0,0.0,0,1,global_all_348_cross_gene,wt_site
269,SCN4A,5,0,0.4,0,1,global_all_348_cross_gene,wt_site
270,SCN5A,1,1,1.0,1,1,global_all_348_cross_gene,wt_site
270,SCN5A,3,1,0.6666666666666666,1,1,global_all_348_cross_gene,wt_site
270,SCN5A,5,1,0.6,1,1,global_all_348_cross_gene,wt_site
271,SCN5A,1,0,0.0,0,1,global_all_348_cross_gene,wt_site
271,SCN5A,3,0,0.3333333333333333,0,1,global_all_348_cross_gene,wt_site
271,SCN5A,5,0,0.2,0,1,global_all_348_cross_gene,wt_site
272,SCN4A,1,0,0.0,0,1,global_all_348_cross_gene,wt_site
272,SCN4A,3,0,0.3333333333333333,0,1,global_all_348_cross_gene,wt_site
272,SCN4A,5,0,0.2,0,1,global_all_348_cross_gene,wt_site
273,SCN10A,1,0,0.0,0,1,global_all_348_cross_gene,wt_site
273,SCN10A,3,0,0.3333333333333333,0,1,global_all_348_cross_gene,wt_site
273,SCN10A,5,0,0.2,0,1,global_all_348_cross_gene,wt_site
274,SCN5A,1,0,0.0,0,1,global_all_348_cross_gene,wt_site
274,SCN5A,3,0,0.6666666666666666,1,0,global_all_348_cross_gene,wt_site
274,SCN5A,5,0,0.8,1,0,global_all_348_cross_gene,wt_site
275,SCN1A,1,0,1.0,1,0,global_all_348_cross_gene,wt_site
275,SCN1A,3,0,0.6666666666666666,1,0,global_all_348_cross_gene,wt_site
275,SCN1A,5,0,0.6,1,0,global_all_348_cross_gene,wt_site
276,SCN1A,1,0,0.0,0,1,global_all_348_cross_gene,wt_site
276,SCN1A,3,0,0.3333333333333333,0,1,global_all_348_cross_gene,wt_site
276,SCN1A,5,0,0.4,0,1,global_all_348_cross_gene,wt_site
277,SCN5A,1,0,0.0,0,1,global_all_348_cross_gene,wt_site
277,SCN5A,3,0,0.0,0,1,global_all_348_cross_gene,wt_site
277,SCN5A,5,0,0.4,0,1,global_all_348_cross_gene,wt_site
278,SCN8A,1,0,0.0,0,1,global_all_348_cross_gene,wt_site
278,SCN8A,3,0,0.3333333333333333,0,1,global_all_348_cross_gene,wt_site
278,SCN8A,5,0,0.4,0,1,global_all_348_cross_gene,wt_site
279,SCN5A,1,1,0.0,0,0,global_all_348_cross_gene,wt_site
279,SCN5A,3,1,0.0,0,0,global_all_348_cross_gene,wt_site
279,SCN5A,5,1,0.4,0,0,global_all_348_cross_gene,wt_site
280,SCN3A,1,1,1.0,1,1,global_all_348_cross_gene,wt_site
280,SCN3A,3,1,1.0,1,1,global_all_348_cross_gene,wt_site
280,SCN3A,5,1,0.8,1,1,global_all_348_cross_gene,wt_site
281,SCN1A,1,1,1.0,1,1,global_all_348_cross_gene,wt_site
281,SCN1A,3,1,1.0,1,1,global_all_348_cross_gene,wt_site
281,SCN1A,5,1,0.8,1,1,global_all_348_cross_gene,wt_site
282,SCN4A,1,1,1.0,1,1,global_all_348_cross_gene,wt_site
282,SCN4A,3,1,1.0,1,1,global_all_348_cross_gene,wt_site
282,SCN4A,5,1,0.8,1,1,global_all_348_cross_gene,wt_site
283,SCN1A,1,0,1.0,1,0,global_all_348_cross_gene,wt_site
283,SCN1A,3,0,1.0,1,0,global_all_348_cross_gene,wt_site
283,SCN1A,5,0,1.0,1,0,global_all_348_cross_gene,wt_site
284,SCN5A,1,1,0.0,0,0,global_all_348_cross_gene,wt_site
284,SCN5A,3,1,0.6666666666666666,1,1,global_all_348_cross_gene,wt_site
284,SCN5A,5,1,0.8,1,1,global_all_348_cross_gene,wt_site
285,SCN2A,1,0,1.0,1,0,global_all_348_cross_gene,wt_site
285,SCN2A,3,0,1.0,1,0,global_all_348_cross_gene,wt_site
285,SCN2A,5,0,0.8,1,0,global_all_348_cross_gene,wt_site
286,SCN5A,1,1,1.0,1,1,global_all_348_cross_gene,wt_site
286,SCN5A,3,1,0.6666666666666666,1,1,global_all_348_cross_gene,wt_site
286,SCN5A,5,1,0.8,1,1,global_all_348_cross_gene,wt_site
287,SCN5A,1,0,1.0,1,0,global_all_348_cross_gene,wt_site
287,SCN5A,3,0,0.6666666666666666,1,0,global_all_348_cross_gene,wt_site
287,SCN5A,5,0,0.6,1,0,global_all_348_cross_gene,wt_site
288,SCN1A,1,0,0.0,0,1,global_all_348_cross_gene,wt_site
288,SCN1A,3,0,0.6666666666666666,1,0,global_all_348_cross_gene,wt_site
288,SCN1A,5,0,0.4,0,1,global_all_348_cross_gene,wt_site
289,SCN5A,1,0,0.0,0,1,global_all_348_cross_gene,wt_site
289,SCN5A,3,0,0.6666666666666666,1,0,global_all_348_cross_gene,wt_site
289,SCN5A,5,0,0.8,1,0,global_all_348_cross_gene,wt_site
290,SCN5A,1,1,1.0,1,1,global_all_348_cross_gene,wt_site
290,SCN5A,3,1,0.6666666666666666,1,1,global_all_348_cross_gene,wt_site
290,SCN5A,5,1,0.6,1,1,global_all_348_cross_gene,wt_site
291,SCN3A,1,0,0.0,0,1,global_all_348_cross_gene,wt_site
291,SCN3A,3,0,0.0,0,1,global_all_348_cross_gene,wt_site
291,SCN3A,5,0,0.2,0,1,global_all_348_cross_gene,wt_site
292,SCN1A,1,0,0.0,0,1,global_all_348_cross_gene,wt_site
292,SCN1A,3,0,0.6666666666666666,1,0,global_all_348_cross_gene,wt_site
292,SCN1A,5,0,0.8,1,0,global_all_348_cross_gene,wt_site
293,SCN1A,1,0,0.0,0,1,global_all_348_cross_gene,wt_site
293,SCN1A,3,0,0.6666666666666666,1,0,global_all_348_cross_gene,wt_site
293,SCN1A,5,0,0.8,1,0,global_all_348_cross_gene,wt_site
294,SCN5A,1,0,0.0,0,1,global_all_348_cross_gene,wt_site
294,SCN5A,3,0,0.3333333333333333,0,1,global_all_348_cross_gene,wt_site
294,SCN5A,5,0,0.2,0,1,global_all_348_cross_gene,wt_site
295,SCN10A,1,0,0.0,0,1,global_all_348_cross_gene,wt_site
295,SCN10A,3,0,0.6666666666666666,1,0,global_all_348_cross_gene,wt_site
295,SCN10A,5,0,0.4,0,1,global_all_348_cross_gene,wt_site
296,SCN5A,1,0,0.0,0,1,global_all_348_cross_gene,wt_site
296,SCN5A,3,0,0.3333333333333333,0,1,global_all_348_cross_gene,wt_site
296,SCN5A,5,0,0.4,0,1,global_all_348_cross_gene,wt_site
297,SCN1A,1,0,0.0,0,1,global_all_348_cross_gene,wt_site
297,SCN1A,3,0,0.6666666666666666,1,0,global_all_348_cross_gene,wt_site
297,SCN1A,5,0,0.6,1,0,global_all_348_cross_gene,wt_site
298,SCN5A,1,0,0.0,0,1,global_all_348_cross_gene,wt_site
298,SCN5A,3,0,0.3333333333333333,0,1,global_all_348_cross_gene,wt_site
298,SCN5A,5,0,0.6,1,0,global_all_348_cross_gene,wt_site
299,SCN5A,1,0,1.0,1,0,global_all_348_cross_gene,wt_site
299,SCN5A,3,0,0.6666666666666666,1,0,global_all_348_cross_gene,wt_site
299,SCN5A,5,0,0.6,1,0,global_all_348_cross_gene,wt_site
300,SCN10A,1,1,0.0,0,0,global_all_348_cross_gene,wt_site
300,SCN10A,3,1,0.0,0,0,global_all_348_cross_gene,wt_site
300,SCN10A,5,1,0.0,0,0,global_all_348_cross_gene,wt_site
301,SCN5A,1,0,1.0,1,0,global_all_348_cross_gene,wt_site
301,SCN5A,3,0,0.6666666666666666,1,0,global_all_348_cross_gene,wt_site
301,SCN5A,5,0,0.8,1,0,global_all_348_cross_gene,wt_site
302,SCN5A,1,0,1.0,1,0,global_all_348_cross_gene,wt_site
302,SCN5A,3,0,0.6666666666666666,1,0,global_all_348_cross_gene,wt_site
302,SCN5A,5,0,0.6,1,0,global_all_348_cross_gene,wt_site
303,SCN5A,1,0,0.0,0,1,global_all_348_cross_gene,wt_site
303,SCN5A,3,0,0.3333333333333333,0,1,global_all_348_cross_gene,wt_site
303,SCN5A,5,0,0.4,0,1,global_all_348_cross_gene,wt_site
304,SCN1A,1,0,0.0,0,1,global_all_348_cross_gene,wt_site
304,SCN1A,3,0,0.3333333333333333,0,1,global_all_348_cross_gene,wt_site
304,SCN1A,5,0,0.6,1,0,global_all_348_cross_gene,wt_site
305,SCN5A,1,0,0.0,0,1,global_all_348_cross_gene,wt_site
305,SCN5A,3,0,0.3333333333333333,0,1,global_all_348_cross_gene,wt_site
305,SCN5A,5,0,0.4,0,1,global_all_348_cross_gene,wt_site
306,SCN5A,1,0,0.0,0,1,global_all_348_cross_gene,wt_site
306,SCN5A,3,0,0.3333333333333333,0,1,global_all_348_cross_gene,wt_site
306,SCN5A,5,0,0.4,0,1,global_all_348_cross_gene,wt_site
307,SCN5A,1,0,0.0,0,1,global_all_348_cross_gene,wt_site
307,SCN5A,3,0,0.3333333333333333,0,1,global_all_348_cross_gene,wt_site
307,SCN5A,5,0,0.4,0,1,global_all_348_cross_gene,wt_site
308,SCN1A,1,0,0.0,0,1,global_all_348_cross_gene,wt_site
308,SCN1A,3,0,0.6666666666666666,1,0,global_all_348_cross_gene,wt_site
308,SCN1A,5,0,0.8,1,0,global_all_348_cross_gene,wt_site
309,SCN10A,1,1,1.0,1,1,global_all_348_cross_gene,wt_site
309,SCN10A,3,1,1.0,1,1,global_all_348_cross_gene,wt_site
309,SCN10A,5,1,1.0,1,1,global_all_348_cross_gene,wt_site
310,SCN1A,1,1,0.0,0,0,global_all_348_cross_gene,wt_site
310,SCN1A,3,1,0.6666666666666666,1,1,global_all_348_cross_gene,wt_site
310,SCN1A,5,1,0.4,0,0,global_all_348_cross_gene,wt_site
311,SCN5A,1,1,1.0,1,1,global_all_348_cross_gene,wt_site
311,SCN5A,3,1,0.6666666666666666,1,1,global_all_348_cross_gene,wt_site
311,SCN5A,5,1,0.8,1,1,global_all_348_cross_gene,wt_site
312,SCN5A,1,1,0.0,0,0,global_all_348_cross_gene,wt_site
312,SCN5A,3,1,0.0,0,0,global_all_348_cross_gene,wt_site
312,SCN5A,5,1,0.4,0,0,global_all_348_cross_gene,wt_site
313,SCN8A,1,0,1.0,1,0,global_all_348_cross_gene,wt_site
313,SCN8A,3,0,1.0,1,0,global_all_348_cross_gene,wt_site
313,SCN8A,5,0,0.8,1,0,global_all_348_cross_gene,wt_site
314,SCN5A,1,1,0.0,0,0,global_all_348_cross_gene,wt_site
314,SCN5A,3,1,0.3333333333333333,0,0,global_all_348_cross_gene,wt_site
314,SCN5A,5,1,0.6,1,1,global_all_348_cross_gene,wt_site
315,SCN3A,1,1,1.0,1,1,global_all_348_cross_gene,wt_site
315,SCN3A,3,1,0.6666666666666666,1,1,global_all_348_cross_gene,wt_site
315,SCN3A,5,1,0.8,1,1,global_all_348_cross_gene,wt_site
316,SCN8A,1,1,1.0,1,1,global_all_348_cross_gene,wt_site
316,SCN8A,3,1,0.6666666666666666,1,1,global_all_348_cross_gene,wt_site
316,SCN8A,5,1,0.8,1,1,global_all_348_cross_gene,wt_site
317,SCN5A,1,1,1.0,1,1,global_all_348_cross_gene,wt_site
317,SCN5A,3,1,0.6666666666666666,1,1,global_all_348_cross_gene,wt_site
317,SCN5A,5,1,0.8,1,1,global_all_348_cross_gene,wt_site
318,SCN5A,1,1,1.0,1,1,global_all_348_cross_gene,wt_site
318,SCN5A,3,1,1.0,1,1,global_all_348_cross_gene,wt_site
318,SCN5A,5,1,0.8,1,1,global_all_348_cross_gene,wt_site
319,SCN2A,1,0,1.0,1,0,global_all_348_cross_gene,wt_site
319,SCN2A,3,0,1.0,1,0,global_all_348_cross_gene,wt_site
319,SCN2A,5,0,0.8,1,0,global_all_348_cross_gene,wt_site
320,SCN3A,1,1,1.0,1,1,global_all_348_cross_gene,wt_site
320,SCN3A,3,1,1.0,1,1,global_all_348_cross_gene,wt_site
320,SCN3A,5,1,1.0,1,1,global_all_348_cross_gene,wt_site
321,SCN5A,1,1,1.0,1,1,global_all_348_cross_gene,wt_site
321,SCN5A,3,1,1.0,1,1,global_all_348_cross_gene,wt_site
321,SCN5A,5,1,0.8,1,1,global_all_348_cross_gene,wt_site
322,SCN8A,1,1,1.0,1,1,global_all_348_cross_gene,wt_site
322,SCN8A,3,1,1.0,1,1,global_all_348_cross_gene,wt_site
322,SCN8A,5,1,1.0,1,1,global_all_348_cross_gene,wt_site
323,SCN5A,1,1,1.0,1,1,global_all_348_cross_gene,wt_site
323,SCN5A,3,1,1.0,1,1,global_all_348_cross_gene,wt_site
323,SCN5A,5,1,1.0,1,1,global_all_348_cross_gene,wt_site
324,SCN5A,1,1,1.0,1,1,global_all_348_cross_gene,wt_site
324,SCN5A,3,1,1.0,1,1,global_all_348_cross_gene,wt_site
324,SCN5A,5,1,1.0,1,1,global_all_348_cross_gene,wt_site
325,SCN5A,1,0,1.0,1,0,global_all_348_cross_gene,wt_site
325,SCN5A,3,0,1.0,1,0,global_all_348_cross_gene,wt_site
325,SCN5A,5,0,1.0,1,0,global_all_348_cross_gene,wt_site
326,SCN2A,1,1,0.0,0,0,global_all_348_cross_gene,wt_site
326,SCN2A,3,1,0.3333333333333333,0,0,global_all_348_cross_gene,wt_site
326,SCN2A,5,1,0.6,1,1,global_all_348_cross_gene,wt_site
327,SCN4A,1,1,0.0,0,0,global_all_348_cross_gene,wt_site
327,SCN4A,3,1,0.6666666666666666,1,1,global_all_348_cross_gene,wt_site
327,SCN4A,5,1,0.8,1,1,global_all_348_cross_gene,wt_site
328,SCN1A,1,0,0.0,0,1,global_all_348_cross_gene,wt_site
328,SCN1A,3,0,0.6666666666666666,1,0,global_all_348_cross_gene,wt_site
328,SCN1A,5,0,0.6,1,0,global_all_348_cross_gene,wt_site
329,SCN5A,1,0,1.0,1,0,global_all_348_cross_gene,wt_site
329,SCN5A,3,0,1.0,1,0,global_all_348_cross_gene,wt_site
329,SCN5A,5,0,0.8,1,0,global_all_348_cross_gene,wt_site
330,SCN5A,1,0,1.0,1,0,global_all_348_cross_gene,wt_site
330,SCN5A,3,0,1.0,1,0,global_all_348_cross_gene,wt_site
330,SCN5A,5,0,1.0,1,0,global_all_348_cross_gene,wt_site
331,SCN5A,1,0,1.0,1,0,global_all_348_cross_gene,wt_site
331,SCN5A,3,0,1.0,1,0,global_all_348_cross_gene,wt_site
331,SCN5A,5,0,1.0,1,0,global_all_348_cross_gene,wt_site
332,SCN1A,1,1,0.0,0,0,global_all_348_cross_gene,wt_site
332,SCN1A,3,1,0.0,0,0,global_all_348_cross_gene,wt_site
332,SCN1A,5,1,0.4,0,0,global_all_348_cross_gene,wt_site
333,SCN2A,1,1,1.0,1,1,global_all_348_cross_gene,wt_site
333,SCN2A,3,1,1.0,1,1,global_all_348_cross_gene,wt_site
333,SCN2A,5,1,0.6,1,1,global_all_348_cross_gene,wt_site
334,SCN8A,1,1,1.0,1,1,global_all_348_cross_gene,wt_site
334,SCN8A,3,1,0.6666666666666666,1,1,global_all_348_cross_gene,wt_site
334,SCN8A,5,1,0.8,1,1,global_all_348_cross_gene,wt_site
335,SCN2A,1,1,1.0,1,1,global_all_348_cross_gene,wt_site
335,SCN2A,3,1,1.0,1,1,global_all_348_cross_gene,wt_site
335,SCN2A,5,1,0.8,1,1,global_all_348_cross_gene,wt_site
336,SCN2A,1,1,1.0,1,1,global_all_348_cross_gene,wt_site
336,SCN2A,3,1,1.0,1,1,global_all_348_cross_gene,wt_site
336,SCN2A,5,1,0.8,1,1,global_all_348_cross_gene,wt_site
337,SCN8A,1,1,1.0,1,1,global_all_348_cross_gene,wt_site
337,SCN8A,3,1,0.6666666666666666,1,1,global_all_348_cross_gene,wt_site
337,SCN8A,5,1,0.8,1,1,global_all_348_cross_gene,wt_site
338,SCN8A,1,1,1.0,1,1,global_all_348_cross_gene,wt_site
338,SCN8A,3,1,0.6666666666666666,1,1,global_all_348_cross_gene,wt_site
338,SCN8A,5,1,0.8,1,1,global_all_348_cross_gene,wt_site
339,SCN5A,1,0,1.0,1,0,global_all_348_cross_gene,wt_site
339,SCN5A,3,0,1.0,1,0,global_all_348_cross_gene,wt_site
339,SCN5A,5,0,1.0,1,0,global_all_348_cross_gene,wt_site
340,SCN5A,1,0,1.0,1,0,global_all_348_cross_gene,wt_site
340,SCN5A,3,0,1.0,1,0,global_all_348_cross_gene,wt_site
340,SCN5A,5,0,1.0,1,0,global_all_348_cross_gene,wt_site
341,SCN1A,1,0,0.0,0,1,global_all_348_cross_gene,wt_site
341,SCN1A,3,0,0.3333333333333333,0,1,global_all_348_cross_gene,wt_site
341,SCN1A,5,0,0.4,0,1,global_all_348_cross_gene,wt_site
342,SCN1A,1,0,0.0,0,1,global_all_348_cross_gene,wt_site
342,SCN1A,3,0,0.3333333333333333,0,1,global_all_348_cross_gene,wt_site
342,SCN1A,5,0,0.6,1,0,global_all_348_cross_gene,wt_site
343,SCN1A,1,0,1.0,1,0,global_all_348_cross_gene,wt_site
343,SCN1A,3,0,1.0,1,0,global_all_348_cross_gene,wt_site
343,SCN1A,5,0,0.8,1,0,global_all_348_cross_gene,wt_site
344,SCN10A,1,1,0.0,0,0,global_all_348_cross_gene,wt_site
344,SCN10A,3,1,0.3333333333333333,0,0,global_all_348_cross_gene,wt_site
344,SCN10A,5,1,0.4,0,0,global_all_348_cross_gene,wt_site
345,SCN5A,1,0,1.0,1,0,global_all_348_cross_gene,wt_site
345,SCN5A,3,0,0.6666666666666666,1,0,global_all_348_cross_gene,wt_site
345,SCN5A,5,0,0.8,1,0,global_all_348_cross_gene,wt_site
346,SCN5A,1,0,1.0,1,0,global_all_348_cross_gene,wt_site
346,SCN5A,3,0,1.0,1,0,global_all_348_cross_gene,wt_site
346,SCN5A,5,0,0.8,1,0,global_all_348_cross_gene,wt_site
347,SCN5A,1,1,1.0,1,1,global_all_348_cross_gene,wt_site
347,SCN5A,3,1,0.6666666666666666,1,1,global_all_348_cross_gene,wt_site
347,SCN5A,5,1,0.8,1,1,global_all_348_cross_gene,wt_site
0,SCN9A,1,1,0.0,0,0,global_all_348_cross_gene,mutant_site
0,SCN9A,3,1,0.6666666666666666,1,1,global_all_348_cross_gene,mutant_site
0,SCN9A,5,1,0.6,1,1,global_all_348_cross_gene,mutant_site
1,SCN2A,1,0,1.0,1,0,global_all_348_cross_gene,mutant_site
1,SCN2A,3,0,1.0,1,0,global_all_348_cross_gene,mutant_site
1,SCN2A,5,0,0.8,1,0,global_all_348_cross_gene,mutant_site
2,SCN5A,1,1,0.0,0,0,global_all_348_cross_gene,mutant_site
2,SCN5A,3,1,0.6666666666666666,1,1,global_all_348_cross_gene,mutant_site
2,SCN5A,5,1,0.4,0,0,global_all_348_cross_gene,mutant_site
3,SCN5A,1,0,1.0,1,0,global_all_348_cross_gene,mutant_site
3,SCN5A,3,0,1.0,1,0,global_all_348_cross_gene,mutant_site
3,SCN5A,5,0,1.0,1,0,global_all_348_cross_gene,mutant_site
4,SCN1A,1,0,0.0,0,1,global_all_348_cross_gene,mutant_site
4,SCN1A,3,0,0.3333333333333333,0,1,global_all_348_cross_gene,mutant_site
4,SCN1A,5,0,0.2,0,1,global_all_348_cross_gene,mutant_site
5,SCN5A,1,0,0.0,0,1,global_all_348_cross_gene,mutant_site
5,SCN5A,3,0,0.0,0,1,global_all_348_cross_gene,mutant_site
5,SCN5A,5,0,0.2,0,1,global_all_348_cross_gene,mutant_site
6,SCN2A,1,0,0.0,0,1,global_all_348_cross_gene,mutant_site
6,SCN2A,3,0,0.3333333333333333,0,1,global_all_348_cross_gene,mutant_site
6,SCN2A,5,0,0.2,0,1,global_all_348_cross_gene,mutant_site
7,SCN5A,1,0,0.0,0,1,global_all_348_cross_gene,mutant_site
7,SCN5A,3,0,0.3333333333333333,0,1,global_all_348_cross_gene,mutant_site
7,SCN5A,5,0,0.2,0,1,global_all_348_cross_gene,mutant_site
8,SCN10A,1,0,0.0,0,1,global_all_348_cross_gene,mutant_site
8,SCN10A,3,0,0.3333333333333333,0,1,global_all_348_cross_gene,mutant_site
8,SCN10A,5,0,0.6,1,0,global_all_348_cross_gene,mutant_site
9,SCN4A,1,0,0.0,0,1,global_all_348_cross_gene,mutant_site
9,SCN4A,3,0,0.0,0,1,global_all_348_cross_gene,mutant_site
9,SCN4A,5,0,0.2,0,1,global_all_348_cross_gene,mutant_site
10,SCN5A,1,0,0.0,0,1,global_all_348_cross_gene,mutant_site
10,SCN5A,3,0,0.3333333333333333,0,1,global_all_348_cross_gene,mutant_site
10,SCN5A,5,0,0.6,1,0,global_all_348_cross_gene,mutant_site
11,SCN5A,1,0,0.0,0,1,global_all_348_cross_gene,mutant_site
11,SCN5A,3,0,0.3333333333333333,0,1,global_all_348_cross_gene,mutant_site
11,SCN5A,5,0,0.6,1,0,global_all_348_cross_gene,mutant_site
12,SCN5A,1,0,0.0,0,1,global_all_348_cross_gene,mutant_site
12,SCN5A,3,0,0.0,0,1,global_all_348_cross_gene,mutant_site
12,SCN5A,5,0,0.2,0,1,global_all_348_cross_gene,mutant_site
13,SCN5A,1,0,1.0,1,0,global_all_348_cross_gene,mutant_site
13,SCN5A,3,0,0.3333333333333333,0,1,global_all_348_cross_gene,mutant_site
13,SCN5A,5,0,0.6,1,0,global_all_348_cross_gene,mutant_site
14,SCN5A,1,1,1.0,1,1,global_all_348_cross_gene,mutant_site
14,SCN5A,3,1,0.6666666666666666,1,1,global_all_348_cross_gene,mutant_site
14,SCN5A,5,1,0.8,1,1,global_all_348_cross_gene,mutant_site
15,SCN5A,1,0,1.0,1,0,global_all_348_cross_gene,mutant_site
15,SCN5A,3,0,0.3333333333333333,0,1,global_all_348_cross_gene,mutant_site
15,SCN5A,5,0,0.6,1,0,global_all_348_cross_gene,mutant_site
16,SCN5A,1,0,0.0,0,1,global_all_348_cross_gene,mutant_site
16,SCN5A,3,0,0.3333333333333333,0,1,global_all_348_cross_gene,mutant_site
16,SCN5A,5,0,0.4,0,1,global_all_348_cross_gene,mutant_site
17,SCN8A,1,1,1.0,1,1,global_all_348_cross_gene,mutant_site
17,SCN8A,3,1,1.0,1,1,global_all_348_cross_gene,mutant_site
17,SCN8A,5,1,0.8,1,1,global_all_348_cross_gene,mutant_site
18,SCN4A,1,1,1.0,1,1,global_all_348_cross_gene,mutant_site
18,SCN4A,3,1,1.0,1,1,global_all_348_cross_gene,mutant_site
18,SCN4A,5,1,1.0,1,1,global_all_348_cross_gene,mutant_site
19,SCN9A,1,1,1.0,1,1,global_all_348_cross_gene,mutant_site
19,SCN9A,3,1,1.0,1,1,global_all_348_cross_gene,mutant_site
19,SCN9A,5,1,1.0,1,1,global_all_348_cross_gene,mutant_site
20,SCN1A,1,0,0.0,0,1,global_all_348_cross_gene,mutant_site
20,SCN1A,3,0,0.0,0,1,global_all_348_cross_gene,mutant_site
20,SCN1A,5,0,0.2,0,1,global_all_348_cross_gene,mutant_site
21,SCN5A,1,0,1.0,1,0,global_all_348_cross_gene,mutant_site
21,SCN5A,3,0,1.0,1,0,global_all_348_cross_gene,mutant_site
21,SCN5A,5,0,1.0,1,0,global_all_348_cross_gene,mutant_site
22,SCN10A,1,1,1.0,1,1,global_all_348_cross_gene,mutant_site
22,SCN10A,3,1,0.3333333333333333,0,0,global_all_348_cross_gene,mutant_site
22,SCN10A,5,1,0.6,1,1,global_all_348_cross_gene,mutant_site
23,SCN5A,1,0,0.0,0,1,global_all_348_cross_gene,mutant_site
23,SCN5A,3,0,0.3333333333333333,0,1,global_all_348_cross_gene,mutant_site
23,SCN5A,5,0,0.6,1,0,global_all_348_cross_gene,mutant_site
24,SCN5A,1,0,0.0,0,1,global_all_348_cross_gene,mutant_site
24,SCN5A,3,0,0.0,0,1,global_all_348_cross_gene,mutant_site
24,SCN5A,5,0,0.2,0,1,global_all_348_cross_gene,mutant_site
25,SCN1A,1,0,0.0,0,1,global_all_348_cross_gene,mutant_site
25,SCN1A,3,0,0.0,0,1,global_all_348_cross_gene,mutant_site
25,SCN1A,5,0,0.0,0,1,global_all_348_cross_gene,mutant_site
26,SCN1A,1,0,0.0,0,1,global_all_348_cross_gene,mutant_site
26,SCN1A,3,0,0.0,0,1,global_all_348_cross_gene,mutant_site
26,SCN1A,5,0,0.0,0,1,global_all_348_cross_gene,mutant_site
27,SCN5A,1,0,1.0,1,0,global_all_348_cross_gene,mutant_site
27,SCN5A,3,0,1.0,1,0,global_all_348_cross_gene,mutant_site
27,SCN5A,5,0,0.6,1,0,global_all_348_cross_gene,mutant_site
28,SCN4A,1,0,1.0,1,0,global_all_348_cross_gene,mutant_site
28,SCN4A,3,0,0.3333333333333333,0,1,global_all_348_cross_gene,mutant_site
28,SCN4A,5,0,0.2,0,1,global_all_348_cross_gene,mutant_site
29,SCN2A,1,1,0.0,0,0,global_all_348_cross_gene,mutant_site
29,SCN2A,3,1,0.3333333333333333,0,0,global_all_348_cross_gene,mutant_site
29,SCN2A,5,1,0.6,1,1,global_all_348_cross_gene,mutant_site
30,SCN9A,1,1,1.0,1,1,global_all_348_cross_gene,mutant_site
30,SCN9A,3,1,0.6666666666666666,1,1,global_all_348_cross_gene,mutant_site
30,SCN9A,5,1,0.4,0,0,global_all_348_cross_gene,mutant_site
31,SCN11A,1,1,0.0,0,0,global_all_348_cross_gene,mutant_site
31,SCN11A,3,1,0.0,0,0,global_all_348_cross_gene,mutant_site
31,SCN11A,5,1,0.0,0,0,global_all_348_cross_gene,mutant_site
32,SCN9A,1,1,1.0,1,1,global_all_348_cross_gene,mutant_site
32,SCN9A,3,1,0.6666666666666666,1,1,global_all_348_cross_gene,mutant_site
32,SCN9A,5,1,0.8,1,1,global_all_348_cross_gene,mutant_site
33,SCN8A,1,0,0.0,0,1,global_all_348_cross_gene,mutant_site
33,SCN8A,3,0,0.0,0,1,global_all_348_cross_gene,mutant_site
33,SCN8A,5,0,0.0,0,1,global_all_348_cross_gene,mutant_site
34,SCN5A,1,0,1.0,1,0,global_all_348_cross_gene,mutant_site
34,SCN5A,3,0,0.3333333333333333,0,1,global_all_348_cross_gene,mutant_site
34,SCN5A,5,0,0.4,0,1,global_all_348_cross_gene,mutant_site
35,SCN4A,1,0,0.0,0,1,global_all_348_cross_gene,mutant_site
35,SCN4A,3,0,0.6666666666666666,1,0,global_all_348_cross_gene,mutant_site
35,SCN4A,5,0,0.4,0,1,global_all_348_cross_gene,mutant_site
36,SCN5A,1,0,0.0,0,1,global_all_348_cross_gene,mutant_site
36,SCN5A,3,0,0.3333333333333333,0,1,global_all_348_cross_gene,mutant_site
36,SCN5A,5,0,0.2,0,1,global_all_348_cross_gene,mutant_site
37,SCN5A,1,1,0.0,0,0,global_all_348_cross_gene,mutant_site
37,SCN5A,3,1,0.3333333333333333,0,0,global_all_348_cross_gene,mutant_site
37,SCN5A,5,1,0.2,0,0,global_all_348_cross_gene,mutant_site
38,SCN5A,1,0,1.0,1,0,global_all_348_cross_gene,mutant_site
38,SCN5A,3,0,0.6666666666666666,1,0,global_all_348_cross_gene,mutant_site
38,SCN5A,5,0,0.8,1,0,global_all_348_cross_gene,mutant_site
39,SCN1A,1,0,1.0,1,0,global_all_348_cross_gene,mutant_site
39,SCN1A,3,0,1.0,1,0,global_all_348_cross_gene,mutant_site
39,SCN1A,5,0,1.0,1,0,global_all_348_cross_gene,mutant_site
40,SCN9A,1,1,0.0,0,0,global_all_348_cross_gene,mutant_site
40,SCN9A,3,1,0.3333333333333333,0,0,global_all_348_cross_gene,mutant_site
40,SCN9A,5,1,0.4,0,0,global_all_348_cross_gene,mutant_site
41,SCN2A,1,1,1.0,1,1,global_all_348_cross_gene,mutant_site
41,SCN2A,3,1,1.0,1,1,global_all_348_cross_gene,mutant_site
41,SCN2A,5,1,0.8,1,1,global_all_348_cross_gene,mutant_site
42,SCN9A,1,1,0.0,0,0,global_all_348_cross_gene,mutant_site
42,SCN9A,3,1,0.3333333333333333,0,0,global_all_348_cross_gene,mutant_site
42,SCN9A,5,1,0.4,0,0,global_all_348_cross_gene,mutant_site
43,SCN9A,1,1,1.0,1,1,global_all_348_cross_gene,mutant_site
43,SCN9A,3,1,1.0,1,1,global_all_348_cross_gene,mutant_site
43,SCN9A,5,1,1.0,1,1,global_all_348_cross_gene,mutant_site
44,SCN10A,1,1,1.0,1,1,global_all_348_cross_gene,mutant_site
44,SCN10A,3,1,1.0,1,1,global_all_348_cross_gene,mutant_site
44,SCN10A,5,1,1.0,1,1,global_all_348_cross_gene,mutant_site
45,SCN3A,1,0,0.0,0,1,global_all_348_cross_gene,mutant_site
45,SCN3A,3,0,0.3333333333333333,0,1,global_all_348_cross_gene,mutant_site
45,SCN3A,5,0,0.4,0,1,global_all_348_cross_gene,mutant_site
46,SCN1A,1,0,1.0,1,0,global_all_348_cross_gene,mutant_site
46,SCN1A,3,0,1.0,1,0,global_all_348_cross_gene,mutant_site
46,SCN1A,5,0,0.8,1,0,global_all_348_cross_gene,mutant_site
47,SCN1A,1,0,0.0,0,1,global_all_348_cross_gene,mutant_site
47,SCN1A,3,0,0.3333333333333333,0,1,global_all_348_cross_gene,mutant_site
47,SCN1A,5,0,0.2,0,1,global_all_348_cross_gene,mutant_site
48,SCN2A,1,1,0.0,0,0,global_all_348_cross_gene,mutant_site
48,SCN2A,3,1,0.0,0,0,global_all_348_cross_gene,mutant_site
48,SCN2A,5,1,0.2,0,0,global_all_348_cross_gene,mutant_site
49,SCN1A,1,1,1.0,1,1,global_all_348_cross_gene,mutant_site
49,SCN1A,3,1,0.6666666666666666,1,1,global_all_348_cross_gene,mutant_site
49,SCN1A,5,1,0.4,0,0,global_all_348_cross_gene,mutant_site
50,SCN8A,1,0,0.0,0,1,global_all_348_cross_gene,mutant_site
50,SCN8A,3,0,0.3333333333333333,0,1,global_all_348_cross_gene,mutant_site
50,SCN8A,5,0,0.2,0,1,global_all_348_cross_gene,mutant_site
51,SCN5A,1,0,1.0,1,0,global_all_348_cross_gene,mutant_site
51,SCN5A,3,0,1.0,1,0,global_all_348_cross_gene,mutant_site
51,SCN5A,5,0,0.8,1,0,global_all_348_cross_gene,mutant_site
52,SCN5A,1,0,1.0,1,0,global_all_348_cross_gene,mutant_site
52,SCN5A,3,0,0.6666666666666666,1,0,global_all_348_cross_gene,mutant_site
52,SCN5A,5,0,0.8,1,0,global_all_348_cross_gene,mutant_site
53,SCN5A,1,0,1.0,1,0,global_all_348_cross_gene,mutant_site
53,SCN5A,3,0,1.0,1,0,global_all_348_cross_gene,mutant_site
53,SCN5A,5,0,0.8,1,0,global_all_348_cross_gene,mutant_site
54,SCN1A,1,0,0.0,0,1,global_all_348_cross_gene,mutant_site
54,SCN1A,3,0,0.0,0,1,global_all_348_cross_gene,mutant_site
54,SCN1A,5,0,0.4,0,1,global_all_348_cross_gene,mutant_site
55,SCN5A,1,0,1.0,1,0,global_all_348_cross_gene,mutant_site
55,SCN5A,3,0,1.0,1,0,global_all_348_cross_gene,mutant_site
55,SCN5A,5,0,0.6,1,0,global_all_348_cross_gene,mutant_site
56,SCN5A,1,0,0.0,0,1,global_all_348_cross_gene,mutant_site
56,SCN5A,3,0,0.3333333333333333,0,1,global_all_348_cross_gene,mutant_site
56,SCN5A,5,0,0.2,0,1,global_all_348_cross_gene,mutant_site
57,SCN5A,1,0,0.0,0,1,global_all_348_cross_gene,mutant_site
57,SCN5A,3,0,0.3333333333333333,0,1,global_all_348_cross_gene,mutant_site
57,SCN5A,5,0,0.2,0,1,global_all_348_cross_gene,mutant_site
58,SCN3A,1,1,0.0,0,0,global_all_348_cross_gene,mutant_site
58,SCN3A,3,1,0.6666666666666666,1,1,global_all_348_cross_gene,mutant_site
58,SCN3A,5,1,0.6,1,1,global_all_348_cross_gene,mutant_site
59,SCN4A,1,0,0.0,0,1,global_all_348_cross_gene,mutant_site
59,SCN4A,3,0,0.3333333333333333,0,1,global_all_348_cross_gene,mutant_site
59,SCN4A,5,0,0.4,0,1,global_all_348_cross_gene,mutant_site
60,SCN5A,1,0,0.0,0,1,global_all_348_cross_gene,mutant_site
60,SCN5A,3,0,0.0,0,1,global_all_348_cross_gene,mutant_site
60,SCN5A,5,0,0.4,0,1,global_all_348_cross_gene,mutant_site
61,SCN5A,1,0,0.0,0,1,global_all_348_cross_gene,mutant_site
61,SCN5A,3,0,0.0,0,1,global_all_348_cross_gene,mutant_site
61,SCN5A,5,0,0.2,0,1,global_all_348_cross_gene,mutant_site
62,SCN5A,1,0,0.0,0,1,global_all_348_cross_gene,mutant_site
62,SCN5A,3,0,0.3333333333333333,0,1,global_all_348_cross_gene,mutant_site
62,SCN5A,5,0,0.2,0,1,global_all_348_cross_gene,mutant_site
63,SCN5A,1,0,0.0,0,1,global_all_348_cross_gene,mutant_site
63,SCN5A,3,0,0.0,0,1,global_all_348_cross_gene,mutant_site
63,SCN5A,5,0,0.0,0,1,global_all_348_cross_gene,mutant_site
64,SCN2A,1,0,0.0,0,1,global_all_348_cross_gene,mutant_site
64,SCN2A,3,0,0.0,0,1,global_all_348_cross_gene,mutant_site
64,SCN2A,5,0,0.0,0,1,global_all_348_cross_gene,mutant_site
65,SCN5A,1,0,0.0,0,1,global_all_348_cross_gene,mutant_site
65,SCN5A,3,0,0.0,0,1,global_all_348_cross_gene,mutant_site
65,SCN5A,5,0,0.0,0,1,global_all_348_cross_gene,mutant_site
66,SCN5A,1,0,0.0,0,1,global_all_348_cross_gene,mutant_site
66,SCN5A,3,0,0.0,0,1,global_all_348_cross_gene,mutant_site
66,SCN5A,5,0,0.0,0,1,global_all_348_cross_gene,mutant_site
67,SCN5A,1,0,0.0,0,1,global_all_348_cross_gene,mutant_site
67,SCN5A,3,0,0.3333333333333333,0,1,global_all_348_cross_gene,mutant_site
67,SCN5A,5,0,0.6,1,0,global_all_348_cross_gene,mutant_site
68,SCN5A,1,0,1.0,1,0,global_all_348_cross_gene,mutant_site
68,SCN5A,3,0,0.3333333333333333,0,1,global_all_348_cross_gene,mutant_site
68,SCN5A,5,0,0.2,0,1,global_all_348_cross_gene,mutant_site
69,SCN5A,1,0,1.0,1,0,global_all_348_cross_gene,mutant_site
69,SCN5A,3,0,0.6666666666666666,1,0,global_all_348_cross_gene,mutant_site
69,SCN5A,5,0,0.8,1,0,global_all_348_cross_gene,mutant_site
70,SCN8A,1,1,0.0,0,0,global_all_348_cross_gene,mutant_site
70,SCN8A,3,1,0.0,0,0,global_all_348_cross_gene,mutant_site
70,SCN8A,5,1,0.2,0,0,global_all_348_cross_gene,mutant_site
71,SCN1A,1,0,0.0,0,1,global_all_348_cross_gene,mutant_site
71,SCN1A,3,0,0.0,0,1,global_all_348_cross_gene,mutant_site
71,SCN1A,5,0,0.2,0,1,global_all_348_cross_gene,mutant_site
72,SCN5A,1,0,0.0,0,1,global_all_348_cross_gene,mutant_site
72,SCN5A,3,0,0.6666666666666666,1,0,global_all_348_cross_gene,mutant_site
72,SCN5A,5,0,0.4,0,1,global_all_348_cross_gene,mutant_site
73,SCN11A,1,1,0.0,0,0,global_all_348_cross_gene,mutant_site
73,SCN11A,3,1,0.6666666666666666,1,1,global_all_348_cross_gene,mutant_site
73,SCN11A,5,1,0.6,1,1,global_all_348_cross_gene,mutant_site
74,SCN5A,1,0,0.0,0,1,global_all_348_cross_gene,mutant_site
74,SCN5A,3,0,0.3333333333333333,0,1,global_all_348_cross_gene,mutant_site
74,SCN5A,5,0,0.6,1,0,global_all_348_cross_gene,mutant_site
75,SCN10A,1,0,0.0,0,1,global_all_348_cross_gene,mutant_site
75,SCN10A,3,0,0.3333333333333333,0,1,global_all_348_cross_gene,mutant_site
75,SCN10A,5,0,0.6,1,0,global_all_348_cross_gene,mutant_site
76,SCN4A,1,1,1.0,1,1,global_all_348_cross_gene,mutant_site
76,SCN4A,3,1,0.3333333333333333,0,0,global_all_348_cross_gene,mutant_site
76,SCN4A,5,1,0.2,0,0,global_all_348_cross_gene,mutant_site
77,SCN9A,1,1,1.0,1,1,global_all_348_cross_gene,mutant_site
77,SCN9A,3,1,0.3333333333333333,0,0,global_all_348_cross_gene,mutant_site
77,SCN9A,5,1,0.4,0,0,global_all_348_cross_gene,mutant_site
78,SCN5A,1,0,1.0,1,0,global_all_348_cross_gene,mutant_site
78,SCN5A,3,0,0.6666666666666666,1,0,global_all_348_cross_gene,mutant_site
78,SCN5A,5,0,0.6,1,0,global_all_348_cross_gene,mutant_site
79,SCN2A,1,1,1.0,1,1,global_all_348_cross_gene,mutant_site
79,SCN2A,3,1,1.0,1,1,global_all_348_cross_gene,mutant_site
79,SCN2A,5,1,1.0,1,1,global_all_348_cross_gene,mutant_site
80,SCN4A,1,1,1.0,1,1,global_all_348_cross_gene,mutant_site
80,SCN4A,3,1,1.0,1,1,global_all_348_cross_gene,mutant_site
80,SCN4A,5,1,0.8,1,1,global_all_348_cross_gene,mutant_site
81,SCN5A,1,1,1.0,1,1,global_all_348_cross_gene,mutant_site
81,SCN5A,3,1,1.0,1,1,global_all_348_cross_gene,mutant_site
81,SCN5A,5,1,1.0,1,1,global_all_348_cross_gene,mutant_site
82,SCN9A,1,1,1.0,1,1,global_all_348_cross_gene,mutant_site
82,SCN9A,3,1,1.0,1,1,global_all_348_cross_gene,mutant_site
82,SCN9A,5,1,1.0,1,1,global_all_348_cross_gene,mutant_site
83,SCN1A,1,0,1.0,1,0,global_all_348_cross_gene,mutant_site
83,SCN1A,3,0,1.0,1,0,global_all_348_cross_gene,mutant_site
83,SCN1A,5,0,1.0,1,0,global_all_348_cross_gene,mutant_site
84,SCN5A,1,1,0.0,0,0,global_all_348_cross_gene,mutant_site
84,SCN5A,3,1,0.6666666666666666,1,1,global_all_348_cross_gene,mutant_site
84,SCN5A,5,1,0.8,1,1,global_all_348_cross_gene,mutant_site
85,SCN5A,1,0,1.0,1,0,global_all_348_cross_gene,mutant_site
85,SCN5A,3,0,0.6666666666666666,1,0,global_all_348_cross_gene,mutant_site
85,SCN5A,5,0,0.8,1,0,global_all_348_cross_gene,mutant_site
86,SCN5A,1,0,1.0,1,0,global_all_348_cross_gene,mutant_site
86,SCN5A,3,0,0.6666666666666666,1,0,global_all_348_cross_gene,mutant_site
86,SCN5A,5,0,0.8,1,0,global_all_348_cross_gene,mutant_site
87,SCN5A,1,1,1.0,1,1,global_all_348_cross_gene,mutant_site
87,SCN5A,3,1,0.6666666666666666,1,1,global_all_348_cross_gene,mutant_site
87,SCN5A,5,1,0.8,1,1,global_all_348_cross_gene,mutant_site
88,SCN10A,1,1,0.0,0,0,global_all_348_cross_gene,mutant_site
88,SCN10A,3,1,0.3333333333333333,0,0,global_all_348_cross_gene,mutant_site
88,SCN10A,5,1,0.6,1,1,global_all_348_cross_gene,mutant_site
89,SCN5A,1,0,1.0,1,0,global_all_348_cross_gene,mutant_site
89,SCN5A,3,0,0.6666666666666666,1,0,global_all_348_cross_gene,mutant_site
89,SCN5A,5,0,0.8,1,0,global_all_348_cross_gene,mutant_site
90,SCN9A,1,1,0.0,0,0,global_all_348_cross_gene,mutant_site
90,SCN9A,3,1,0.6666666666666666,1,1,global_all_348_cross_gene,mutant_site
90,SCN9A,5,1,0.4,0,0,global_all_348_cross_gene,mutant_site
91,SCN5A,1,1,0.0,0,0,global_all_348_cross_gene,mutant_site
91,SCN5A,3,1,0.6666666666666666,1,1,global_all_348_cross_gene,mutant_site
91,SCN5A,5,1,0.8,1,1,global_all_348_cross_gene,mutant_site
92,SCN5A,1,0,0.0,0,1,global_all_348_cross_gene,mutant_site
92,SCN5A,3,0,0.3333333333333333,0,1,global_all_348_cross_gene,mutant_site
92,SCN5A,5,0,0.4,0,1,global_all_348_cross_gene,mutant_site
93,SCN2A,1,1,1.0,1,1,global_all_348_cross_gene,mutant_site
93,SCN2A,3,1,1.0,1,1,global_all_348_cross_gene,mutant_site
93,SCN2A,5,1,1.0,1,1,global_all_348_cross_gene,mutant_site
94,SCN8A,1,1,1.0,1,1,global_all_348_cross_gene,mutant_site
94,SCN8A,3,1,1.0,1,1,global_all_348_cross_gene,mutant_site
94,SCN8A,5,1,0.8,1,1,global_all_348_cross_gene,mutant_site
95,SCN5A,1,0,0.0,0,1,global_all_348_cross_gene,mutant_site
95,SCN5A,3,0,0.6666666666666666,1,0,global_all_348_cross_gene,mutant_site
95,SCN5A,5,0,0.8,1,0,global_all_348_cross_gene,mutant_site
96,SCN5A,1,0,0.0,0,1,global_all_348_cross_gene,mutant_site
96,SCN5A,3,0,0.3333333333333333,0,1,global_all_348_cross_gene,mutant_site
96,SCN5A,5,0,0.4,0,1,global_all_348_cross_gene,mutant_site
97,SCN5A,1,0,0.0,0,1,global_all_348_cross_gene,mutant_site
97,SCN5A,3,0,0.3333333333333333,0,1,global_all_348_cross_gene,mutant_site
97,SCN5A,5,0,0.4,0,1,global_all_348_cross_gene,mutant_site
98,SCN5A,1,0,1.0,1,0,global_all_348_cross_gene,mutant_site
98,SCN5A,3,0,0.3333333333333333,0,1,global_all_348_cross_gene,mutant_site
98,SCN5A,5,0,0.4,0,1,global_all_348_cross_gene,mutant_site
99,SCN1A,1,0,0.0,0,1,global_all_348_cross_gene,mutant_site
99,SCN1A,3,0,0.3333333333333333,0,1,global_all_348_cross_gene,mutant_site
99,SCN1A,5,0,0.6,1,0,global_all_348_cross_gene,mutant_site
100,SCN1A,1,0,0.0,0,1,global_all_348_cross_gene,mutant_site
100,SCN1A,3,0,0.3333333333333333,0,1,global_all_348_cross_gene,mutant_site
100,SCN1A,5,0,0.4,0,1,global_all_348_cross_gene,mutant_site
101,SCN5A,1,0,1.0,1,0,global_all_348_cross_gene,mutant_site
101,SCN5A,3,0,1.0,1,0,global_all_348_cross_gene,mutant_site
101,SCN5A,5,0,0.8,1,0,global_all_348_cross_gene,mutant_site
102,SCN5A,1,0,1.0,1,0,global_all_348_cross_gene,mutant_site
102,SCN5A,3,0,1.0,1,0,global_all_348_cross_gene,mutant_site
102,SCN5A,5,0,0.6,1,0,global_all_348_cross_gene,mutant_site
103,SCN5A,1,0,0.0,0,1,global_all_348_cross_gene,mutant_site
103,SCN5A,3,0,0.6666666666666666,1,0,global_all_348_cross_gene,mutant_site
103,SCN5A,5,0,0.6,1,0,global_all_348_cross_gene,mutant_site
104,SCN8A,1,0,1.0,1,0,global_all_348_cross_gene,mutant_site
104,SCN8A,3,0,0.6666666666666666,1,0,global_all_348_cross_gene,mutant_site
104,SCN8A,5,0,0.4,0,1,global_all_348_cross_gene,mutant_site
105,SCN10A,1,0,0.0,0,1,global_all_348_cross_gene,mutant_site
105,SCN10A,3,0,0.0,0,1,global_all_348_cross_gene,mutant_site
105,SCN10A,5,0,0.2,0,1,global_all_348_cross_gene,mutant_site
106,SCN1A,1,0,0.0,0,1,global_all_348_cross_gene,mutant_site
106,SCN1A,3,0,0.0,0,1,global_all_348_cross_gene,mutant_site
106,SCN1A,5,0,0.0,0,1,global_all_348_cross_gene,mutant_site
107,SCN4A,1,0,0.0,0,1,global_all_348_cross_gene,mutant_site
107,SCN4A,3,0,0.0,0,1,global_all_348_cross_gene,mutant_site
107,SCN4A,5,0,0.0,0,1,global_all_348_cross_gene,mutant_site
108,SCN1A,1,0,0.0,0,1,global_all_348_cross_gene,mutant_site
108,SCN1A,3,0,0.0,0,1,global_all_348_cross_gene,mutant_site
108,SCN1A,5,0,0.2,0,1,global_all_348_cross_gene,mutant_site
109,SCN5A,1,0,0.0,0,1,global_all_348_cross_gene,mutant_site
109,SCN5A,3,0,0.0,0,1,global_all_348_cross_gene,mutant_site
109,SCN5A,5,0,0.0,0,1,global_all_348_cross_gene,mutant_site
110,SCN4A,1,0,0.0,0,1,global_all_348_cross_gene,mutant_site
110,SCN4A,3,0,0.3333333333333333,0,1,global_all_348_cross_gene,mutant_site
110,SCN4A,5,0,0.4,0,1,global_all_348_cross_gene,mutant_site
111,SCN4A,1,0,0.0,0,1,global_all_348_cross_gene,mutant_site
111,SCN4A,3,0,0.3333333333333333,0,1,global_all_348_cross_gene,mutant_site
111,SCN4A,5,0,0.6,1,0,global_all_348_cross_gene,mutant_site
112,SCN5A,1,0,0.0,0,1,global_all_348_cross_gene,mutant_site
112,SCN5A,3,0,0.3333333333333333,0,1,global_all_348_cross_gene,mutant_site
112,SCN5A,5,0,0.2,0,1,global_all_348_cross_gene,mutant_site
113,SCN3A,1,1,0.0,0,0,global_all_348_cross_gene,mutant_site
113,SCN3A,3,1,0.3333333333333333,0,0,global_all_348_cross_gene,mutant_site
113,SCN3A,5,1,0.2,0,0,global_all_348_cross_gene,mutant_site
114,SCN5A,1,0,1.0,1,0,global_all_348_cross_gene,mutant_site
114,SCN5A,3,0,0.6666666666666666,1,0,global_all_348_cross_gene,mutant_site
114,SCN5A,5,0,0.6,1,0,global_all_348_cross_gene,mutant_site
115,SCN1A,1,1,0.0,0,0,global_all_348_cross_gene,mutant_site
115,SCN1A,3,1,0.0,0,0,global_all_348_cross_gene,mutant_site
115,SCN1A,5,1,0.2,0,0,global_all_348_cross_gene,mutant_site
116,SCN5A,1,0,0.0,0,1,global_all_348_cross_gene,mutant_site
116,SCN5A,3,0,0.3333333333333333,0,1,global_all_348_cross_gene,mutant_site
116,SCN5A,5,0,0.2,0,1,global_all_348_cross_gene,mutant_site
117,SCN1A,1,0,0.0,0,1,global_all_348_cross_gene,mutant_site
117,SCN1A,3,0,0.0,0,1,global_all_348_cross_gene,mutant_site
117,SCN1A,5,0,0.4,0,1,global_all_348_cross_gene,mutant_site
118,SCN3A,1,1,0.0,0,0,global_all_348_cross_gene,mutant_site
118,SCN3A,3,1,0.0,0,0,global_all_348_cross_gene,mutant_site
118,SCN3A,5,1,0.2,0,0,global_all_348_cross_gene,mutant_site
119,SCN11A,1,1,1.0,1,1,global_all_348_cross_gene,mutant_site
119,SCN11A,3,1,1.0,1,1,global_all_348_cross_gene,mutant_site
119,SCN11A,5,1,0.8,1,1,global_all_348_cross_gene,mutant_site
120,SCN5A,1,0,0.0,0,1,global_all_348_cross_gene,mutant_site
120,SCN5A,3,0,0.6666666666666666,1,0,global_all_348_cross_gene,mutant_site
120,SCN5A,5,0,0.6,1,0,global_all_348_cross_gene,mutant_site
121,SCN4A,1,1,0.0,0,0,global_all_348_cross_gene,mutant_site
121,SCN4A,3,1,0.3333333333333333,0,0,global_all_348_cross_gene,mutant_site
121,SCN4A,5,1,0.4,0,0,global_all_348_cross_gene,mutant_site
122,SCN1A,1,0,0.0,0,1,global_all_348_cross_gene,mutant_site
122,SCN1A,3,0,0.0,0,1,global_all_348_cross_gene,mutant_site
122,SCN1A,5,0,0.2,0,1,global_all_348_cross_gene,mutant_site
123,SCN5A,1,0,0.0,0,1,global_all_348_cross_gene,mutant_site
123,SCN5A,3,0,0.0,0,1,global_all_348_cross_gene,mutant_site
123,SCN5A,5,0,0.2,0,1,global_all_348_cross_gene,mutant_site
124,SCN9A,1,1,1.0,1,1,global_all_348_cross_gene,mutant_site
124,SCN9A,3,1,0.3333333333333333,0,0,global_all_348_cross_gene,mutant_site
124,SCN9A,5,1,0.4,0,0,global_all_348_cross_gene,mutant_site
125,SCN2A,1,0,0.0,0,1,global_all_348_cross_gene,mutant_site
125,SCN2A,3,0,0.0,0,1,global_all_348_cross_gene,mutant_site
125,SCN2A,5,0,0.0,0,1,global_all_348_cross_gene,mutant_site
126,SCN1A,1,0,1.0,1,0,global_all_348_cross_gene,mutant_site
126,SCN1A,3,0,0.3333333333333333,0,1,global_all_348_cross_gene,mutant_site
126,SCN1A,5,0,0.6,1,0,global_all_348_cross_gene,mutant_site
127,SCN10A,1,1,1.0,1,1,global_all_348_cross_gene,mutant_site
127,SCN10A,3,1,0.3333333333333333,0,0,global_all_348_cross_gene,mutant_site
127,SCN10A,5,1,0.2,0,0,global_all_348_cross_gene,mutant_site
128,SCN2A,1,1,1.0,1,1,global_all_348_cross_gene,mutant_site
128,SCN2A,3,1,1.0,1,1,global_all_348_cross_gene,mutant_site
128,SCN2A,5,1,0.8,1,1,global_all_348_cross_gene,mutant_site
129,SCN5A,1,0,1.0,1,0,global_all_348_cross_gene,mutant_site
129,SCN5A,3,0,1.0,1,0,global_all_348_cross_gene,mutant_site
129,SCN5A,5,0,0.8,1,0,global_all_348_cross_gene,mutant_site
130,SCN1A,1,0,1.0,1,0,global_all_348_cross_gene,mutant_site
130,SCN1A,3,0,1.0,1,0,global_all_348_cross_gene,mutant_site
130,SCN1A,5,0,0.6,1,0,global_all_348_cross_gene,mutant_site
131,SCN5A,1,0,0.0,0,1,global_all_348_cross_gene,mutant_site
131,SCN5A,3,0,0.0,0,1,global_all_348_cross_gene,mutant_site
131,SCN5A,5,0,0.0,0,1,global_all_348_cross_gene,mutant_site
132,SCN5A,1,0,0.0,0,1,global_all_348_cross_gene,mutant_site
132,SCN5A,3,0,0.3333333333333333,0,1,global_all_348_cross_gene,mutant_site
132,SCN5A,5,0,0.6,1,0,global_all_348_cross_gene,mutant_site
133,SCN1A,1,0,0.0,0,1,global_all_348_cross_gene,mutant_site
133,SCN1A,3,0,0.0,0,1,global_all_348_cross_gene,mutant_site
133,SCN1A,5,0,0.0,0,1,global_all_348_cross_gene,mutant_site
134,SCN2A,1,0,0.0,0,1,global_all_348_cross_gene,mutant_site
134,SCN2A,3,0,0.0,0,1,global_all_348_cross_gene,mutant_site
134,SCN2A,5,0,0.0,0,1,global_all_348_cross_gene,mutant_site
135,SCN1A,1,0,0.0,0,1,global_all_348_cross_gene,mutant_site
135,SCN1A,3,0,0.0,0,1,global_all_348_cross_gene,mutant_site
135,SCN1A,5,0,0.0,0,1,global_all_348_cross_gene,mutant_site
136,SCN2A,1,0,0.0,0,1,global_all_348_cross_gene,mutant_site
136,SCN2A,3,0,0.0,0,1,global_all_348_cross_gene,mutant_site
136,SCN2A,5,0,0.0,0,1,global_all_348_cross_gene,mutant_site
137,SCN5A,1,0,1.0,1,0,global_all_348_cross_gene,mutant_site
137,SCN5A,3,0,0.6666666666666666,1,0,global_all_348_cross_gene,mutant_site
137,SCN5A,5,0,0.4,0,1,global_all_348_cross_gene,mutant_site
138,SCN1A,1,0,1.0,1,0,global_all_348_cross_gene,mutant_site
138,SCN1A,3,0,0.6666666666666666,1,0,global_all_348_cross_gene,mutant_site
138,SCN1A,5,0,0.6,1,0,global_all_348_cross_gene,mutant_site
139,SCN1A,1,0,0.0,0,1,global_all_348_cross_gene,mutant_site
139,SCN1A,3,0,0.0,0,1,global_all_348_cross_gene,mutant_site
139,SCN1A,5,0,0.2,0,1,global_all_348_cross_gene,mutant_site
140,SCN5A,1,0,1.0,1,0,global_all_348_cross_gene,mutant_site
140,SCN5A,3,0,0.6666666666666666,1,0,global_all_348_cross_gene,mutant_site
140,SCN5A,5,0,0.8,1,0,global_all_348_cross_gene,mutant_site
141,SCN10A,1,0,0.0,0,1,global_all_348_cross_gene,mutant_site
141,SCN10A,3,0,0.3333333333333333,0,1,global_all_348_cross_gene,mutant_site
141,SCN10A,5,0,0.2,0,1,global_all_348_cross_gene,mutant_site
142,SCN1A,1,0,0.0,0,1,global_all_348_cross_gene,mutant_site
142,SCN1A,3,0,0.0,0,1,global_all_348_cross_gene,mutant_site
142,SCN1A,5,0,0.0,0,1,global_all_348_cross_gene,mutant_site
143,SCN8A,1,0,0.0,0,1,global_all_348_cross_gene,mutant_site
143,SCN8A,3,0,0.0,0,1,global_all_348_cross_gene,mutant_site
143,SCN8A,5,0,0.0,0,1,global_all_348_cross_gene,mutant_site
144,SCN5A,1,0,1.0,1,0,global_all_348_cross_gene,mutant_site
144,SCN5A,3,0,0.3333333333333333,0,1,global_all_348_cross_gene,mutant_site
144,SCN5A,5,0,0.4,0,1,global_all_348_cross_gene,mutant_site
145,SCN5A,1,0,0.0,0,1,global_all_348_cross_gene,mutant_site
145,SCN5A,3,0,0.6666666666666666,1,0,global_all_348_cross_gene,mutant_site
145,SCN5A,5,0,0.8,1,0,global_all_348_cross_gene,mutant_site
146,SCN1A,1,0,0.0,0,1,global_all_348_cross_gene,mutant_site
146,SCN1A,3,0,0.3333333333333333,0,1,global_all_348_cross_gene,mutant_site
146,SCN1A,5,0,0.6,1,0,global_all_348_cross_gene,mutant_site
147,SCN1A,1,0,1.0,1,0,global_all_348_cross_gene,mutant_site
147,SCN1A,3,0,0.6666666666666666,1,0,global_all_348_cross_gene,mutant_site
147,SCN1A,5,0,0.6,1,0,global_all_348_cross_gene,mutant_site
148,SCN1A,1,0,1.0,1,0,global_all_348_cross_gene,mutant_site
148,SCN1A,3,0,1.0,1,0,global_all_348_cross_gene,mutant_site
148,SCN1A,5,0,0.8,1,0,global_all_348_cross_gene,mutant_site
149,SCN4A,1,1,0.0,0,0,global_all_348_cross_gene,mutant_site
149,SCN4A,3,1,0.6666666666666666,1,1,global_all_348_cross_gene,mutant_site
149,SCN4A,5,1,0.8,1,1,global_all_348_cross_gene,mutant_site
150,SCN5A,1,1,1.0,1,1,global_all_348_cross_gene,mutant_site
150,SCN5A,3,1,1.0,1,1,global_all_348_cross_gene,mutant_site
150,SCN5A,5,1,0.8,1,1,global_all_348_cross_gene,mutant_site
151,SCN11A,1,1,1.0,1,1,global_all_348_cross_gene,mutant_site
151,SCN11A,3,1,0.6666666666666666,1,1,global_all_348_cross_gene,mutant_site
151,SCN11A,5,1,0.8,1,1,global_all_348_cross_gene,mutant_site
152,SCN2A,1,1,0.0,0,0,global_all_348_cross_gene,mutant_site
152,SCN2A,3,1,0.6666666666666666,1,1,global_all_348_cross_gene,mutant_site
152,SCN2A,5,1,0.6,1,1,global_all_348_cross_gene,mutant_site
153,SCN1A,1,0,1.0,1,0,global_all_348_cross_gene,mutant_site
153,SCN1A,3,0,0.6666666666666666,1,0,global_all_348_cross_gene,mutant_site
153,SCN1A,5,0,0.8,1,0,global_all_348_cross_gene,mutant_site
154,SCN5A,1,0,0.0,0,1,global_all_348_cross_gene,mutant_site
154,SCN5A,3,0,0.3333333333333333,0,1,global_all_348_cross_gene,mutant_site
154,SCN5A,5,0,0.4,0,1,global_all_348_cross_gene,mutant_site
155,SCN5A,1,0,1.0,1,0,global_all_348_cross_gene,mutant_site
155,SCN5A,3,0,0.6666666666666666,1,0,global_all_348_cross_gene,mutant_site
155,SCN5A,5,0,0.8,1,0,global_all_348_cross_gene,mutant_site
156,SCN10A,1,1,0.0,0,0,global_all_348_cross_gene,mutant_site
156,SCN10A,3,1,0.3333333333333333,0,0,global_all_348_cross_gene,mutant_site
156,SCN10A,5,1,0.4,0,0,global_all_348_cross_gene,mutant_site
157,SCN5A,1,1,1.0,1,1,global_all_348_cross_gene,mutant_site
157,SCN5A,3,1,0.6666666666666666,1,1,global_all_348_cross_gene,mutant_site
157,SCN5A,5,1,0.8,1,1,global_all_348_cross_gene,mutant_site
158,SCN5A,1,1,1.0,1,1,global_all_348_cross_gene,mutant_site
158,SCN5A,3,1,0.3333333333333333,0,0,global_all_348_cross_gene,mutant_site
158,SCN5A,5,1,0.4,0,0,global_all_348_cross_gene,mutant_site
159,SCN5A,1,0,1.0,1,0,global_all_348_cross_gene,mutant_site
159,SCN5A,3,0,0.6666666666666666,1,0,global_all_348_cross_gene,mutant_site
159,SCN5A,5,0,0.6,1,0,global_all_348_cross_gene,mutant_site
160,SCN5A,1,0,1.0,1,0,global_all_348_cross_gene,mutant_site
160,SCN5A,3,0,0.6666666666666666,1,0,global_all_348_cross_gene,mutant_site
160,SCN5A,5,0,0.8,1,0,global_all_348_cross_gene,mutant_site
161,SCN5A,1,0,0.0,0,1,global_all_348_cross_gene,mutant_site
161,SCN5A,3,0,0.6666666666666666,1,0,global_all_348_cross_gene,mutant_site
161,SCN5A,5,0,0.8,1,0,global_all_348_cross_gene,mutant_site
162,SCN5A,1,0,1.0,1,0,global_all_348_cross_gene,mutant_site
162,SCN5A,3,0,0.6666666666666666,1,0,global_all_348_cross_gene,mutant_site
162,SCN5A,5,0,0.8,1,0,global_all_348_cross_gene,mutant_site
163,SCN1A,1,0,1.0,1,0,global_all_348_cross_gene,mutant_site
163,SCN1A,3,0,0.6666666666666666,1,0,global_all_348_cross_gene,mutant_site
163,SCN1A,5,0,0.8,1,0,global_all_348_cross_gene,mutant_site
164,SCN5A,1,0,0.0,0,1,global_all_348_cross_gene,mutant_site
164,SCN5A,3,0,0.0,0,1,global_all_348_cross_gene,mutant_site
164,SCN5A,5,0,0.2,0,1,global_all_348_cross_gene,mutant_site
165,SCN5A,1,0,0.0,0,1,global_all_348_cross_gene,mutant_site
165,SCN5A,3,0,0.3333333333333333,0,1,global_all_348_cross_gene,mutant_site
165,SCN5A,5,0,0.4,0,1,global_all_348_cross_gene,mutant_site
166,SCN5A,1,1,1.0,1,1,global_all_348_cross_gene,mutant_site
166,SCN5A,3,1,0.6666666666666666,1,1,global_all_348_cross_gene,mutant_site
166,SCN5A,5,1,0.6,1,1,global_all_348_cross_gene,mutant_site
167,SCN5A,1,1,1.0,1,1,global_all_348_cross_gene,mutant_site
167,SCN5A,3,1,0.6666666666666666,1,1,global_all_348_cross_gene,mutant_site
167,SCN5A,5,1,0.4,0,0,global_all_348_cross_gene,mutant_site
168,SCN2A,1,0,0.0,0,1,global_all_348_cross_gene,mutant_site
168,SCN2A,3,0,0.3333333333333333,0,1,global_all_348_cross_gene,mutant_site
168,SCN2A,5,0,0.4,0,1,global_all_348_cross_gene,mutant_site
169,SCN11A,1,1,0.0,0,0,global_all_348_cross_gene,mutant_site
169,SCN11A,3,1,0.3333333333333333,0,0,global_all_348_cross_gene,mutant_site
169,SCN11A,5,1,0.4,0,0,global_all_348_cross_gene,mutant_site
170,SCN2A,1,0,0.0,0,1,global_all_348_cross_gene,mutant_site
170,SCN2A,3,0,0.6666666666666666,1,0,global_all_348_cross_gene,mutant_site
170,SCN2A,5,0,0.8,1,0,global_all_348_cross_gene,mutant_site
171,SCN5A,1,0,0.0,0,1,global_all_348_cross_gene,mutant_site
171,SCN5A,3,0,0.0,0,1,global_all_348_cross_gene,mutant_site
171,SCN5A,5,0,0.2,0,1,global_all_348_cross_gene,mutant_site
172,SCN5A,1,1,1.0,1,1,global_all_348_cross_gene,mutant_site
172,SCN5A,3,1,1.0,1,1,global_all_348_cross_gene,mutant_site
172,SCN5A,5,1,1.0,1,1,global_all_348_cross_gene,mutant_site
173,SCN2A,1,0,1.0,1,0,global_all_348_cross_gene,mutant_site
173,SCN2A,3,0,0.6666666666666666,1,0,global_all_348_cross_gene,mutant_site
173,SCN2A,5,0,0.4,0,1,global_all_348_cross_gene,mutant_site
174,SCN5A,1,1,0.0,0,0,global_all_348_cross_gene,mutant_site
174,SCN5A,3,1,0.3333333333333333,0,0,global_all_348_cross_gene,mutant_site
174,SCN5A,5,1,0.4,0,0,global_all_348_cross_gene,mutant_site
175,SCN5A,1,1,1.0,1,1,global_all_348_cross_gene,mutant_site
175,SCN5A,3,1,1.0,1,1,global_all_348_cross_gene,mutant_site
175,SCN5A,5,1,0.6,1,1,global_all_348_cross_gene,mutant_site
176,SCN4A,1,1,1.0,1,1,global_all_348_cross_gene,mutant_site
176,SCN4A,3,1,1.0,1,1,global_all_348_cross_gene,mutant_site
176,SCN4A,5,1,0.8,1,1,global_all_348_cross_gene,mutant_site
177,SCN5A,1,1,1.0,1,1,global_all_348_cross_gene,mutant_site
177,SCN5A,3,1,1.0,1,1,global_all_348_cross_gene,mutant_site
177,SCN5A,5,1,0.6,1,1,global_all_348_cross_gene,mutant_site
178,SCN3A,1,1,1.0,1,1,global_all_348_cross_gene,mutant_site
178,SCN3A,3,1,0.6666666666666666,1,1,global_all_348_cross_gene,mutant_site
178,SCN3A,5,1,0.8,1,1,global_all_348_cross_gene,mutant_site
179,SCN4A,1,1,1.0,1,1,global_all_348_cross_gene,mutant_site
179,SCN4A,3,1,0.6666666666666666,1,1,global_all_348_cross_gene,mutant_site
179,SCN4A,5,1,0.8,1,1,global_all_348_cross_gene,mutant_site
180,SCN5A,1,1,1.0,1,1,global_all_348_cross_gene,mutant_site
180,SCN5A,3,1,0.6666666666666666,1,1,global_all_348_cross_gene,mutant_site
180,SCN5A,5,1,0.8,1,1,global_all_348_cross_gene,mutant_site
181,SCN5A,1,1,1.0,1,1,global_all_348_cross_gene,mutant_site
181,SCN5A,3,1,1.0,1,1,global_all_348_cross_gene,mutant_site
181,SCN5A,5,1,0.8,1,1,global_all_348_cross_gene,mutant_site
182,SCN2A,1,1,1.0,1,1,global_all_348_cross_gene,mutant_site
182,SCN2A,3,1,1.0,1,1,global_all_348_cross_gene,mutant_site
182,SCN2A,5,1,1.0,1,1,global_all_348_cross_gene,mutant_site
183,SCN8A,1,1,0.0,0,0,global_all_348_cross_gene,mutant_site
183,SCN8A,3,1,0.0,0,0,global_all_348_cross_gene,mutant_site
183,SCN8A,5,1,0.2,0,0,global_all_348_cross_gene,mutant_site
184,SCN2A,1,1,0.0,0,0,global_all_348_cross_gene,mutant_site
184,SCN2A,3,1,0.6666666666666666,1,1,global_all_348_cross_gene,mutant_site
184,SCN2A,5,1,0.8,1,1,global_all_348_cross_gene,mutant_site
185,SCN8A,1,1,1.0,1,1,global_all_348_cross_gene,mutant_site
185,SCN8A,3,1,0.3333333333333333,0,0,global_all_348_cross_gene,mutant_site
185,SCN8A,5,1,0.2,0,0,global_all_348_cross_gene,mutant_site
186,SCN11A,1,1,0.0,0,0,global_all_348_cross_gene,mutant_site
186,SCN11A,3,1,0.3333333333333333,0,0,global_all_348_cross_gene,mutant_site
186,SCN11A,5,1,0.4,0,0,global_all_348_cross_gene,mutant_site
187,SCN5A,1,0,0.0,0,1,global_all_348_cross_gene,mutant_site
187,SCN5A,3,0,0.6666666666666666,1,0,global_all_348_cross_gene,mutant_site
187,SCN5A,5,0,0.8,1,0,global_all_348_cross_gene,mutant_site
188,SCN1A,1,0,0.0,0,1,global_all_348_cross_gene,mutant_site
188,SCN1A,3,0,0.6666666666666666,1,0,global_all_348_cross_gene,mutant_site
188,SCN1A,5,0,0.6,1,0,global_all_348_cross_gene,mutant_site
189,SCN5A,1,0,1.0,1,0,global_all_348_cross_gene,mutant_site
189,SCN5A,3,0,0.6666666666666666,1,0,global_all_348_cross_gene,mutant_site
189,SCN5A,5,0,0.4,0,1,global_all_348_cross_gene,mutant_site
190,SCN5A,1,0,0.0,0,1,global_all_348_cross_gene,mutant_site
190,SCN5A,3,0,0.0,0,1,global_all_348_cross_gene,mutant_site
190,SCN5A,5,0,0.4,0,1,global_all_348_cross_gene,mutant_site
191,SCN5A,1,0,0.0,0,1,global_all_348_cross_gene,mutant_site
191,SCN5A,3,0,0.3333333333333333,0,1,global_all_348_cross_gene,mutant_site
191,SCN5A,5,0,0.6,1,0,global_all_348_cross_gene,mutant_site
192,SCN1A,1,0,1.0,1,0,global_all_348_cross_gene,mutant_site
192,SCN1A,3,0,1.0,1,0,global_all_348_cross_gene,mutant_site
192,SCN1A,5,0,0.8,1,0,global_all_348_cross_gene,mutant_site
193,SCN10A,1,1,0.0,0,0,global_all_348_cross_gene,mutant_site
193,SCN10A,3,1,0.0,0,0,global_all_348_cross_gene,mutant_site
193,SCN10A,5,1,0.2,0,0,global_all_348_cross_gene,mutant_site
194,SCN8A,1,0,0.0,0,1,global_all_348_cross_gene,mutant_site
194,SCN8A,3,0,0.3333333333333333,0,1,global_all_348_cross_gene,mutant_site
194,SCN8A,5,0,0.4,0,1,global_all_348_cross_gene,mutant_site
195,SCN5A,1,0,1.0,1,0,global_all_348_cross_gene,mutant_site
195,SCN5A,3,0,0.6666666666666666,1,0,global_all_348_cross_gene,mutant_site
195,SCN5A,5,0,0.8,1,0,global_all_348_cross_gene,mutant_site
196,SCN5A,1,0,1.0,1,0,global_all_348_cross_gene,mutant_site
196,SCN5A,3,0,0.6666666666666666,1,0,global_all_348_cross_gene,mutant_site
196,SCN5A,5,0,0.6,1,0,global_all_348_cross_gene,mutant_site
197,SCN5A,1,0,0.0,0,1,global_all_348_cross_gene,mutant_site
197,SCN5A,3,0,0.0,0,1,global_all_348_cross_gene,mutant_site
197,SCN5A,5,0,0.2,0,1,global_all_348_cross_gene,mutant_site
198,SCN4A,1,0,0.0,0,1,global_all_348_cross_gene,mutant_site
198,SCN4A,3,0,0.3333333333333333,0,1,global_all_348_cross_gene,mutant_site
198,SCN4A,5,0,0.4,0,1,global_all_348_cross_gene,mutant_site
199,SCN2A,1,0,0.0,0,1,global_all_348_cross_gene,mutant_site
199,SCN2A,3,0,0.3333333333333333,0,1,global_all_348_cross_gene,mutant_site
199,SCN2A,5,0,0.2,0,1,global_all_348_cross_gene,mutant_site
200,SCN5A,1,0,0.0,0,1,global_all_348_cross_gene,mutant_site
200,SCN5A,3,0,0.0,0,1,global_all_348_cross_gene,mutant_site
200,SCN5A,5,0,0.2,0,1,global_all_348_cross_gene,mutant_site
201,SCN5A,1,0,0.0,0,1,global_all_348_cross_gene,mutant_site
201,SCN5A,3,0,0.0,0,1,global_all_348_cross_gene,mutant_site
201,SCN5A,5,0,0.4,0,1,global_all_348_cross_gene,mutant_site
202,SCN5A,1,0,1.0,1,0,global_all_348_cross_gene,mutant_site
202,SCN5A,3,0,0.6666666666666666,1,0,global_all_348_cross_gene,mutant_site
202,SCN5A,5,0,0.8,1,0,global_all_348_cross_gene,mutant_site
203,SCN5A,1,0,1.0,1,0,global_all_348_cross_gene,mutant_site
203,SCN5A,3,0,0.6666666666666666,1,0,global_all_348_cross_gene,mutant_site
203,SCN5A,5,0,0.8,1,0,global_all_348_cross_gene,mutant_site
204,SCN1A,1,0,0.0,0,1,global_all_348_cross_gene,mutant_site
204,SCN1A,3,0,0.0,0,1,global_all_348_cross_gene,mutant_site
204,SCN1A,5,0,0.2,0,1,global_all_348_cross_gene,mutant_site
205,SCN2A,1,0,0.0,0,1,global_all_348_cross_gene,mutant_site
205,SCN2A,3,0,0.0,0,1,global_all_348_cross_gene,mutant_site
205,SCN2A,5,0,0.0,0,1,global_all_348_cross_gene,mutant_site
206,SCN5A,1,0,1.0,1,0,global_all_348_cross_gene,mutant_site
206,SCN5A,3,0,0.6666666666666666,1,0,global_all_348_cross_gene,mutant_site
206,SCN5A,5,0,0.4,0,1,global_all_348_cross_gene,mutant_site
207,SCN5A,1,0,1.0,1,0,global_all_348_cross_gene,mutant_site
207,SCN5A,3,0,0.6666666666666666,1,0,global_all_348_cross_gene,mutant_site
207,SCN5A,5,0,0.4,0,1,global_all_348_cross_gene,mutant_site
208,SCN5A,1,0,0.0,0,1,global_all_348_cross_gene,mutant_site
208,SCN5A,3,0,0.0,0,1,global_all_348_cross_gene,mutant_site
208,SCN5A,5,0,0.0,0,1,global_all_348_cross_gene,mutant_site
209,SCN5A,1,0,0.0,0,1,global_all_348_cross_gene,mutant_site
209,SCN5A,3,0,0.3333333333333333,0,1,global_all_348_cross_gene,mutant_site
209,SCN5A,5,0,0.2,0,1,global_all_348_cross_gene,mutant_site
210,SCN5A,1,0,0.0,0,1,global_all_348_cross_gene,mutant_site
210,SCN5A,3,0,0.0,0,1,global_all_348_cross_gene,mutant_site
210,SCN5A,5,0,0.4,0,1,global_all_348_cross_gene,mutant_site
211,SCN5A,1,0,0.0,0,1,global_all_348_cross_gene,mutant_site
211,SCN5A,3,0,0.3333333333333333,0,1,global_all_348_cross_gene,mutant_site
211,SCN5A,5,0,0.6,1,0,global_all_348_cross_gene,mutant_site
212,SCN5A,1,0,0.0,0,1,global_all_348_cross_gene,mutant_site
212,SCN5A,3,0,0.6666666666666666,1,0,global_all_348_cross_gene,mutant_site
212,SCN5A,5,0,0.6,1,0,global_all_348_cross_gene,mutant_site
213,SCN5A,1,0,0.0,0,1,global_all_348_cross_gene,mutant_site
213,SCN5A,3,0,0.3333333333333333,0,1,global_all_348_cross_gene,mutant_site
213,SCN5A,5,0,0.4,0,1,global_all_348_cross_gene,mutant_site
214,SCN4A,1,1,1.0,1,1,global_all_348_cross_gene,mutant_site
214,SCN4A,3,1,1.0,1,1,global_all_348_cross_gene,mutant_site
214,SCN4A,5,1,0.8,1,1,global_all_348_cross_gene,mutant_site
215,SCN2A,1,1,1.0,1,1,global_all_348_cross_gene,mutant_site
215,SCN2A,3,1,1.0,1,1,global_all_348_cross_gene,mutant_site
215,SCN2A,5,1,0.8,1,1,global_all_348_cross_gene,mutant_site
216,SCN4A,1,1,1.0,1,1,global_all_348_cross_gene,mutant_site
216,SCN4A,3,1,1.0,1,1,global_all_348_cross_gene,mutant_site
216,SCN4A,5,1,1.0,1,1,global_all_348_cross_gene,mutant_site
217,SCN4A,1,1,1.0,1,1,global_all_348_cross_gene,mutant_site
217,SCN4A,3,1,1.0,1,1,global_all_348_cross_gene,mutant_site
217,SCN4A,5,1,1.0,1,1,global_all_348_cross_gene,mutant_site
218,SCN4A,1,1,1.0,1,1,global_all_348_cross_gene,mutant_site
218,SCN4A,3,1,0.6666666666666666,1,1,global_all_348_cross_gene,mutant_site
218,SCN4A,5,1,0.6,1,1,global_all_348_cross_gene,mutant_site
219,SCN5A,1,1,1.0,1,1,global_all_348_cross_gene,mutant_site
219,SCN5A,3,1,0.6666666666666666,1,1,global_all_348_cross_gene,mutant_site
219,SCN5A,5,1,0.6,1,1,global_all_348_cross_gene,mutant_site
220,SCN5A,1,1,1.0,1,1,global_all_348_cross_gene,mutant_site
220,SCN5A,3,1,0.3333333333333333,0,0,global_all_348_cross_gene,mutant_site
220,SCN5A,5,1,0.6,1,1,global_all_348_cross_gene,mutant_site
221,SCN5A,1,1,1.0,1,1,global_all_348_cross_gene,mutant_site
221,SCN5A,3,1,1.0,1,1,global_all_348_cross_gene,mutant_site
221,SCN5A,5,1,1.0,1,1,global_all_348_cross_gene,mutant_site
222,SCN1A,1,1,1.0,1,1,global_all_348_cross_gene,mutant_site
222,SCN1A,3,1,1.0,1,1,global_all_348_cross_gene,mutant_site
222,SCN1A,5,1,1.0,1,1,global_all_348_cross_gene,mutant_site
223,SCN1A,1,1,1.0,1,1,global_all_348_cross_gene,mutant_site
223,SCN1A,3,1,1.0,1,1,global_all_348_cross_gene,mutant_site
223,SCN1A,5,1,1.0,1,1,global_all_348_cross_gene,mutant_site
224,SCN5A,1,1,1.0,1,1,global_all_348_cross_gene,mutant_site
224,SCN5A,3,1,1.0,1,1,global_all_348_cross_gene,mutant_site
224,SCN5A,5,1,0.8,1,1,global_all_348_cross_gene,mutant_site
225,SCN4A,1,1,1.0,1,1,global_all_348_cross_gene,mutant_site
225,SCN4A,3,1,1.0,1,1,global_all_348_cross_gene,mutant_site
225,SCN4A,5,1,1.0,1,1,global_all_348_cross_gene,mutant_site
226,SCN8A,1,1,1.0,1,1,global_all_348_cross_gene,mutant_site
226,SCN8A,3,1,1.0,1,1,global_all_348_cross_gene,mutant_site
226,SCN8A,5,1,1.0,1,1,global_all_348_cross_gene,mutant_site
227,SCN1A,1,0,1.0,1,0,global_all_348_cross_gene,mutant_site
227,SCN1A,3,0,1.0,1,0,global_all_348_cross_gene,mutant_site
227,SCN1A,5,0,0.8,1,0,global_all_348_cross_gene,mutant_site
228,SCN4A,1,1,0.0,0,0,global_all_348_cross_gene,mutant_site
228,SCN4A,3,1,0.6666666666666666,1,1,global_all_348_cross_gene,mutant_site
228,SCN4A,5,1,0.6,1,1,global_all_348_cross_gene,mutant_site
229,SCN5A,1,1,1.0,1,1,global_all_348_cross_gene,mutant_site
229,SCN5A,3,1,0.6666666666666666,1,1,global_all_348_cross_gene,mutant_site
229,SCN5A,5,1,0.8,1,1,global_all_348_cross_gene,mutant_site
230,SCN1A,1,1,1.0,1,1,global_all_348_cross_gene,mutant_site
230,SCN1A,3,1,1.0,1,1,global_all_348_cross_gene,mutant_site
230,SCN1A,5,1,0.8,1,1,global_all_348_cross_gene,mutant_site
231,SCN1A,1,1,1.0,1,1,global_all_348_cross_gene,mutant_site
231,SCN1A,3,1,1.0,1,1,global_all_348_cross_gene,mutant_site
231,SCN1A,5,1,0.8,1,1,global_all_348_cross_gene,mutant_site
232,SCN4A,1,1,1.0,1,1,global_all_348_cross_gene,mutant_site
232,SCN4A,3,1,0.6666666666666666,1,1,global_all_348_cross_gene,mutant_site
232,SCN4A,5,1,0.8,1,1,global_all_348_cross_gene,mutant_site
233,SCN4A,1,1,1.0,1,1,global_all_348_cross_gene,mutant_site
233,SCN4A,3,1,0.6666666666666666,1,1,global_all_348_cross_gene,mutant_site
233,SCN4A,5,1,0.6,1,1,global_all_348_cross_gene,mutant_site
234,SCN3A,1,1,1.0,1,1,global_all_348_cross_gene,mutant_site
234,SCN3A,3,1,1.0,1,1,global_all_348_cross_gene,mutant_site
234,SCN3A,5,1,0.8,1,1,global_all_348_cross_gene,mutant_site
235,SCN8A,1,1,1.0,1,1,global_all_348_cross_gene,mutant_site
235,SCN8A,3,1,0.6666666666666666,1,1,global_all_348_cross_gene,mutant_site
235,SCN8A,5,1,0.6,1,1,global_all_348_cross_gene,mutant_site
236,SCN5A,1,0,1.0,1,0,global_all_348_cross_gene,mutant_site
236,SCN5A,3,0,0.6666666666666666,1,0,global_all_348_cross_gene,mutant_site
236,SCN5A,5,0,0.6,1,0,global_all_348_cross_gene,mutant_site
237,SCN5A,1,0,0.0,0,1,global_all_348_cross_gene,mutant_site
237,SCN5A,3,0,0.0,0,1,global_all_348_cross_gene,mutant_site
237,SCN5A,5,0,0.4,0,1,global_all_348_cross_gene,mutant_site
238,SCN1A,1,0,0.0,0,1,global_all_348_cross_gene,mutant_site
238,SCN1A,3,0,0.3333333333333333,0,1,global_all_348_cross_gene,mutant_site
238,SCN1A,5,0,0.4,0,1,global_all_348_cross_gene,mutant_site
239,SCN5A,1,0,1.0,1,0,global_all_348_cross_gene,mutant_site
239,SCN5A,3,0,0.6666666666666666,1,0,global_all_348_cross_gene,mutant_site
239,SCN5A,5,0,0.8,1,0,global_all_348_cross_gene,mutant_site
240,SCN4A,1,1,0.0,0,0,global_all_348_cross_gene,mutant_site
240,SCN4A,3,1,0.0,0,0,global_all_348_cross_gene,mutant_site
240,SCN4A,5,1,0.2,0,0,global_all_348_cross_gene,mutant_site
241,SCN1A,1,1,1.0,1,1,global_all_348_cross_gene,mutant_site
241,SCN1A,3,1,0.6666666666666666,1,1,global_all_348_cross_gene,mutant_site
241,SCN1A,5,1,0.6,1,1,global_all_348_cross_gene,mutant_site
242,SCN2A,1,1,1.0,1,1,global_all_348_cross_gene,mutant_site
242,SCN2A,3,1,0.3333333333333333,0,0,global_all_348_cross_gene,mutant_site
242,SCN2A,5,1,0.4,0,0,global_all_348_cross_gene,mutant_site
243,SCN10A,1,0,0.0,0,1,global_all_348_cross_gene,mutant_site
243,SCN10A,3,0,0.3333333333333333,0,1,global_all_348_cross_gene,mutant_site
243,SCN10A,5,0,0.2,0,1,global_all_348_cross_gene,mutant_site
244,SCN1A,1,0,0.0,0,1,global_all_348_cross_gene,mutant_site
244,SCN1A,3,0,0.0,0,1,global_all_348_cross_gene,mutant_site
244,SCN1A,5,0,0.4,0,1,global_all_348_cross_gene,mutant_site
245,SCN5A,1,0,0.0,0,1,global_all_348_cross_gene,mutant_site
245,SCN5A,3,0,0.6666666666666666,1,0,global_all_348_cross_gene,mutant_site
245,SCN5A,5,0,0.6,1,0,global_all_348_cross_gene,mutant_site
246,SCN1A,1,0,0.0,0,1,global_all_348_cross_gene,mutant_site
246,SCN1A,3,0,0.0,0,1,global_all_348_cross_gene,mutant_site
246,SCN1A,5,0,0.0,0,1,global_all_348_cross_gene,mutant_site
247,SCN5A,1,0,0.0,0,1,global_all_348_cross_gene,mutant_site
247,SCN5A,3,0,0.0,0,1,global_all_348_cross_gene,mutant_site
247,SCN5A,5,0,0.0,0,1,global_all_348_cross_gene,mutant_site
248,SCN2A,1,1,0.0,0,0,global_all_348_cross_gene,mutant_site
248,SCN2A,3,1,0.0,0,0,global_all_348_cross_gene,mutant_site
248,SCN2A,5,1,0.0,0,0,global_all_348_cross_gene,mutant_site
249,SCN2A,1,1,0.0,0,0,global_all_348_cross_gene,mutant_site
249,SCN2A,3,1,0.3333333333333333,0,0,global_all_348_cross_gene,mutant_site
249,SCN2A,5,1,0.4,0,0,global_all_348_cross_gene,mutant_site
250,SCN5A,1,0,0.0,0,1,global_all_348_cross_gene,mutant_site
250,SCN5A,3,0,0.3333333333333333,0,1,global_all_348_cross_gene,mutant_site
250,SCN5A,5,0,0.2,0,1,global_all_348_cross_gene,mutant_site
251,SCN1A,1,1,0.0,0,0,global_all_348_cross_gene,mutant_site
251,SCN1A,3,1,0.6666666666666666,1,1,global_all_348_cross_gene,mutant_site
251,SCN1A,5,1,0.8,1,1,global_all_348_cross_gene,mutant_site
252,SCN5A,1,1,1.0,1,1,global_all_348_cross_gene,mutant_site
252,SCN5A,3,1,1.0,1,1,global_all_348_cross_gene,mutant_site
252,SCN5A,5,1,1.0,1,1,global_all_348_cross_gene,mutant_site
253,SCN1A,1,1,1.0,1,1,global_all_348_cross_gene,mutant_site
253,SCN1A,3,1,1.0,1,1,global_all_348_cross_gene,mutant_site
253,SCN1A,5,1,1.0,1,1,global_all_348_cross_gene,mutant_site
254,SCN4A,1,0,1.0,1,0,global_all_348_cross_gene,mutant_site
254,SCN4A,3,0,0.6666666666666666,1,0,global_all_348_cross_gene,mutant_site
254,SCN4A,5,0,0.6,1,0,global_all_348_cross_gene,mutant_site
255,SCN1A,1,0,0.0,0,1,global_all_348_cross_gene,mutant_site
255,SCN1A,3,0,0.0,0,1,global_all_348_cross_gene,mutant_site
255,SCN1A,5,0,0.2,0,1,global_all_348_cross_gene,mutant_site
256,SCN2A,1,0,0.0,0,1,global_all_348_cross_gene,mutant_site
256,SCN2A,3,0,0.0,0,1,global_all_348_cross_gene,mutant_site
256,SCN2A,5,0,0.2,0,1,global_all_348_cross_gene,mutant_site
257,SCN2A,1,1,0.0,0,0,global_all_348_cross_gene,mutant_site
257,SCN2A,3,1,0.6666666666666666,1,1,global_all_348_cross_gene,mutant_site
257,SCN2A,5,1,0.6,1,1,global_all_348_cross_gene,mutant_site
258,SCN5A,1,0,1.0,1,0,global_all_348_cross_gene,mutant_site
258,SCN5A,3,0,1.0,1,0,global_all_348_cross_gene,mutant_site
258,SCN5A,5,0,1.0,1,0,global_all_348_cross_gene,mutant_site
259,SCN3A,1,1,1.0,1,1,global_all_348_cross_gene,mutant_site
259,SCN3A,3,1,1.0,1,1,global_all_348_cross_gene,mutant_site
259,SCN3A,5,1,0.8,1,1,global_all_348_cross_gene,mutant_site
260,SCN3A,1,1,1.0,1,1,global_all_348_cross_gene,mutant_site
260,SCN3A,3,1,0.6666666666666666,1,1,global_all_348_cross_gene,mutant_site
260,SCN3A,5,1,0.4,0,0,global_all_348_cross_gene,mutant_site
261,SCN5A,1,1,1.0,1,1,global_all_348_cross_gene,mutant_site
261,SCN5A,3,1,1.0,1,1,global_all_348_cross_gene,mutant_site
261,SCN5A,5,1,0.6,1,1,global_all_348_cross_gene,mutant_site
262,SCN8A,1,1,1.0,1,1,global_all_348_cross_gene,mutant_site
262,SCN8A,3,1,1.0,1,1,global_all_348_cross_gene,mutant_site
262,SCN8A,5,1,0.6,1,1,global_all_348_cross_gene,mutant_site
263,SCN4A,1,0,1.0,1,0,global_all_348_cross_gene,mutant_site
263,SCN4A,3,0,0.3333333333333333,0,1,global_all_348_cross_gene,mutant_site
263,SCN4A,5,0,0.4,0,1,global_all_348_cross_gene,mutant_site
264,SCN5A,1,1,0.0,0,0,global_all_348_cross_gene,mutant_site
264,SCN5A,3,1,0.0,0,0,global_all_348_cross_gene,mutant_site
264,SCN5A,5,1,0.0,0,0,global_all_348_cross_gene,mutant_site
265,SCN4A,1,0,0.0,0,1,global_all_348_cross_gene,mutant_site
265,SCN4A,3,0,0.3333333333333333,0,1,global_all_348_cross_gene,mutant_site
265,SCN4A,5,0,0.2,0,1,global_all_348_cross_gene,mutant_site
266,SCN8A,1,0,0.0,0,1,global_all_348_cross_gene,mutant_site
266,SCN8A,3,0,0.3333333333333333,0,1,global_all_348_cross_gene,mutant_site
266,SCN8A,5,0,0.2,0,1,global_all_348_cross_gene,mutant_site
267,SCN8A,1,1,1.0,1,1,global_all_348_cross_gene,mutant_site
267,SCN8A,3,1,0.6666666666666666,1,1,global_all_348_cross_gene,mutant_site
267,SCN8A,5,1,0.8,1,1,global_all_348_cross_gene,mutant_site
268,SCN5A,1,0,0.0,0,1,global_all_348_cross_gene,mutant_site
268,SCN5A,3,0,0.0,0,1,global_all_348_cross_gene,mutant_site
268,SCN5A,5,0,0.2,0,1,global_all_348_cross_gene,mutant_site
269,SCN4A,1,0,0.0,0,1,global_all_348_cross_gene,mutant_site
269,SCN4A,3,0,0.3333333333333333,0,1,global_all_348_cross_gene,mutant_site
269,SCN4A,5,0,0.4,0,1,global_all_348_cross_gene,mutant_site
270,SCN5A,1,1,1.0,1,1,global_all_348_cross_gene,mutant_site
270,SCN5A,3,1,0.6666666666666666,1,1,global_all_348_cross_gene,mutant_site
270,SCN5A,5,1,0.8,1,1,global_all_348_cross_gene,mutant_site
271,SCN5A,1,0,0.0,0,1,global_all_348_cross_gene,mutant_site
271,SCN5A,3,0,0.3333333333333333,0,1,global_all_348_cross_gene,mutant_site
271,SCN5A,5,0,0.2,0,1,global_all_348_cross_gene,mutant_site
272,SCN4A,1,0,0.0,0,1,global_all_348_cross_gene,mutant_site
272,SCN4A,3,0,0.3333333333333333,0,1,global_all_348_cross_gene,mutant_site
272,SCN4A,5,0,0.4,0,1,global_all_348_cross_gene,mutant_site
273,SCN10A,1,0,1.0,1,0,global_all_348_cross_gene,mutant_site
273,SCN10A,3,0,0.6666666666666666,1,0,global_all_348_cross_gene,mutant_site
273,SCN10A,5,0,0.4,0,1,global_all_348_cross_gene,mutant_site
274,SCN5A,1,0,0.0,0,1,global_all_348_cross_gene,mutant_site
274,SCN5A,3,0,0.6666666666666666,1,0,global_all_348_cross_gene,mutant_site
274,SCN5A,5,0,0.8,1,0,global_all_348_cross_gene,mutant_site
275,SCN1A,1,0,1.0,1,0,global_all_348_cross_gene,mutant_site
275,SCN1A,3,0,0.3333333333333333,0,1,global_all_348_cross_gene,mutant_site
275,SCN1A,5,0,0.4,0,1,global_all_348_cross_gene,mutant_site
276,SCN1A,1,0,0.0,0,1,global_all_348_cross_gene,mutant_site
276,SCN1A,3,0,0.3333333333333333,0,1,global_all_348_cross_gene,mutant_site
276,SCN1A,5,0,0.4,0,1,global_all_348_cross_gene,mutant_site
277,SCN5A,1,0,0.0,0,1,global_all_348_cross_gene,mutant_site
277,SCN5A,3,0,0.3333333333333333,0,1,global_all_348_cross_gene,mutant_site
277,SCN5A,5,0,0.4,0,1,global_all_348_cross_gene,mutant_site
278,SCN8A,1,0,0.0,0,1,global_all_348_cross_gene,mutant_site
278,SCN8A,3,0,0.3333333333333333,0,1,global_all_348_cross_gene,mutant_site
278,SCN8A,5,0,0.4,0,1,global_all_348_cross_gene,mutant_site
279,SCN5A,1,1,0.0,0,0,global_all_348_cross_gene,mutant_site
279,SCN5A,3,1,0.3333333333333333,0,0,global_all_348_cross_gene,mutant_site
279,SCN5A,5,1,0.4,0,0,global_all_348_cross_gene,mutant_site
280,SCN3A,1,1,1.0,1,1,global_all_348_cross_gene,mutant_site
280,SCN3A,3,1,1.0,1,1,global_all_348_cross_gene,mutant_site
280,SCN3A,5,1,0.6,1,1,global_all_348_cross_gene,mutant_site
281,SCN1A,1,1,1.0,1,1,global_all_348_cross_gene,mutant_site
281,SCN1A,3,1,1.0,1,1,global_all_348_cross_gene,mutant_site
281,SCN1A,5,1,1.0,1,1,global_all_348_cross_gene,mutant_site
282,SCN4A,1,1,1.0,1,1,global_all_348_cross_gene,mutant_site
282,SCN4A,3,1,1.0,1,1,global_all_348_cross_gene,mutant_site
282,SCN4A,5,1,0.8,1,1,global_all_348_cross_gene,mutant_site
283,SCN1A,1,0,1.0,1,0,global_all_348_cross_gene,mutant_site
283,SCN1A,3,0,1.0,1,0,global_all_348_cross_gene,mutant_site
283,SCN1A,5,0,0.8,1,0,global_all_348_cross_gene,mutant_site
284,SCN5A,1,1,0.0,0,0,global_all_348_cross_gene,mutant_site
284,SCN5A,3,1,0.6666666666666666,1,1,global_all_348_cross_gene,mutant_site
284,SCN5A,5,1,0.8,1,1,global_all_348_cross_gene,mutant_site
285,SCN2A,1,0,1.0,1,0,global_all_348_cross_gene,mutant_site
285,SCN2A,3,0,1.0,1,0,global_all_348_cross_gene,mutant_site
285,SCN2A,5,0,1.0,1,0,global_all_348_cross_gene,mutant_site
286,SCN5A,1,1,1.0,1,1,global_all_348_cross_gene,mutant_site
286,SCN5A,3,1,0.6666666666666666,1,1,global_all_348_cross_gene,mutant_site
286,SCN5A,5,1,0.8,1,1,global_all_348_cross_gene,mutant_site
287,SCN5A,1,0,1.0,1,0,global_all_348_cross_gene,mutant_site
287,SCN5A,3,0,0.6666666666666666,1,0,global_all_348_cross_gene,mutant_site
287,SCN5A,5,0,0.8,1,0,global_all_348_cross_gene,mutant_site
288,SCN1A,1,0,0.0,0,1,global_all_348_cross_gene,mutant_site
288,SCN1A,3,0,0.6666666666666666,1,0,global_all_348_cross_gene,mutant_site
288,SCN1A,5,0,0.6,1,0,global_all_348_cross_gene,mutant_site
289,SCN5A,1,0,0.0,0,1,global_all_348_cross_gene,mutant_site
289,SCN5A,3,0,0.6666666666666666,1,0,global_all_348_cross_gene,mutant_site
289,SCN5A,5,0,0.6,1,0,global_all_348_cross_gene,mutant_site
290,SCN5A,1,1,1.0,1,1,global_all_348_cross_gene,mutant_site
290,SCN5A,3,1,0.6666666666666666,1,1,global_all_348_cross_gene,mutant_site
290,SCN5A,5,1,0.4,0,0,global_all_348_cross_gene,mutant_site
291,SCN3A,1,0,0.0,0,1,global_all_348_cross_gene,mutant_site
291,SCN3A,3,0,0.0,0,1,global_all_348_cross_gene,mutant_site
291,SCN3A,5,0,0.0,0,1,global_all_348_cross_gene,mutant_site
292,SCN1A,1,0,0.0,0,1,global_all_348_cross_gene,mutant_site
292,SCN1A,3,0,0.3333333333333333,0,1,global_all_348_cross_gene,mutant_site
292,SCN1A,5,0,0.4,0,1,global_all_348_cross_gene,mutant_site
293,SCN1A,1,0,0.0,0,1,global_all_348_cross_gene,mutant_site
293,SCN1A,3,0,0.3333333333333333,0,1,global_all_348_cross_gene,mutant_site
293,SCN1A,5,0,0.6,1,0,global_all_348_cross_gene,mutant_site
294,SCN5A,1,0,0.0,0,1,global_all_348_cross_gene,mutant_site
294,SCN5A,3,0,0.3333333333333333,0,1,global_all_348_cross_gene,mutant_site
294,SCN5A,5,0,0.2,0,1,global_all_348_cross_gene,mutant_site
295,SCN10A,1,0,0.0,0,1,global_all_348_cross_gene,mutant_site
295,SCN10A,3,0,0.6666666666666666,1,0,global_all_348_cross_gene,mutant_site
295,SCN10A,5,0,0.4,0,1,global_all_348_cross_gene,mutant_site
296,SCN5A,1,0,0.0,0,1,global_all_348_cross_gene,mutant_site
296,SCN5A,3,0,0.3333333333333333,0,1,global_all_348_cross_gene,mutant_site
296,SCN5A,5,0,0.6,1,0,global_all_348_cross_gene,mutant_site
297,SCN1A,1,0,0.0,0,1,global_all_348_cross_gene,mutant_site
297,SCN1A,3,0,0.3333333333333333,0,1,global_all_348_cross_gene,mutant_site
297,SCN1A,5,0,0.2,0,1,global_all_348_cross_gene,mutant_site
298,SCN5A,1,0,0.0,0,1,global_all_348_cross_gene,mutant_site
298,SCN5A,3,0,0.3333333333333333,0,1,global_all_348_cross_gene,mutant_site
298,SCN5A,5,0,0.6,1,0,global_all_348_cross_gene,mutant_site
299,SCN5A,1,0,1.0,1,0,global_all_348_cross_gene,mutant_site
299,SCN5A,3,0,0.6666666666666666,1,0,global_all_348_cross_gene,mutant_site
299,SCN5A,5,0,0.4,0,1,global_all_348_cross_gene,mutant_site
300,SCN10A,1,1,0.0,0,0,global_all_348_cross_gene,mutant_site
300,SCN10A,3,1,0.0,0,0,global_all_348_cross_gene,mutant_site
300,SCN10A,5,1,0.0,0,0,global_all_348_cross_gene,mutant_site
301,SCN5A,1,0,1.0,1,0,global_all_348_cross_gene,mutant_site
301,SCN5A,3,0,0.6666666666666666,1,0,global_all_348_cross_gene,mutant_site
301,SCN5A,5,0,0.6,1,0,global_all_348_cross_gene,mutant_site
302,SCN5A,1,0,0.0,0,1,global_all_348_cross_gene,mutant_site
302,SCN5A,3,0,0.6666666666666666,1,0,global_all_348_cross_gene,mutant_site
302,SCN5A,5,0,0.6,1,0,global_all_348_cross_gene,mutant_site
303,SCN5A,1,0,0.0,0,1,global_all_348_cross_gene,mutant_site
303,SCN5A,3,0,0.6666666666666666,1,0,global_all_348_cross_gene,mutant_site
303,SCN5A,5,0,0.4,0,1,global_all_348_cross_gene,mutant_site
304,SCN1A,1,0,1.0,1,0,global_all_348_cross_gene,mutant_site
304,SCN1A,3,0,0.3333333333333333,0,1,global_all_348_cross_gene,mutant_site
304,SCN1A,5,0,0.6,1,0,global_all_348_cross_gene,mutant_site
305,SCN5A,1,0,1.0,1,0,global_all_348_cross_gene,mutant_site
305,SCN5A,3,0,0.3333333333333333,0,1,global_all_348_cross_gene,mutant_site
305,SCN5A,5,0,0.4,0,1,global_all_348_cross_gene,mutant_site
306,SCN5A,1,0,1.0,1,0,global_all_348_cross_gene,mutant_site
306,SCN5A,3,0,0.6666666666666666,1,0,global_all_348_cross_gene,mutant_site
306,SCN5A,5,0,0.4,0,1,global_all_348_cross_gene,mutant_site
307,SCN5A,1,0,0.0,0,1,global_all_348_cross_gene,mutant_site
307,SCN5A,3,0,0.3333333333333333,0,1,global_all_348_cross_gene,mutant_site
307,SCN5A,5,0,0.4,0,1,global_all_348_cross_gene,mutant_site
308,SCN1A,1,0,0.0,0,1,global_all_348_cross_gene,mutant_site
308,SCN1A,3,0,0.6666666666666666,1,0,global_all_348_cross_gene,mutant_site
308,SCN1A,5,0,0.8,1,0,global_all_348_cross_gene,mutant_site
309,SCN10A,1,1,1.0,1,1,global_all_348_cross_gene,mutant_site
309,SCN10A,3,1,1.0,1,1,global_all_348_cross_gene,mutant_site
309,SCN10A,5,1,0.8,1,1,global_all_348_cross_gene,mutant_site
310,SCN1A,1,1,0.0,0,0,global_all_348_cross_gene,mutant_site
310,SCN1A,3,1,0.3333333333333333,0,0,global_all_348_cross_gene,mutant_site
310,SCN1A,5,1,0.4,0,0,global_all_348_cross_gene,mutant_site
311,SCN5A,1,1,1.0,1,1,global_all_348_cross_gene,mutant_site
311,SCN5A,3,1,0.3333333333333333,0,0,global_all_348_cross_gene,mutant_site
311,SCN5A,5,1,0.6,1,1,global_all_348_cross_gene,mutant_site
312,SCN5A,1,1,0.0,0,0,global_all_348_cross_gene,mutant_site
312,SCN5A,3,1,0.0,0,0,global_all_348_cross_gene,mutant_site
312,SCN5A,5,1,0.2,0,0,global_all_348_cross_gene,mutant_site
313,SCN8A,1,0,1.0,1,0,global_all_348_cross_gene,mutant_site
313,SCN8A,3,0,1.0,1,0,global_all_348_cross_gene,mutant_site
313,SCN8A,5,0,0.8,1,0,global_all_348_cross_gene,mutant_site
314,SCN5A,1,1,0.0,0,0,global_all_348_cross_gene,mutant_site
314,SCN5A,3,1,0.6666666666666666,1,1,global_all_348_cross_gene,mutant_site
314,SCN5A,5,1,0.8,1,1,global_all_348_cross_gene,mutant_site
315,SCN3A,1,1,1.0,1,1,global_all_348_cross_gene,mutant_site
315,SCN3A,3,1,0.6666666666666666,1,1,global_all_348_cross_gene,mutant_site
315,SCN3A,5,1,0.8,1,1,global_all_348_cross_gene,mutant_site
316,SCN8A,1,1,1.0,1,1,global_all_348_cross_gene,mutant_site
316,SCN8A,3,1,0.6666666666666666,1,1,global_all_348_cross_gene,mutant_site
316,SCN8A,5,1,0.8,1,1,global_all_348_cross_gene,mutant_site
317,SCN5A,1,1,1.0,1,1,global_all_348_cross_gene,mutant_site
317,SCN5A,3,1,1.0,1,1,global_all_348_cross_gene,mutant_site
317,SCN5A,5,1,0.6,1,1,global_all_348_cross_gene,mutant_site
318,SCN5A,1,1,1.0,1,1,global_all_348_cross_gene,mutant_site
318,SCN5A,3,1,1.0,1,1,global_all_348_cross_gene,mutant_site
318,SCN5A,5,1,1.0,1,1,global_all_348_cross_gene,mutant_site
319,SCN2A,1,0,1.0,1,0,global_all_348_cross_gene,mutant_site
319,SCN2A,3,0,0.6666666666666666,1,0,global_all_348_cross_gene,mutant_site
319,SCN2A,5,0,0.8,1,0,global_all_348_cross_gene,mutant_site
320,SCN3A,1,1,1.0,1,1,global_all_348_cross_gene,mutant_site
320,SCN3A,3,1,1.0,1,1,global_all_348_cross_gene,mutant_site
320,SCN3A,5,1,1.0,1,1,global_all_348_cross_gene,mutant_site
321,SCN5A,1,1,1.0,1,1,global_all_348_cross_gene,mutant_site
321,SCN5A,3,1,1.0,1,1,global_all_348_cross_gene,mutant_site
321,SCN5A,5,1,1.0,1,1,global_all_348_cross_gene,mutant_site
322,SCN8A,1,1,1.0,1,1,global_all_348_cross_gene,mutant_site
322,SCN8A,3,1,1.0,1,1,global_all_348_cross_gene,mutant_site
322,SCN8A,5,1,1.0,1,1,global_all_348_cross_gene,mutant_site
323,SCN5A,1,1,0.0,0,0,global_all_348_cross_gene,mutant_site
323,SCN5A,3,1,0.6666666666666666,1,1,global_all_348_cross_gene,mutant_site
323,SCN5A,5,1,0.8,1,1,global_all_348_cross_gene,mutant_site
324,SCN5A,1,1,1.0,1,1,global_all_348_cross_gene,mutant_site
324,SCN5A,3,1,1.0,1,1,global_all_348_cross_gene,mutant_site
324,SCN5A,5,1,1.0,1,1,global_all_348_cross_gene,mutant_site
325,SCN5A,1,0,1.0,1,0,global_all_348_cross_gene,mutant_site
325,SCN5A,3,0,1.0,1,0,global_all_348_cross_gene,mutant_site
325,SCN5A,5,0,0.8,1,0,global_all_348_cross_gene,mutant_site
326,SCN2A,1,1,1.0,1,1,global_all_348_cross_gene,mutant_site
326,SCN2A,3,1,0.6666666666666666,1,1,global_all_348_cross_gene,mutant_site
326,SCN2A,5,1,0.4,0,0,global_all_348_cross_gene,mutant_site
327,SCN4A,1,1,0.0,0,0,global_all_348_cross_gene,mutant_site
327,SCN4A,3,1,0.6666666666666666,1,1,global_all_348_cross_gene,mutant_site
327,SCN4A,5,1,0.6,1,1,global_all_348_cross_gene,mutant_site
328,SCN1A,1,0,0.0,0,1,global_all_348_cross_gene,mutant_site
328,SCN1A,3,0,0.3333333333333333,0,1,global_all_348_cross_gene,mutant_site
328,SCN1A,5,0,0.4,0,1,global_all_348_cross_gene,mutant_site
329,SCN5A,1,0,1.0,1,0,global_all_348_cross_gene,mutant_site
329,SCN5A,3,0,0.6666666666666666,1,0,global_all_348_cross_gene,mutant_site
329,SCN5A,5,0,0.8,1,0,global_all_348_cross_gene,mutant_site
330,SCN5A,1,0,1.0,1,0,global_all_348_cross_gene,mutant_site
330,SCN5A,3,0,1.0,1,0,global_all_348_cross_gene,mutant_site
330,SCN5A,5,0,1.0,1,0,global_all_348_cross_gene,mutant_site
331,SCN5A,1,0,1.0,1,0,global_all_348_cross_gene,mutant_site
331,SCN5A,3,0,1.0,1,0,global_all_348_cross_gene,mutant_site
331,SCN5A,5,0,0.8,1,0,global_all_348_cross_gene,mutant_site
332,SCN1A,1,1,1.0,1,1,global_all_348_cross_gene,mutant_site
332,SCN1A,3,1,1.0,1,1,global_all_348_cross_gene,mutant_site
332,SCN1A,5,1,0.8,1,1,global_all_348_cross_gene,mutant_site
333,SCN2A,1,1,1.0,1,1,global_all_348_cross_gene,mutant_site
333,SCN2A,3,1,1.0,1,1,global_all_348_cross_gene,mutant_site
333,SCN2A,5,1,0.8,1,1,global_all_348_cross_gene,mutant_site
334,SCN8A,1,1,1.0,1,1,global_all_348_cross_gene,mutant_site
334,SCN8A,3,1,1.0,1,1,global_all_348_cross_gene,mutant_site
334,SCN8A,5,1,0.8,1,1,global_all_348_cross_gene,mutant_site
335,SCN2A,1,1,1.0,1,1,global_all_348_cross_gene,mutant_site
335,SCN2A,3,1,1.0,1,1,global_all_348_cross_gene,mutant_site
335,SCN2A,5,1,0.8,1,1,global_all_348_cross_gene,mutant_site
336,SCN2A,1,1,1.0,1,1,global_all_348_cross_gene,mutant_site
336,SCN2A,3,1,1.0,1,1,global_all_348_cross_gene,mutant_site
336,SCN2A,5,1,0.8,1,1,global_all_348_cross_gene,mutant_site
337,SCN8A,1,1,1.0,1,1,global_all_348_cross_gene,mutant_site
337,SCN8A,3,1,0.6666666666666666,1,1,global_all_348_cross_gene,mutant_site
337,SCN8A,5,1,0.8,1,1,global_all_348_cross_gene,mutant_site
338,SCN8A,1,1,1.0,1,1,global_all_348_cross_gene,mutant_site
338,SCN8A,3,1,1.0,1,1,global_all_348_cross_gene,mutant_site
338,SCN8A,5,1,0.8,1,1,global_all_348_cross_gene,mutant_site
339,SCN5A,1,0,1.0,1,0,global_all_348_cross_gene,mutant_site
339,SCN5A,3,0,1.0,1,0,global_all_348_cross_gene,mutant_site
339,SCN5A,5,0,0.8,1,0,global_all_348_cross_gene,mutant_site
340,SCN5A,1,0,1.0,1,0,global_all_348_cross_gene,mutant_site
340,SCN5A,3,0,0.6666666666666666,1,0,global_all_348_cross_gene,mutant_site
340,SCN5A,5,0,0.8,1,0,global_all_348_cross_gene,mutant_site
341,SCN1A,1,0,0.0,0,1,global_all_348_cross_gene,mutant_site
341,SCN1A,3,0,0.3333333333333333,0,1,global_all_348_cross_gene,mutant_site
341,SCN1A,5,0,0.6,1,0,global_all_348_cross_gene,mutant_site
342,SCN1A,1,0,0.0,0,1,global_all_348_cross_gene,mutant_site
342,SCN1A,3,0,0.6666666666666666,1,0,global_all_348_cross_gene,mutant_site
342,SCN1A,5,0,0.4,0,1,global_all_348_cross_gene,mutant_site
343,SCN1A,1,0,1.0,1,0,global_all_348_cross_gene,mutant_site
343,SCN1A,3,0,0.6666666666666666,1,0,global_all_348_cross_gene,mutant_site
343,SCN1A,5,0,0.8,1,0,global_all_348_cross_gene,mutant_site
344,SCN10A,1,1,1.0,1,1,global_all_348_cross_gene,mutant_site
344,SCN10A,3,1,1.0,1,1,global_all_348_cross_gene,mutant_site
344,SCN10A,5,1,0.8,1,1,global_all_348_cross_gene,mutant_site
345,SCN5A,1,0,1.0,1,0,global_all_348_cross_gene,mutant_site
345,SCN5A,3,0,0.6666666666666666,1,0,global_all_348_cross_gene,mutant_site
345,SCN5A,5,0,0.8,1,0,global_all_348_cross_gene,mutant_site
346,SCN5A,1,0,1.0,1,0,global_all_348_cross_gene,mutant_site
346,SCN5A,3,0,1.0,1,0,global_all_348_cross_gene,mutant_site
346,SCN5A,5,0,0.8,1,0,global_all_348_cross_gene,mutant_site
347,SCN5A,1,1,1.0,1,1,global_all_348_cross_gene,mutant_site
347,SCN5A,3,1,0.6666666666666666,1,1,global_all_348_cross_gene,mutant_site
347,SCN5A,5,1,0.8,1,1,global_all_348_cross_gene,mutant_site
0,SCN9A,1,1,1.0,1,1,global_all_348_cross_gene,delta_site
0,SCN9A,3,1,1.0,1,1,global_all_348_cross_gene,delta_site
0,SCN9A,5,1,0.8,1,1,global_all_348_cross_gene,delta_site
1,SCN2A,1,0,0.0,0,1,global_all_348_cross_gene,delta_site
1,SCN2A,3,0,0.3333333333333333,0,1,global_all_348_cross_gene,delta_site
1,SCN2A,5,0,0.2,0,1,global_all_348_cross_gene,delta_site
2,SCN5A,1,1,1.0,1,1,global_all_348_cross_gene,delta_site
2,SCN5A,3,1,1.0,1,1,global_all_348_cross_gene,delta_site
2,SCN5A,5,1,0.8,1,1,global_all_348_cross_gene,delta_site
3,SCN5A,1,0,1.0,1,0,global_all_348_cross_gene,delta_site
3,SCN5A,3,0,0.3333333333333333,0,1,global_all_348_cross_gene,delta_site
3,SCN5A,5,0,0.4,0,1,global_all_348_cross_gene,delta_site
4,SCN1A,1,0,1.0,1,0,global_all_348_cross_gene,delta_site
4,SCN1A,3,0,0.6666666666666666,1,0,global_all_348_cross_gene,delta_site
4,SCN1A,5,0,0.6,1,0,global_all_348_cross_gene,delta_site
5,SCN5A,1,0,0.0,0,1,global_all_348_cross_gene,delta_site
5,SCN5A,3,0,0.3333333333333333,0,1,global_all_348_cross_gene,delta_site
5,SCN5A,5,0,0.4,0,1,global_all_348_cross_gene,delta_site
6,SCN2A,1,0,0.0,0,1,global_all_348_cross_gene,delta_site
6,SCN2A,3,0,0.0,0,1,global_all_348_cross_gene,delta_site
6,SCN2A,5,0,0.0,0,1,global_all_348_cross_gene,delta_site
7,SCN5A,1,0,1.0,1,0,global_all_348_cross_gene,delta_site
7,SCN5A,3,0,0.6666666666666666,1,0,global_all_348_cross_gene,delta_site
7,SCN5A,5,0,0.8,1,0,global_all_348_cross_gene,delta_site
8,SCN10A,1,0,1.0,1,0,global_all_348_cross_gene,delta_site
8,SCN10A,3,0,0.6666666666666666,1,0,global_all_348_cross_gene,delta_site
8,SCN10A,5,0,0.4,0,1,global_all_348_cross_gene,delta_site
9,SCN4A,1,0,0.0,0,1,global_all_348_cross_gene,delta_site
9,SCN4A,3,0,0.0,0,1,global_all_348_cross_gene,delta_site
9,SCN4A,5,0,0.0,0,1,global_all_348_cross_gene,delta_site
10,SCN5A,1,0,0.0,0,1,global_all_348_cross_gene,delta_site
10,SCN5A,3,0,0.6666666666666666,1,0,global_all_348_cross_gene,delta_site
10,SCN5A,5,0,0.4,0,1,global_all_348_cross_gene,delta_site
11,SCN5A,1,0,0.0,0,1,global_all_348_cross_gene,delta_site
11,SCN5A,3,0,0.3333333333333333,0,1,global_all_348_cross_gene,delta_site
11,SCN5A,5,0,0.2,0,1,global_all_348_cross_gene,delta_site
12,SCN5A,1,0,0.0,0,1,global_all_348_cross_gene,delta_site
12,SCN5A,3,0,0.0,0,1,global_all_348_cross_gene,delta_site
12,SCN5A,5,0,0.0,0,1,global_all_348_cross_gene,delta_site
13,SCN5A,1,0,1.0,1,0,global_all_348_cross_gene,delta_site
13,SCN5A,3,0,0.6666666666666666,1,0,global_all_348_cross_gene,delta_site
13,SCN5A,5,0,0.6,1,0,global_all_348_cross_gene,delta_site
14,SCN5A,1,1,0.0,0,0,global_all_348_cross_gene,delta_site
14,SCN5A,3,1,0.6666666666666666,1,1,global_all_348_cross_gene,delta_site
14,SCN5A,5,1,0.6,1,1,global_all_348_cross_gene,delta_site
15,SCN5A,1,0,1.0,1,0,global_all_348_cross_gene,delta_site
15,SCN5A,3,0,1.0,1,0,global_all_348_cross_gene,delta_site
15,SCN5A,5,0,0.8,1,0,global_all_348_cross_gene,delta_site
16,SCN5A,1,0,1.0,1,0,global_all_348_cross_gene,delta_site
16,SCN5A,3,0,0.6666666666666666,1,0,global_all_348_cross_gene,delta_site
16,SCN5A,5,0,0.6,1,0,global_all_348_cross_gene,delta_site
17,SCN8A,1,1,1.0,1,1,global_all_348_cross_gene,delta_site
17,SCN8A,3,1,0.3333333333333333,0,0,global_all_348_cross_gene,delta_site
17,SCN8A,5,1,0.4,0,0,global_all_348_cross_gene,delta_site
18,SCN4A,1,1,1.0,1,1,global_all_348_cross_gene,delta_site
18,SCN4A,3,1,1.0,1,1,global_all_348_cross_gene,delta_site
18,SCN4A,5,1,0.8,1,1,global_all_348_cross_gene,delta_site
19,SCN9A,1,1,1.0,1,1,global_all_348_cross_gene,delta_site
19,SCN9A,3,1,1.0,1,1,global_all_348_cross_gene,delta_site
19,SCN9A,5,1,0.8,1,1,global_all_348_cross_gene,delta_site
20,SCN1A,1,0,1.0,1,0,global_all_348_cross_gene,delta_site
20,SCN1A,3,0,0.3333333333333333,0,1,global_all_348_cross_gene,delta_site
20,SCN1A,5,0,0.4,0,1,global_all_348_cross_gene,delta_site
21,SCN5A,1,0,0.0,0,1,global_all_348_cross_gene,delta_site
21,SCN5A,3,0,0.6666666666666666,1,0,global_all_348_cross_gene,delta_site
21,SCN5A,5,0,0.6,1,0,global_all_348_cross_gene,delta_site
22,SCN10A,1,1,0.0,0,0,global_all_348_cross_gene,delta_site
22,SCN10A,3,1,0.3333333333333333,0,0,global_all_348_cross_gene,delta_site
22,SCN10A,5,1,0.4,0,0,global_all_348_cross_gene,delta_site
23,SCN5A,1,0,1.0,1,0,global_all_348_cross_gene,delta_site
23,SCN5A,3,0,0.6666666666666666,1,0,global_all_348_cross_gene,delta_site
23,SCN5A,5,0,0.4,0,1,global_all_348_cross_gene,delta_site
24,SCN5A,1,0,1.0,1,0,global_all_348_cross_gene,delta_site
24,SCN5A,3,0,0.3333333333333333,0,1,global_all_348_cross_gene,delta_site
24,SCN5A,5,0,0.4,0,1,global_all_348_cross_gene,delta_site
25,SCN1A,1,0,0.0,0,1,global_all_348_cross_gene,delta_site
25,SCN1A,3,0,0.3333333333333333,0,1,global_all_348_cross_gene,delta_site
25,SCN1A,5,0,0.2,0,1,global_all_348_cross_gene,delta_site
26,SCN1A,1,0,0.0,0,1,global_all_348_cross_gene,delta_site
26,SCN1A,3,0,0.0,0,1,global_all_348_cross_gene,delta_site
26,SCN1A,5,0,0.0,0,1,global_all_348_cross_gene,delta_site
27,SCN5A,1,0,0.0,0,1,global_all_348_cross_gene,delta_site
27,SCN5A,3,0,0.6666666666666666,1,0,global_all_348_cross_gene,delta_site
27,SCN5A,5,0,0.6,1,0,global_all_348_cross_gene,delta_site
28,SCN4A,1,0,0.0,0,1,global_all_348_cross_gene,delta_site
28,SCN4A,3,0,0.0,0,1,global_all_348_cross_gene,delta_site
28,SCN4A,5,0,0.2,0,1,global_all_348_cross_gene,delta_site
29,SCN2A,1,1,0.0,0,0,global_all_348_cross_gene,delta_site
29,SCN2A,3,1,0.3333333333333333,0,0,global_all_348_cross_gene,delta_site
29,SCN2A,5,1,0.4,0,0,global_all_348_cross_gene,delta_site
30,SCN9A,1,1,1.0,1,1,global_all_348_cross_gene,delta_site
30,SCN9A,3,1,0.6666666666666666,1,1,global_all_348_cross_gene,delta_site
30,SCN9A,5,1,0.8,1,1,global_all_348_cross_gene,delta_site
31,SCN11A,1,1,0.0,0,0,global_all_348_cross_gene,delta_site
31,SCN11A,3,1,0.0,0,0,global_all_348_cross_gene,delta_site
31,SCN11A,5,1,0.0,0,0,global_all_348_cross_gene,delta_site
32,SCN9A,1,1,0.0,0,0,global_all_348_cross_gene,delta_site
32,SCN9A,3,1,0.3333333333333333,0,0,global_all_348_cross_gene,delta_site
32,SCN9A,5,1,0.4,0,0,global_all_348_cross_gene,delta_site
33,SCN8A,1,0,0.0,0,1,global_all_348_cross_gene,delta_site
33,SCN8A,3,0,0.3333333333333333,0,1,global_all_348_cross_gene,delta_site
33,SCN8A,5,0,0.4,0,1,global_all_348_cross_gene,delta_site
34,SCN5A,1,0,1.0,1,0,global_all_348_cross_gene,delta_site
34,SCN5A,3,0,0.6666666666666666,1,0,global_all_348_cross_gene,delta_site
34,SCN5A,5,0,0.8,1,0,global_all_348_cross_gene,delta_site
35,SCN4A,1,0,0.0,0,1,global_all_348_cross_gene,delta_site
35,SCN4A,3,0,0.3333333333333333,0,1,global_all_348_cross_gene,delta_site
35,SCN4A,5,0,0.4,0,1,global_all_348_cross_gene,delta_site
36,SCN5A,1,0,0.0,0,1,global_all_348_cross_gene,delta_site
36,SCN5A,3,0,0.3333333333333333,0,1,global_all_348_cross_gene,delta_site
36,SCN5A,5,0,0.2,0,1,global_all_348_cross_gene,delta_site
37,SCN5A,1,1,0.0,0,0,global_all_348_cross_gene,delta_site
37,SCN5A,3,1,0.3333333333333333,0,0,global_all_348_cross_gene,delta_site
37,SCN5A,5,1,0.2,0,0,global_all_348_cross_gene,delta_site
38,SCN5A,1,0,1.0,1,0,global_all_348_cross_gene,delta_site
38,SCN5A,3,0,1.0,1,0,global_all_348_cross_gene,delta_site
38,SCN5A,5,0,0.8,1,0,global_all_348_cross_gene,delta_site
39,SCN1A,1,0,1.0,1,0,global_all_348_cross_gene,delta_site
39,SCN1A,3,0,1.0,1,0,global_all_348_cross_gene,delta_site
39,SCN1A,5,0,1.0,1,0,global_all_348_cross_gene,delta_site
40,SCN9A,1,1,0.0,0,0,global_all_348_cross_gene,delta_site
40,SCN9A,3,1,0.3333333333333333,0,0,global_all_348_cross_gene,delta_site
40,SCN9A,5,1,0.4,0,0,global_all_348_cross_gene,delta_site
41,SCN2A,1,1,0.0,0,0,global_all_348_cross_gene,delta_site
41,SCN2A,3,1,0.3333333333333333,0,0,global_all_348_cross_gene,delta_site
41,SCN2A,5,1,0.4,0,0,global_all_348_cross_gene,delta_site
42,SCN9A,1,1,1.0,1,1,global_all_348_cross_gene,delta_site
42,SCN9A,3,1,0.6666666666666666,1,1,global_all_348_cross_gene,delta_site
42,SCN9A,5,1,0.6,1,1,global_all_348_cross_gene,delta_site
43,SCN9A,1,1,1.0,1,1,global_all_348_cross_gene,delta_site
43,SCN9A,3,1,1.0,1,1,global_all_348_cross_gene,delta_site
43,SCN9A,5,1,0.6,1,1,global_all_348_cross_gene,delta_site
44,SCN10A,1,1,1.0,1,1,global_all_348_cross_gene,delta_site
44,SCN10A,3,1,1.0,1,1,global_all_348_cross_gene,delta_site
44,SCN10A,5,1,0.8,1,1,global_all_348_cross_gene,delta_site
45,SCN3A,1,0,0.0,0,1,global_all_348_cross_gene,delta_site
45,SCN3A,3,0,0.3333333333333333,0,1,global_all_348_cross_gene,delta_site
45,SCN3A,5,0,0.2,0,1,global_all_348_cross_gene,delta_site
46,SCN1A,1,0,0.0,0,1,global_all_348_cross_gene,delta_site
46,SCN1A,3,0,0.3333333333333333,0,1,global_all_348_cross_gene,delta_site
46,SCN1A,5,0,0.2,0,1,global_all_348_cross_gene,delta_site
47,SCN1A,1,0,1.0,1,0,global_all_348_cross_gene,delta_site
47,SCN1A,3,0,0.6666666666666666,1,0,global_all_348_cross_gene,delta_site
47,SCN1A,5,0,0.8,1,0,global_all_348_cross_gene,delta_site
48,SCN2A,1,1,0.0,0,0,global_all_348_cross_gene,delta_site
48,SCN2A,3,1,0.0,0,0,global_all_348_cross_gene,delta_site
48,SCN2A,5,1,0.4,0,0,global_all_348_cross_gene,delta_site
49,SCN1A,1,1,1.0,1,1,global_all_348_cross_gene,delta_site
49,SCN1A,3,1,1.0,1,1,global_all_348_cross_gene,delta_site
49,SCN1A,5,1,1.0,1,1,global_all_348_cross_gene,delta_site
50,SCN8A,1,0,0.0,0,1,global_all_348_cross_gene,delta_site
50,SCN8A,3,0,0.0,0,1,global_all_348_cross_gene,delta_site
50,SCN8A,5,0,0.0,0,1,global_all_348_cross_gene,delta_site
51,SCN5A,1,0,0.0,0,1,global_all_348_cross_gene,delta_site
51,SCN5A,3,0,0.0,0,1,global_all_348_cross_gene,delta_site
51,SCN5A,5,0,0.2,0,1,global_all_348_cross_gene,delta_site
52,SCN5A,1,0,1.0,1,0,global_all_348_cross_gene,delta_site
52,SCN5A,3,0,0.3333333333333333,0,1,global_all_348_cross_gene,delta_site
52,SCN5A,5,0,0.2,0,1,global_all_348_cross_gene,delta_site
53,SCN5A,1,0,0.0,0,1,global_all_348_cross_gene,delta_site
53,SCN5A,3,0,0.3333333333333333,0,1,global_all_348_cross_gene,delta_site
53,SCN5A,5,0,0.2,0,1,global_all_348_cross_gene,delta_site
54,SCN1A,1,0,0.0,0,1,global_all_348_cross_gene,delta_site
54,SCN1A,3,0,0.6666666666666666,1,0,global_all_348_cross_gene,delta_site
54,SCN1A,5,0,0.6,1,0,global_all_348_cross_gene,delta_site
55,SCN5A,1,0,0.0,0,1,global_all_348_cross_gene,delta_site
55,SCN5A,3,0,0.6666666666666666,1,0,global_all_348_cross_gene,delta_site
55,SCN5A,5,0,0.4,0,1,global_all_348_cross_gene,delta_site
56,SCN5A,1,0,0.0,0,1,global_all_348_cross_gene,delta_site
56,SCN5A,3,0,0.0,0,1,global_all_348_cross_gene,delta_site
56,SCN5A,5,0,0.2,0,1,global_all_348_cross_gene,delta_site
57,SCN5A,1,0,1.0,1,0,global_all_348_cross_gene,delta_site
57,SCN5A,3,0,0.6666666666666666,1,0,global_all_348_cross_gene,delta_site
57,SCN5A,5,0,0.4,0,1,global_all_348_cross_gene,delta_site
58,SCN3A,1,1,1.0,1,1,global_all_348_cross_gene,delta_site
58,SCN3A,3,1,0.6666666666666666,1,1,global_all_348_cross_gene,delta_site
58,SCN3A,5,1,0.4,0,0,global_all_348_cross_gene,delta_site
59,SCN4A,1,0,0.0,0,1,global_all_348_cross_gene,delta_site
59,SCN4A,3,0,0.0,0,1,global_all_348_cross_gene,delta_site
59,SCN4A,5,0,0.4,0,1,global_all_348_cross_gene,delta_site
60,SCN5A,1,0,0.0,0,1,global_all_348_cross_gene,delta_site
60,SCN5A,3,0,0.3333333333333333,0,1,global_all_348_cross_gene,delta_site
60,SCN5A,5,0,0.2,0,1,global_all_348_cross_gene,delta_site
61,SCN5A,1,0,0.0,0,1,global_all_348_cross_gene,delta_site
61,SCN5A,3,0,0.3333333333333333,0,1,global_all_348_cross_gene,delta_site
61,SCN5A,5,0,0.6,1,0,global_all_348_cross_gene,delta_site
62,SCN5A,1,0,0.0,0,1,global_all_348_cross_gene,delta_site
62,SCN5A,3,0,0.3333333333333333,0,1,global_all_348_cross_gene,delta_site
62,SCN5A,5,0,0.6,1,0,global_all_348_cross_gene,delta_site
63,SCN5A,1,0,0.0,0,1,global_all_348_cross_gene,delta_site
63,SCN5A,3,0,0.0,0,1,global_all_348_cross_gene,delta_site
63,SCN5A,5,0,0.0,0,1,global_all_348_cross_gene,delta_site
64,SCN2A,1,0,0.0,0,1,global_all_348_cross_gene,delta_site
64,SCN2A,3,0,0.0,0,1,global_all_348_cross_gene,delta_site
64,SCN2A,5,0,0.0,0,1,global_all_348_cross_gene,delta_site
65,SCN5A,1,0,0.0,0,1,global_all_348_cross_gene,delta_site
65,SCN5A,3,0,0.0,0,1,global_all_348_cross_gene,delta_site
65,SCN5A,5,0,0.0,0,1,global_all_348_cross_gene,delta_site
66,SCN5A,1,0,0.0,0,1,global_all_348_cross_gene,delta_site
66,SCN5A,3,0,0.3333333333333333,0,1,global_all_348_cross_gene,delta_site
66,SCN5A,5,0,0.2,0,1,global_all_348_cross_gene,delta_site
67,SCN5A,1,0,0.0,0,1,global_all_348_cross_gene,delta_site
67,SCN5A,3,0,0.0,0,1,global_all_348_cross_gene,delta_site
67,SCN5A,5,0,0.2,0,1,global_all_348_cross_gene,delta_site
68,SCN5A,1,0,0.0,0,1,global_all_348_cross_gene,delta_site
68,SCN5A,3,0,0.3333333333333333,0,1,global_all_348_cross_gene,delta_site
68,SCN5A,5,0,0.4,0,1,global_all_348_cross_gene,delta_site
69,SCN5A,1,0,1.0,1,0,global_all_348_cross_gene,delta_site
69,SCN5A,3,0,0.3333333333333333,0,1,global_all_348_cross_gene,delta_site
69,SCN5A,5,0,0.2,0,1,global_all_348_cross_gene,delta_site
70,SCN8A,1,1,1.0,1,1,global_all_348_cross_gene,delta_site
70,SCN8A,3,1,0.6666666666666666,1,1,global_all_348_cross_gene,delta_site
70,SCN8A,5,1,0.6,1,1,global_all_348_cross_gene,delta_site
71,SCN1A,1,0,0.0,0,1,global_all_348_cross_gene,delta_site
71,SCN1A,3,0,0.3333333333333333,0,1,global_all_348_cross_gene,delta_site
71,SCN1A,5,0,0.2,0,1,global_all_348_cross_gene,delta_site
72,SCN5A,1,0,1.0,1,0,global_all_348_cross_gene,delta_site
72,SCN5A,3,0,0.6666666666666666,1,0,global_all_348_cross_gene,delta_site
72,SCN5A,5,0,0.4,0,1,global_all_348_cross_gene,delta_site
73,SCN11A,1,1,1.0,1,1,global_all_348_cross_gene,delta_site
73,SCN11A,3,1,1.0,1,1,global_all_348_cross_gene,delta_site
73,SCN11A,5,1,0.8,1,1,global_all_348_cross_gene,delta_site
74,SCN5A,1,0,0.0,0,1,global_all_348_cross_gene,delta_site
74,SCN5A,3,0,0.3333333333333333,0,1,global_all_348_cross_gene,delta_site
74,SCN5A,5,0,0.4,0,1,global_all_348_cross_gene,delta_site
75,SCN10A,1,0,0.0,0,1,global_all_348_cross_gene,delta_site
75,SCN10A,3,0,0.0,0,1,global_all_348_cross_gene,delta_site
75,SCN10A,5,0,0.0,0,1,global_all_348_cross_gene,delta_site
76,SCN4A,1,1,1.0,1,1,global_all_348_cross_gene,delta_site
76,SCN4A,3,1,0.6666666666666666,1,1,global_all_348_cross_gene,delta_site
76,SCN4A,5,1,0.6,1,1,global_all_348_cross_gene,delta_site
77,SCN9A,1,1,1.0,1,1,global_all_348_cross_gene,delta_site
77,SCN9A,3,1,0.6666666666666666,1,1,global_all_348_cross_gene,delta_site
77,SCN9A,5,1,0.8,1,1,global_all_348_cross_gene,delta_site
78,SCN5A,1,0,1.0,1,0,global_all_348_cross_gene,delta_site
78,SCN5A,3,0,1.0,1,0,global_all_348_cross_gene,delta_site
78,SCN5A,5,0,1.0,1,0,global_all_348_cross_gene,delta_site
79,SCN2A,1,1,1.0,1,1,global_all_348_cross_gene,delta_site
79,SCN2A,3,1,1.0,1,1,global_all_348_cross_gene,delta_site
79,SCN2A,5,1,0.6,1,1,global_all_348_cross_gene,delta_site
80,SCN4A,1,1,1.0,1,1,global_all_348_cross_gene,delta_site
80,SCN4A,3,1,1.0,1,1,global_all_348_cross_gene,delta_site
80,SCN4A,5,1,0.6,1,1,global_all_348_cross_gene,delta_site
81,SCN5A,1,1,1.0,1,1,global_all_348_cross_gene,delta_site
81,SCN5A,3,1,1.0,1,1,global_all_348_cross_gene,delta_site
81,SCN5A,5,1,0.8,1,1,global_all_348_cross_gene,delta_site
82,SCN9A,1,1,1.0,1,1,global_all_348_cross_gene,delta_site
82,SCN9A,3,1,1.0,1,1,global_all_348_cross_gene,delta_site
82,SCN9A,5,1,0.6,1,1,global_all_348_cross_gene,delta_site
83,SCN1A,1,0,0.0,0,1,global_all_348_cross_gene,delta_site
83,SCN1A,3,0,0.3333333333333333,0,1,global_all_348_cross_gene,delta_site
83,SCN1A,5,0,0.2,0,1,global_all_348_cross_gene,delta_site
84,SCN5A,1,1,0.0,0,0,global_all_348_cross_gene,delta_site
84,SCN5A,3,1,0.6666666666666666,1,1,global_all_348_cross_gene,delta_site
84,SCN5A,5,1,0.4,0,0,global_all_348_cross_gene,delta_site
85,SCN5A,1,0,1.0,1,0,global_all_348_cross_gene,delta_site
85,SCN5A,3,0,0.6666666666666666,1,0,global_all_348_cross_gene,delta_site
85,SCN5A,5,0,0.8,1,0,global_all_348_cross_gene,delta_site
86,SCN5A,1,0,1.0,1,0,global_all_348_cross_gene,delta_site
86,SCN5A,3,0,1.0,1,0,global_all_348_cross_gene,delta_site
86,SCN5A,5,0,0.6,1,0,global_all_348_cross_gene,delta_site
87,SCN5A,1,1,1.0,1,1,global_all_348_cross_gene,delta_site
87,SCN5A,3,1,1.0,1,1,global_all_348_cross_gene,delta_site
87,SCN5A,5,1,1.0,1,1,global_all_348_cross_gene,delta_site
88,SCN10A,1,1,1.0,1,1,global_all_348_cross_gene,delta_site
88,SCN10A,3,1,0.6666666666666666,1,1,global_all_348_cross_gene,delta_site
88,SCN10A,5,1,0.4,0,0,global_all_348_cross_gene,delta_site
89,SCN5A,1,0,1.0,1,0,global_all_348_cross_gene,delta_site
89,SCN5A,3,0,1.0,1,0,global_all_348_cross_gene,delta_site
89,SCN5A,5,0,1.0,1,0,global_all_348_cross_gene,delta_site
90,SCN9A,1,1,0.0,0,0,global_all_348_cross_gene,delta_site
90,SCN9A,3,1,0.0,0,0,global_all_348_cross_gene,delta_site
90,SCN9A,5,1,0.0,0,0,global_all_348_cross_gene,delta_site
91,SCN5A,1,1,0.0,0,0,global_all_348_cross_gene,delta_site
91,SCN5A,3,1,0.0,0,0,global_all_348_cross_gene,delta_site
91,SCN5A,5,1,0.2,0,0,global_all_348_cross_gene,delta_site
92,SCN5A,1,0,1.0,1,0,global_all_348_cross_gene,delta_site
92,SCN5A,3,0,0.3333333333333333,0,1,global_all_348_cross_gene,delta_site
92,SCN5A,5,0,0.4,0,1,global_all_348_cross_gene,delta_site
93,SCN2A,1,1,1.0,1,1,global_all_348_cross_gene,delta_site
93,SCN2A,3,1,0.3333333333333333,0,0,global_all_348_cross_gene,delta_site
93,SCN2A,5,1,0.4,0,0,global_all_348_cross_gene,delta_site
94,SCN8A,1,1,1.0,1,1,global_all_348_cross_gene,delta_site
94,SCN8A,3,1,0.3333333333333333,0,0,global_all_348_cross_gene,delta_site
94,SCN8A,5,1,0.4,0,0,global_all_348_cross_gene,delta_site
95,SCN5A,1,0,1.0,1,0,global_all_348_cross_gene,delta_site
95,SCN5A,3,0,0.6666666666666666,1,0,global_all_348_cross_gene,delta_site
95,SCN5A,5,0,0.6,1,0,global_all_348_cross_gene,delta_site
96,SCN5A,1,0,0.0,0,1,global_all_348_cross_gene,delta_site
96,SCN5A,3,0,0.3333333333333333,0,1,global_all_348_cross_gene,delta_site
96,SCN5A,5,0,0.2,0,1,global_all_348_cross_gene,delta_site
97,SCN5A,1,0,0.0,0,1,global_all_348_cross_gene,delta_site
97,SCN5A,3,0,0.6666666666666666,1,0,global_all_348_cross_gene,delta_site
97,SCN5A,5,0,0.6,1,0,global_all_348_cross_gene,delta_site
98,SCN5A,1,0,0.0,0,1,global_all_348_cross_gene,delta_site
98,SCN5A,3,0,0.6666666666666666,1,0,global_all_348_cross_gene,delta_site
98,SCN5A,5,0,0.6,1,0,global_all_348_cross_gene,delta_site
99,SCN1A,1,0,0.0,0,1,global_all_348_cross_gene,delta_site
99,SCN1A,3,0,0.0,0,1,global_all_348_cross_gene,delta_site
99,SCN1A,5,0,0.2,0,1,global_all_348_cross_gene,delta_site
100,SCN1A,1,0,0.0,0,1,global_all_348_cross_gene,delta_site
100,SCN1A,3,0,0.3333333333333333,0,1,global_all_348_cross_gene,delta_site
100,SCN1A,5,0,0.6,1,0,global_all_348_cross_gene,delta_site
101,SCN5A,1,0,0.0,0,1,global_all_348_cross_gene,delta_site
101,SCN5A,3,0,0.6666666666666666,1,0,global_all_348_cross_gene,delta_site
101,SCN5A,5,0,0.6,1,0,global_all_348_cross_gene,delta_site
102,SCN5A,1,0,0.0,0,1,global_all_348_cross_gene,delta_site
102,SCN5A,3,0,0.0,0,1,global_all_348_cross_gene,delta_site
102,SCN5A,5,0,0.2,0,1,global_all_348_cross_gene,delta_site
103,SCN5A,1,0,0.0,0,1,global_all_348_cross_gene,delta_site
103,SCN5A,3,0,0.3333333333333333,0,1,global_all_348_cross_gene,delta_site
103,SCN5A,5,0,0.4,0,1,global_all_348_cross_gene,delta_site
104,SCN8A,1,0,0.0,0,1,global_all_348_cross_gene,delta_site
104,SCN8A,3,0,0.3333333333333333,0,1,global_all_348_cross_gene,delta_site
104,SCN8A,5,0,0.2,0,1,global_all_348_cross_gene,delta_site
105,SCN10A,1,0,0.0,0,1,global_all_348_cross_gene,delta_site
105,SCN10A,3,0,0.0,0,1,global_all_348_cross_gene,delta_site
105,SCN10A,5,0,0.0,0,1,global_all_348_cross_gene,delta_site
106,SCN1A,1,0,0.0,0,1,global_all_348_cross_gene,delta_site
106,SCN1A,3,0,0.3333333333333333,0,1,global_all_348_cross_gene,delta_site
106,SCN1A,5,0,0.2,0,1,global_all_348_cross_gene,delta_site
107,SCN4A,1,0,0.0,0,1,global_all_348_cross_gene,delta_site
107,SCN4A,3,0,0.3333333333333333,0,1,global_all_348_cross_gene,delta_site
107,SCN4A,5,0,0.2,0,1,global_all_348_cross_gene,delta_site
108,SCN1A,1,0,0.0,0,1,global_all_348_cross_gene,delta_site
108,SCN1A,3,0,0.0,0,1,global_all_348_cross_gene,delta_site
108,SCN1A,5,0,0.2,0,1,global_all_348_cross_gene,delta_site
109,SCN5A,1,0,0.0,0,1,global_all_348_cross_gene,delta_site
109,SCN5A,3,0,0.0,0,1,global_all_348_cross_gene,delta_site
109,SCN5A,5,0,0.2,0,1,global_all_348_cross_gene,delta_site
110,SCN4A,1,0,0.0,0,1,global_all_348_cross_gene,delta_site
110,SCN4A,3,0,0.6666666666666666,1,0,global_all_348_cross_gene,delta_site
110,SCN4A,5,0,0.4,0,1,global_all_348_cross_gene,delta_site
111,SCN4A,1,0,0.0,0,1,global_all_348_cross_gene,delta_site
111,SCN4A,3,0,0.3333333333333333,0,1,global_all_348_cross_gene,delta_site
111,SCN4A,5,0,0.2,0,1,global_all_348_cross_gene,delta_site
112,SCN5A,1,0,0.0,0,1,global_all_348_cross_gene,delta_site
112,SCN5A,3,0,0.0,0,1,global_all_348_cross_gene,delta_site
112,SCN5A,5,0,0.0,0,1,global_all_348_cross_gene,delta_site
113,SCN3A,1,1,0.0,0,0,global_all_348_cross_gene,delta_site
113,SCN3A,3,1,0.0,0,0,global_all_348_cross_gene,delta_site
113,SCN3A,5,1,0.0,0,0,global_all_348_cross_gene,delta_site
114,SCN5A,1,0,1.0,1,0,global_all_348_cross_gene,delta_site
114,SCN5A,3,0,0.3333333333333333,0,1,global_all_348_cross_gene,delta_site
114,SCN5A,5,0,0.4,0,1,global_all_348_cross_gene,delta_site
115,SCN1A,1,1,0.0,0,0,global_all_348_cross_gene,delta_site
115,SCN1A,3,1,0.0,0,0,global_all_348_cross_gene,delta_site
115,SCN1A,5,1,0.2,0,0,global_all_348_cross_gene,delta_site
116,SCN5A,1,0,1.0,1,0,global_all_348_cross_gene,delta_site
116,SCN5A,3,0,0.3333333333333333,0,1,global_all_348_cross_gene,delta_site
116,SCN5A,5,0,0.6,1,0,global_all_348_cross_gene,delta_site
117,SCN1A,1,0,0.0,0,1,global_all_348_cross_gene,delta_site
117,SCN1A,3,0,0.6666666666666666,1,0,global_all_348_cross_gene,delta_site
117,SCN1A,5,0,0.6,1,0,global_all_348_cross_gene,delta_site
118,SCN3A,1,1,1.0,1,1,global_all_348_cross_gene,delta_site
118,SCN3A,3,1,0.6666666666666666,1,1,global_all_348_cross_gene,delta_site
118,SCN3A,5,1,0.6,1,1,global_all_348_cross_gene,delta_site
119,SCN11A,1,1,1.0,1,1,global_all_348_cross_gene,delta_site
119,SCN11A,3,1,0.3333333333333333,0,0,global_all_348_cross_gene,delta_site
119,SCN11A,5,1,0.2,0,0,global_all_348_cross_gene,delta_site
120,SCN5A,1,0,0.0,0,1,global_all_348_cross_gene,delta_site
120,SCN5A,3,0,0.3333333333333333,0,1,global_all_348_cross_gene,delta_site
120,SCN5A,5,0,0.6,1,0,global_all_348_cross_gene,delta_site
121,SCN4A,1,1,0.0,0,0,global_all_348_cross_gene,delta_site
121,SCN4A,3,1,0.3333333333333333,0,0,global_all_348_cross_gene,delta_site
121,SCN4A,5,1,0.2,0,0,global_all_348_cross_gene,delta_site
122,SCN1A,1,0,1.0,1,0,global_all_348_cross_gene,delta_site
122,SCN1A,3,0,0.3333333333333333,0,1,global_all_348_cross_gene,delta_site
122,SCN1A,5,0,0.4,0,1,global_all_348_cross_gene,delta_site
123,SCN5A,1,0,0.0,0,1,global_all_348_cross_gene,delta_site
123,SCN5A,3,0,0.6666666666666666,1,0,global_all_348_cross_gene,delta_site
123,SCN5A,5,0,0.6,1,0,global_all_348_cross_gene,delta_site
124,SCN9A,1,1,0.0,0,0,global_all_348_cross_gene,delta_site
124,SCN9A,3,1,0.6666666666666666,1,1,global_all_348_cross_gene,delta_site
124,SCN9A,5,1,0.4,0,0,global_all_348_cross_gene,delta_site
125,SCN2A,1,0,0.0,0,1,global_all_348_cross_gene,delta_site
125,SCN2A,3,0,0.3333333333333333,0,1,global_all_348_cross_gene,delta_site
125,SCN2A,5,0,0.2,0,1,global_all_348_cross_gene,delta_site
126,SCN1A,1,0,0.0,0,1,global_all_348_cross_gene,delta_site
126,SCN1A,3,0,0.0,0,1,global_all_348_cross_gene,delta_site
126,SCN1A,5,0,0.4,0,1,global_all_348_cross_gene,delta_site
127,SCN10A,1,1,0.0,0,0,global_all_348_cross_gene,delta_site
127,SCN10A,3,1,0.0,0,0,global_all_348_cross_gene,delta_site
127,SCN10A,5,1,0.0,0,0,global_all_348_cross_gene,delta_site
128,SCN2A,1,1,0.0,0,0,global_all_348_cross_gene,delta_site
128,SCN2A,3,1,0.3333333333333333,0,0,global_all_348_cross_gene,delta_site
128,SCN2A,5,1,0.4,0,0,global_all_348_cross_gene,delta_site
129,SCN5A,1,0,0.0,0,1,global_all_348_cross_gene,delta_site
129,SCN5A,3,0,0.3333333333333333,0,1,global_all_348_cross_gene,delta_site
129,SCN5A,5,0,0.4,0,1,global_all_348_cross_gene,delta_site
130,SCN1A,1,0,0.0,0,1,global_all_348_cross_gene,delta_site
130,SCN1A,3,0,0.0,0,1,global_all_348_cross_gene,delta_site
130,SCN1A,5,0,0.2,0,1,global_all_348_cross_gene,delta_site
131,SCN5A,1,0,1.0,1,0,global_all_348_cross_gene,delta_site
131,SCN5A,3,0,0.6666666666666666,1,0,global_all_348_cross_gene,delta_site
131,SCN5A,5,0,0.6,1,0,global_all_348_cross_gene,delta_site
132,SCN5A,1,0,0.0,0,1,global_all_348_cross_gene,delta_site
132,SCN5A,3,0,0.0,0,1,global_all_348_cross_gene,delta_site
132,SCN5A,5,0,0.4,0,1,global_all_348_cross_gene,delta_site
133,SCN1A,1,0,0.0,0,1,global_all_348_cross_gene,delta_site
133,SCN1A,3,0,0.0,0,1,global_all_348_cross_gene,delta_site
133,SCN1A,5,0,0.0,0,1,global_all_348_cross_gene,delta_site
134,SCN2A,1,0,0.0,0,1,global_all_348_cross_gene,delta_site
134,SCN2A,3,0,0.0,0,1,global_all_348_cross_gene,delta_site
134,SCN2A,5,0,0.0,0,1,global_all_348_cross_gene,delta_site
135,SCN1A,1,0,0.0,0,1,global_all_348_cross_gene,delta_site
135,SCN1A,3,0,0.0,0,1,global_all_348_cross_gene,delta_site
135,SCN1A,5,0,0.0,0,1,global_all_348_cross_gene,delta_site
136,SCN2A,1,0,0.0,0,1,global_all_348_cross_gene,delta_site
136,SCN2A,3,0,0.0,0,1,global_all_348_cross_gene,delta_site
136,SCN2A,5,0,0.0,0,1,global_all_348_cross_gene,delta_site
137,SCN5A,1,0,0.0,0,1,global_all_348_cross_gene,delta_site
137,SCN5A,3,0,0.3333333333333333,0,1,global_all_348_cross_gene,delta_site
137,SCN5A,5,0,0.4,0,1,global_all_348_cross_gene,delta_site
138,SCN1A,1,0,1.0,1,0,global_all_348_cross_gene,delta_site
138,SCN1A,3,0,0.6666666666666666,1,0,global_all_348_cross_gene,delta_site
138,SCN1A,5,0,0.6,1,0,global_all_348_cross_gene,delta_site
139,SCN1A,1,0,0.0,0,1,global_all_348_cross_gene,delta_site
139,SCN1A,3,0,0.0,0,1,global_all_348_cross_gene,delta_site
139,SCN1A,5,0,0.0,0,1,global_all_348_cross_gene,delta_site
140,SCN5A,1,0,0.0,0,1,global_all_348_cross_gene,delta_site
140,SCN5A,3,0,0.3333333333333333,0,1,global_all_348_cross_gene,delta_site
140,SCN5A,5,0,0.6,1,0,global_all_348_cross_gene,delta_site
141,SCN10A,1,0,1.0,1,0,global_all_348_cross_gene,delta_site
141,SCN10A,3,0,0.3333333333333333,0,1,global_all_348_cross_gene,delta_site
141,SCN10A,5,0,0.2,0,1,global_all_348_cross_gene,delta_site
142,SCN1A,1,0,0.0,0,1,global_all_348_cross_gene,delta_site
142,SCN1A,3,0,0.0,0,1,global_all_348_cross_gene,delta_site
142,SCN1A,5,0,0.0,0,1,global_all_348_cross_gene,delta_site
143,SCN8A,1,0,0.0,0,1,global_all_348_cross_gene,delta_site
143,SCN8A,3,0,0.0,0,1,global_all_348_cross_gene,delta_site
143,SCN8A,5,0,0.0,0,1,global_all_348_cross_gene,delta_site
144,SCN5A,1,0,1.0,1,0,global_all_348_cross_gene,delta_site
144,SCN5A,3,0,1.0,1,0,global_all_348_cross_gene,delta_site
144,SCN5A,5,0,1.0,1,0,global_all_348_cross_gene,delta_site
145,SCN5A,1,0,1.0,1,0,global_all_348_cross_gene,delta_site
145,SCN5A,3,0,0.3333333333333333,0,1,global_all_348_cross_gene,delta_site
145,SCN5A,5,0,0.6,1,0,global_all_348_cross_gene,delta_site
146,SCN1A,1,0,1.0,1,0,global_all_348_cross_gene,delta_site
146,SCN1A,3,0,0.6666666666666666,1,0,global_all_348_cross_gene,delta_site
146,SCN1A,5,0,0.8,1,0,global_all_348_cross_gene,delta_site
147,SCN1A,1,0,1.0,1,0,global_all_348_cross_gene,delta_site
147,SCN1A,3,0,0.6666666666666666,1,0,global_all_348_cross_gene,delta_site
147,SCN1A,5,0,0.8,1,0,global_all_348_cross_gene,delta_site
148,SCN1A,1,0,0.0,0,1,global_all_348_cross_gene,delta_site
148,SCN1A,3,0,0.3333333333333333,0,1,global_all_348_cross_gene,delta_site
148,SCN1A,5,0,0.2,0,1,global_all_348_cross_gene,delta_site
149,SCN4A,1,1,1.0,1,1,global_all_348_cross_gene,delta_site
149,SCN4A,3,1,1.0,1,1,global_all_348_cross_gene,delta_site
149,SCN4A,5,1,0.8,1,1,global_all_348_cross_gene,delta_site
150,SCN5A,1,1,0.0,0,0,global_all_348_cross_gene,delta_site
150,SCN5A,3,1,0.3333333333333333,0,0,global_all_348_cross_gene,delta_site
150,SCN5A,5,1,0.6,1,1,global_all_348_cross_gene,delta_site
151,SCN11A,1,1,0.0,0,0,global_all_348_cross_gene,delta_site
151,SCN11A,3,1,0.6666666666666666,1,1,global_all_348_cross_gene,delta_site
151,SCN11A,5,1,0.8,1,1,global_all_348_cross_gene,delta_site
152,SCN2A,1,1,1.0,1,1,global_all_348_cross_gene,delta_site
152,SCN2A,3,1,0.3333333333333333,0,0,global_all_348_cross_gene,delta_site
152,SCN2A,5,1,0.2,0,0,global_all_348_cross_gene,delta_site
153,SCN1A,1,0,0.0,0,1,global_all_348_cross_gene,delta_site
153,SCN1A,3,0,0.3333333333333333,0,1,global_all_348_cross_gene,delta_site
153,SCN1A,5,0,0.6,1,0,global_all_348_cross_gene,delta_site
154,SCN5A,1,0,0.0,0,1,global_all_348_cross_gene,delta_site
154,SCN5A,3,0,0.3333333333333333,0,1,global_all_348_cross_gene,delta_site
154,SCN5A,5,0,0.4,0,1,global_all_348_cross_gene,delta_site
155,SCN5A,1,0,1.0,1,0,global_all_348_cross_gene,delta_site
155,SCN5A,3,0,0.3333333333333333,0,1,global_all_348_cross_gene,delta_site
155,SCN5A,5,0,0.2,0,1,global_all_348_cross_gene,delta_site
156,SCN10A,1,1,0.0,0,0,global_all_348_cross_gene,delta_site
156,SCN10A,3,1,0.0,0,0,global_all_348_cross_gene,delta_site
156,SCN10A,5,1,0.0,0,0,global_all_348_cross_gene,delta_site
157,SCN5A,1,1,1.0,1,1,global_all_348_cross_gene,delta_site
157,SCN5A,3,1,1.0,1,1,global_all_348_cross_gene,delta_site
157,SCN5A,5,1,0.8,1,1,global_all_348_cross_gene,delta_site
158,SCN5A,1,1,1.0,1,1,global_all_348_cross_gene,delta_site
158,SCN5A,3,1,1.0,1,1,global_all_348_cross_gene,delta_site
158,SCN5A,5,1,0.8,1,1,global_all_348_cross_gene,delta_site
159,SCN5A,1,0,1.0,1,0,global_all_348_cross_gene,delta_site
159,SCN5A,3,0,0.6666666666666666,1,0,global_all_348_cross_gene,delta_site
159,SCN5A,5,0,0.4,0,1,global_all_348_cross_gene,delta_site
160,SCN5A,1,0,1.0,1,0,global_all_348_cross_gene,delta_site
160,SCN5A,3,0,1.0,1,0,global_all_348_cross_gene,delta_site
160,SCN5A,5,0,1.0,1,0,global_all_348_cross_gene,delta_site
161,SCN5A,1,0,0.0,0,1,global_all_348_cross_gene,delta_site
161,SCN5A,3,0,0.6666666666666666,1,0,global_all_348_cross_gene,delta_site
161,SCN5A,5,0,0.4,0,1,global_all_348_cross_gene,delta_site
162,SCN5A,1,0,0.0,0,1,global_all_348_cross_gene,delta_site
162,SCN5A,3,0,0.3333333333333333,0,1,global_all_348_cross_gene,delta_site
162,SCN5A,5,0,0.4,0,1,global_all_348_cross_gene,delta_site
163,SCN1A,1,0,1.0,1,0,global_all_348_cross_gene,delta_site
163,SCN1A,3,0,1.0,1,0,global_all_348_cross_gene,delta_site
163,SCN1A,5,0,0.6,1,0,global_all_348_cross_gene,delta_site
164,SCN5A,1,0,0.0,0,1,global_all_348_cross_gene,delta_site
164,SCN5A,3,0,0.3333333333333333,0,1,global_all_348_cross_gene,delta_site
164,SCN5A,5,0,0.4,0,1,global_all_348_cross_gene,delta_site
165,SCN5A,1,0,1.0,1,0,global_all_348_cross_gene,delta_site
165,SCN5A,3,0,0.3333333333333333,0,1,global_all_348_cross_gene,delta_site
165,SCN5A,5,0,0.4,0,1,global_all_348_cross_gene,delta_site
166,SCN5A,1,1,1.0,1,1,global_all_348_cross_gene,delta_site
166,SCN5A,3,1,0.6666666666666666,1,1,global_all_348_cross_gene,delta_site
166,SCN5A,5,1,0.8,1,1,global_all_348_cross_gene,delta_site
167,SCN5A,1,1,0.0,0,0,global_all_348_cross_gene,delta_site
167,SCN5A,3,1,0.3333333333333333,0,0,global_all_348_cross_gene,delta_site
167,SCN5A,5,1,0.6,1,1,global_all_348_cross_gene,delta_site
168,SCN2A,1,0,0.0,0,1,global_all_348_cross_gene,delta_site
168,SCN2A,3,0,0.3333333333333333,0,1,global_all_348_cross_gene,delta_site
168,SCN2A,5,0,0.2,0,1,global_all_348_cross_gene,delta_site
169,SCN11A,1,1,0.0,0,0,global_all_348_cross_gene,delta_site
169,SCN11A,3,1,0.0,0,0,global_all_348_cross_gene,delta_site
169,SCN11A,5,1,0.0,0,0,global_all_348_cross_gene,delta_site
170,SCN2A,1,0,0.0,0,1,global_all_348_cross_gene,delta_site
170,SCN2A,3,0,0.0,0,1,global_all_348_cross_gene,delta_site
170,SCN2A,5,0,0.0,0,1,global_all_348_cross_gene,delta_site
171,SCN5A,1,0,0.0,0,1,global_all_348_cross_gene,delta_site
171,SCN5A,3,0,0.3333333333333333,0,1,global_all_348_cross_gene,delta_site
171,SCN5A,5,0,0.2,0,1,global_all_348_cross_gene,delta_site
172,SCN5A,1,1,1.0,1,1,global_all_348_cross_gene,delta_site
172,SCN5A,3,1,1.0,1,1,global_all_348_cross_gene,delta_site
172,SCN5A,5,1,0.8,1,1,global_all_348_cross_gene,delta_site
173,SCN2A,1,0,0.0,0,1,global_all_348_cross_gene,delta_site
173,SCN2A,3,0,0.3333333333333333,0,1,global_all_348_cross_gene,delta_site
173,SCN2A,5,0,0.2,0,1,global_all_348_cross_gene,delta_site
174,SCN5A,1,1,0.0,0,0,global_all_348_cross_gene,delta_site
174,SCN5A,3,1,0.3333333333333333,0,0,global_all_348_cross_gene,delta_site
174,SCN5A,5,1,0.4,0,0,global_all_348_cross_gene,delta_site
175,SCN5A,1,1,0.0,0,0,global_all_348_cross_gene,delta_site
175,SCN5A,3,1,0.6666666666666666,1,1,global_all_348_cross_gene,delta_site
175,SCN5A,5,1,0.4,0,0,global_all_348_cross_gene,delta_site
176,SCN4A,1,1,1.0,1,1,global_all_348_cross_gene,delta_site
176,SCN4A,3,1,0.3333333333333333,0,0,global_all_348_cross_gene,delta_site
176,SCN4A,5,1,0.4,0,0,global_all_348_cross_gene,delta_site
177,SCN5A,1,1,1.0,1,1,global_all_348_cross_gene,delta_site
177,SCN5A,3,1,0.6666666666666666,1,1,global_all_348_cross_gene,delta_site
177,SCN5A,5,1,0.8,1,1,global_all_348_cross_gene,delta_site
178,SCN3A,1,1,1.0,1,1,global_all_348_cross_gene,delta_site
178,SCN3A,3,1,0.6666666666666666,1,1,global_all_348_cross_gene,delta_site
178,SCN3A,5,1,0.6,1,1,global_all_348_cross_gene,delta_site
179,SCN4A,1,1,1.0,1,1,global_all_348_cross_gene,delta_site
179,SCN4A,3,1,0.6666666666666666,1,1,global_all_348_cross_gene,delta_site
179,SCN4A,5,1,0.6,1,1,global_all_348_cross_gene,delta_site
180,SCN5A,1,1,1.0,1,1,global_all_348_cross_gene,delta_site
180,SCN5A,3,1,0.6666666666666666,1,1,global_all_348_cross_gene,delta_site
180,SCN5A,5,1,0.6,1,1,global_all_348_cross_gene,delta_site
181,SCN5A,1,1,1.0,1,1,global_all_348_cross_gene,delta_site
181,SCN5A,3,1,1.0,1,1,global_all_348_cross_gene,delta_site
181,SCN5A,5,1,0.8,1,1,global_all_348_cross_gene,delta_site
182,SCN2A,1,1,1.0,1,1,global_all_348_cross_gene,delta_site
182,SCN2A,3,1,0.6666666666666666,1,1,global_all_348_cross_gene,delta_site
182,SCN2A,5,1,0.8,1,1,global_all_348_cross_gene,delta_site
183,SCN8A,1,1,0.0,0,0,global_all_348_cross_gene,delta_site
183,SCN8A,3,1,0.6666666666666666,1,1,global_all_348_cross_gene,delta_site
183,SCN8A,5,1,0.8,1,1,global_all_348_cross_gene,delta_site
184,SCN2A,1,1,0.0,0,0,global_all_348_cross_gene,delta_site
184,SCN2A,3,1,0.6666666666666666,1,1,global_all_348_cross_gene,delta_site
184,SCN2A,5,1,0.6,1,1,global_all_348_cross_gene,delta_site
185,SCN8A,1,1,1.0,1,1,global_all_348_cross_gene,delta_site
185,SCN8A,3,1,1.0,1,1,global_all_348_cross_gene,delta_site
185,SCN8A,5,1,1.0,1,1,global_all_348_cross_gene,delta_site
186,SCN11A,1,1,1.0,1,1,global_all_348_cross_gene,delta_site
186,SCN11A,3,1,0.3333333333333333,0,0,global_all_348_cross_gene,delta_site
186,SCN11A,5,1,0.6,1,1,global_all_348_cross_gene,delta_site
187,SCN5A,1,0,1.0,1,0,global_all_348_cross_gene,delta_site
187,SCN5A,3,0,0.3333333333333333,0,1,global_all_348_cross_gene,delta_site
187,SCN5A,5,0,0.4,0,1,global_all_348_cross_gene,delta_site
188,SCN1A,1,0,0.0,0,1,global_all_348_cross_gene,delta_site
188,SCN1A,3,0,0.3333333333333333,0,1,global_all_348_cross_gene,delta_site
188,SCN1A,5,0,0.4,0,1,global_all_348_cross_gene,delta_site
189,SCN5A,1,0,1.0,1,0,global_all_348_cross_gene,delta_site
189,SCN5A,3,0,0.6666666666666666,1,0,global_all_348_cross_gene,delta_site
189,SCN5A,5,0,0.8,1,0,global_all_348_cross_gene,delta_site
190,SCN5A,1,0,0.0,0,1,global_all_348_cross_gene,delta_site
190,SCN5A,3,0,0.3333333333333333,0,1,global_all_348_cross_gene,delta_site
190,SCN5A,5,0,0.2,0,1,global_all_348_cross_gene,delta_site
191,SCN5A,1,0,1.0,1,0,global_all_348_cross_gene,delta_site
191,SCN5A,3,0,0.6666666666666666,1,0,global_all_348_cross_gene,delta_site
191,SCN5A,5,0,0.6,1,0,global_all_348_cross_gene,delta_site
192,SCN1A,1,0,1.0,1,0,global_all_348_cross_gene,delta_site
192,SCN1A,3,0,0.6666666666666666,1,0,global_all_348_cross_gene,delta_site
192,SCN1A,5,0,0.4,0,1,global_all_348_cross_gene,delta_site
193,SCN10A,1,1,0.0,0,0,global_all_348_cross_gene,delta_site
193,SCN10A,3,1,0.3333333333333333,0,0,global_all_348_cross_gene,delta_site
193,SCN10A,5,1,0.4,0,0,global_all_348_cross_gene,delta_site
194,SCN8A,1,0,1.0,1,0,global_all_348_cross_gene,delta_site
194,SCN8A,3,0,0.3333333333333333,0,1,global_all_348_cross_gene,delta_site
194,SCN8A,5,0,0.2,0,1,global_all_348_cross_gene,delta_site
195,SCN5A,1,0,1.0,1,0,global_all_348_cross_gene,delta_site
195,SCN5A,3,0,1.0,1,0,global_all_348_cross_gene,delta_site
195,SCN5A,5,0,0.8,1,0,global_all_348_cross_gene,delta_site
196,SCN5A,1,0,1.0,1,0,global_all_348_cross_gene,delta_site
196,SCN5A,3,0,1.0,1,0,global_all_348_cross_gene,delta_site
196,SCN5A,5,0,1.0,1,0,global_all_348_cross_gene,delta_site
197,SCN5A,1,0,1.0,1,0,global_all_348_cross_gene,delta_site
197,SCN5A,3,0,0.6666666666666666,1,0,global_all_348_cross_gene,delta_site
197,SCN5A,5,0,0.8,1,0,global_all_348_cross_gene,delta_site
198,SCN4A,1,0,0.0,0,1,global_all_348_cross_gene,delta_site
198,SCN4A,3,0,0.3333333333333333,0,1,global_all_348_cross_gene,delta_site
198,SCN4A,5,0,0.6,1,0,global_all_348_cross_gene,delta_site
199,SCN2A,1,0,0.0,0,1,global_all_348_cross_gene,delta_site
199,SCN2A,3,0,0.0,0,1,global_all_348_cross_gene,delta_site
199,SCN2A,5,0,0.0,0,1,global_all_348_cross_gene,delta_site
200,SCN5A,1,0,0.0,0,1,global_all_348_cross_gene,delta_site
200,SCN5A,3,0,0.6666666666666666,1,0,global_all_348_cross_gene,delta_site
200,SCN5A,5,0,0.6,1,0,global_all_348_cross_gene,delta_site
201,SCN5A,1,0,1.0,1,0,global_all_348_cross_gene,delta_site
201,SCN5A,3,0,1.0,1,0,global_all_348_cross_gene,delta_site
201,SCN5A,5,0,0.8,1,0,global_all_348_cross_gene,delta_site
202,SCN5A,1,0,1.0,1,0,global_all_348_cross_gene,delta_site
202,SCN5A,3,0,0.3333333333333333,0,1,global_all_348_cross_gene,delta_site
202,SCN5A,5,0,0.2,0,1,global_all_348_cross_gene,delta_site
203,SCN5A,1,0,1.0,1,0,global_all_348_cross_gene,delta_site
203,SCN5A,3,0,0.6666666666666666,1,0,global_all_348_cross_gene,delta_site
203,SCN5A,5,0,0.4,0,1,global_all_348_cross_gene,delta_site
204,SCN1A,1,0,0.0,0,1,global_all_348_cross_gene,delta_site
204,SCN1A,3,0,0.3333333333333333,0,1,global_all_348_cross_gene,delta_site
204,SCN1A,5,0,0.2,0,1,global_all_348_cross_gene,delta_site
205,SCN2A,1,0,0.0,0,1,global_all_348_cross_gene,delta_site
205,SCN2A,3,0,0.6666666666666666,1,0,global_all_348_cross_gene,delta_site
205,SCN2A,5,0,0.6,1,0,global_all_348_cross_gene,delta_site
206,SCN5A,1,0,1.0,1,0,global_all_348_cross_gene,delta_site
206,SCN5A,3,0,0.6666666666666666,1,0,global_all_348_cross_gene,delta_site
206,SCN5A,5,0,0.4,0,1,global_all_348_cross_gene,delta_site
207,SCN5A,1,0,0.0,0,1,global_all_348_cross_gene,delta_site
207,SCN5A,3,0,0.0,0,1,global_all_348_cross_gene,delta_site
207,SCN5A,5,0,0.0,0,1,global_all_348_cross_gene,delta_site
208,SCN5A,1,0,0.0,0,1,global_all_348_cross_gene,delta_site
208,SCN5A,3,0,0.6666666666666666,1,0,global_all_348_cross_gene,delta_site
208,SCN5A,5,0,0.6,1,0,global_all_348_cross_gene,delta_site
209,SCN5A,1,0,1.0,1,0,global_all_348_cross_gene,delta_site
209,SCN5A,3,0,0.6666666666666666,1,0,global_all_348_cross_gene,delta_site
209,SCN5A,5,0,0.8,1,0,global_all_348_cross_gene,delta_site
210,SCN5A,1,0,0.0,0,1,global_all_348_cross_gene,delta_site
210,SCN5A,3,0,0.3333333333333333,0,1,global_all_348_cross_gene,delta_site
210,SCN5A,5,0,0.4,0,1,global_all_348_cross_gene,delta_site
211,SCN5A,1,0,1.0,1,0,global_all_348_cross_gene,delta_site
211,SCN5A,3,0,0.6666666666666666,1,0,global_all_348_cross_gene,delta_site
211,SCN5A,5,0,0.4,0,1,global_all_348_cross_gene,delta_site
212,SCN5A,1,0,1.0,1,0,global_all_348_cross_gene,delta_site
212,SCN5A,3,0,0.3333333333333333,0,1,global_all_348_cross_gene,delta_site
212,SCN5A,5,0,0.4,0,1,global_all_348_cross_gene,delta_site
213,SCN5A,1,0,1.0,1,0,global_all_348_cross_gene,delta_site
213,SCN5A,3,0,1.0,1,0,global_all_348_cross_gene,delta_site
213,SCN5A,5,0,1.0,1,0,global_all_348_cross_gene,delta_site
214,SCN4A,1,1,0.0,0,0,global_all_348_cross_gene,delta_site
214,SCN4A,3,1,0.3333333333333333,0,0,global_all_348_cross_gene,delta_site
214,SCN4A,5,1,0.4,0,0,global_all_348_cross_gene,delta_site
215,SCN2A,1,1,0.0,0,0,global_all_348_cross_gene,delta_site
215,SCN2A,3,1,0.3333333333333333,0,0,global_all_348_cross_gene,delta_site
215,SCN2A,5,1,0.4,0,0,global_all_348_cross_gene,delta_site
216,SCN4A,1,1,1.0,1,1,global_all_348_cross_gene,delta_site
216,SCN4A,3,1,0.6666666666666666,1,1,global_all_348_cross_gene,delta_site
216,SCN4A,5,1,0.6,1,1,global_all_348_cross_gene,delta_site
217,SCN4A,1,1,1.0,1,1,global_all_348_cross_gene,delta_site
217,SCN4A,3,1,0.3333333333333333,0,0,global_all_348_cross_gene,delta_site
217,SCN4A,5,1,0.6,1,1,global_all_348_cross_gene,delta_site
218,SCN4A,1,1,1.0,1,1,global_all_348_cross_gene,delta_site
218,SCN4A,3,1,0.6666666666666666,1,1,global_all_348_cross_gene,delta_site
218,SCN4A,5,1,0.6,1,1,global_all_348_cross_gene,delta_site
219,SCN5A,1,1,1.0,1,1,global_all_348_cross_gene,delta_site
219,SCN5A,3,1,0.6666666666666666,1,1,global_all_348_cross_gene,delta_site
219,SCN5A,5,1,0.4,0,0,global_all_348_cross_gene,delta_site
220,SCN5A,1,1,1.0,1,1,global_all_348_cross_gene,delta_site
220,SCN5A,3,1,0.6666666666666666,1,1,global_all_348_cross_gene,delta_site
220,SCN5A,5,1,0.8,1,1,global_all_348_cross_gene,delta_site
221,SCN5A,1,1,1.0,1,1,global_all_348_cross_gene,delta_site
221,SCN5A,3,1,1.0,1,1,global_all_348_cross_gene,delta_site
221,SCN5A,5,1,0.8,1,1,global_all_348_cross_gene,delta_site
222,SCN1A,1,1,1.0,1,1,global_all_348_cross_gene,delta_site
222,SCN1A,3,1,1.0,1,1,global_all_348_cross_gene,delta_site
222,SCN1A,5,1,0.8,1,1,global_all_348_cross_gene,delta_site
223,SCN1A,1,1,1.0,1,1,global_all_348_cross_gene,delta_site
223,SCN1A,3,1,1.0,1,1,global_all_348_cross_gene,delta_site
223,SCN1A,5,1,1.0,1,1,global_all_348_cross_gene,delta_site
224,SCN5A,1,1,1.0,1,1,global_all_348_cross_gene,delta_site
224,SCN5A,3,1,1.0,1,1,global_all_348_cross_gene,delta_site
224,SCN5A,5,1,1.0,1,1,global_all_348_cross_gene,delta_site
225,SCN4A,1,1,0.0,0,0,global_all_348_cross_gene,delta_site
225,SCN4A,3,1,0.3333333333333333,0,0,global_all_348_cross_gene,delta_site
225,SCN4A,5,1,0.2,0,0,global_all_348_cross_gene,delta_site
226,SCN8A,1,1,0.0,0,0,global_all_348_cross_gene,delta_site
226,SCN8A,3,1,0.3333333333333333,0,0,global_all_348_cross_gene,delta_site
226,SCN8A,5,1,0.2,0,0,global_all_348_cross_gene,delta_site
227,SCN1A,1,0,1.0,1,0,global_all_348_cross_gene,delta_site
227,SCN1A,3,0,1.0,1,0,global_all_348_cross_gene,delta_site
227,SCN1A,5,0,0.8,1,0,global_all_348_cross_gene,delta_site
228,SCN4A,1,1,0.0,0,0,global_all_348_cross_gene,delta_site
228,SCN4A,3,1,0.0,0,0,global_all_348_cross_gene,delta_site
228,SCN4A,5,1,0.4,0,0,global_all_348_cross_gene,delta_site
229,SCN5A,1,1,1.0,1,1,global_all_348_cross_gene,delta_site
229,SCN5A,3,1,0.6666666666666666,1,1,global_all_348_cross_gene,delta_site
229,SCN5A,5,1,0.6,1,1,global_all_348_cross_gene,delta_site
230,SCN1A,1,1,1.0,1,1,global_all_348_cross_gene,delta_site
230,SCN1A,3,1,0.3333333333333333,0,0,global_all_348_cross_gene,delta_site
230,SCN1A,5,1,0.4,0,0,global_all_348_cross_gene,delta_site
231,SCN1A,1,1,0.0,0,0,global_all_348_cross_gene,delta_site
231,SCN1A,3,1,0.6666666666666666,1,1,global_all_348_cross_gene,delta_site
231,SCN1A,5,1,0.8,1,1,global_all_348_cross_gene,delta_site
232,SCN4A,1,1,1.0,1,1,global_all_348_cross_gene,delta_site
232,SCN4A,3,1,1.0,1,1,global_all_348_cross_gene,delta_site
232,SCN4A,5,1,0.8,1,1,global_all_348_cross_gene,delta_site
233,SCN4A,1,1,1.0,1,1,global_all_348_cross_gene,delta_site
233,SCN4A,3,1,0.3333333333333333,0,0,global_all_348_cross_gene,delta_site
233,SCN4A,5,1,0.4,0,0,global_all_348_cross_gene,delta_site
234,SCN3A,1,1,1.0,1,1,global_all_348_cross_gene,delta_site
234,SCN3A,3,1,0.6666666666666666,1,1,global_all_348_cross_gene,delta_site
234,SCN3A,5,1,0.4,0,0,global_all_348_cross_gene,delta_site
235,SCN8A,1,1,1.0,1,1,global_all_348_cross_gene,delta_site
235,SCN8A,3,1,0.3333333333333333,0,0,global_all_348_cross_gene,delta_site
235,SCN8A,5,1,0.4,0,0,global_all_348_cross_gene,delta_site
236,SCN5A,1,0,0.0,0,1,global_all_348_cross_gene,delta_site
236,SCN5A,3,0,0.0,0,1,global_all_348_cross_gene,delta_site
236,SCN5A,5,0,0.2,0,1,global_all_348_cross_gene,delta_site
237,SCN5A,1,0,1.0,1,0,global_all_348_cross_gene,delta_site
237,SCN5A,3,0,0.3333333333333333,0,1,global_all_348_cross_gene,delta_site
237,SCN5A,5,0,0.2,0,1,global_all_348_cross_gene,delta_site
238,SCN1A,1,0,0.0,0,1,global_all_348_cross_gene,delta_site
238,SCN1A,3,0,0.3333333333333333,0,1,global_all_348_cross_gene,delta_site
238,SCN1A,5,0,0.4,0,1,global_all_348_cross_gene,delta_site
239,SCN5A,1,0,1.0,1,0,global_all_348_cross_gene,delta_site
239,SCN5A,3,0,1.0,1,0,global_all_348_cross_gene,delta_site
239,SCN5A,5,0,0.8,1,0,global_all_348_cross_gene,delta_site
240,SCN4A,1,1,1.0,1,1,global_all_348_cross_gene,delta_site
240,SCN4A,3,1,0.3333333333333333,0,0,global_all_348_cross_gene,delta_site
240,SCN4A,5,1,0.6,1,1,global_all_348_cross_gene,delta_site
241,SCN1A,1,1,1.0,1,1,global_all_348_cross_gene,delta_site
241,SCN1A,3,1,0.6666666666666666,1,1,global_all_348_cross_gene,delta_site
241,SCN1A,5,1,0.4,0,0,global_all_348_cross_gene,delta_site
242,SCN2A,1,1,1.0,1,1,global_all_348_cross_gene,delta_site
242,SCN2A,3,1,0.6666666666666666,1,1,global_all_348_cross_gene,delta_site
242,SCN2A,5,1,0.6,1,1,global_all_348_cross_gene,delta_site
243,SCN10A,1,0,1.0,1,0,global_all_348_cross_gene,delta_site
243,SCN10A,3,0,0.6666666666666666,1,0,global_all_348_cross_gene,delta_site
243,SCN10A,5,0,0.6,1,0,global_all_348_cross_gene,delta_site
244,SCN1A,1,0,0.0,0,1,global_all_348_cross_gene,delta_site
244,SCN1A,3,0,0.0,0,1,global_all_348_cross_gene,delta_site
244,SCN1A,5,0,0.0,0,1,global_all_348_cross_gene,delta_site
245,SCN5A,1,0,0.0,0,1,global_all_348_cross_gene,delta_site
245,SCN5A,3,0,0.0,0,1,global_all_348_cross_gene,delta_site
245,SCN5A,5,0,0.2,0,1,global_all_348_cross_gene,delta_site
246,SCN1A,1,0,0.0,0,1,global_all_348_cross_gene,delta_site
246,SCN1A,3,0,0.0,0,1,global_all_348_cross_gene,delta_site
246,SCN1A,5,0,0.0,0,1,global_all_348_cross_gene,delta_site
247,SCN5A,1,0,0.0,0,1,global_all_348_cross_gene,delta_site
247,SCN5A,3,0,0.0,0,1,global_all_348_cross_gene,delta_site
247,SCN5A,5,0,0.0,0,1,global_all_348_cross_gene,delta_site
248,SCN2A,1,1,0.0,0,0,global_all_348_cross_gene,delta_site
248,SCN2A,3,1,0.0,0,0,global_all_348_cross_gene,delta_site
248,SCN2A,5,1,0.4,0,0,global_all_348_cross_gene,delta_site
249,SCN2A,1,1,0.0,0,0,global_all_348_cross_gene,delta_site
249,SCN2A,3,1,0.3333333333333333,0,0,global_all_348_cross_gene,delta_site
249,SCN2A,5,1,0.4,0,0,global_all_348_cross_gene,delta_site
250,SCN5A,1,0,0.0,0,1,global_all_348_cross_gene,delta_site
250,SCN5A,3,0,0.3333333333333333,0,1,global_all_348_cross_gene,delta_site
250,SCN5A,5,0,0.2,0,1,global_all_348_cross_gene,delta_site
251,SCN1A,1,1,0.0,0,0,global_all_348_cross_gene,delta_site
251,SCN1A,3,1,0.6666666666666666,1,1,global_all_348_cross_gene,delta_site
251,SCN1A,5,1,0.8,1,1,global_all_348_cross_gene,delta_site
252,SCN5A,1,1,1.0,1,1,global_all_348_cross_gene,delta_site
252,SCN5A,3,1,0.6666666666666666,1,1,global_all_348_cross_gene,delta_site
252,SCN5A,5,1,0.8,1,1,global_all_348_cross_gene,delta_site
253,SCN1A,1,1,0.0,0,0,global_all_348_cross_gene,delta_site
253,SCN1A,3,1,0.6666666666666666,1,1,global_all_348_cross_gene,delta_site
253,SCN1A,5,1,0.4,0,0,global_all_348_cross_gene,delta_site
254,SCN4A,1,0,1.0,1,0,global_all_348_cross_gene,delta_site
254,SCN4A,3,0,0.6666666666666666,1,0,global_all_348_cross_gene,delta_site
254,SCN4A,5,0,0.8,1,0,global_all_348_cross_gene,delta_site
255,SCN1A,1,0,0.0,0,1,global_all_348_cross_gene,delta_site
255,SCN1A,3,0,0.0,0,1,global_all_348_cross_gene,delta_site
255,SCN1A,5,0,0.4,0,1,global_all_348_cross_gene,delta_site
256,SCN2A,1,0,0.0,0,1,global_all_348_cross_gene,delta_site
256,SCN2A,3,0,0.3333333333333333,0,1,global_all_348_cross_gene,delta_site
256,SCN2A,5,0,0.4,0,1,global_all_348_cross_gene,delta_site
257,SCN2A,1,1,0.0,0,0,global_all_348_cross_gene,delta_site
257,SCN2A,3,1,0.0,0,0,global_all_348_cross_gene,delta_site
257,SCN2A,5,1,0.2,0,0,global_all_348_cross_gene,delta_site
258,SCN5A,1,0,0.0,0,1,global_all_348_cross_gene,delta_site
258,SCN5A,3,0,0.6666666666666666,1,0,global_all_348_cross_gene,delta_site
258,SCN5A,5,0,0.6,1,0,global_all_348_cross_gene,delta_site
259,SCN3A,1,1,1.0,1,1,global_all_348_cross_gene,delta_site
259,SCN3A,3,1,0.6666666666666666,1,1,global_all_348_cross_gene,delta_site
259,SCN3A,5,1,0.6,1,1,global_all_348_cross_gene,delta_site
260,SCN3A,1,1,1.0,1,1,global_all_348_cross_gene,delta_site
260,SCN3A,3,1,0.6666666666666666,1,1,global_all_348_cross_gene,delta_site
260,SCN3A,5,1,0.4,0,0,global_all_348_cross_gene,delta_site
261,SCN5A,1,1,1.0,1,1,global_all_348_cross_gene,delta_site
261,SCN5A,3,1,1.0,1,1,global_all_348_cross_gene,delta_site
261,SCN5A,5,1,0.6,1,1,global_all_348_cross_gene,delta_site
262,SCN8A,1,1,1.0,1,1,global_all_348_cross_gene,delta_site
262,SCN8A,3,1,1.0,1,1,global_all_348_cross_gene,delta_site
262,SCN8A,5,1,0.6,1,1,global_all_348_cross_gene,delta_site
263,SCN4A,1,0,1.0,1,0,global_all_348_cross_gene,delta_site
263,SCN4A,3,0,0.3333333333333333,0,1,global_all_348_cross_gene,delta_site
263,SCN4A,5,0,0.2,0,1,global_all_348_cross_gene,delta_site
264,SCN5A,1,1,0.0,0,0,global_all_348_cross_gene,delta_site
264,SCN5A,3,1,0.0,0,0,global_all_348_cross_gene,delta_site
264,SCN5A,5,1,0.0,0,0,global_all_348_cross_gene,delta_site
265,SCN4A,1,0,0.0,0,1,global_all_348_cross_gene,delta_site
265,SCN4A,3,0,0.3333333333333333,0,1,global_all_348_cross_gene,delta_site
265,SCN4A,5,0,0.6,1,0,global_all_348_cross_gene,delta_site
266,SCN8A,1,0,0.0,0,1,global_all_348_cross_gene,delta_site
266,SCN8A,3,0,0.3333333333333333,0,1,global_all_348_cross_gene,delta_site
266,SCN8A,5,0,0.4,0,1,global_all_348_cross_gene,delta_site
267,SCN8A,1,1,0.0,0,0,global_all_348_cross_gene,delta_site
267,SCN8A,3,1,0.3333333333333333,0,0,global_all_348_cross_gene,delta_site
267,SCN8A,5,1,0.6,1,1,global_all_348_cross_gene,delta_site
268,SCN5A,1,0,1.0,1,0,global_all_348_cross_gene,delta_site
268,SCN5A,3,0,0.6666666666666666,1,0,global_all_348_cross_gene,delta_site
268,SCN5A,5,0,0.4,0,1,global_all_348_cross_gene,delta_site
269,SCN4A,1,0,0.0,0,1,global_all_348_cross_gene,delta_site
269,SCN4A,3,0,0.0,0,1,global_all_348_cross_gene,delta_site
269,SCN4A,5,0,0.2,0,1,global_all_348_cross_gene,delta_site
270,SCN5A,1,1,0.0,0,0,global_all_348_cross_gene,delta_site
270,SCN5A,3,1,0.0,0,0,global_all_348_cross_gene,delta_site
270,SCN5A,5,1,0.0,0,0,global_all_348_cross_gene,delta_site
271,SCN5A,1,0,0.0,0,1,global_all_348_cross_gene,delta_site
271,SCN5A,3,0,0.3333333333333333,0,1,global_all_348_cross_gene,delta_site
271,SCN5A,5,0,0.2,0,1,global_all_348_cross_gene,delta_site
272,SCN4A,1,0,0.0,0,1,global_all_348_cross_gene,delta_site
272,SCN4A,3,0,0.0,0,1,global_all_348_cross_gene,delta_site
272,SCN4A,5,0,0.2,0,1,global_all_348_cross_gene,delta_site
273,SCN10A,1,0,0.0,0,1,global_all_348_cross_gene,delta_site
273,SCN10A,3,0,0.3333333333333333,0,1,global_all_348_cross_gene,delta_site
273,SCN10A,5,0,0.4,0,1,global_all_348_cross_gene,delta_site
274,SCN5A,1,0,0.0,0,1,global_all_348_cross_gene,delta_site
274,SCN5A,3,0,0.3333333333333333,0,1,global_all_348_cross_gene,delta_site
274,SCN5A,5,0,0.2,0,1,global_all_348_cross_gene,delta_site
275,SCN1A,1,0,1.0,1,0,global_all_348_cross_gene,delta_site
275,SCN1A,3,0,1.0,1,0,global_all_348_cross_gene,delta_site
275,SCN1A,5,0,1.0,1,0,global_all_348_cross_gene,delta_site
276,SCN1A,1,0,0.0,0,1,global_all_348_cross_gene,delta_site
276,SCN1A,3,0,0.3333333333333333,0,1,global_all_348_cross_gene,delta_site
276,SCN1A,5,0,0.2,0,1,global_all_348_cross_gene,delta_site
277,SCN5A,1,0,0.0,0,1,global_all_348_cross_gene,delta_site
277,SCN5A,3,0,0.0,0,1,global_all_348_cross_gene,delta_site
277,SCN5A,5,0,0.2,0,1,global_all_348_cross_gene,delta_site
278,SCN8A,1,0,0.0,0,1,global_all_348_cross_gene,delta_site
278,SCN8A,3,0,0.0,0,1,global_all_348_cross_gene,delta_site
278,SCN8A,5,0,0.0,0,1,global_all_348_cross_gene,delta_site
279,SCN5A,1,1,1.0,1,1,global_all_348_cross_gene,delta_site
279,SCN5A,3,1,0.3333333333333333,0,0,global_all_348_cross_gene,delta_site
279,SCN5A,5,1,0.2,0,0,global_all_348_cross_gene,delta_site
280,SCN3A,1,1,0.0,0,0,global_all_348_cross_gene,delta_site
280,SCN3A,3,1,0.6666666666666666,1,1,global_all_348_cross_gene,delta_site
280,SCN3A,5,1,0.4,0,0,global_all_348_cross_gene,delta_site
281,SCN1A,1,1,0.0,0,0,global_all_348_cross_gene,delta_site
281,SCN1A,3,1,0.3333333333333333,0,0,global_all_348_cross_gene,delta_site
281,SCN1A,5,1,0.6,1,1,global_all_348_cross_gene,delta_site
282,SCN4A,1,1,1.0,1,1,global_all_348_cross_gene,delta_site
282,SCN4A,3,1,0.6666666666666666,1,1,global_all_348_cross_gene,delta_site
282,SCN4A,5,1,0.6,1,1,global_all_348_cross_gene,delta_site
283,SCN1A,1,0,0.0,0,1,global_all_348_cross_gene,delta_site
283,SCN1A,3,0,0.3333333333333333,0,1,global_all_348_cross_gene,delta_site
283,SCN1A,5,0,0.4,0,1,global_all_348_cross_gene,delta_site
284,SCN5A,1,1,0.0,0,0,global_all_348_cross_gene,delta_site
284,SCN5A,3,1,0.0,0,0,global_all_348_cross_gene,delta_site
284,SCN5A,5,1,0.2,0,0,global_all_348_cross_gene,delta_site
285,SCN2A,1,0,0.0,0,1,global_all_348_cross_gene,delta_site
285,SCN2A,3,0,0.3333333333333333,0,1,global_all_348_cross_gene,delta_site
285,SCN2A,5,0,0.6,1,0,global_all_348_cross_gene,delta_site
286,SCN5A,1,1,0.0,0,0,global_all_348_cross_gene,delta_site
286,SCN5A,3,1,0.3333333333333333,0,0,global_all_348_cross_gene,delta_site
286,SCN5A,5,1,0.6,1,1,global_all_348_cross_gene,delta_site
287,SCN5A,1,0,1.0,1,0,global_all_348_cross_gene,delta_site
287,SCN5A,3,0,1.0,1,0,global_all_348_cross_gene,delta_site
287,SCN5A,5,0,1.0,1,0,global_all_348_cross_gene,delta_site
288,SCN1A,1,0,0.0,0,1,global_all_348_cross_gene,delta_site
288,SCN1A,3,0,0.3333333333333333,0,1,global_all_348_cross_gene,delta_site
288,SCN1A,5,0,0.2,0,1,global_all_348_cross_gene,delta_site
289,SCN5A,1,0,0.0,0,1,global_all_348_cross_gene,delta_site
289,SCN5A,3,0,0.0,0,1,global_all_348_cross_gene,delta_site
289,SCN5A,5,0,0.0,0,1,global_all_348_cross_gene,delta_site
290,SCN5A,1,1,0.0,0,0,global_all_348_cross_gene,delta_site
290,SCN5A,3,1,0.3333333333333333,0,0,global_all_348_cross_gene,delta_site
290,SCN5A,5,1,0.4,0,0,global_all_348_cross_gene,delta_site
291,SCN3A,1,0,1.0,1,0,global_all_348_cross_gene,delta_site
291,SCN3A,3,0,0.3333333333333333,0,1,global_all_348_cross_gene,delta_site
291,SCN3A,5,0,0.4,0,1,global_all_348_cross_gene,delta_site
292,SCN1A,1,0,0.0,0,1,global_all_348_cross_gene,delta_site
292,SCN1A,3,0,0.6666666666666666,1,0,global_all_348_cross_gene,delta_site
292,SCN1A,5,0,0.6,1,0,global_all_348_cross_gene,delta_site
293,SCN1A,1,0,1.0,1,0,global_all_348_cross_gene,delta_site
293,SCN1A,3,0,0.3333333333333333,0,1,global_all_348_cross_gene,delta_site
293,SCN1A,5,0,0.6,1,0,global_all_348_cross_gene,delta_site
294,SCN5A,1,0,1.0,1,0,global_all_348_cross_gene,delta_site
294,SCN5A,3,0,0.6666666666666666,1,0,global_all_348_cross_gene,delta_site
294,SCN5A,5,0,0.8,1,0,global_all_348_cross_gene,delta_site
295,SCN10A,1,0,0.0,0,1,global_all_348_cross_gene,delta_site
295,SCN10A,3,0,0.0,0,1,global_all_348_cross_gene,delta_site
295,SCN10A,5,0,0.2,0,1,global_all_348_cross_gene,delta_site
296,SCN5A,1,0,0.0,0,1,global_all_348_cross_gene,delta_site
296,SCN5A,3,0,0.3333333333333333,0,1,global_all_348_cross_gene,delta_site
296,SCN5A,5,0,0.4,0,1,global_all_348_cross_gene,delta_site
297,SCN1A,1,0,1.0,1,0,global_all_348_cross_gene,delta_site
297,SCN1A,3,0,0.6666666666666666,1,0,global_all_348_cross_gene,delta_site
297,SCN1A,5,0,0.6,1,0,global_all_348_cross_gene,delta_site
298,SCN5A,1,0,0.0,0,1,global_all_348_cross_gene,delta_site
298,SCN5A,3,0,0.3333333333333333,0,1,global_all_348_cross_gene,delta_site
298,SCN5A,5,0,0.6,1,0,global_all_348_cross_gene,delta_site
299,SCN5A,1,0,0.0,0,1,global_all_348_cross_gene,delta_site
299,SCN5A,3,0,0.3333333333333333,0,1,global_all_348_cross_gene,delta_site
299,SCN5A,5,0,0.4,0,1,global_all_348_cross_gene,delta_site
300,SCN10A,1,1,0.0,0,0,global_all_348_cross_gene,delta_site
300,SCN10A,3,1,0.0,0,0,global_all_348_cross_gene,delta_site
300,SCN10A,5,1,0.0,0,0,global_all_348_cross_gene,delta_site
301,SCN5A,1,0,0.0,0,1,global_all_348_cross_gene,delta_site
301,SCN5A,3,0,0.0,0,1,global_all_348_cross_gene,delta_site
301,SCN5A,5,0,0.4,0,1,global_all_348_cross_gene,delta_site
302,SCN5A,1,0,1.0,1,0,global_all_348_cross_gene,delta_site
302,SCN5A,3,0,0.6666666666666666,1,0,global_all_348_cross_gene,delta_site
302,SCN5A,5,0,0.8,1,0,global_all_348_cross_gene,delta_site
303,SCN5A,1,0,0.0,0,1,global_all_348_cross_gene,delta_site
303,SCN5A,3,0,0.0,0,1,global_all_348_cross_gene,delta_site
303,SCN5A,5,0,0.2,0,1,global_all_348_cross_gene,delta_site
304,SCN1A,1,0,1.0,1,0,global_all_348_cross_gene,delta_site
304,SCN1A,3,0,0.3333333333333333,0,1,global_all_348_cross_gene,delta_site
304,SCN1A,5,0,0.2,0,1,global_all_348_cross_gene,delta_site
305,SCN5A,1,0,1.0,1,0,global_all_348_cross_gene,delta_site
305,SCN5A,3,0,0.6666666666666666,1,0,global_all_348_cross_gene,delta_site
305,SCN5A,5,0,0.4,0,1,global_all_348_cross_gene,delta_site
306,SCN5A,1,0,1.0,1,0,global_all_348_cross_gene,delta_site
306,SCN5A,3,0,0.6666666666666666,1,0,global_all_348_cross_gene,delta_site
306,SCN5A,5,0,0.4,0,1,global_all_348_cross_gene,delta_site
307,SCN5A,1,0,0.0,0,1,global_all_348_cross_gene,delta_site
307,SCN5A,3,0,0.0,0,1,global_all_348_cross_gene,delta_site
307,SCN5A,5,0,0.2,0,1,global_all_348_cross_gene,delta_site
308,SCN1A,1,0,0.0,0,1,global_all_348_cross_gene,delta_site
308,SCN1A,3,0,0.6666666666666666,1,0,global_all_348_cross_gene,delta_site
308,SCN1A,5,0,0.4,0,1,global_all_348_cross_gene,delta_site
309,SCN10A,1,1,1.0,1,1,global_all_348_cross_gene,delta_site
309,SCN10A,3,1,0.6666666666666666,1,1,global_all_348_cross_gene,delta_site
309,SCN10A,5,1,0.8,1,1,global_all_348_cross_gene,delta_site
310,SCN1A,1,1,0.0,0,0,global_all_348_cross_gene,delta_site
310,SCN1A,3,1,0.6666666666666666,1,1,global_all_348_cross_gene,delta_site
310,SCN1A,5,1,0.6,1,1,global_all_348_cross_gene,delta_site
311,SCN5A,1,1,1.0,1,1,global_all_348_cross_gene,delta_site
311,SCN5A,3,1,0.6666666666666666,1,1,global_all_348_cross_gene,delta_site
311,SCN5A,5,1,0.8,1,1,global_all_348_cross_gene,delta_site
312,SCN5A,1,1,1.0,1,1,global_all_348_cross_gene,delta_site
312,SCN5A,3,1,0.6666666666666666,1,1,global_all_348_cross_gene,delta_site
312,SCN5A,5,1,0.4,0,0,global_all_348_cross_gene,delta_site
313,SCN8A,1,0,1.0,1,0,global_all_348_cross_gene,delta_site
313,SCN8A,3,0,0.6666666666666666,1,0,global_all_348_cross_gene,delta_site
313,SCN8A,5,0,0.8,1,0,global_all_348_cross_gene,delta_site
314,SCN5A,1,1,0.0,0,0,global_all_348_cross_gene,delta_site
314,SCN5A,3,1,0.6666666666666666,1,1,global_all_348_cross_gene,delta_site
314,SCN5A,5,1,0.6,1,1,global_all_348_cross_gene,delta_site
315,SCN3A,1,1,1.0,1,1,global_all_348_cross_gene,delta_site
315,SCN3A,3,1,0.6666666666666666,1,1,global_all_348_cross_gene,delta_site
315,SCN3A,5,1,0.4,0,0,global_all_348_cross_gene,delta_site
316,SCN8A,1,1,1.0,1,1,global_all_348_cross_gene,delta_site
316,SCN8A,3,1,0.3333333333333333,0,0,global_all_348_cross_gene,delta_site
316,SCN8A,5,1,0.4,0,0,global_all_348_cross_gene,delta_site
317,SCN5A,1,1,1.0,1,1,global_all_348_cross_gene,delta_site
317,SCN5A,3,1,0.3333333333333333,0,0,global_all_348_cross_gene,delta_site
317,SCN5A,5,1,0.4,0,0,global_all_348_cross_gene,delta_site
318,SCN5A,1,1,1.0,1,1,global_all_348_cross_gene,delta_site
318,SCN5A,3,1,1.0,1,1,global_all_348_cross_gene,delta_site
318,SCN5A,5,1,1.0,1,1,global_all_348_cross_gene,delta_site
319,SCN2A,1,0,0.0,0,1,global_all_348_cross_gene,delta_site
319,SCN2A,3,0,0.6666666666666666,1,0,global_all_348_cross_gene,delta_site
319,SCN2A,5,0,0.6,1,0,global_all_348_cross_gene,delta_site
320,SCN3A,1,1,0.0,0,0,global_all_348_cross_gene,delta_site
320,SCN3A,3,1,0.3333333333333333,0,0,global_all_348_cross_gene,delta_site
320,SCN3A,5,1,0.6,1,1,global_all_348_cross_gene,delta_site
321,SCN5A,1,1,1.0,1,1,global_all_348_cross_gene,delta_site
321,SCN5A,3,1,1.0,1,1,global_all_348_cross_gene,delta_site
321,SCN5A,5,1,0.8,1,1,global_all_348_cross_gene,delta_site
322,SCN8A,1,1,1.0,1,1,global_all_348_cross_gene,delta_site
322,SCN8A,3,1,0.6666666666666666,1,1,global_all_348_cross_gene,delta_site
322,SCN8A,5,1,0.6,1,1,global_all_348_cross_gene,delta_site
323,SCN5A,1,1,1.0,1,1,global_all_348_cross_gene,delta_site
323,SCN5A,3,1,0.6666666666666666,1,1,global_all_348_cross_gene,delta_site
323,SCN5A,5,1,0.8,1,1,global_all_348_cross_gene,delta_site
324,SCN5A,1,1,0.0,0,0,global_all_348_cross_gene,delta_site
324,SCN5A,3,1,0.3333333333333333,0,0,global_all_348_cross_gene,delta_site
324,SCN5A,5,1,0.6,1,1,global_all_348_cross_gene,delta_site
325,SCN5A,1,0,0.0,0,1,global_all_348_cross_gene,delta_site
325,SCN5A,3,0,0.0,0,1,global_all_348_cross_gene,delta_site
325,SCN5A,5,0,0.0,0,1,global_all_348_cross_gene,delta_site
326,SCN2A,1,1,0.0,0,0,global_all_348_cross_gene,delta_site
326,SCN2A,3,1,0.3333333333333333,0,0,global_all_348_cross_gene,delta_site
326,SCN2A,5,1,0.2,0,0,global_all_348_cross_gene,delta_site
327,SCN4A,1,1,0.0,0,0,global_all_348_cross_gene,delta_site
327,SCN4A,3,1,0.6666666666666666,1,1,global_all_348_cross_gene,delta_site
327,SCN4A,5,1,0.6,1,1,global_all_348_cross_gene,delta_site
328,SCN1A,1,0,0.0,0,1,global_all_348_cross_gene,delta_site
328,SCN1A,3,0,0.6666666666666666,1,0,global_all_348_cross_gene,delta_site
328,SCN1A,5,0,0.8,1,0,global_all_348_cross_gene,delta_site
329,SCN5A,1,0,1.0,1,0,global_all_348_cross_gene,delta_site
329,SCN5A,3,0,0.3333333333333333,0,1,global_all_348_cross_gene,delta_site
329,SCN5A,5,0,0.6,1,0,global_all_348_cross_gene,delta_site
330,SCN5A,1,0,1.0,1,0,global_all_348_cross_gene,delta_site
330,SCN5A,3,0,1.0,1,0,global_all_348_cross_gene,delta_site
330,SCN5A,5,0,1.0,1,0,global_all_348_cross_gene,delta_site
331,SCN5A,1,0,1.0,1,0,global_all_348_cross_gene,delta_site
331,SCN5A,3,0,0.3333333333333333,0,1,global_all_348_cross_gene,delta_site
331,SCN5A,5,0,0.2,0,1,global_all_348_cross_gene,delta_site
332,SCN1A,1,1,0.0,0,0,global_all_348_cross_gene,delta_site
332,SCN1A,3,1,0.0,0,0,global_all_348_cross_gene,delta_site
332,SCN1A,5,1,0.0,0,0,global_all_348_cross_gene,delta_site
333,SCN2A,1,1,0.0,0,0,global_all_348_cross_gene,delta_site
333,SCN2A,3,1,0.3333333333333333,0,0,global_all_348_cross_gene,delta_site
333,SCN2A,5,1,0.2,0,0,global_all_348_cross_gene,delta_site
334,SCN8A,1,1,1.0,1,1,global_all_348_cross_gene,delta_site
334,SCN8A,3,1,0.6666666666666666,1,1,global_all_348_cross_gene,delta_site
334,SCN8A,5,1,0.4,0,0,global_all_348_cross_gene,delta_site
335,SCN2A,1,1,0.0,0,0,global_all_348_cross_gene,delta_site
335,SCN2A,3,1,0.3333333333333333,0,0,global_all_348_cross_gene,delta_site
335,SCN2A,5,1,0.6,1,1,global_all_348_cross_gene,delta_site
336,SCN2A,1,1,1.0,1,1,global_all_348_cross_gene,delta_site
336,SCN2A,3,1,0.3333333333333333,0,0,global_all_348_cross_gene,delta_site
336,SCN2A,5,1,0.2,0,0,global_all_348_cross_gene,delta_site
337,SCN8A,1,1,1.0,1,1,global_all_348_cross_gene,delta_site
337,SCN8A,3,1,0.3333333333333333,0,0,global_all_348_cross_gene,delta_site
337,SCN8A,5,1,0.2,0,0,global_all_348_cross_gene,delta_site
338,SCN8A,1,1,1.0,1,1,global_all_348_cross_gene,delta_site
338,SCN8A,3,1,0.6666666666666666,1,1,global_all_348_cross_gene,delta_site
338,SCN8A,5,1,0.4,0,0,global_all_348_cross_gene,delta_site
339,SCN5A,1,0,1.0,1,0,global_all_348_cross_gene,delta_site
339,SCN5A,3,0,0.6666666666666666,1,0,global_all_348_cross_gene,delta_site
339,SCN5A,5,0,0.8,1,0,global_all_348_cross_gene,delta_site
340,SCN5A,1,0,1.0,1,0,global_all_348_cross_gene,delta_site
340,SCN5A,3,0,0.3333333333333333,0,1,global_all_348_cross_gene,delta_site
340,SCN5A,5,0,0.4,0,1,global_all_348_cross_gene,delta_site
341,SCN1A,1,0,1.0,1,0,global_all_348_cross_gene,delta_site
341,SCN1A,3,0,0.3333333333333333,0,1,global_all_348_cross_gene,delta_site
341,SCN1A,5,0,0.2,0,1,global_all_348_cross_gene,delta_site
342,SCN1A,1,0,0.0,0,1,global_all_348_cross_gene,delta_site
342,SCN1A,3,0,0.3333333333333333,0,1,global_all_348_cross_gene,delta_site
342,SCN1A,5,0,0.4,0,1,global_all_348_cross_gene,delta_site
343,SCN1A,1,0,0.0,0,1,global_all_348_cross_gene,delta_site
343,SCN1A,3,0,0.6666666666666666,1,0,global_all_348_cross_gene,delta_site
343,SCN1A,5,0,0.6,1,0,global_all_348_cross_gene,delta_site
344,SCN10A,1,1,1.0,1,1,global_all_348_cross_gene,delta_site
344,SCN10A,3,1,0.3333333333333333,0,0,global_all_348_cross_gene,delta_site
344,SCN10A,5,1,0.4,0,0,global_all_348_cross_gene,delta_site
345,SCN5A,1,0,0.0,0,1,global_all_348_cross_gene,delta_site
345,SCN5A,3,0,0.6666666666666666,1,0,global_all_348_cross_gene,delta_site
345,SCN5A,5,0,0.6,1,0,global_all_348_cross_gene,delta_site
346,SCN5A,1,0,1.0,1,0,global_all_348_cross_gene,delta_site
346,SCN5A,3,0,0.6666666666666666,1,0,global_all_348_cross_gene,delta_site
346,SCN5A,5,0,0.8,1,0,global_all_348_cross_gene,delta_site
347,SCN5A,1,1,1.0,1,1,global_all_348_cross_gene,delta_site
347,SCN5A,3,1,1.0,1,1,global_all_348_cross_gene,delta_site
347,SCN5A,5,1,1.0,1,1,global_all_348_cross_gene,delta_site
0,SCN9A,1,1,0.0,0,0,global_all_348_cross_gene,wt_mut_site
0,SCN9A,3,1,0.6666666666666666,1,1,global_all_348_cross_gene,wt_mut_site
0,SCN9A,5,1,0.6,1,1,global_all_348_cross_gene,wt_mut_site
1,SCN2A,1,0,1.0,1,0,global_all_348_cross_gene,wt_mut_site
1,SCN2A,3,0,0.6666666666666666,1,0,global_all_348_cross_gene,wt_mut_site
1,SCN2A,5,0,0.8,1,0,global_all_348_cross_gene,wt_mut_site
2,SCN5A,1,1,1.0,1,1,global_all_348_cross_gene,wt_mut_site
2,SCN5A,3,1,0.6666666666666666,1,1,global_all_348_cross_gene,wt_mut_site
2,SCN5A,5,1,0.8,1,1,global_all_348_cross_gene,wt_mut_site
3,SCN5A,1,0,1.0,1,0,global_all_348_cross_gene,wt_mut_site
3,SCN5A,3,0,1.0,1,0,global_all_348_cross_gene,wt_mut_site
3,SCN5A,5,0,1.0,1,0,global_all_348_cross_gene,wt_mut_site
4,SCN1A,1,0,0.0,0,1,global_all_348_cross_gene,wt_mut_site
4,SCN1A,3,0,0.0,0,1,global_all_348_cross_gene,wt_mut_site
4,SCN1A,5,0,0.2,0,1,global_all_348_cross_gene,wt_mut_site
5,SCN5A,1,0,0.0,0,1,global_all_348_cross_gene,wt_mut_site
5,SCN5A,3,0,0.0,0,1,global_all_348_cross_gene,wt_mut_site
5,SCN5A,5,0,0.4,0,1,global_all_348_cross_gene,wt_mut_site
6,SCN2A,1,0,0.0,0,1,global_all_348_cross_gene,wt_mut_site
6,SCN2A,3,0,0.0,0,1,global_all_348_cross_gene,wt_mut_site
6,SCN2A,5,0,0.2,0,1,global_all_348_cross_gene,wt_mut_site
7,SCN5A,1,0,0.0,0,1,global_all_348_cross_gene,wt_mut_site
7,SCN5A,3,0,0.3333333333333333,0,1,global_all_348_cross_gene,wt_mut_site
7,SCN5A,5,0,0.2,0,1,global_all_348_cross_gene,wt_mut_site
8,SCN10A,1,0,0.0,0,1,global_all_348_cross_gene,wt_mut_site
8,SCN10A,3,0,0.3333333333333333,0,1,global_all_348_cross_gene,wt_mut_site
8,SCN10A,5,0,0.4,0,1,global_all_348_cross_gene,wt_mut_site
9,SCN4A,1,0,0.0,0,1,global_all_348_cross_gene,wt_mut_site
9,SCN4A,3,0,0.0,0,1,global_all_348_cross_gene,wt_mut_site
9,SCN4A,5,0,0.2,0,1,global_all_348_cross_gene,wt_mut_site
10,SCN5A,1,0,0.0,0,1,global_all_348_cross_gene,wt_mut_site
10,SCN5A,3,0,0.3333333333333333,0,1,global_all_348_cross_gene,wt_mut_site
10,SCN5A,5,0,0.6,1,0,global_all_348_cross_gene,wt_mut_site
11,SCN5A,1,0,0.0,0,1,global_all_348_cross_gene,wt_mut_site
11,SCN5A,3,0,0.3333333333333333,0,1,global_all_348_cross_gene,wt_mut_site
11,SCN5A,5,0,0.6,1,0,global_all_348_cross_gene,wt_mut_site
12,SCN5A,1,0,0.0,0,1,global_all_348_cross_gene,wt_mut_site
12,SCN5A,3,0,0.0,0,1,global_all_348_cross_gene,wt_mut_site
12,SCN5A,5,0,0.2,0,1,global_all_348_cross_gene,wt_mut_site
13,SCN5A,1,0,1.0,1,0,global_all_348_cross_gene,wt_mut_site
13,SCN5A,3,0,0.6666666666666666,1,0,global_all_348_cross_gene,wt_mut_site
13,SCN5A,5,0,0.6,1,0,global_all_348_cross_gene,wt_mut_site
14,SCN5A,1,1,0.0,0,0,global_all_348_cross_gene,wt_mut_site
14,SCN5A,3,1,0.3333333333333333,0,0,global_all_348_cross_gene,wt_mut_site
14,SCN5A,5,1,0.6,1,1,global_all_348_cross_gene,wt_mut_site
15,SCN5A,1,0,1.0,1,0,global_all_348_cross_gene,wt_mut_site
15,SCN5A,3,0,0.6666666666666666,1,0,global_all_348_cross_gene,wt_mut_site
15,SCN5A,5,0,0.8,1,0,global_all_348_cross_gene,wt_mut_site
16,SCN5A,1,0,0.0,0,1,global_all_348_cross_gene,wt_mut_site
16,SCN5A,3,0,0.6666666666666666,1,0,global_all_348_cross_gene,wt_mut_site
16,SCN5A,5,0,0.6,1,0,global_all_348_cross_gene,wt_mut_site
17,SCN8A,1,1,1.0,1,1,global_all_348_cross_gene,wt_mut_site
17,SCN8A,3,1,1.0,1,1,global_all_348_cross_gene,wt_mut_site
17,SCN8A,5,1,0.8,1,1,global_all_348_cross_gene,wt_mut_site
18,SCN4A,1,1,1.0,1,1,global_all_348_cross_gene,wt_mut_site
18,SCN4A,3,1,1.0,1,1,global_all_348_cross_gene,wt_mut_site
18,SCN4A,5,1,0.8,1,1,global_all_348_cross_gene,wt_mut_site
19,SCN9A,1,1,1.0,1,1,global_all_348_cross_gene,wt_mut_site
19,SCN9A,3,1,1.0,1,1,global_all_348_cross_gene,wt_mut_site
19,SCN9A,5,1,1.0,1,1,global_all_348_cross_gene,wt_mut_site
20,SCN1A,1,0,0.0,0,1,global_all_348_cross_gene,wt_mut_site
20,SCN1A,3,0,0.0,0,1,global_all_348_cross_gene,wt_mut_site
20,SCN1A,5,0,0.2,0,1,global_all_348_cross_gene,wt_mut_site
21,SCN5A,1,0,0.0,0,1,global_all_348_cross_gene,wt_mut_site
21,SCN5A,3,0,0.6666666666666666,1,0,global_all_348_cross_gene,wt_mut_site
21,SCN5A,5,0,0.8,1,0,global_all_348_cross_gene,wt_mut_site
22,SCN10A,1,1,1.0,1,1,global_all_348_cross_gene,wt_mut_site
22,SCN10A,3,1,0.6666666666666666,1,1,global_all_348_cross_gene,wt_mut_site
22,SCN10A,5,1,0.4,0,0,global_all_348_cross_gene,wt_mut_site
23,SCN5A,1,0,0.0,0,1,global_all_348_cross_gene,wt_mut_site
23,SCN5A,3,0,0.6666666666666666,1,0,global_all_348_cross_gene,wt_mut_site
23,SCN5A,5,0,0.6,1,0,global_all_348_cross_gene,wt_mut_site
24,SCN5A,1,0,0.0,0,1,global_all_348_cross_gene,wt_mut_site
24,SCN5A,3,0,0.3333333333333333,0,1,global_all_348_cross_gene,wt_mut_site
24,SCN5A,5,0,0.2,0,1,global_all_348_cross_gene,wt_mut_site
25,SCN1A,1,0,0.0,0,1,global_all_348_cross_gene,wt_mut_site
25,SCN1A,3,0,0.0,0,1,global_all_348_cross_gene,wt_mut_site
25,SCN1A,5,0,0.0,0,1,global_all_348_cross_gene,wt_mut_site
26,SCN1A,1,0,0.0,0,1,global_all_348_cross_gene,wt_mut_site
26,SCN1A,3,0,0.0,0,1,global_all_348_cross_gene,wt_mut_site
26,SCN1A,5,0,0.0,0,1,global_all_348_cross_gene,wt_mut_site
27,SCN5A,1,0,1.0,1,0,global_all_348_cross_gene,wt_mut_site
27,SCN5A,3,0,1.0,1,0,global_all_348_cross_gene,wt_mut_site
27,SCN5A,5,0,0.6,1,0,global_all_348_cross_gene,wt_mut_site
28,SCN4A,1,0,1.0,1,0,global_all_348_cross_gene,wt_mut_site
28,SCN4A,3,0,0.3333333333333333,0,1,global_all_348_cross_gene,wt_mut_site
28,SCN4A,5,0,0.2,0,1,global_all_348_cross_gene,wt_mut_site
29,SCN2A,1,1,0.0,0,0,global_all_348_cross_gene,wt_mut_site
29,SCN2A,3,1,0.3333333333333333,0,0,global_all_348_cross_gene,wt_mut_site
29,SCN2A,5,1,0.6,1,1,global_all_348_cross_gene,wt_mut_site
30,SCN9A,1,1,1.0,1,1,global_all_348_cross_gene,wt_mut_site
30,SCN9A,3,1,0.3333333333333333,0,0,global_all_348_cross_gene,wt_mut_site
30,SCN9A,5,1,0.2,0,0,global_all_348_cross_gene,wt_mut_site
31,SCN11A,1,1,0.0,0,0,global_all_348_cross_gene,wt_mut_site
31,SCN11A,3,1,0.0,0,0,global_all_348_cross_gene,wt_mut_site
31,SCN11A,5,1,0.0,0,0,global_all_348_cross_gene,wt_mut_site
32,SCN9A,1,1,1.0,1,1,global_all_348_cross_gene,wt_mut_site
32,SCN9A,3,1,1.0,1,1,global_all_348_cross_gene,wt_mut_site
32,SCN9A,5,1,0.8,1,1,global_all_348_cross_gene,wt_mut_site
33,SCN8A,1,0,0.0,0,1,global_all_348_cross_gene,wt_mut_site
33,SCN8A,3,0,0.0,0,1,global_all_348_cross_gene,wt_mut_site
33,SCN8A,5,0,0.0,0,1,global_all_348_cross_gene,wt_mut_site
34,SCN5A,1,0,1.0,1,0,global_all_348_cross_gene,wt_mut_site
34,SCN5A,3,0,0.6666666666666666,1,0,global_all_348_cross_gene,wt_mut_site
34,SCN5A,5,0,0.6,1,0,global_all_348_cross_gene,wt_mut_site
35,SCN4A,1,0,0.0,0,1,global_all_348_cross_gene,wt_mut_site
35,SCN4A,3,0,0.6666666666666666,1,0,global_all_348_cross_gene,wt_mut_site
35,SCN4A,5,0,0.4,0,1,global_all_348_cross_gene,wt_mut_site
36,SCN5A,1,0,0.0,0,1,global_all_348_cross_gene,wt_mut_site
36,SCN5A,3,0,0.3333333333333333,0,1,global_all_348_cross_gene,wt_mut_site
36,SCN5A,5,0,0.2,0,1,global_all_348_cross_gene,wt_mut_site
37,SCN5A,1,1,0.0,0,0,global_all_348_cross_gene,wt_mut_site
37,SCN5A,3,1,0.3333333333333333,0,0,global_all_348_cross_gene,wt_mut_site
37,SCN5A,5,1,0.2,0,0,global_all_348_cross_gene,wt_mut_site
38,SCN5A,1,0,1.0,1,0,global_all_348_cross_gene,wt_mut_site
38,SCN5A,3,0,0.6666666666666666,1,0,global_all_348_cross_gene,wt_mut_site
38,SCN5A,5,0,0.8,1,0,global_all_348_cross_gene,wt_mut_site
39,SCN1A,1,0,1.0,1,0,global_all_348_cross_gene,wt_mut_site
39,SCN1A,3,0,1.0,1,0,global_all_348_cross_gene,wt_mut_site
39,SCN1A,5,0,1.0,1,0,global_all_348_cross_gene,wt_mut_site
40,SCN9A,1,1,0.0,0,0,global_all_348_cross_gene,wt_mut_site
40,SCN9A,3,1,0.3333333333333333,0,0,global_all_348_cross_gene,wt_mut_site
40,SCN9A,5,1,0.4,0,0,global_all_348_cross_gene,wt_mut_site
41,SCN2A,1,1,1.0,1,1,global_all_348_cross_gene,wt_mut_site
41,SCN2A,3,1,1.0,1,1,global_all_348_cross_gene,wt_mut_site
41,SCN2A,5,1,0.8,1,1,global_all_348_cross_gene,wt_mut_site
42,SCN9A,1,1,0.0,0,0,global_all_348_cross_gene,wt_mut_site
42,SCN9A,3,1,0.3333333333333333,0,0,global_all_348_cross_gene,wt_mut_site
42,SCN9A,5,1,0.4,0,0,global_all_348_cross_gene,wt_mut_site
43,SCN9A,1,1,1.0,1,1,global_all_348_cross_gene,wt_mut_site
43,SCN9A,3,1,1.0,1,1,global_all_348_cross_gene,wt_mut_site
43,SCN9A,5,1,1.0,1,1,global_all_348_cross_gene,wt_mut_site
44,SCN10A,1,1,1.0,1,1,global_all_348_cross_gene,wt_mut_site
44,SCN10A,3,1,1.0,1,1,global_all_348_cross_gene,wt_mut_site
44,SCN10A,5,1,1.0,1,1,global_all_348_cross_gene,wt_mut_site
45,SCN3A,1,0,0.0,0,1,global_all_348_cross_gene,wt_mut_site
45,SCN3A,3,0,0.3333333333333333,0,1,global_all_348_cross_gene,wt_mut_site
45,SCN3A,5,0,0.4,0,1,global_all_348_cross_gene,wt_mut_site
46,SCN1A,1,0,1.0,1,0,global_all_348_cross_gene,wt_mut_site
46,SCN1A,3,0,1.0,1,0,global_all_348_cross_gene,wt_mut_site
46,SCN1A,5,0,1.0,1,0,global_all_348_cross_gene,wt_mut_site
47,SCN1A,1,0,0.0,0,1,global_all_348_cross_gene,wt_mut_site
47,SCN1A,3,0,0.0,0,1,global_all_348_cross_gene,wt_mut_site
47,SCN1A,5,0,0.4,0,1,global_all_348_cross_gene,wt_mut_site
48,SCN2A,1,1,0.0,0,0,global_all_348_cross_gene,wt_mut_site
48,SCN2A,3,1,0.0,0,0,global_all_348_cross_gene,wt_mut_site
48,SCN2A,5,1,0.2,0,0,global_all_348_cross_gene,wt_mut_site
49,SCN1A,1,1,1.0,1,1,global_all_348_cross_gene,wt_mut_site
49,SCN1A,3,1,0.6666666666666666,1,1,global_all_348_cross_gene,wt_mut_site
49,SCN1A,5,1,0.6,1,1,global_all_348_cross_gene,wt_mut_site
50,SCN8A,1,0,0.0,0,1,global_all_348_cross_gene,wt_mut_site
50,SCN8A,3,0,0.3333333333333333,0,1,global_all_348_cross_gene,wt_mut_site
50,SCN8A,5,0,0.2,0,1,global_all_348_cross_gene,wt_mut_site
51,SCN5A,1,0,1.0,1,0,global_all_348_cross_gene,wt_mut_site
51,SCN5A,3,0,0.6666666666666666,1,0,global_all_348_cross_gene,wt_mut_site
51,SCN5A,5,0,0.6,1,0,global_all_348_cross_gene,wt_mut_site
52,SCN5A,1,0,1.0,1,0,global_all_348_cross_gene,wt_mut_site
52,SCN5A,3,0,1.0,1,0,global_all_348_cross_gene,wt_mut_site
52,SCN5A,5,0,1.0,1,0,global_all_348_cross_gene,wt_mut_site
53,SCN5A,1,0,1.0,1,0,global_all_348_cross_gene,wt_mut_site
53,SCN5A,3,0,1.0,1,0,global_all_348_cross_gene,wt_mut_site
53,SCN5A,5,0,1.0,1,0,global_all_348_cross_gene,wt_mut_site
54,SCN1A,1,0,0.0,0,1,global_all_348_cross_gene,wt_mut_site
54,SCN1A,3,0,0.0,0,1,global_all_348_cross_gene,wt_mut_site
54,SCN1A,5,0,0.4,0,1,global_all_348_cross_gene,wt_mut_site
55,SCN5A,1,0,0.0,0,1,global_all_348_cross_gene,wt_mut_site
55,SCN5A,3,0,0.6666666666666666,1,0,global_all_348_cross_gene,wt_mut_site
55,SCN5A,5,0,0.8,1,0,global_all_348_cross_gene,wt_mut_site
56,SCN5A,1,0,0.0,0,1,global_all_348_cross_gene,wt_mut_site
56,SCN5A,3,0,0.0,0,1,global_all_348_cross_gene,wt_mut_site
56,SCN5A,5,0,0.2,0,1,global_all_348_cross_gene,wt_mut_site
57,SCN5A,1,0,0.0,0,1,global_all_348_cross_gene,wt_mut_site
57,SCN5A,3,0,0.0,0,1,global_all_348_cross_gene,wt_mut_site
57,SCN5A,5,0,0.0,0,1,global_all_348_cross_gene,wt_mut_site
58,SCN3A,1,1,0.0,0,0,global_all_348_cross_gene,wt_mut_site
58,SCN3A,3,1,0.3333333333333333,0,0,global_all_348_cross_gene,wt_mut_site
58,SCN3A,5,1,0.6,1,1,global_all_348_cross_gene,wt_mut_site
59,SCN4A,1,0,0.0,0,1,global_all_348_cross_gene,wt_mut_site
59,SCN4A,3,0,0.0,0,1,global_all_348_cross_gene,wt_mut_site
59,SCN4A,5,0,0.2,0,1,global_all_348_cross_gene,wt_mut_site
60,SCN5A,1,0,0.0,0,1,global_all_348_cross_gene,wt_mut_site
60,SCN5A,3,0,0.0,0,1,global_all_348_cross_gene,wt_mut_site
60,SCN5A,5,0,0.4,0,1,global_all_348_cross_gene,wt_mut_site
61,SCN5A,1,0,0.0,0,1,global_all_348_cross_gene,wt_mut_site
61,SCN5A,3,0,0.0,0,1,global_all_348_cross_gene,wt_mut_site
61,SCN5A,5,0,0.0,0,1,global_all_348_cross_gene,wt_mut_site
62,SCN5A,1,0,0.0,0,1,global_all_348_cross_gene,wt_mut_site
62,SCN5A,3,0,0.0,0,1,global_all_348_cross_gene,wt_mut_site
62,SCN5A,5,0,0.4,0,1,global_all_348_cross_gene,wt_mut_site
63,SCN5A,1,0,0.0,0,1,global_all_348_cross_gene,wt_mut_site
63,SCN5A,3,0,0.0,0,1,global_all_348_cross_gene,wt_mut_site
63,SCN5A,5,0,0.0,0,1,global_all_348_cross_gene,wt_mut_site
64,SCN2A,1,0,0.0,0,1,global_all_348_cross_gene,wt_mut_site
64,SCN2A,3,0,0.0,0,1,global_all_348_cross_gene,wt_mut_site
64,SCN2A,5,0,0.0,0,1,global_all_348_cross_gene,wt_mut_site
65,SCN5A,1,0,0.0,0,1,global_all_348_cross_gene,wt_mut_site
65,SCN5A,3,0,0.0,0,1,global_all_348_cross_gene,wt_mut_site
65,SCN5A,5,0,0.0,0,1,global_all_348_cross_gene,wt_mut_site
66,SCN5A,1,0,0.0,0,1,global_all_348_cross_gene,wt_mut_site
66,SCN5A,3,0,0.0,0,1,global_all_348_cross_gene,wt_mut_site
66,SCN5A,5,0,0.0,0,1,global_all_348_cross_gene,wt_mut_site
67,SCN5A,1,0,0.0,0,1,global_all_348_cross_gene,wt_mut_site
67,SCN5A,3,0,0.3333333333333333,0,1,global_all_348_cross_gene,wt_mut_site
67,SCN5A,5,0,0.6,1,0,global_all_348_cross_gene,wt_mut_site
68,SCN5A,1,0,1.0,1,0,global_all_348_cross_gene,wt_mut_site
68,SCN5A,3,0,0.3333333333333333,0,1,global_all_348_cross_gene,wt_mut_site
68,SCN5A,5,0,0.4,0,1,global_all_348_cross_gene,wt_mut_site
69,SCN5A,1,0,1.0,1,0,global_all_348_cross_gene,wt_mut_site
69,SCN5A,3,0,0.6666666666666666,1,0,global_all_348_cross_gene,wt_mut_site
69,SCN5A,5,0,0.8,1,0,global_all_348_cross_gene,wt_mut_site
70,SCN8A,1,1,0.0,0,0,global_all_348_cross_gene,wt_mut_site
70,SCN8A,3,1,0.0,0,0,global_all_348_cross_gene,wt_mut_site
70,SCN8A,5,1,0.0,0,0,global_all_348_cross_gene,wt_mut_site
71,SCN1A,1,0,0.0,0,1,global_all_348_cross_gene,wt_mut_site
71,SCN1A,3,0,0.0,0,1,global_all_348_cross_gene,wt_mut_site
71,SCN1A,5,0,0.2,0,1,global_all_348_cross_gene,wt_mut_site
72,SCN5A,1,0,0.0,0,1,global_all_348_cross_gene,wt_mut_site
72,SCN5A,3,0,0.3333333333333333,0,1,global_all_348_cross_gene,wt_mut_site
72,SCN5A,5,0,0.6,1,0,global_all_348_cross_gene,wt_mut_site
73,SCN11A,1,1,0.0,0,0,global_all_348_cross_gene,wt_mut_site
73,SCN11A,3,1,0.6666666666666666,1,1,global_all_348_cross_gene,wt_mut_site
73,SCN11A,5,1,0.6,1,1,global_all_348_cross_gene,wt_mut_site
74,SCN5A,1,0,0.0,0,1,global_all_348_cross_gene,wt_mut_site
74,SCN5A,3,0,0.6666666666666666,1,0,global_all_348_cross_gene,wt_mut_site
74,SCN5A,5,0,0.6,1,0,global_all_348_cross_gene,wt_mut_site
75,SCN10A,1,0,0.0,0,1,global_all_348_cross_gene,wt_mut_site
75,SCN10A,3,0,0.3333333333333333,0,1,global_all_348_cross_gene,wt_mut_site
75,SCN10A,5,0,0.4,0,1,global_all_348_cross_gene,wt_mut_site
76,SCN4A,1,1,1.0,1,1,global_all_348_cross_gene,wt_mut_site
76,SCN4A,3,1,0.3333333333333333,0,0,global_all_348_cross_gene,wt_mut_site
76,SCN4A,5,1,0.2,0,0,global_all_348_cross_gene,wt_mut_site
77,SCN9A,1,1,1.0,1,1,global_all_348_cross_gene,wt_mut_site
77,SCN9A,3,1,0.3333333333333333,0,0,global_all_348_cross_gene,wt_mut_site
77,SCN9A,5,1,0.4,0,0,global_all_348_cross_gene,wt_mut_site
78,SCN5A,1,0,1.0,1,0,global_all_348_cross_gene,wt_mut_site
78,SCN5A,3,0,0.6666666666666666,1,0,global_all_348_cross_gene,wt_mut_site
78,SCN5A,5,0,0.6,1,0,global_all_348_cross_gene,wt_mut_site
79,SCN2A,1,1,1.0,1,1,global_all_348_cross_gene,wt_mut_site
79,SCN2A,3,1,1.0,1,1,global_all_348_cross_gene,wt_mut_site
79,SCN2A,5,1,1.0,1,1,global_all_348_cross_gene,wt_mut_site
80,SCN4A,1,1,1.0,1,1,global_all_348_cross_gene,wt_mut_site
80,SCN4A,3,1,1.0,1,1,global_all_348_cross_gene,wt_mut_site
80,SCN4A,5,1,0.8,1,1,global_all_348_cross_gene,wt_mut_site
81,SCN5A,1,1,1.0,1,1,global_all_348_cross_gene,wt_mut_site
81,SCN5A,3,1,1.0,1,1,global_all_348_cross_gene,wt_mut_site
81,SCN5A,5,1,1.0,1,1,global_all_348_cross_gene,wt_mut_site
82,SCN9A,1,1,1.0,1,1,global_all_348_cross_gene,wt_mut_site
82,SCN9A,3,1,1.0,1,1,global_all_348_cross_gene,wt_mut_site
82,SCN9A,5,1,1.0,1,1,global_all_348_cross_gene,wt_mut_site
83,SCN1A,1,0,1.0,1,0,global_all_348_cross_gene,wt_mut_site
83,SCN1A,3,0,1.0,1,0,global_all_348_cross_gene,wt_mut_site
83,SCN1A,5,0,1.0,1,0,global_all_348_cross_gene,wt_mut_site
84,SCN5A,1,1,1.0,1,1,global_all_348_cross_gene,wt_mut_site
84,SCN5A,3,1,0.6666666666666666,1,1,global_all_348_cross_gene,wt_mut_site
84,SCN5A,5,1,0.8,1,1,global_all_348_cross_gene,wt_mut_site
85,SCN5A,1,0,1.0,1,0,global_all_348_cross_gene,wt_mut_site
85,SCN5A,3,0,0.6666666666666666,1,0,global_all_348_cross_gene,wt_mut_site
85,SCN5A,5,0,0.8,1,0,global_all_348_cross_gene,wt_mut_site
86,SCN5A,1,0,1.0,1,0,global_all_348_cross_gene,wt_mut_site
86,SCN5A,3,0,0.6666666666666666,1,0,global_all_348_cross_gene,wt_mut_site
86,SCN5A,5,0,0.8,1,0,global_all_348_cross_gene,wt_mut_site
87,SCN5A,1,1,1.0,1,1,global_all_348_cross_gene,wt_mut_site
87,SCN5A,3,1,0.6666666666666666,1,1,global_all_348_cross_gene,wt_mut_site
87,SCN5A,5,1,0.8,1,1,global_all_348_cross_gene,wt_mut_site
88,SCN10A,1,1,0.0,0,0,global_all_348_cross_gene,wt_mut_site
88,SCN10A,3,1,0.3333333333333333,0,0,global_all_348_cross_gene,wt_mut_site
88,SCN10A,5,1,0.6,1,1,global_all_348_cross_gene,wt_mut_site
89,SCN5A,1,0,1.0,1,0,global_all_348_cross_gene,wt_mut_site
89,SCN5A,3,0,0.6666666666666666,1,0,global_all_348_cross_gene,wt_mut_site
89,SCN5A,5,0,0.8,1,0,global_all_348_cross_gene,wt_mut_site
90,SCN9A,1,1,0.0,0,0,global_all_348_cross_gene,wt_mut_site
90,SCN9A,3,1,0.0,0,0,global_all_348_cross_gene,wt_mut_site
90,SCN9A,5,1,0.4,0,0,global_all_348_cross_gene,wt_mut_site
91,SCN5A,1,1,1.0,1,1,global_all_348_cross_gene,wt_mut_site
91,SCN5A,3,1,0.6666666666666666,1,1,global_all_348_cross_gene,wt_mut_site
91,SCN5A,5,1,0.8,1,1,global_all_348_cross_gene,wt_mut_site
92,SCN5A,1,0,0.0,0,1,global_all_348_cross_gene,wt_mut_site
92,SCN5A,3,0,0.6666666666666666,1,0,global_all_348_cross_gene,wt_mut_site
92,SCN5A,5,0,0.8,1,0,global_all_348_cross_gene,wt_mut_site
93,SCN2A,1,1,1.0,1,1,global_all_348_cross_gene,wt_mut_site
93,SCN2A,3,1,1.0,1,1,global_all_348_cross_gene,wt_mut_site
93,SCN2A,5,1,1.0,1,1,global_all_348_cross_gene,wt_mut_site
94,SCN8A,1,1,1.0,1,1,global_all_348_cross_gene,wt_mut_site
94,SCN8A,3,1,1.0,1,1,global_all_348_cross_gene,wt_mut_site
94,SCN8A,5,1,0.8,1,1,global_all_348_cross_gene,wt_mut_site
95,SCN5A,1,0,0.0,0,1,global_all_348_cross_gene,wt_mut_site
95,SCN5A,3,0,0.6666666666666666,1,0,global_all_348_cross_gene,wt_mut_site
95,SCN5A,5,0,0.8,1,0,global_all_348_cross_gene,wt_mut_site
96,SCN5A,1,0,1.0,1,0,global_all_348_cross_gene,wt_mut_site
96,SCN5A,3,0,0.3333333333333333,0,1,global_all_348_cross_gene,wt_mut_site
96,SCN5A,5,0,0.4,0,1,global_all_348_cross_gene,wt_mut_site
97,SCN5A,1,0,0.0,0,1,global_all_348_cross_gene,wt_mut_site
97,SCN5A,3,0,0.3333333333333333,0,1,global_all_348_cross_gene,wt_mut_site
97,SCN5A,5,0,0.2,0,1,global_all_348_cross_gene,wt_mut_site
98,SCN5A,1,0,1.0,1,0,global_all_348_cross_gene,wt_mut_site
98,SCN5A,3,0,0.3333333333333333,0,1,global_all_348_cross_gene,wt_mut_site
98,SCN5A,5,0,0.2,0,1,global_all_348_cross_gene,wt_mut_site
99,SCN1A,1,0,0.0,0,1,global_all_348_cross_gene,wt_mut_site
99,SCN1A,3,0,0.3333333333333333,0,1,global_all_348_cross_gene,wt_mut_site
99,SCN1A,5,0,0.6,1,0,global_all_348_cross_gene,wt_mut_site
100,SCN1A,1,0,0.0,0,1,global_all_348_cross_gene,wt_mut_site
100,SCN1A,3,0,0.0,0,1,global_all_348_cross_gene,wt_mut_site
100,SCN1A,5,0,0.2,0,1,global_all_348_cross_gene,wt_mut_site
101,SCN5A,1,0,1.0,1,0,global_all_348_cross_gene,wt_mut_site
101,SCN5A,3,0,1.0,1,0,global_all_348_cross_gene,wt_mut_site
101,SCN5A,5,0,1.0,1,0,global_all_348_cross_gene,wt_mut_site
102,SCN5A,1,0,1.0,1,0,global_all_348_cross_gene,wt_mut_site
102,SCN5A,3,0,1.0,1,0,global_all_348_cross_gene,wt_mut_site
102,SCN5A,5,0,0.8,1,0,global_all_348_cross_gene,wt_mut_site
103,SCN5A,1,0,0.0,0,1,global_all_348_cross_gene,wt_mut_site
103,SCN5A,3,0,0.3333333333333333,0,1,global_all_348_cross_gene,wt_mut_site
103,SCN5A,5,0,0.4,0,1,global_all_348_cross_gene,wt_mut_site
104,SCN8A,1,0,1.0,1,0,global_all_348_cross_gene,wt_mut_site
104,SCN8A,3,0,0.6666666666666666,1,0,global_all_348_cross_gene,wt_mut_site
104,SCN8A,5,0,0.4,0,1,global_all_348_cross_gene,wt_mut_site
105,SCN10A,1,0,0.0,0,1,global_all_348_cross_gene,wt_mut_site
105,SCN10A,3,0,0.0,0,1,global_all_348_cross_gene,wt_mut_site
105,SCN10A,5,0,0.2,0,1,global_all_348_cross_gene,wt_mut_site
106,SCN1A,1,0,0.0,0,1,global_all_348_cross_gene,wt_mut_site
106,SCN1A,3,0,0.0,0,1,global_all_348_cross_gene,wt_mut_site
106,SCN1A,5,0,0.0,0,1,global_all_348_cross_gene,wt_mut_site
107,SCN4A,1,0,0.0,0,1,global_all_348_cross_gene,wt_mut_site
107,SCN4A,3,0,0.0,0,1,global_all_348_cross_gene,wt_mut_site
107,SCN4A,5,0,0.0,0,1,global_all_348_cross_gene,wt_mut_site
108,SCN1A,1,0,0.0,0,1,global_all_348_cross_gene,wt_mut_site
108,SCN1A,3,0,0.0,0,1,global_all_348_cross_gene,wt_mut_site
108,SCN1A,5,0,0.2,0,1,global_all_348_cross_gene,wt_mut_site
109,SCN5A,1,0,0.0,0,1,global_all_348_cross_gene,wt_mut_site
109,SCN5A,3,0,0.0,0,1,global_all_348_cross_gene,wt_mut_site
109,SCN5A,5,0,0.0,0,1,global_all_348_cross_gene,wt_mut_site
110,SCN4A,1,0,0.0,0,1,global_all_348_cross_gene,wt_mut_site
110,SCN4A,3,0,0.3333333333333333,0,1,global_all_348_cross_gene,wt_mut_site
110,SCN4A,5,0,0.4,0,1,global_all_348_cross_gene,wt_mut_site
111,SCN4A,1,0,0.0,0,1,global_all_348_cross_gene,wt_mut_site
111,SCN4A,3,0,0.3333333333333333,0,1,global_all_348_cross_gene,wt_mut_site
111,SCN4A,5,0,0.4,0,1,global_all_348_cross_gene,wt_mut_site
112,SCN5A,1,0,0.0,0,1,global_all_348_cross_gene,wt_mut_site
112,SCN5A,3,0,0.3333333333333333,0,1,global_all_348_cross_gene,wt_mut_site
112,SCN5A,5,0,0.2,0,1,global_all_348_cross_gene,wt_mut_site
113,SCN3A,1,1,0.0,0,0,global_all_348_cross_gene,wt_mut_site
113,SCN3A,3,1,0.3333333333333333,0,0,global_all_348_cross_gene,wt_mut_site
113,SCN3A,5,1,0.4,0,0,global_all_348_cross_gene,wt_mut_site
114,SCN5A,1,0,1.0,1,0,global_all_348_cross_gene,wt_mut_site
114,SCN5A,3,0,0.6666666666666666,1,0,global_all_348_cross_gene,wt_mut_site
114,SCN5A,5,0,0.4,0,1,global_all_348_cross_gene,wt_mut_site
115,SCN1A,1,1,0.0,0,0,global_all_348_cross_gene,wt_mut_site
115,SCN1A,3,1,0.0,0,0,global_all_348_cross_gene,wt_mut_site
115,SCN1A,5,1,0.2,0,0,global_all_348_cross_gene,wt_mut_site
116,SCN5A,1,0,0.0,0,1,global_all_348_cross_gene,wt_mut_site
116,SCN5A,3,0,0.3333333333333333,0,1,global_all_348_cross_gene,wt_mut_site
116,SCN5A,5,0,0.2,0,1,global_all_348_cross_gene,wt_mut_site
117,SCN1A,1,0,0.0,0,1,global_all_348_cross_gene,wt_mut_site
117,SCN1A,3,0,0.3333333333333333,0,1,global_all_348_cross_gene,wt_mut_site
117,SCN1A,5,0,0.4,0,1,global_all_348_cross_gene,wt_mut_site
118,SCN3A,1,1,0.0,0,0,global_all_348_cross_gene,wt_mut_site
118,SCN3A,3,1,0.0,0,0,global_all_348_cross_gene,wt_mut_site
118,SCN3A,5,1,0.4,0,0,global_all_348_cross_gene,wt_mut_site
119,SCN11A,1,1,1.0,1,1,global_all_348_cross_gene,wt_mut_site
119,SCN11A,3,1,1.0,1,1,global_all_348_cross_gene,wt_mut_site
119,SCN11A,5,1,0.8,1,1,global_all_348_cross_gene,wt_mut_site
120,SCN5A,1,0,0.0,0,1,global_all_348_cross_gene,wt_mut_site
120,SCN5A,3,0,0.6666666666666666,1,0,global_all_348_cross_gene,wt_mut_site
120,SCN5A,5,0,0.8,1,0,global_all_348_cross_gene,wt_mut_site
121,SCN4A,1,1,0.0,0,0,global_all_348_cross_gene,wt_mut_site
121,SCN4A,3,1,0.3333333333333333,0,0,global_all_348_cross_gene,wt_mut_site
121,SCN4A,5,1,0.4,0,0,global_all_348_cross_gene,wt_mut_site
122,SCN1A,1,0,0.0,0,1,global_all_348_cross_gene,wt_mut_site
122,SCN1A,3,0,0.0,0,1,global_all_348_cross_gene,wt_mut_site
122,SCN1A,5,0,0.2,0,1,global_all_348_cross_gene,wt_mut_site
123,SCN5A,1,0,0.0,0,1,global_all_348_cross_gene,wt_mut_site
123,SCN5A,3,0,0.0,0,1,global_all_348_cross_gene,wt_mut_site
123,SCN5A,5,0,0.4,0,1,global_all_348_cross_gene,wt_mut_site
124,SCN9A,1,1,1.0,1,1,global_all_348_cross_gene,wt_mut_site
124,SCN9A,3,1,0.3333333333333333,0,0,global_all_348_cross_gene,wt_mut_site
124,SCN9A,5,1,0.4,0,0,global_all_348_cross_gene,wt_mut_site
125,SCN2A,1,0,0.0,0,1,global_all_348_cross_gene,wt_mut_site
125,SCN2A,3,0,0.0,0,1,global_all_348_cross_gene,wt_mut_site
125,SCN2A,5,0,0.0,0,1,global_all_348_cross_gene,wt_mut_site
126,SCN1A,1,0,1.0,1,0,global_all_348_cross_gene,wt_mut_site
126,SCN1A,3,0,0.3333333333333333,0,1,global_all_348_cross_gene,wt_mut_site
126,SCN1A,5,0,0.4,0,1,global_all_348_cross_gene,wt_mut_site
127,SCN10A,1,1,1.0,1,1,global_all_348_cross_gene,wt_mut_site
127,SCN10A,3,1,0.3333333333333333,0,0,global_all_348_cross_gene,wt_mut_site
127,SCN10A,5,1,0.2,0,0,global_all_348_cross_gene,wt_mut_site
128,SCN2A,1,1,1.0,1,1,global_all_348_cross_gene,wt_mut_site
128,SCN2A,3,1,0.6666666666666666,1,1,global_all_348_cross_gene,wt_mut_site
128,SCN2A,5,1,0.6,1,1,global_all_348_cross_gene,wt_mut_site
129,SCN5A,1,0,1.0,1,0,global_all_348_cross_gene,wt_mut_site
129,SCN5A,3,0,1.0,1,0,global_all_348_cross_gene,wt_mut_site
129,SCN5A,5,0,0.6,1,0,global_all_348_cross_gene,wt_mut_site
130,SCN1A,1,0,0.0,0,1,global_all_348_cross_gene,wt_mut_site
130,SCN1A,3,0,0.3333333333333333,0,1,global_all_348_cross_gene,wt_mut_site
130,SCN1A,5,0,0.4,0,1,global_all_348_cross_gene,wt_mut_site
131,SCN5A,1,0,0.0,0,1,global_all_348_cross_gene,wt_mut_site
131,SCN5A,3,0,0.0,0,1,global_all_348_cross_gene,wt_mut_site
131,SCN5A,5,0,0.0,0,1,global_all_348_cross_gene,wt_mut_site
132,SCN5A,1,0,0.0,0,1,global_all_348_cross_gene,wt_mut_site
132,SCN5A,3,0,0.6666666666666666,1,0,global_all_348_cross_gene,wt_mut_site
132,SCN5A,5,0,0.6,1,0,global_all_348_cross_gene,wt_mut_site
133,SCN1A,1,0,0.0,0,1,global_all_348_cross_gene,wt_mut_site
133,SCN1A,3,0,0.0,0,1,global_all_348_cross_gene,wt_mut_site
133,SCN1A,5,0,0.0,0,1,global_all_348_cross_gene,wt_mut_site
134,SCN2A,1,0,0.0,0,1,global_all_348_cross_gene,wt_mut_site
134,SCN2A,3,0,0.0,0,1,global_all_348_cross_gene,wt_mut_site
134,SCN2A,5,0,0.0,0,1,global_all_348_cross_gene,wt_mut_site
135,SCN1A,1,0,0.0,0,1,global_all_348_cross_gene,wt_mut_site
135,SCN1A,3,0,0.0,0,1,global_all_348_cross_gene,wt_mut_site
135,SCN1A,5,0,0.0,0,1,global_all_348_cross_gene,wt_mut_site
136,SCN2A,1,0,0.0,0,1,global_all_348_cross_gene,wt_mut_site
136,SCN2A,3,0,0.0,0,1,global_all_348_cross_gene,wt_mut_site
136,SCN2A,5,0,0.0,0,1,global_all_348_cross_gene,wt_mut_site
137,SCN5A,1,0,1.0,1,0,global_all_348_cross_gene,wt_mut_site
137,SCN5A,3,0,0.6666666666666666,1,0,global_all_348_cross_gene,wt_mut_site
137,SCN5A,5,0,0.4,0,1,global_all_348_cross_gene,wt_mut_site
138,SCN1A,1,0,0.0,0,1,global_all_348_cross_gene,wt_mut_site
138,SCN1A,3,0,0.3333333333333333,0,1,global_all_348_cross_gene,wt_mut_site
138,SCN1A,5,0,0.4,0,1,global_all_348_cross_gene,wt_mut_site
139,SCN1A,1,0,0.0,0,1,global_all_348_cross_gene,wt_mut_site
139,SCN1A,3,0,0.0,0,1,global_all_348_cross_gene,wt_mut_site
139,SCN1A,5,0,0.0,0,1,global_all_348_cross_gene,wt_mut_site
140,SCN5A,1,0,1.0,1,0,global_all_348_cross_gene,wt_mut_site
140,SCN5A,3,0,1.0,1,0,global_all_348_cross_gene,wt_mut_site
140,SCN5A,5,0,1.0,1,0,global_all_348_cross_gene,wt_mut_site
141,SCN10A,1,0,1.0,1,0,global_all_348_cross_gene,wt_mut_site
141,SCN10A,3,0,0.3333333333333333,0,1,global_all_348_cross_gene,wt_mut_site
141,SCN10A,5,0,0.4,0,1,global_all_348_cross_gene,wt_mut_site
142,SCN1A,1,0,0.0,0,1,global_all_348_cross_gene,wt_mut_site
142,SCN1A,3,0,0.0,0,1,global_all_348_cross_gene,wt_mut_site
142,SCN1A,5,0,0.0,0,1,global_all_348_cross_gene,wt_mut_site
143,SCN8A,1,0,0.0,0,1,global_all_348_cross_gene,wt_mut_site
143,SCN8A,3,0,0.0,0,1,global_all_348_cross_gene,wt_mut_site
143,SCN8A,5,0,0.0,0,1,global_all_348_cross_gene,wt_mut_site
144,SCN5A,1,0,1.0,1,0,global_all_348_cross_gene,wt_mut_site
144,SCN5A,3,0,0.3333333333333333,0,1,global_all_348_cross_gene,wt_mut_site
144,SCN5A,5,0,0.4,0,1,global_all_348_cross_gene,wt_mut_site
145,SCN5A,1,0,0.0,0,1,global_all_348_cross_gene,wt_mut_site
145,SCN5A,3,0,0.6666666666666666,1,0,global_all_348_cross_gene,wt_mut_site
145,SCN5A,5,0,0.8,1,0,global_all_348_cross_gene,wt_mut_site
146,SCN1A,1,0,0.0,0,1,global_all_348_cross_gene,wt_mut_site
146,SCN1A,3,0,0.3333333333333333,0,1,global_all_348_cross_gene,wt_mut_site
146,SCN1A,5,0,0.6,1,0,global_all_348_cross_gene,wt_mut_site
147,SCN1A,1,0,1.0,1,0,global_all_348_cross_gene,wt_mut_site
147,SCN1A,3,0,0.6666666666666666,1,0,global_all_348_cross_gene,wt_mut_site
147,SCN1A,5,0,0.6,1,0,global_all_348_cross_gene,wt_mut_site
148,SCN1A,1,0,1.0,1,0,global_all_348_cross_gene,wt_mut_site
148,SCN1A,3,0,1.0,1,0,global_all_348_cross_gene,wt_mut_site
148,SCN1A,5,0,0.6,1,0,global_all_348_cross_gene,wt_mut_site
149,SCN4A,1,1,0.0,0,0,global_all_348_cross_gene,wt_mut_site
149,SCN4A,3,1,0.6666666666666666,1,1,global_all_348_cross_gene,wt_mut_site
149,SCN4A,5,1,0.6,1,1,global_all_348_cross_gene,wt_mut_site
150,SCN5A,1,1,1.0,1,1,global_all_348_cross_gene,wt_mut_site
150,SCN5A,3,1,1.0,1,1,global_all_348_cross_gene,wt_mut_site
150,SCN5A,5,1,1.0,1,1,global_all_348_cross_gene,wt_mut_site
151,SCN11A,1,1,1.0,1,1,global_all_348_cross_gene,wt_mut_site
151,SCN11A,3,1,0.6666666666666666,1,1,global_all_348_cross_gene,wt_mut_site
151,SCN11A,5,1,0.8,1,1,global_all_348_cross_gene,wt_mut_site
152,SCN2A,1,1,0.0,0,0,global_all_348_cross_gene,wt_mut_site
152,SCN2A,3,1,0.3333333333333333,0,0,global_all_348_cross_gene,wt_mut_site
152,SCN2A,5,1,0.4,0,0,global_all_348_cross_gene,wt_mut_site
153,SCN1A,1,0,1.0,1,0,global_all_348_cross_gene,wt_mut_site
153,SCN1A,3,0,0.6666666666666666,1,0,global_all_348_cross_gene,wt_mut_site
153,SCN1A,5,0,0.6,1,0,global_all_348_cross_gene,wt_mut_site
154,SCN5A,1,0,1.0,1,0,global_all_348_cross_gene,wt_mut_site
154,SCN5A,3,0,0.6666666666666666,1,0,global_all_348_cross_gene,wt_mut_site
154,SCN5A,5,0,0.8,1,0,global_all_348_cross_gene,wt_mut_site
155,SCN5A,1,0,1.0,1,0,global_all_348_cross_gene,wt_mut_site
155,SCN5A,3,0,0.6666666666666666,1,0,global_all_348_cross_gene,wt_mut_site
155,SCN5A,5,0,0.8,1,0,global_all_348_cross_gene,wt_mut_site
156,SCN10A,1,1,1.0,1,1,global_all_348_cross_gene,wt_mut_site
156,SCN10A,3,1,0.3333333333333333,0,0,global_all_348_cross_gene,wt_mut_site
156,SCN10A,5,1,0.4,0,0,global_all_348_cross_gene,wt_mut_site
157,SCN5A,1,1,1.0,1,1,global_all_348_cross_gene,wt_mut_site
157,SCN5A,3,1,0.6666666666666666,1,1,global_all_348_cross_gene,wt_mut_site
157,SCN5A,5,1,0.8,1,1,global_all_348_cross_gene,wt_mut_site
158,SCN5A,1,1,0.0,0,0,global_all_348_cross_gene,wt_mut_site
158,SCN5A,3,1,0.3333333333333333,0,0,global_all_348_cross_gene,wt_mut_site
158,SCN5A,5,1,0.6,1,1,global_all_348_cross_gene,wt_mut_site
159,SCN5A,1,0,1.0,1,0,global_all_348_cross_gene,wt_mut_site
159,SCN5A,3,0,1.0,1,0,global_all_348_cross_gene,wt_mut_site
159,SCN5A,5,0,0.8,1,0,global_all_348_cross_gene,wt_mut_site
160,SCN5A,1,0,1.0,1,0,global_all_348_cross_gene,wt_mut_site
160,SCN5A,3,0,0.6666666666666666,1,0,global_all_348_cross_gene,wt_mut_site
160,SCN5A,5,0,0.8,1,0,global_all_348_cross_gene,wt_mut_site
161,SCN5A,1,0,0.0,0,1,global_all_348_cross_gene,wt_mut_site
161,SCN5A,3,0,0.6666666666666666,1,0,global_all_348_cross_gene,wt_mut_site
161,SCN5A,5,0,0.8,1,0,global_all_348_cross_gene,wt_mut_site
162,SCN5A,1,0,1.0,1,0,global_all_348_cross_gene,wt_mut_site
162,SCN5A,3,0,1.0,1,0,global_all_348_cross_gene,wt_mut_site
162,SCN5A,5,0,0.8,1,0,global_all_348_cross_gene,wt_mut_site
163,SCN1A,1,0,1.0,1,0,global_all_348_cross_gene,wt_mut_site
163,SCN1A,3,0,0.6666666666666666,1,0,global_all_348_cross_gene,wt_mut_site
163,SCN1A,5,0,0.8,1,0,global_all_348_cross_gene,wt_mut_site
164,SCN5A,1,0,0.0,0,1,global_all_348_cross_gene,wt_mut_site
164,SCN5A,3,0,0.0,0,1,global_all_348_cross_gene,wt_mut_site
164,SCN5A,5,0,0.2,0,1,global_all_348_cross_gene,wt_mut_site
165,SCN5A,1,0,0.0,0,1,global_all_348_cross_gene,wt_mut_site
165,SCN5A,3,0,0.0,0,1,global_all_348_cross_gene,wt_mut_site
165,SCN5A,5,0,0.4,0,1,global_all_348_cross_gene,wt_mut_site
166,SCN5A,1,1,1.0,1,1,global_all_348_cross_gene,wt_mut_site
166,SCN5A,3,1,0.6666666666666666,1,1,global_all_348_cross_gene,wt_mut_site
166,SCN5A,5,1,0.8,1,1,global_all_348_cross_gene,wt_mut_site
167,SCN5A,1,1,1.0,1,1,global_all_348_cross_gene,wt_mut_site
167,SCN5A,3,1,1.0,1,1,global_all_348_cross_gene,wt_mut_site
167,SCN5A,5,1,0.8,1,1,global_all_348_cross_gene,wt_mut_site
168,SCN2A,1,0,0.0,0,1,global_all_348_cross_gene,wt_mut_site
168,SCN2A,3,0,0.3333333333333333,0,1,global_all_348_cross_gene,wt_mut_site
168,SCN2A,5,0,0.4,0,1,global_all_348_cross_gene,wt_mut_site
169,SCN11A,1,1,0.0,0,0,global_all_348_cross_gene,wt_mut_site
169,SCN11A,3,1,0.3333333333333333,0,0,global_all_348_cross_gene,wt_mut_site
169,SCN11A,5,1,0.6,1,1,global_all_348_cross_gene,wt_mut_site
170,SCN2A,1,0,0.0,0,1,global_all_348_cross_gene,wt_mut_site
170,SCN2A,3,0,0.3333333333333333,0,1,global_all_348_cross_gene,wt_mut_site
170,SCN2A,5,0,0.4,0,1,global_all_348_cross_gene,wt_mut_site
171,SCN5A,1,0,0.0,0,1,global_all_348_cross_gene,wt_mut_site
171,SCN5A,3,0,0.0,0,1,global_all_348_cross_gene,wt_mut_site
171,SCN5A,5,0,0.2,0,1,global_all_348_cross_gene,wt_mut_site
172,SCN5A,1,1,1.0,1,1,global_all_348_cross_gene,wt_mut_site
172,SCN5A,3,1,1.0,1,1,global_all_348_cross_gene,wt_mut_site
172,SCN5A,5,1,1.0,1,1,global_all_348_cross_gene,wt_mut_site
173,SCN2A,1,0,1.0,1,0,global_all_348_cross_gene,wt_mut_site
173,SCN2A,3,0,0.3333333333333333,0,1,global_all_348_cross_gene,wt_mut_site
173,SCN2A,5,0,0.4,0,1,global_all_348_cross_gene,wt_mut_site
174,SCN5A,1,1,0.0,0,0,global_all_348_cross_gene,wt_mut_site
174,SCN5A,3,1,0.3333333333333333,0,0,global_all_348_cross_gene,wt_mut_site
174,SCN5A,5,1,0.4,0,0,global_all_348_cross_gene,wt_mut_site
175,SCN5A,1,1,1.0,1,1,global_all_348_cross_gene,wt_mut_site
175,SCN5A,3,1,1.0,1,1,global_all_348_cross_gene,wt_mut_site
175,SCN5A,5,1,0.6,1,1,global_all_348_cross_gene,wt_mut_site
176,SCN4A,1,1,1.0,1,1,global_all_348_cross_gene,wt_mut_site
176,SCN4A,3,1,1.0,1,1,global_all_348_cross_gene,wt_mut_site
176,SCN4A,5,1,0.8,1,1,global_all_348_cross_gene,wt_mut_site
177,SCN5A,1,1,1.0,1,1,global_all_348_cross_gene,wt_mut_site
177,SCN5A,3,1,1.0,1,1,global_all_348_cross_gene,wt_mut_site
177,SCN5A,5,1,0.6,1,1,global_all_348_cross_gene,wt_mut_site
178,SCN3A,1,1,1.0,1,1,global_all_348_cross_gene,wt_mut_site
178,SCN3A,3,1,0.6666666666666666,1,1,global_all_348_cross_gene,wt_mut_site
178,SCN3A,5,1,0.8,1,1,global_all_348_cross_gene,wt_mut_site
179,SCN4A,1,1,1.0,1,1,global_all_348_cross_gene,wt_mut_site
179,SCN4A,3,1,0.6666666666666666,1,1,global_all_348_cross_gene,wt_mut_site
179,SCN4A,5,1,0.8,1,1,global_all_348_cross_gene,wt_mut_site
180,SCN5A,1,1,1.0,1,1,global_all_348_cross_gene,wt_mut_site
180,SCN5A,3,1,0.6666666666666666,1,1,global_all_348_cross_gene,wt_mut_site
180,SCN5A,5,1,0.8,1,1,global_all_348_cross_gene,wt_mut_site
181,SCN5A,1,1,1.0,1,1,global_all_348_cross_gene,wt_mut_site
181,SCN5A,3,1,1.0,1,1,global_all_348_cross_gene,wt_mut_site
181,SCN5A,5,1,0.8,1,1,global_all_348_cross_gene,wt_mut_site
182,SCN2A,1,1,1.0,1,1,global_all_348_cross_gene,wt_mut_site
182,SCN2A,3,1,1.0,1,1,global_all_348_cross_gene,wt_mut_site
182,SCN2A,5,1,1.0,1,1,global_all_348_cross_gene,wt_mut_site
183,SCN8A,1,1,0.0,0,0,global_all_348_cross_gene,wt_mut_site
183,SCN8A,3,1,0.0,0,0,global_all_348_cross_gene,wt_mut_site
183,SCN8A,5,1,0.2,0,0,global_all_348_cross_gene,wt_mut_site
184,SCN2A,1,1,0.0,0,0,global_all_348_cross_gene,wt_mut_site
184,SCN2A,3,1,0.6666666666666666,1,1,global_all_348_cross_gene,wt_mut_site
184,SCN2A,5,1,0.8,1,1,global_all_348_cross_gene,wt_mut_site
185,SCN8A,1,1,1.0,1,1,global_all_348_cross_gene,wt_mut_site
185,SCN8A,3,1,0.3333333333333333,0,0,global_all_348_cross_gene,wt_mut_site
185,SCN8A,5,1,0.2,0,0,global_all_348_cross_gene,wt_mut_site
186,SCN11A,1,1,0.0,0,0,global_all_348_cross_gene,wt_mut_site
186,SCN11A,3,1,0.3333333333333333,0,0,global_all_348_cross_gene,wt_mut_site
186,SCN11A,5,1,0.4,0,0,global_all_348_cross_gene,wt_mut_site
187,SCN5A,1,0,0.0,0,1,global_all_348_cross_gene,wt_mut_site
187,SCN5A,3,0,0.6666666666666666,1,0,global_all_348_cross_gene,wt_mut_site
187,SCN5A,5,0,0.8,1,0,global_all_348_cross_gene,wt_mut_site
188,SCN1A,1,0,0.0,0,1,global_all_348_cross_gene,wt_mut_site
188,SCN1A,3,0,0.6666666666666666,1,0,global_all_348_cross_gene,wt_mut_site
188,SCN1A,5,0,0.6,1,0,global_all_348_cross_gene,wt_mut_site
189,SCN5A,1,0,1.0,1,0,global_all_348_cross_gene,wt_mut_site
189,SCN5A,3,0,0.6666666666666666,1,0,global_all_348_cross_gene,wt_mut_site
189,SCN5A,5,0,0.4,0,1,global_all_348_cross_gene,wt_mut_site
190,SCN5A,1,0,0.0,0,1,global_all_348_cross_gene,wt_mut_site
190,SCN5A,3,0,0.0,0,1,global_all_348_cross_gene,wt_mut_site
190,SCN5A,5,0,0.4,0,1,global_all_348_cross_gene,wt_mut_site
191,SCN5A,1,0,0.0,0,1,global_all_348_cross_gene,wt_mut_site
191,SCN5A,3,0,0.3333333333333333,0,1,global_all_348_cross_gene,wt_mut_site
191,SCN5A,5,0,0.6,1,0,global_all_348_cross_gene,wt_mut_site
192,SCN1A,1,0,1.0,1,0,global_all_348_cross_gene,wt_mut_site
192,SCN1A,3,0,0.6666666666666666,1,0,global_all_348_cross_gene,wt_mut_site
192,SCN1A,5,0,0.6,1,0,global_all_348_cross_gene,wt_mut_site
193,SCN10A,1,1,0.0,0,0,global_all_348_cross_gene,wt_mut_site
193,SCN10A,3,1,0.0,0,0,global_all_348_cross_gene,wt_mut_site
193,SCN10A,5,1,0.2,0,0,global_all_348_cross_gene,wt_mut_site
194,SCN8A,1,0,0.0,0,1,global_all_348_cross_gene,wt_mut_site
194,SCN8A,3,0,0.0,0,1,global_all_348_cross_gene,wt_mut_site
194,SCN8A,5,0,0.2,0,1,global_all_348_cross_gene,wt_mut_site
195,SCN5A,1,0,1.0,1,0,global_all_348_cross_gene,wt_mut_site
195,SCN5A,3,0,0.6666666666666666,1,0,global_all_348_cross_gene,wt_mut_site
195,SCN5A,5,0,0.8,1,0,global_all_348_cross_gene,wt_mut_site
196,SCN5A,1,0,0.0,0,1,global_all_348_cross_gene,wt_mut_site
196,SCN5A,3,0,0.6666666666666666,1,0,global_all_348_cross_gene,wt_mut_site
196,SCN5A,5,0,0.6,1,0,global_all_348_cross_gene,wt_mut_site
197,SCN5A,1,0,0.0,0,1,global_all_348_cross_gene,wt_mut_site
197,SCN5A,3,0,0.0,0,1,global_all_348_cross_gene,wt_mut_site
197,SCN5A,5,0,0.0,0,1,global_all_348_cross_gene,wt_mut_site
198,SCN4A,1,0,0.0,0,1,global_all_348_cross_gene,wt_mut_site
198,SCN4A,3,0,0.0,0,1,global_all_348_cross_gene,wt_mut_site
198,SCN4A,5,0,0.4,0,1,global_all_348_cross_gene,wt_mut_site
199,SCN2A,1,0,0.0,0,1,global_all_348_cross_gene,wt_mut_site
199,SCN2A,3,0,0.0,0,1,global_all_348_cross_gene,wt_mut_site
199,SCN2A,5,0,0.2,0,1,global_all_348_cross_gene,wt_mut_site
200,SCN5A,1,0,0.0,0,1,global_all_348_cross_gene,wt_mut_site
200,SCN5A,3,0,0.6666666666666666,1,0,global_all_348_cross_gene,wt_mut_site
200,SCN5A,5,0,0.6,1,0,global_all_348_cross_gene,wt_mut_site
201,SCN5A,1,0,0.0,0,1,global_all_348_cross_gene,wt_mut_site
201,SCN5A,3,0,0.6666666666666666,1,0,global_all_348_cross_gene,wt_mut_site
201,SCN5A,5,0,0.6,1,0,global_all_348_cross_gene,wt_mut_site
202,SCN5A,1,0,1.0,1,0,global_all_348_cross_gene,wt_mut_site
202,SCN5A,3,0,1.0,1,0,global_all_348_cross_gene,wt_mut_site
202,SCN5A,5,0,1.0,1,0,global_all_348_cross_gene,wt_mut_site
203,SCN5A,1,0,1.0,1,0,global_all_348_cross_gene,wt_mut_site
203,SCN5A,3,0,1.0,1,0,global_all_348_cross_gene,wt_mut_site
203,SCN5A,5,0,1.0,1,0,global_all_348_cross_gene,wt_mut_site
204,SCN1A,1,0,0.0,0,1,global_all_348_cross_gene,wt_mut_site
204,SCN1A,3,0,0.0,0,1,global_all_348_cross_gene,wt_mut_site
204,SCN1A,5,0,0.2,0,1,global_all_348_cross_gene,wt_mut_site
205,SCN2A,1,0,0.0,0,1,global_all_348_cross_gene,wt_mut_site
205,SCN2A,3,0,0.0,0,1,global_all_348_cross_gene,wt_mut_site
205,SCN2A,5,0,0.0,0,1,global_all_348_cross_gene,wt_mut_site
206,SCN5A,1,0,1.0,1,0,global_all_348_cross_gene,wt_mut_site
206,SCN5A,3,0,0.6666666666666666,1,0,global_all_348_cross_gene,wt_mut_site
206,SCN5A,5,0,0.4,0,1,global_all_348_cross_gene,wt_mut_site
207,SCN5A,1,0,1.0,1,0,global_all_348_cross_gene,wt_mut_site
207,SCN5A,3,0,0.6666666666666666,1,0,global_all_348_cross_gene,wt_mut_site
207,SCN5A,5,0,0.4,0,1,global_all_348_cross_gene,wt_mut_site
208,SCN5A,1,0,0.0,0,1,global_all_348_cross_gene,wt_mut_site
208,SCN5A,3,0,0.3333333333333333,0,1,global_all_348_cross_gene,wt_mut_site
208,SCN5A,5,0,0.2,0,1,global_all_348_cross_gene,wt_mut_site
209,SCN5A,1,0,0.0,0,1,global_all_348_cross_gene,wt_mut_site
209,SCN5A,3,0,0.3333333333333333,0,1,global_all_348_cross_gene,wt_mut_site
209,SCN5A,5,0,0.2,0,1,global_all_348_cross_gene,wt_mut_site
210,SCN5A,1,0,0.0,0,1,global_all_348_cross_gene,wt_mut_site
210,SCN5A,3,0,0.3333333333333333,0,1,global_all_348_cross_gene,wt_mut_site
210,SCN5A,5,0,0.4,0,1,global_all_348_cross_gene,wt_mut_site
211,SCN5A,1,0,1.0,1,0,global_all_348_cross_gene,wt_mut_site
211,SCN5A,3,0,1.0,1,0,global_all_348_cross_gene,wt_mut_site
211,SCN5A,5,0,0.8,1,0,global_all_348_cross_gene,wt_mut_site
212,SCN5A,1,0,0.0,0,1,global_all_348_cross_gene,wt_mut_site
212,SCN5A,3,0,0.6666666666666666,1,0,global_all_348_cross_gene,wt_mut_site
212,SCN5A,5,0,0.4,0,1,global_all_348_cross_gene,wt_mut_site
213,SCN5A,1,0,0.0,0,1,global_all_348_cross_gene,wt_mut_site
213,SCN5A,3,0,0.0,0,1,global_all_348_cross_gene,wt_mut_site
213,SCN5A,5,0,0.4,0,1,global_all_348_cross_gene,wt_mut_site
214,SCN4A,1,1,1.0,1,1,global_all_348_cross_gene,wt_mut_site
214,SCN4A,3,1,1.0,1,1,global_all_348_cross_gene,wt_mut_site
214,SCN4A,5,1,0.8,1,1,global_all_348_cross_gene,wt_mut_site
215,SCN2A,1,1,1.0,1,1,global_all_348_cross_gene,wt_mut_site
215,SCN2A,3,1,1.0,1,1,global_all_348_cross_gene,wt_mut_site
215,SCN2A,5,1,0.8,1,1,global_all_348_cross_gene,wt_mut_site
216,SCN4A,1,1,1.0,1,1,global_all_348_cross_gene,wt_mut_site
216,SCN4A,3,1,1.0,1,1,global_all_348_cross_gene,wt_mut_site
216,SCN4A,5,1,1.0,1,1,global_all_348_cross_gene,wt_mut_site
217,SCN4A,1,1,1.0,1,1,global_all_348_cross_gene,wt_mut_site
217,SCN4A,3,1,1.0,1,1,global_all_348_cross_gene,wt_mut_site
217,SCN4A,5,1,1.0,1,1,global_all_348_cross_gene,wt_mut_site
218,SCN4A,1,1,1.0,1,1,global_all_348_cross_gene,wt_mut_site
218,SCN4A,3,1,0.6666666666666666,1,1,global_all_348_cross_gene,wt_mut_site
218,SCN4A,5,1,0.6,1,1,global_all_348_cross_gene,wt_mut_site
219,SCN5A,1,1,1.0,1,1,global_all_348_cross_gene,wt_mut_site
219,SCN5A,3,1,0.6666666666666666,1,1,global_all_348_cross_gene,wt_mut_site
219,SCN5A,5,1,0.6,1,1,global_all_348_cross_gene,wt_mut_site
220,SCN5A,1,1,1.0,1,1,global_all_348_cross_gene,wt_mut_site
220,SCN5A,3,1,0.3333333333333333,0,0,global_all_348_cross_gene,wt_mut_site
220,SCN5A,5,1,0.6,1,1,global_all_348_cross_gene,wt_mut_site
221,SCN5A,1,1,1.0,1,1,global_all_348_cross_gene,wt_mut_site
221,SCN5A,3,1,1.0,1,1,global_all_348_cross_gene,wt_mut_site
221,SCN5A,5,1,1.0,1,1,global_all_348_cross_gene,wt_mut_site
222,SCN1A,1,1,1.0,1,1,global_all_348_cross_gene,wt_mut_site
222,SCN1A,3,1,1.0,1,1,global_all_348_cross_gene,wt_mut_site
222,SCN1A,5,1,1.0,1,1,global_all_348_cross_gene,wt_mut_site
223,SCN1A,1,1,1.0,1,1,global_all_348_cross_gene,wt_mut_site
223,SCN1A,3,1,1.0,1,1,global_all_348_cross_gene,wt_mut_site
223,SCN1A,5,1,1.0,1,1,global_all_348_cross_gene,wt_mut_site
224,SCN5A,1,1,1.0,1,1,global_all_348_cross_gene,wt_mut_site
224,SCN5A,3,1,1.0,1,1,global_all_348_cross_gene,wt_mut_site
224,SCN5A,5,1,0.8,1,1,global_all_348_cross_gene,wt_mut_site
225,SCN4A,1,1,1.0,1,1,global_all_348_cross_gene,wt_mut_site
225,SCN4A,3,1,1.0,1,1,global_all_348_cross_gene,wt_mut_site
225,SCN4A,5,1,1.0,1,1,global_all_348_cross_gene,wt_mut_site
226,SCN8A,1,1,1.0,1,1,global_all_348_cross_gene,wt_mut_site
226,SCN8A,3,1,1.0,1,1,global_all_348_cross_gene,wt_mut_site
226,SCN8A,5,1,1.0,1,1,global_all_348_cross_gene,wt_mut_site
227,SCN1A,1,0,1.0,1,0,global_all_348_cross_gene,wt_mut_site
227,SCN1A,3,0,1.0,1,0,global_all_348_cross_gene,wt_mut_site
227,SCN1A,5,0,1.0,1,0,global_all_348_cross_gene,wt_mut_site
228,SCN4A,1,1,0.0,0,0,global_all_348_cross_gene,wt_mut_site
228,SCN4A,3,1,0.6666666666666666,1,1,global_all_348_cross_gene,wt_mut_site
228,SCN4A,5,1,0.8,1,1,global_all_348_cross_gene,wt_mut_site
229,SCN5A,1,1,1.0,1,1,global_all_348_cross_gene,wt_mut_site
229,SCN5A,3,1,0.6666666666666666,1,1,global_all_348_cross_gene,wt_mut_site
229,SCN5A,5,1,0.8,1,1,global_all_348_cross_gene,wt_mut_site
230,SCN1A,1,1,1.0,1,1,global_all_348_cross_gene,wt_mut_site
230,SCN1A,3,1,1.0,1,1,global_all_348_cross_gene,wt_mut_site
230,SCN1A,5,1,0.8,1,1,global_all_348_cross_gene,wt_mut_site
231,SCN1A,1,1,1.0,1,1,global_all_348_cross_gene,wt_mut_site
231,SCN1A,3,1,1.0,1,1,global_all_348_cross_gene,wt_mut_site
231,SCN1A,5,1,0.8,1,1,global_all_348_cross_gene,wt_mut_site
232,SCN4A,1,1,1.0,1,1,global_all_348_cross_gene,wt_mut_site
232,SCN4A,3,1,0.6666666666666666,1,1,global_all_348_cross_gene,wt_mut_site
232,SCN4A,5,1,0.8,1,1,global_all_348_cross_gene,wt_mut_site
233,SCN4A,1,1,1.0,1,1,global_all_348_cross_gene,wt_mut_site
233,SCN4A,3,1,0.6666666666666666,1,1,global_all_348_cross_gene,wt_mut_site
233,SCN4A,5,1,0.6,1,1,global_all_348_cross_gene,wt_mut_site
234,SCN3A,1,1,1.0,1,1,global_all_348_cross_gene,wt_mut_site
234,SCN3A,3,1,1.0,1,1,global_all_348_cross_gene,wt_mut_site
234,SCN3A,5,1,0.8,1,1,global_all_348_cross_gene,wt_mut_site
235,SCN8A,1,1,1.0,1,1,global_all_348_cross_gene,wt_mut_site
235,SCN8A,3,1,1.0,1,1,global_all_348_cross_gene,wt_mut_site
235,SCN8A,5,1,0.6,1,1,global_all_348_cross_gene,wt_mut_site
236,SCN5A,1,0,0.0,0,1,global_all_348_cross_gene,wt_mut_site
236,SCN5A,3,0,0.6666666666666666,1,0,global_all_348_cross_gene,wt_mut_site
236,SCN5A,5,0,0.8,1,0,global_all_348_cross_gene,wt_mut_site
237,SCN5A,1,0,0.0,0,1,global_all_348_cross_gene,wt_mut_site
237,SCN5A,3,0,0.3333333333333333,0,1,global_all_348_cross_gene,wt_mut_site
237,SCN5A,5,0,0.4,0,1,global_all_348_cross_gene,wt_mut_site
238,SCN1A,1,0,0.0,0,1,global_all_348_cross_gene,wt_mut_site
238,SCN1A,3,0,0.0,0,1,global_all_348_cross_gene,wt_mut_site
238,SCN1A,5,0,0.0,0,1,global_all_348_cross_gene,wt_mut_site
239,SCN5A,1,0,1.0,1,0,global_all_348_cross_gene,wt_mut_site
239,SCN5A,3,0,0.6666666666666666,1,0,global_all_348_cross_gene,wt_mut_site
239,SCN5A,5,0,0.8,1,0,global_all_348_cross_gene,wt_mut_site
240,SCN4A,1,1,0.0,0,0,global_all_348_cross_gene,wt_mut_site
240,SCN4A,3,1,0.0,0,0,global_all_348_cross_gene,wt_mut_site
240,SCN4A,5,1,0.2,0,0,global_all_348_cross_gene,wt_mut_site
241,SCN1A,1,1,1.0,1,1,global_all_348_cross_gene,wt_mut_site
241,SCN1A,3,1,0.6666666666666666,1,1,global_all_348_cross_gene,wt_mut_site
241,SCN1A,5,1,0.6,1,1,global_all_348_cross_gene,wt_mut_site
242,SCN2A,1,1,1.0,1,1,global_all_348_cross_gene,wt_mut_site
242,SCN2A,3,1,0.3333333333333333,0,0,global_all_348_cross_gene,wt_mut_site
242,SCN2A,5,1,0.6,1,1,global_all_348_cross_gene,wt_mut_site
243,SCN10A,1,0,1.0,1,0,global_all_348_cross_gene,wt_mut_site
243,SCN10A,3,0,0.3333333333333333,0,1,global_all_348_cross_gene,wt_mut_site
243,SCN10A,5,0,0.4,0,1,global_all_348_cross_gene,wt_mut_site
244,SCN1A,1,0,0.0,0,1,global_all_348_cross_gene,wt_mut_site
244,SCN1A,3,0,0.0,0,1,global_all_348_cross_gene,wt_mut_site
244,SCN1A,5,0,0.2,0,1,global_all_348_cross_gene,wt_mut_site
245,SCN5A,1,0,0.0,0,1,global_all_348_cross_gene,wt_mut_site
245,SCN5A,3,0,0.6666666666666666,1,0,global_all_348_cross_gene,wt_mut_site
245,SCN5A,5,0,0.6,1,0,global_all_348_cross_gene,wt_mut_site
246,SCN1A,1,0,0.0,0,1,global_all_348_cross_gene,wt_mut_site
246,SCN1A,3,0,0.0,0,1,global_all_348_cross_gene,wt_mut_site
246,SCN1A,5,0,0.0,0,1,global_all_348_cross_gene,wt_mut_site
247,SCN5A,1,0,0.0,0,1,global_all_348_cross_gene,wt_mut_site
247,SCN5A,3,0,0.0,0,1,global_all_348_cross_gene,wt_mut_site
247,SCN5A,5,0,0.0,0,1,global_all_348_cross_gene,wt_mut_site
248,SCN2A,1,1,0.0,0,0,global_all_348_cross_gene,wt_mut_site
248,SCN2A,3,1,0.0,0,0,global_all_348_cross_gene,wt_mut_site
248,SCN2A,5,1,0.0,0,0,global_all_348_cross_gene,wt_mut_site
249,SCN2A,1,1,0.0,0,0,global_all_348_cross_gene,wt_mut_site
249,SCN2A,3,1,0.6666666666666666,1,1,global_all_348_cross_gene,wt_mut_site
249,SCN2A,5,1,0.8,1,1,global_all_348_cross_gene,wt_mut_site
250,SCN5A,1,0,0.0,0,1,global_all_348_cross_gene,wt_mut_site
250,SCN5A,3,0,0.3333333333333333,0,1,global_all_348_cross_gene,wt_mut_site
250,SCN5A,5,0,0.2,0,1,global_all_348_cross_gene,wt_mut_site
251,SCN1A,1,1,0.0,0,0,global_all_348_cross_gene,wt_mut_site
251,SCN1A,3,1,0.6666666666666666,1,1,global_all_348_cross_gene,wt_mut_site
251,SCN1A,5,1,0.8,1,1,global_all_348_cross_gene,wt_mut_site
252,SCN5A,1,1,1.0,1,1,global_all_348_cross_gene,wt_mut_site
252,SCN5A,3,1,1.0,1,1,global_all_348_cross_gene,wt_mut_site
252,SCN5A,5,1,1.0,1,1,global_all_348_cross_gene,wt_mut_site
253,SCN1A,1,1,1.0,1,1,global_all_348_cross_gene,wt_mut_site
253,SCN1A,3,1,1.0,1,1,global_all_348_cross_gene,wt_mut_site
253,SCN1A,5,1,1.0,1,1,global_all_348_cross_gene,wt_mut_site
254,SCN4A,1,0,1.0,1,0,global_all_348_cross_gene,wt_mut_site
254,SCN4A,3,0,0.6666666666666666,1,0,global_all_348_cross_gene,wt_mut_site
254,SCN4A,5,0,0.6,1,0,global_all_348_cross_gene,wt_mut_site
255,SCN1A,1,0,0.0,0,1,global_all_348_cross_gene,wt_mut_site
255,SCN1A,3,0,0.3333333333333333,0,1,global_all_348_cross_gene,wt_mut_site
255,SCN1A,5,0,0.4,0,1,global_all_348_cross_gene,wt_mut_site
256,SCN2A,1,0,0.0,0,1,global_all_348_cross_gene,wt_mut_site
256,SCN2A,3,0,0.3333333333333333,0,1,global_all_348_cross_gene,wt_mut_site
256,SCN2A,5,0,0.4,0,1,global_all_348_cross_gene,wt_mut_site
257,SCN2A,1,1,0.0,0,0,global_all_348_cross_gene,wt_mut_site
257,SCN2A,3,1,0.3333333333333333,0,0,global_all_348_cross_gene,wt_mut_site
257,SCN2A,5,1,0.4,0,0,global_all_348_cross_gene,wt_mut_site
258,SCN5A,1,0,1.0,1,0,global_all_348_cross_gene,wt_mut_site
258,SCN5A,3,0,1.0,1,0,global_all_348_cross_gene,wt_mut_site
258,SCN5A,5,0,0.8,1,0,global_all_348_cross_gene,wt_mut_site
259,SCN3A,1,1,1.0,1,1,global_all_348_cross_gene,wt_mut_site
259,SCN3A,3,1,0.6666666666666666,1,1,global_all_348_cross_gene,wt_mut_site
259,SCN3A,5,1,0.4,0,0,global_all_348_cross_gene,wt_mut_site
260,SCN3A,1,1,1.0,1,1,global_all_348_cross_gene,wt_mut_site
260,SCN3A,3,1,0.6666666666666666,1,1,global_all_348_cross_gene,wt_mut_site
260,SCN3A,5,1,0.4,0,0,global_all_348_cross_gene,wt_mut_site
261,SCN5A,1,1,1.0,1,1,global_all_348_cross_gene,wt_mut_site
261,SCN5A,3,1,1.0,1,1,global_all_348_cross_gene,wt_mut_site
261,SCN5A,5,1,0.6,1,1,global_all_348_cross_gene,wt_mut_site
262,SCN8A,1,1,1.0,1,1,global_all_348_cross_gene,wt_mut_site
262,SCN8A,3,1,1.0,1,1,global_all_348_cross_gene,wt_mut_site
262,SCN8A,5,1,0.6,1,1,global_all_348_cross_gene,wt_mut_site
263,SCN4A,1,0,1.0,1,0,global_all_348_cross_gene,wt_mut_site
263,SCN4A,3,0,0.3333333333333333,0,1,global_all_348_cross_gene,wt_mut_site
263,SCN4A,5,0,0.2,0,1,global_all_348_cross_gene,wt_mut_site
264,SCN5A,1,1,0.0,0,0,global_all_348_cross_gene,wt_mut_site
264,SCN5A,3,1,0.0,0,0,global_all_348_cross_gene,wt_mut_site
264,SCN5A,5,1,0.0,0,0,global_all_348_cross_gene,wt_mut_site
265,SCN4A,1,0,0.0,0,1,global_all_348_cross_gene,wt_mut_site
265,SCN4A,3,0,0.3333333333333333,0,1,global_all_348_cross_gene,wt_mut_site
265,SCN4A,5,0,0.4,0,1,global_all_348_cross_gene,wt_mut_site
266,SCN8A,1,0,0.0,0,1,global_all_348_cross_gene,wt_mut_site
266,SCN8A,3,0,0.3333333333333333,0,1,global_all_348_cross_gene,wt_mut_site
266,SCN8A,5,0,0.2,0,1,global_all_348_cross_gene,wt_mut_site
267,SCN8A,1,1,1.0,1,1,global_all_348_cross_gene,wt_mut_site
267,SCN8A,3,1,0.6666666666666666,1,1,global_all_348_cross_gene,wt_mut_site
267,SCN8A,5,1,0.6,1,1,global_all_348_cross_gene,wt_mut_site
268,SCN5A,1,0,0.0,0,1,global_all_348_cross_gene,wt_mut_site
268,SCN5A,3,0,0.0,0,1,global_all_348_cross_gene,wt_mut_site
268,SCN5A,5,0,0.0,0,1,global_all_348_cross_gene,wt_mut_site
269,SCN4A,1,0,0.0,0,1,global_all_348_cross_gene,wt_mut_site
269,SCN4A,3,0,0.3333333333333333,0,1,global_all_348_cross_gene,wt_mut_site
269,SCN4A,5,0,0.4,0,1,global_all_348_cross_gene,wt_mut_site
270,SCN5A,1,1,1.0,1,1,global_all_348_cross_gene,wt_mut_site
270,SCN5A,3,1,1.0,1,1,global_all_348_cross_gene,wt_mut_site
270,SCN5A,5,1,0.6,1,1,global_all_348_cross_gene,wt_mut_site
271,SCN5A,1,0,0.0,0,1,global_all_348_cross_gene,wt_mut_site
271,SCN5A,3,0,0.3333333333333333,0,1,global_all_348_cross_gene,wt_mut_site
271,SCN5A,5,0,0.2,0,1,global_all_348_cross_gene,wt_mut_site
272,SCN4A,1,0,0.0,0,1,global_all_348_cross_gene,wt_mut_site
272,SCN4A,3,0,0.3333333333333333,0,1,global_all_348_cross_gene,wt_mut_site
272,SCN4A,5,0,0.4,0,1,global_all_348_cross_gene,wt_mut_site
273,SCN10A,1,0,0.0,0,1,global_all_348_cross_gene,wt_mut_site
273,SCN10A,3,0,0.3333333333333333,0,1,global_all_348_cross_gene,wt_mut_site
273,SCN10A,5,0,0.4,0,1,global_all_348_cross_gene,wt_mut_site
274,SCN5A,1,0,0.0,0,1,global_all_348_cross_gene,wt_mut_site
274,SCN5A,3,0,0.6666666666666666,1,0,global_all_348_cross_gene,wt_mut_site
274,SCN5A,5,0,0.8,1,0,global_all_348_cross_gene,wt_mut_site
275,SCN1A,1,0,1.0,1,0,global_all_348_cross_gene,wt_mut_site
275,SCN1A,3,0,0.6666666666666666,1,0,global_all_348_cross_gene,wt_mut_site
275,SCN1A,5,0,0.4,0,1,global_all_348_cross_gene,wt_mut_site
276,SCN1A,1,0,0.0,0,1,global_all_348_cross_gene,wt_mut_site
276,SCN1A,3,0,0.3333333333333333,0,1,global_all_348_cross_gene,wt_mut_site
276,SCN1A,5,0,0.4,0,1,global_all_348_cross_gene,wt_mut_site
277,SCN5A,1,0,0.0,0,1,global_all_348_cross_gene,wt_mut_site
277,SCN5A,3,0,0.0,0,1,global_all_348_cross_gene,wt_mut_site
277,SCN5A,5,0,0.4,0,1,global_all_348_cross_gene,wt_mut_site
278,SCN8A,1,0,0.0,0,1,global_all_348_cross_gene,wt_mut_site
278,SCN8A,3,0,0.3333333333333333,0,1,global_all_348_cross_gene,wt_mut_site
278,SCN8A,5,0,0.4,0,1,global_all_348_cross_gene,wt_mut_site
279,SCN5A,1,1,0.0,0,0,global_all_348_cross_gene,wt_mut_site
279,SCN5A,3,1,0.0,0,0,global_all_348_cross_gene,wt_mut_site
279,SCN5A,5,1,0.4,0,0,global_all_348_cross_gene,wt_mut_site
280,SCN3A,1,1,1.0,1,1,global_all_348_cross_gene,wt_mut_site
280,SCN3A,3,1,1.0,1,1,global_all_348_cross_gene,wt_mut_site
280,SCN3A,5,1,0.6,1,1,global_all_348_cross_gene,wt_mut_site
281,SCN1A,1,1,1.0,1,1,global_all_348_cross_gene,wt_mut_site
281,SCN1A,3,1,1.0,1,1,global_all_348_cross_gene,wt_mut_site
281,SCN1A,5,1,1.0,1,1,global_all_348_cross_gene,wt_mut_site
282,SCN4A,1,1,1.0,1,1,global_all_348_cross_gene,wt_mut_site
282,SCN4A,3,1,1.0,1,1,global_all_348_cross_gene,wt_mut_site
282,SCN4A,5,1,0.8,1,1,global_all_348_cross_gene,wt_mut_site
283,SCN1A,1,0,1.0,1,0,global_all_348_cross_gene,wt_mut_site
283,SCN1A,3,0,1.0,1,0,global_all_348_cross_gene,wt_mut_site
283,SCN1A,5,0,0.8,1,0,global_all_348_cross_gene,wt_mut_site
284,SCN5A,1,1,0.0,0,0,global_all_348_cross_gene,wt_mut_site
284,SCN5A,3,1,0.6666666666666666,1,1,global_all_348_cross_gene,wt_mut_site
284,SCN5A,5,1,0.8,1,1,global_all_348_cross_gene,wt_mut_site
285,SCN2A,1,0,1.0,1,0,global_all_348_cross_gene,wt_mut_site
285,SCN2A,3,0,1.0,1,0,global_all_348_cross_gene,wt_mut_site
285,SCN2A,5,0,1.0,1,0,global_all_348_cross_gene,wt_mut_site
286,SCN5A,1,1,1.0,1,1,global_all_348_cross_gene,wt_mut_site
286,SCN5A,3,1,0.6666666666666666,1,1,global_all_348_cross_gene,wt_mut_site
286,SCN5A,5,1,0.8,1,1,global_all_348_cross_gene,wt_mut_site
287,SCN5A,1,0,1.0,1,0,global_all_348_cross_gene,wt_mut_site
287,SCN5A,3,0,0.6666666666666666,1,0,global_all_348_cross_gene,wt_mut_site
287,SCN5A,5,0,0.6,1,0,global_all_348_cross_gene,wt_mut_site
288,SCN1A,1,0,0.0,0,1,global_all_348_cross_gene,wt_mut_site
288,SCN1A,3,0,0.6666666666666666,1,0,global_all_348_cross_gene,wt_mut_site
288,SCN1A,5,0,0.6,1,0,global_all_348_cross_gene,wt_mut_site
289,SCN5A,1,0,0.0,0,1,global_all_348_cross_gene,wt_mut_site
289,SCN5A,3,0,0.6666666666666666,1,0,global_all_348_cross_gene,wt_mut_site
289,SCN5A,5,0,0.8,1,0,global_all_348_cross_gene,wt_mut_site
290,SCN5A,1,1,1.0,1,1,global_all_348_cross_gene,wt_mut_site
290,SCN5A,3,1,0.6666666666666666,1,1,global_all_348_cross_gene,wt_mut_site
290,SCN5A,5,1,0.4,0,0,global_all_348_cross_gene,wt_mut_site
291,SCN3A,1,0,0.0,0,1,global_all_348_cross_gene,wt_mut_site
291,SCN3A,3,0,0.0,0,1,global_all_348_cross_gene,wt_mut_site
291,SCN3A,5,0,0.0,0,1,global_all_348_cross_gene,wt_mut_site
292,SCN1A,1,0,0.0,0,1,global_all_348_cross_gene,wt_mut_site
292,SCN1A,3,0,0.6666666666666666,1,0,global_all_348_cross_gene,wt_mut_site
292,SCN1A,5,0,0.6,1,0,global_all_348_cross_gene,wt_mut_site
293,SCN1A,1,0,0.0,0,1,global_all_348_cross_gene,wt_mut_site
293,SCN1A,3,0,0.6666666666666666,1,0,global_all_348_cross_gene,wt_mut_site
293,SCN1A,5,0,0.8,1,0,global_all_348_cross_gene,wt_mut_site
294,SCN5A,1,0,0.0,0,1,global_all_348_cross_gene,wt_mut_site
294,SCN5A,3,0,0.3333333333333333,0,1,global_all_348_cross_gene,wt_mut_site
294,SCN5A,5,0,0.2,0,1,global_all_348_cross_gene,wt_mut_site
295,SCN10A,1,0,0.0,0,1,global_all_348_cross_gene,wt_mut_site
295,SCN10A,3,0,0.6666666666666666,1,0,global_all_348_cross_gene,wt_mut_site
295,SCN10A,5,0,0.4,0,1,global_all_348_cross_gene,wt_mut_site
296,SCN5A,1,0,0.0,0,1,global_all_348_cross_gene,wt_mut_site
296,SCN5A,3,0,0.3333333333333333,0,1,global_all_348_cross_gene,wt_mut_site
296,SCN5A,5,0,0.4,0,1,global_all_348_cross_gene,wt_mut_site
297,SCN1A,1,0,0.0,0,1,global_all_348_cross_gene,wt_mut_site
297,SCN1A,3,0,0.3333333333333333,0,1,global_all_348_cross_gene,wt_mut_site
297,SCN1A,5,0,0.6,1,0,global_all_348_cross_gene,wt_mut_site
298,SCN5A,1,0,0.0,0,1,global_all_348_cross_gene,wt_mut_site
298,SCN5A,3,0,0.3333333333333333,0,1,global_all_348_cross_gene,wt_mut_site
298,SCN5A,5,0,0.2,0,1,global_all_348_cross_gene,wt_mut_site
299,SCN5A,1,0,1.0,1,0,global_all_348_cross_gene,wt_mut_site
299,SCN5A,3,0,0.6666666666666666,1,0,global_all_348_cross_gene,wt_mut_site
299,SCN5A,5,0,0.4,0,1,global_all_348_cross_gene,wt_mut_site
300,SCN10A,1,1,0.0,0,0,global_all_348_cross_gene,wt_mut_site
300,SCN10A,3,1,0.0,0,0,global_all_348_cross_gene,wt_mut_site
300,SCN10A,5,1,0.0,0,0,global_all_348_cross_gene,wt_mut_site
301,SCN5A,1,0,1.0,1,0,global_all_348_cross_gene,wt_mut_site
301,SCN5A,3,0,0.6666666666666666,1,0,global_all_348_cross_gene,wt_mut_site
301,SCN5A,5,0,0.8,1,0,global_all_348_cross_gene,wt_mut_site
302,SCN5A,1,0,1.0,1,0,global_all_348_cross_gene,wt_mut_site
302,SCN5A,3,0,0.6666666666666666,1,0,global_all_348_cross_gene,wt_mut_site
302,SCN5A,5,0,0.8,1,0,global_all_348_cross_gene,wt_mut_site
303,SCN5A,1,0,0.0,0,1,global_all_348_cross_gene,wt_mut_site
303,SCN5A,3,0,0.3333333333333333,0,1,global_all_348_cross_gene,wt_mut_site
303,SCN5A,5,0,0.4,0,1,global_all_348_cross_gene,wt_mut_site
304,SCN1A,1,0,0.0,0,1,global_all_348_cross_gene,wt_mut_site
304,SCN1A,3,0,0.6666666666666666,1,0,global_all_348_cross_gene,wt_mut_site
304,SCN1A,5,0,0.6,1,0,global_all_348_cross_gene,wt_mut_site
305,SCN5A,1,0,0.0,0,1,global_all_348_cross_gene,wt_mut_site
305,SCN5A,3,0,0.3333333333333333,0,1,global_all_348_cross_gene,wt_mut_site
305,SCN5A,5,0,0.4,0,1,global_all_348_cross_gene,wt_mut_site
306,SCN5A,1,0,0.0,0,1,global_all_348_cross_gene,wt_mut_site
306,SCN5A,3,0,0.3333333333333333,0,1,global_all_348_cross_gene,wt_mut_site
306,SCN5A,5,0,0.4,0,1,global_all_348_cross_gene,wt_mut_site
307,SCN5A,1,0,0.0,0,1,global_all_348_cross_gene,wt_mut_site
307,SCN5A,3,0,0.0,0,1,global_all_348_cross_gene,wt_mut_site
307,SCN5A,5,0,0.4,0,1,global_all_348_cross_gene,wt_mut_site
308,SCN1A,1,0,0.0,0,1,global_all_348_cross_gene,wt_mut_site
308,SCN1A,3,0,0.6666666666666666,1,0,global_all_348_cross_gene,wt_mut_site
308,SCN1A,5,0,0.8,1,0,global_all_348_cross_gene,wt_mut_site
309,SCN10A,1,1,1.0,1,1,global_all_348_cross_gene,wt_mut_site
309,SCN10A,3,1,1.0,1,1,global_all_348_cross_gene,wt_mut_site
309,SCN10A,5,1,1.0,1,1,global_all_348_cross_gene,wt_mut_site
310,SCN1A,1,1,0.0,0,0,global_all_348_cross_gene,wt_mut_site
310,SCN1A,3,1,0.6666666666666666,1,1,global_all_348_cross_gene,wt_mut_site
310,SCN1A,5,1,0.4,0,0,global_all_348_cross_gene,wt_mut_site
311,SCN5A,1,1,1.0,1,1,global_all_348_cross_gene,wt_mut_site
311,SCN5A,3,1,0.6666666666666666,1,1,global_all_348_cross_gene,wt_mut_site
311,SCN5A,5,1,0.8,1,1,global_all_348_cross_gene,wt_mut_site
312,SCN5A,1,1,0.0,0,0,global_all_348_cross_gene,wt_mut_site
312,SCN5A,3,1,0.0,0,0,global_all_348_cross_gene,wt_mut_site
312,SCN5A,5,1,0.2,0,0,global_all_348_cross_gene,wt_mut_site
313,SCN8A,1,0,1.0,1,0,global_all_348_cross_gene,wt_mut_site
313,SCN8A,3,0,1.0,1,0,global_all_348_cross_gene,wt_mut_site
313,SCN8A,5,0,0.8,1,0,global_all_348_cross_gene,wt_mut_site
314,SCN5A,1,1,0.0,0,0,global_all_348_cross_gene,wt_mut_site
314,SCN5A,3,1,0.3333333333333333,0,0,global_all_348_cross_gene,wt_mut_site
314,SCN5A,5,1,0.6,1,1,global_all_348_cross_gene,wt_mut_site
315,SCN3A,1,1,1.0,1,1,global_all_348_cross_gene,wt_mut_site
315,SCN3A,3,1,0.6666666666666666,1,1,global_all_348_cross_gene,wt_mut_site
315,SCN3A,5,1,0.8,1,1,global_all_348_cross_gene,wt_mut_site
316,SCN8A,1,1,1.0,1,1,global_all_348_cross_gene,wt_mut_site
316,SCN8A,3,1,0.6666666666666666,1,1,global_all_348_cross_gene,wt_mut_site
316,SCN8A,5,1,0.8,1,1,global_all_348_cross_gene,wt_mut_site
317,SCN5A,1,1,1.0,1,1,global_all_348_cross_gene,wt_mut_site
317,SCN5A,3,1,1.0,1,1,global_all_348_cross_gene,wt_mut_site
317,SCN5A,5,1,0.8,1,1,global_all_348_cross_gene,wt_mut_site
318,SCN5A,1,1,1.0,1,1,global_all_348_cross_gene,wt_mut_site
318,SCN5A,3,1,1.0,1,1,global_all_348_cross_gene,wt_mut_site
318,SCN5A,5,1,1.0,1,1,global_all_348_cross_gene,wt_mut_site
319,SCN2A,1,0,1.0,1,0,global_all_348_cross_gene,wt_mut_site
319,SCN2A,3,0,0.6666666666666666,1,0,global_all_348_cross_gene,wt_mut_site
319,SCN2A,5,0,0.8,1,0,global_all_348_cross_gene,wt_mut_site
320,SCN3A,1,1,1.0,1,1,global_all_348_cross_gene,wt_mut_site
320,SCN3A,3,1,1.0,1,1,global_all_348_cross_gene,wt_mut_site
320,SCN3A,5,1,1.0,1,1,global_all_348_cross_gene,wt_mut_site
321,SCN5A,1,1,1.0,1,1,global_all_348_cross_gene,wt_mut_site
321,SCN5A,3,1,1.0,1,1,global_all_348_cross_gene,wt_mut_site
321,SCN5A,5,1,0.8,1,1,global_all_348_cross_gene,wt_mut_site
322,SCN8A,1,1,1.0,1,1,global_all_348_cross_gene,wt_mut_site
322,SCN8A,3,1,1.0,1,1,global_all_348_cross_gene,wt_mut_site
322,SCN8A,5,1,1.0,1,1,global_all_348_cross_gene,wt_mut_site
323,SCN5A,1,1,1.0,1,1,global_all_348_cross_gene,wt_mut_site
323,SCN5A,3,1,0.6666666666666666,1,1,global_all_348_cross_gene,wt_mut_site
323,SCN5A,5,1,0.8,1,1,global_all_348_cross_gene,wt_mut_site
324,SCN5A,1,1,1.0,1,1,global_all_348_cross_gene,wt_mut_site
324,SCN5A,3,1,1.0,1,1,global_all_348_cross_gene,wt_mut_site
324,SCN5A,5,1,1.0,1,1,global_all_348_cross_gene,wt_mut_site
325,SCN5A,1,0,1.0,1,0,global_all_348_cross_gene,wt_mut_site
325,SCN5A,3,0,1.0,1,0,global_all_348_cross_gene,wt_mut_site
325,SCN5A,5,0,1.0,1,0,global_all_348_cross_gene,wt_mut_site
326,SCN2A,1,1,1.0,1,1,global_all_348_cross_gene,wt_mut_site
326,SCN2A,3,1,0.6666666666666666,1,1,global_all_348_cross_gene,wt_mut_site
326,SCN2A,5,1,0.4,0,0,global_all_348_cross_gene,wt_mut_site
327,SCN4A,1,1,0.0,0,0,global_all_348_cross_gene,wt_mut_site
327,SCN4A,3,1,0.6666666666666666,1,1,global_all_348_cross_gene,wt_mut_site
327,SCN4A,5,1,0.8,1,1,global_all_348_cross_gene,wt_mut_site
328,SCN1A,1,0,0.0,0,1,global_all_348_cross_gene,wt_mut_site
328,SCN1A,3,0,0.6666666666666666,1,0,global_all_348_cross_gene,wt_mut_site
328,SCN1A,5,0,0.4,0,1,global_all_348_cross_gene,wt_mut_site
329,SCN5A,1,0,1.0,1,0,global_all_348_cross_gene,wt_mut_site
329,SCN5A,3,0,1.0,1,0,global_all_348_cross_gene,wt_mut_site
329,SCN5A,5,0,0.8,1,0,global_all_348_cross_gene,wt_mut_site
330,SCN5A,1,0,1.0,1,0,global_all_348_cross_gene,wt_mut_site
330,SCN5A,3,0,1.0,1,0,global_all_348_cross_gene,wt_mut_site
330,SCN5A,5,0,1.0,1,0,global_all_348_cross_gene,wt_mut_site
331,SCN5A,1,0,1.0,1,0,global_all_348_cross_gene,wt_mut_site
331,SCN5A,3,0,1.0,1,0,global_all_348_cross_gene,wt_mut_site
331,SCN5A,5,0,1.0,1,0,global_all_348_cross_gene,wt_mut_site
332,SCN1A,1,1,1.0,1,1,global_all_348_cross_gene,wt_mut_site
332,SCN1A,3,1,0.6666666666666666,1,1,global_all_348_cross_gene,wt_mut_site
332,SCN1A,5,1,0.8,1,1,global_all_348_cross_gene,wt_mut_site
333,SCN2A,1,1,1.0,1,1,global_all_348_cross_gene,wt_mut_site
333,SCN2A,3,1,1.0,1,1,global_all_348_cross_gene,wt_mut_site
333,SCN2A,5,1,0.8,1,1,global_all_348_cross_gene,wt_mut_site
334,SCN8A,1,1,1.0,1,1,global_all_348_cross_gene,wt_mut_site
334,SCN8A,3,1,0.6666666666666666,1,1,global_all_348_cross_gene,wt_mut_site
334,SCN8A,5,1,0.8,1,1,global_all_348_cross_gene,wt_mut_site
335,SCN2A,1,1,1.0,1,1,global_all_348_cross_gene,wt_mut_site
335,SCN2A,3,1,1.0,1,1,global_all_348_cross_gene,wt_mut_site
335,SCN2A,5,1,0.8,1,1,global_all_348_cross_gene,wt_mut_site
336,SCN2A,1,1,1.0,1,1,global_all_348_cross_gene,wt_mut_site
336,SCN2A,3,1,1.0,1,1,global_all_348_cross_gene,wt_mut_site
336,SCN2A,5,1,0.8,1,1,global_all_348_cross_gene,wt_mut_site
337,SCN8A,1,1,1.0,1,1,global_all_348_cross_gene,wt_mut_site
337,SCN8A,3,1,0.6666666666666666,1,1,global_all_348_cross_gene,wt_mut_site
337,SCN8A,5,1,0.8,1,1,global_all_348_cross_gene,wt_mut_site
338,SCN8A,1,1,1.0,1,1,global_all_348_cross_gene,wt_mut_site
338,SCN8A,3,1,0.6666666666666666,1,1,global_all_348_cross_gene,wt_mut_site
338,SCN8A,5,1,0.8,1,1,global_all_348_cross_gene,wt_mut_site
339,SCN5A,1,0,1.0,1,0,global_all_348_cross_gene,wt_mut_site
339,SCN5A,3,0,1.0,1,0,global_all_348_cross_gene,wt_mut_site
339,SCN5A,5,0,1.0,1,0,global_all_348_cross_gene,wt_mut_site
340,SCN5A,1,0,1.0,1,0,global_all_348_cross_gene,wt_mut_site
340,SCN5A,3,0,1.0,1,0,global_all_348_cross_gene,wt_mut_site
340,SCN5A,5,0,1.0,1,0,global_all_348_cross_gene,wt_mut_site
341,SCN1A,1,0,0.0,0,1,global_all_348_cross_gene,wt_mut_site
341,SCN1A,3,0,0.3333333333333333,0,1,global_all_348_cross_gene,wt_mut_site
341,SCN1A,5,0,0.6,1,0,global_all_348_cross_gene,wt_mut_site
342,SCN1A,1,0,0.0,0,1,global_all_348_cross_gene,wt_mut_site
342,SCN1A,3,0,0.3333333333333333,0,1,global_all_348_cross_gene,wt_mut_site
342,SCN1A,5,0,0.4,0,1,global_all_348_cross_gene,wt_mut_site
343,SCN1A,1,0,1.0,1,0,global_all_348_cross_gene,wt_mut_site
343,SCN1A,3,0,1.0,1,0,global_all_348_cross_gene,wt_mut_site
343,SCN1A,5,0,0.6,1,0,global_all_348_cross_gene,wt_mut_site
344,SCN10A,1,1,0.0,0,0,global_all_348_cross_gene,wt_mut_site
344,SCN10A,3,1,0.6666666666666666,1,1,global_all_348_cross_gene,wt_mut_site
344,SCN10A,5,1,0.8,1,1,global_all_348_cross_gene,wt_mut_site
345,SCN5A,1,0,1.0,1,0,global_all_348_cross_gene,wt_mut_site
345,SCN5A,3,0,0.6666666666666666,1,0,global_all_348_cross_gene,wt_mut_site
345,SCN5A,5,0,0.8,1,0,global_all_348_cross_gene,wt_mut_site
346,SCN5A,1,0,1.0,1,0,global_all_348_cross_gene,wt_mut_site
346,SCN5A,3,0,1.0,1,0,global_all_348_cross_gene,wt_mut_site
346,SCN5A,5,0,0.8,1,0,global_all_348_cross_gene,wt_mut_site
347,SCN5A,1,1,1.0,1,1,global_all_348_cross_gene,wt_mut_site
347,SCN5A,3,1,0.6666666666666666,1,1,global_all_348_cross_gene,wt_mut_site
347,SCN5A,5,1,0.8,1,1,global_all_348_cross_gene,wt_mut_site
4,SCN1A,1,0,0.0,0,1,heldout_SCN1A,wt_site
4,SCN1A,3,0,0.0,0,1,heldout_SCN1A,wt_site
4,SCN1A,5,0,0.4,0,1,heldout_SCN1A,wt_site
20,SCN1A,1,0,0.0,0,1,heldout_SCN1A,wt_site
20,SCN1A,3,0,0.0,0,1,heldout_SCN1A,wt_site
20,SCN1A,5,0,0.2,0,1,heldout_SCN1A,wt_site
25,SCN1A,1,0,0.0,0,1,heldout_SCN1A,wt_site
25,SCN1A,3,0,0.0,0,1,heldout_SCN1A,wt_site
25,SCN1A,5,0,0.0,0,1,heldout_SCN1A,wt_site
26,SCN1A,1,0,0.0,0,1,heldout_SCN1A,wt_site
26,SCN1A,3,0,0.0,0,1,heldout_SCN1A,wt_site
26,SCN1A,5,0,0.0,0,1,heldout_SCN1A,wt_site
39,SCN1A,1,0,1.0,1,0,heldout_SCN1A,wt_site
39,SCN1A,3,0,1.0,1,0,heldout_SCN1A,wt_site
39,SCN1A,5,0,1.0,1,0,heldout_SCN1A,wt_site
46,SCN1A,1,0,1.0,1,0,heldout_SCN1A,wt_site
46,SCN1A,3,0,1.0,1,0,heldout_SCN1A,wt_site
46,SCN1A,5,0,1.0,1,0,heldout_SCN1A,wt_site
47,SCN1A,1,0,0.0,0,1,heldout_SCN1A,wt_site
47,SCN1A,3,0,0.0,0,1,heldout_SCN1A,wt_site
47,SCN1A,5,0,0.4,0,1,heldout_SCN1A,wt_site
49,SCN1A,1,1,1.0,1,1,heldout_SCN1A,wt_site
49,SCN1A,3,1,0.3333333333333333,0,0,heldout_SCN1A,wt_site
49,SCN1A,5,1,0.6,1,1,heldout_SCN1A,wt_site
54,SCN1A,1,0,0.0,0,1,heldout_SCN1A,wt_site
54,SCN1A,3,0,0.0,0,1,heldout_SCN1A,wt_site
54,SCN1A,5,0,0.2,0,1,heldout_SCN1A,wt_site
71,SCN1A,1,0,0.0,0,1,heldout_SCN1A,wt_site
71,SCN1A,3,0,0.0,0,1,heldout_SCN1A,wt_site
71,SCN1A,5,0,0.0,0,1,heldout_SCN1A,wt_site
83,SCN1A,1,0,1.0,1,0,heldout_SCN1A,wt_site
83,SCN1A,3,0,1.0,1,0,heldout_SCN1A,wt_site
83,SCN1A,5,0,1.0,1,0,heldout_SCN1A,wt_site
99,SCN1A,1,0,0.0,0,1,heldout_SCN1A,wt_site
99,SCN1A,3,0,0.3333333333333333,0,1,heldout_SCN1A,wt_site
99,SCN1A,5,0,0.6,1,0,heldout_SCN1A,wt_site
100,SCN1A,1,0,0.0,0,1,heldout_SCN1A,wt_site
100,SCN1A,3,0,0.3333333333333333,0,1,heldout_SCN1A,wt_site
100,SCN1A,5,0,0.4,0,1,heldout_SCN1A,wt_site
106,SCN1A,1,0,0.0,0,1,heldout_SCN1A,wt_site
106,SCN1A,3,0,0.0,0,1,heldout_SCN1A,wt_site
106,SCN1A,5,0,0.4,0,1,heldout_SCN1A,wt_site
108,SCN1A,1,0,0.0,0,1,heldout_SCN1A,wt_site
108,SCN1A,3,0,0.0,0,1,heldout_SCN1A,wt_site
108,SCN1A,5,0,0.4,0,1,heldout_SCN1A,wt_site
115,SCN1A,1,1,0.0,0,0,heldout_SCN1A,wt_site
115,SCN1A,3,1,0.3333333333333333,0,0,heldout_SCN1A,wt_site
115,SCN1A,5,1,0.2,0,0,heldout_SCN1A,wt_site
117,SCN1A,1,0,0.0,0,1,heldout_SCN1A,wt_site
117,SCN1A,3,0,0.3333333333333333,0,1,heldout_SCN1A,wt_site
117,SCN1A,5,0,0.4,0,1,heldout_SCN1A,wt_site
122,SCN1A,1,0,0.0,0,1,heldout_SCN1A,wt_site
122,SCN1A,3,0,0.0,0,1,heldout_SCN1A,wt_site
122,SCN1A,5,0,0.2,0,1,heldout_SCN1A,wt_site
126,SCN1A,1,0,0.0,0,1,heldout_SCN1A,wt_site
126,SCN1A,3,0,0.3333333333333333,0,1,heldout_SCN1A,wt_site
126,SCN1A,5,0,0.2,0,1,heldout_SCN1A,wt_site
130,SCN1A,1,0,0.0,0,1,heldout_SCN1A,wt_site
130,SCN1A,3,0,0.3333333333333333,0,1,heldout_SCN1A,wt_site
130,SCN1A,5,0,0.2,0,1,heldout_SCN1A,wt_site
133,SCN1A,1,0,0.0,0,1,heldout_SCN1A,wt_site
133,SCN1A,3,0,0.0,0,1,heldout_SCN1A,wt_site
133,SCN1A,5,0,0.0,0,1,heldout_SCN1A,wt_site
135,SCN1A,1,0,0.0,0,1,heldout_SCN1A,wt_site
135,SCN1A,3,0,0.0,0,1,heldout_SCN1A,wt_site
135,SCN1A,5,0,0.0,0,1,heldout_SCN1A,wt_site
138,SCN1A,1,0,0.0,0,1,heldout_SCN1A,wt_site
138,SCN1A,3,0,0.3333333333333333,0,1,heldout_SCN1A,wt_site
138,SCN1A,5,0,0.6,1,0,heldout_SCN1A,wt_site
139,SCN1A,1,0,0.0,0,1,heldout_SCN1A,wt_site
139,SCN1A,3,0,0.0,0,1,heldout_SCN1A,wt_site
139,SCN1A,5,0,0.0,0,1,heldout_SCN1A,wt_site
142,SCN1A,1,0,0.0,0,1,heldout_SCN1A,wt_site
142,SCN1A,3,0,0.0,0,1,heldout_SCN1A,wt_site
142,SCN1A,5,0,0.0,0,1,heldout_SCN1A,wt_site
146,SCN1A,1,0,1.0,1,0,heldout_SCN1A,wt_site
146,SCN1A,3,0,0.3333333333333333,0,1,heldout_SCN1A,wt_site
146,SCN1A,5,0,0.4,0,1,heldout_SCN1A,wt_site
147,SCN1A,1,0,0.0,0,1,heldout_SCN1A,wt_site
147,SCN1A,3,0,0.6666666666666666,1,0,heldout_SCN1A,wt_site
147,SCN1A,5,0,0.6,1,0,heldout_SCN1A,wt_site
148,SCN1A,1,0,1.0,1,0,heldout_SCN1A,wt_site
148,SCN1A,3,0,1.0,1,0,heldout_SCN1A,wt_site
148,SCN1A,5,0,0.6,1,0,heldout_SCN1A,wt_site
153,SCN1A,1,0,1.0,1,0,heldout_SCN1A,wt_site
153,SCN1A,3,0,0.6666666666666666,1,0,heldout_SCN1A,wt_site
153,SCN1A,5,0,0.6,1,0,heldout_SCN1A,wt_site
163,SCN1A,1,0,1.0,1,0,heldout_SCN1A,wt_site
163,SCN1A,3,0,0.6666666666666666,1,0,heldout_SCN1A,wt_site
163,SCN1A,5,0,0.6,1,0,heldout_SCN1A,wt_site
188,SCN1A,1,0,0.0,0,1,heldout_SCN1A,wt_site
188,SCN1A,3,0,0.6666666666666666,1,0,heldout_SCN1A,wt_site
188,SCN1A,5,0,0.6,1,0,heldout_SCN1A,wt_site
192,SCN1A,1,0,1.0,1,0,heldout_SCN1A,wt_site
192,SCN1A,3,0,0.6666666666666666,1,0,heldout_SCN1A,wt_site
192,SCN1A,5,0,0.8,1,0,heldout_SCN1A,wt_site
204,SCN1A,1,0,0.0,0,1,heldout_SCN1A,wt_site
204,SCN1A,3,0,0.0,0,1,heldout_SCN1A,wt_site
204,SCN1A,5,0,0.0,0,1,heldout_SCN1A,wt_site
222,SCN1A,1,1,1.0,1,1,heldout_SCN1A,wt_site
222,SCN1A,3,1,1.0,1,1,heldout_SCN1A,wt_site
222,SCN1A,5,1,0.8,1,1,heldout_SCN1A,wt_site
223,SCN1A,1,1,1.0,1,1,heldout_SCN1A,wt_site
223,SCN1A,3,1,1.0,1,1,heldout_SCN1A,wt_site
223,SCN1A,5,1,0.8,1,1,heldout_SCN1A,wt_site
227,SCN1A,1,0,1.0,1,0,heldout_SCN1A,wt_site
227,SCN1A,3,0,0.6666666666666666,1,0,heldout_SCN1A,wt_site
227,SCN1A,5,0,0.8,1,0,heldout_SCN1A,wt_site
230,SCN1A,1,1,1.0,1,1,heldout_SCN1A,wt_site
230,SCN1A,3,1,0.6666666666666666,1,1,heldout_SCN1A,wt_site
230,SCN1A,5,1,0.6,1,1,heldout_SCN1A,wt_site
231,SCN1A,1,1,1.0,1,1,heldout_SCN1A,wt_site
231,SCN1A,3,1,1.0,1,1,heldout_SCN1A,wt_site
231,SCN1A,5,1,0.8,1,1,heldout_SCN1A,wt_site
238,SCN1A,1,0,0.0,0,1,heldout_SCN1A,wt_site
238,SCN1A,3,0,0.0,0,1,heldout_SCN1A,wt_site
238,SCN1A,5,0,0.0,0,1,heldout_SCN1A,wt_site
241,SCN1A,1,1,1.0,1,1,heldout_SCN1A,wt_site
241,SCN1A,3,1,1.0,1,1,heldout_SCN1A,wt_site
241,SCN1A,5,1,0.8,1,1,heldout_SCN1A,wt_site
244,SCN1A,1,0,0.0,0,1,heldout_SCN1A,wt_site
244,SCN1A,3,0,0.0,0,1,heldout_SCN1A,wt_site
244,SCN1A,5,0,0.2,0,1,heldout_SCN1A,wt_site
246,SCN1A,1,0,0.0,0,1,heldout_SCN1A,wt_site
246,SCN1A,3,0,0.0,0,1,heldout_SCN1A,wt_site
246,SCN1A,5,0,0.2,0,1,heldout_SCN1A,wt_site
251,SCN1A,1,1,0.0,0,0,heldout_SCN1A,wt_site
251,SCN1A,3,1,0.6666666666666666,1,1,heldout_SCN1A,wt_site
251,SCN1A,5,1,0.8,1,1,heldout_SCN1A,wt_site
253,SCN1A,1,1,0.0,0,0,heldout_SCN1A,wt_site
253,SCN1A,3,1,0.6666666666666666,1,1,heldout_SCN1A,wt_site
253,SCN1A,5,1,0.8,1,1,heldout_SCN1A,wt_site
255,SCN1A,1,0,0.0,0,1,heldout_SCN1A,wt_site
255,SCN1A,3,0,0.3333333333333333,0,1,heldout_SCN1A,wt_site
255,SCN1A,5,0,0.4,0,1,heldout_SCN1A,wt_site
275,SCN1A,1,0,1.0,1,0,heldout_SCN1A,wt_site
275,SCN1A,3,0,0.6666666666666666,1,0,heldout_SCN1A,wt_site
275,SCN1A,5,0,0.6,1,0,heldout_SCN1A,wt_site
276,SCN1A,1,0,0.0,0,1,heldout_SCN1A,wt_site
276,SCN1A,3,0,0.3333333333333333,0,1,heldout_SCN1A,wt_site
276,SCN1A,5,0,0.4,0,1,heldout_SCN1A,wt_site
281,SCN1A,1,1,1.0,1,1,heldout_SCN1A,wt_site
281,SCN1A,3,1,1.0,1,1,heldout_SCN1A,wt_site
281,SCN1A,5,1,0.8,1,1,heldout_SCN1A,wt_site
283,SCN1A,1,0,1.0,1,0,heldout_SCN1A,wt_site
283,SCN1A,3,0,1.0,1,0,heldout_SCN1A,wt_site
283,SCN1A,5,0,1.0,1,0,heldout_SCN1A,wt_site
288,SCN1A,1,0,0.0,0,1,heldout_SCN1A,wt_site
288,SCN1A,3,0,0.6666666666666666,1,0,heldout_SCN1A,wt_site
288,SCN1A,5,0,0.4,0,1,heldout_SCN1A,wt_site
292,SCN1A,1,0,0.0,0,1,heldout_SCN1A,wt_site
292,SCN1A,3,0,0.6666666666666666,1,0,heldout_SCN1A,wt_site
292,SCN1A,5,0,0.8,1,0,heldout_SCN1A,wt_site
293,SCN1A,1,0,0.0,0,1,heldout_SCN1A,wt_site
293,SCN1A,3,0,0.6666666666666666,1,0,heldout_SCN1A,wt_site
293,SCN1A,5,0,0.8,1,0,heldout_SCN1A,wt_site
297,SCN1A,1,0,0.0,0,1,heldout_SCN1A,wt_site
297,SCN1A,3,0,0.6666666666666666,1,0,heldout_SCN1A,wt_site
297,SCN1A,5,0,0.6,1,0,heldout_SCN1A,wt_site
304,SCN1A,1,0,0.0,0,1,heldout_SCN1A,wt_site
304,SCN1A,3,0,0.3333333333333333,0,1,heldout_SCN1A,wt_site
304,SCN1A,5,0,0.6,1,0,heldout_SCN1A,wt_site
308,SCN1A,1,0,0.0,0,1,heldout_SCN1A,wt_site
308,SCN1A,3,0,0.6666666666666666,1,0,heldout_SCN1A,wt_site
308,SCN1A,5,0,0.8,1,0,heldout_SCN1A,wt_site
310,SCN1A,1,1,0.0,0,0,heldout_SCN1A,wt_site
310,SCN1A,3,1,0.6666666666666666,1,1,heldout_SCN1A,wt_site
310,SCN1A,5,1,0.4,0,0,heldout_SCN1A,wt_site
328,SCN1A,1,0,0.0,0,1,heldout_SCN1A,wt_site
328,SCN1A,3,0,0.6666666666666666,1,0,heldout_SCN1A,wt_site
328,SCN1A,5,0,0.6,1,0,heldout_SCN1A,wt_site
332,SCN1A,1,1,0.0,0,0,heldout_SCN1A,wt_site
332,SCN1A,3,1,0.0,0,0,heldout_SCN1A,wt_site
332,SCN1A,5,1,0.4,0,0,heldout_SCN1A,wt_site
341,SCN1A,1,0,0.0,0,1,heldout_SCN1A,wt_site
341,SCN1A,3,0,0.3333333333333333,0,1,heldout_SCN1A,wt_site
341,SCN1A,5,0,0.4,0,1,heldout_SCN1A,wt_site
342,SCN1A,1,0,0.0,0,1,heldout_SCN1A,wt_site
342,SCN1A,3,0,0.3333333333333333,0,1,heldout_SCN1A,wt_site
342,SCN1A,5,0,0.6,1,0,heldout_SCN1A,wt_site
343,SCN1A,1,0,1.0,1,0,heldout_SCN1A,wt_site
343,SCN1A,3,0,1.0,1,0,heldout_SCN1A,wt_site
343,SCN1A,5,0,0.8,1,0,heldout_SCN1A,wt_site
4,SCN1A,1,0,0.0,0,1,heldout_SCN1A,mutant_site
4,SCN1A,3,0,0.3333333333333333,0,1,heldout_SCN1A,mutant_site
4,SCN1A,5,0,0.2,0,1,heldout_SCN1A,mutant_site
20,SCN1A,1,0,0.0,0,1,heldout_SCN1A,mutant_site
20,SCN1A,3,0,0.0,0,1,heldout_SCN1A,mutant_site
20,SCN1A,5,0,0.2,0,1,heldout_SCN1A,mutant_site
25,SCN1A,1,0,0.0,0,1,heldout_SCN1A,mutant_site
25,SCN1A,3,0,0.0,0,1,heldout_SCN1A,mutant_site
25,SCN1A,5,0,0.0,0,1,heldout_SCN1A,mutant_site
26,SCN1A,1,0,0.0,0,1,heldout_SCN1A,mutant_site
26,SCN1A,3,0,0.0,0,1,heldout_SCN1A,mutant_site
26,SCN1A,5,0,0.0,0,1,heldout_SCN1A,mutant_site
39,SCN1A,1,0,1.0,1,0,heldout_SCN1A,mutant_site
39,SCN1A,3,0,1.0,1,0,heldout_SCN1A,mutant_site
39,SCN1A,5,0,1.0,1,0,heldout_SCN1A,mutant_site
46,SCN1A,1,0,1.0,1,0,heldout_SCN1A,mutant_site
46,SCN1A,3,0,1.0,1,0,heldout_SCN1A,mutant_site
46,SCN1A,5,0,0.8,1,0,heldout_SCN1A,mutant_site
47,SCN1A,1,0,0.0,0,1,heldout_SCN1A,mutant_site
47,SCN1A,3,0,0.3333333333333333,0,1,heldout_SCN1A,mutant_site
47,SCN1A,5,0,0.2,0,1,heldout_SCN1A,mutant_site
49,SCN1A,1,1,1.0,1,1,heldout_SCN1A,mutant_site
49,SCN1A,3,1,0.6666666666666666,1,1,heldout_SCN1A,mutant_site
49,SCN1A,5,1,0.4,0,0,heldout_SCN1A,mutant_site
54,SCN1A,1,0,0.0,0,1,heldout_SCN1A,mutant_site
54,SCN1A,3,0,0.0,0,1,heldout_SCN1A,mutant_site
54,SCN1A,5,0,0.4,0,1,heldout_SCN1A,mutant_site
71,SCN1A,1,0,0.0,0,1,heldout_SCN1A,mutant_site
71,SCN1A,3,0,0.0,0,1,heldout_SCN1A,mutant_site
71,SCN1A,5,0,0.2,0,1,heldout_SCN1A,mutant_site
83,SCN1A,1,0,1.0,1,0,heldout_SCN1A,mutant_site
83,SCN1A,3,0,1.0,1,0,heldout_SCN1A,mutant_site
83,SCN1A,5,0,1.0,1,0,heldout_SCN1A,mutant_site
99,SCN1A,1,0,0.0,0,1,heldout_SCN1A,mutant_site
99,SCN1A,3,0,0.3333333333333333,0,1,heldout_SCN1A,mutant_site
99,SCN1A,5,0,0.6,1,0,heldout_SCN1A,mutant_site
100,SCN1A,1,0,0.0,0,1,heldout_SCN1A,mutant_site
100,SCN1A,3,0,0.3333333333333333,0,1,heldout_SCN1A,mutant_site
100,SCN1A,5,0,0.4,0,1,heldout_SCN1A,mutant_site
106,SCN1A,1,0,0.0,0,1,heldout_SCN1A,mutant_site
106,SCN1A,3,0,0.0,0,1,heldout_SCN1A,mutant_site
106,SCN1A,5,0,0.0,0,1,heldout_SCN1A,mutant_site
108,SCN1A,1,0,0.0,0,1,heldout_SCN1A,mutant_site
108,SCN1A,3,0,0.0,0,1,heldout_SCN1A,mutant_site
108,SCN1A,5,0,0.2,0,1,heldout_SCN1A,mutant_site
115,SCN1A,1,1,0.0,0,0,heldout_SCN1A,mutant_site
115,SCN1A,3,1,0.0,0,0,heldout_SCN1A,mutant_site
115,SCN1A,5,1,0.2,0,0,heldout_SCN1A,mutant_site
117,SCN1A,1,0,0.0,0,1,heldout_SCN1A,mutant_site
117,SCN1A,3,0,0.0,0,1,heldout_SCN1A,mutant_site
117,SCN1A,5,0,0.4,0,1,heldout_SCN1A,mutant_site
122,SCN1A,1,0,0.0,0,1,heldout_SCN1A,mutant_site
122,SCN1A,3,0,0.0,0,1,heldout_SCN1A,mutant_site
122,SCN1A,5,0,0.2,0,1,heldout_SCN1A,mutant_site
126,SCN1A,1,0,1.0,1,0,heldout_SCN1A,mutant_site
126,SCN1A,3,0,0.3333333333333333,0,1,heldout_SCN1A,mutant_site
126,SCN1A,5,0,0.6,1,0,heldout_SCN1A,mutant_site
130,SCN1A,1,0,1.0,1,0,heldout_SCN1A,mutant_site
130,SCN1A,3,0,1.0,1,0,heldout_SCN1A,mutant_site
130,SCN1A,5,0,0.6,1,0,heldout_SCN1A,mutant_site
133,SCN1A,1,0,0.0,0,1,heldout_SCN1A,mutant_site
133,SCN1A,3,0,0.0,0,1,heldout_SCN1A,mutant_site
133,SCN1A,5,0,0.0,0,1,heldout_SCN1A,mutant_site
135,SCN1A,1,0,0.0,0,1,heldout_SCN1A,mutant_site
135,SCN1A,3,0,0.0,0,1,heldout_SCN1A,mutant_site
135,SCN1A,5,0,0.0,0,1,heldout_SCN1A,mutant_site
138,SCN1A,1,0,1.0,1,0,heldout_SCN1A,mutant_site
138,SCN1A,3,0,0.6666666666666666,1,0,heldout_SCN1A,mutant_site
138,SCN1A,5,0,0.6,1,0,heldout_SCN1A,mutant_site
139,SCN1A,1,0,0.0,0,1,heldout_SCN1A,mutant_site
139,SCN1A,3,0,0.0,0,1,heldout_SCN1A,mutant_site
139,SCN1A,5,0,0.2,0,1,heldout_SCN1A,mutant_site
142,SCN1A,1,0,0.0,0,1,heldout_SCN1A,mutant_site
142,SCN1A,3,0,0.0,0,1,heldout_SCN1A,mutant_site
142,SCN1A,5,0,0.0,0,1,heldout_SCN1A,mutant_site
146,SCN1A,1,0,0.0,0,1,heldout_SCN1A,mutant_site
146,SCN1A,3,0,0.3333333333333333,0,1,heldout_SCN1A,mutant_site
146,SCN1A,5,0,0.6,1,0,heldout_SCN1A,mutant_site
147,SCN1A,1,0,1.0,1,0,heldout_SCN1A,mutant_site
147,SCN1A,3,0,0.6666666666666666,1,0,heldout_SCN1A,mutant_site
147,SCN1A,5,0,0.6,1,0,heldout_SCN1A,mutant_site
148,SCN1A,1,0,1.0,1,0,heldout_SCN1A,mutant_site
148,SCN1A,3,0,1.0,1,0,heldout_SCN1A,mutant_site
148,SCN1A,5,0,0.8,1,0,heldout_SCN1A,mutant_site
153,SCN1A,1,0,1.0,1,0,heldout_SCN1A,mutant_site
153,SCN1A,3,0,0.6666666666666666,1,0,heldout_SCN1A,mutant_site
153,SCN1A,5,0,0.8,1,0,heldout_SCN1A,mutant_site
163,SCN1A,1,0,1.0,1,0,heldout_SCN1A,mutant_site
163,SCN1A,3,0,0.6666666666666666,1,0,heldout_SCN1A,mutant_site
163,SCN1A,5,0,0.8,1,0,heldout_SCN1A,mutant_site
188,SCN1A,1,0,0.0,0,1,heldout_SCN1A,mutant_site
188,SCN1A,3,0,0.6666666666666666,1,0,heldout_SCN1A,mutant_site
188,SCN1A,5,0,0.6,1,0,heldout_SCN1A,mutant_site
192,SCN1A,1,0,1.0,1,0,heldout_SCN1A,mutant_site
192,SCN1A,3,0,1.0,1,0,heldout_SCN1A,mutant_site
192,SCN1A,5,0,0.8,1,0,heldout_SCN1A,mutant_site
204,SCN1A,1,0,0.0,0,1,heldout_SCN1A,mutant_site
204,SCN1A,3,0,0.0,0,1,heldout_SCN1A,mutant_site
204,SCN1A,5,0,0.2,0,1,heldout_SCN1A,mutant_site
222,SCN1A,1,1,1.0,1,1,heldout_SCN1A,mutant_site
222,SCN1A,3,1,1.0,1,1,heldout_SCN1A,mutant_site
222,SCN1A,5,1,1.0,1,1,heldout_SCN1A,mutant_site
223,SCN1A,1,1,1.0,1,1,heldout_SCN1A,mutant_site
223,SCN1A,3,1,1.0,1,1,heldout_SCN1A,mutant_site
223,SCN1A,5,1,1.0,1,1,heldout_SCN1A,mutant_site
227,SCN1A,1,0,1.0,1,0,heldout_SCN1A,mutant_site
227,SCN1A,3,0,1.0,1,0,heldout_SCN1A,mutant_site
227,SCN1A,5,0,0.8,1,0,heldout_SCN1A,mutant_site
230,SCN1A,1,1,1.0,1,1,heldout_SCN1A,mutant_site
230,SCN1A,3,1,1.0,1,1,heldout_SCN1A,mutant_site
230,SCN1A,5,1,0.8,1,1,heldout_SCN1A,mutant_site
231,SCN1A,1,1,1.0,1,1,heldout_SCN1A,mutant_site
231,SCN1A,3,1,1.0,1,1,heldout_SCN1A,mutant_site
231,SCN1A,5,1,0.8,1,1,heldout_SCN1A,mutant_site
238,SCN1A,1,0,0.0,0,1,heldout_SCN1A,mutant_site
238,SCN1A,3,0,0.3333333333333333,0,1,heldout_SCN1A,mutant_site
238,SCN1A,5,0,0.4,0,1,heldout_SCN1A,mutant_site
241,SCN1A,1,1,1.0,1,1,heldout_SCN1A,mutant_site
241,SCN1A,3,1,0.6666666666666666,1,1,heldout_SCN1A,mutant_site
241,SCN1A,5,1,0.6,1,1,heldout_SCN1A,mutant_site
244,SCN1A,1,0,0.0,0,1,heldout_SCN1A,mutant_site
244,SCN1A,3,0,0.0,0,1,heldout_SCN1A,mutant_site
244,SCN1A,5,0,0.4,0,1,heldout_SCN1A,mutant_site
246,SCN1A,1,0,0.0,0,1,heldout_SCN1A,mutant_site
246,SCN1A,3,0,0.0,0,1,heldout_SCN1A,mutant_site
246,SCN1A,5,0,0.0,0,1,heldout_SCN1A,mutant_site
251,SCN1A,1,1,0.0,0,0,heldout_SCN1A,mutant_site
251,SCN1A,3,1,0.6666666666666666,1,1,heldout_SCN1A,mutant_site
251,SCN1A,5,1,0.8,1,1,heldout_SCN1A,mutant_site
253,SCN1A,1,1,1.0,1,1,heldout_SCN1A,mutant_site
253,SCN1A,3,1,1.0,1,1,heldout_SCN1A,mutant_site
253,SCN1A,5,1,1.0,1,1,heldout_SCN1A,mutant_site
255,SCN1A,1,0,0.0,0,1,heldout_SCN1A,mutant_site
255,SCN1A,3,0,0.0,0,1,heldout_SCN1A,mutant_site
255,SCN1A,5,0,0.2,0,1,heldout_SCN1A,mutant_site
275,SCN1A,1,0,1.0,1,0,heldout_SCN1A,mutant_site
275,SCN1A,3,0,0.3333333333333333,0,1,heldout_SCN1A,mutant_site
275,SCN1A,5,0,0.4,0,1,heldout_SCN1A,mutant_site
276,SCN1A,1,0,0.0,0,1,heldout_SCN1A,mutant_site
276,SCN1A,3,0,0.3333333333333333,0,1,heldout_SCN1A,mutant_site
276,SCN1A,5,0,0.4,0,1,heldout_SCN1A,mutant_site
281,SCN1A,1,1,1.0,1,1,heldout_SCN1A,mutant_site
281,SCN1A,3,1,1.0,1,1,heldout_SCN1A,mutant_site
281,SCN1A,5,1,1.0,1,1,heldout_SCN1A,mutant_site
283,SCN1A,1,0,1.0,1,0,heldout_SCN1A,mutant_site
283,SCN1A,3,0,1.0,1,0,heldout_SCN1A,mutant_site
283,SCN1A,5,0,0.8,1,0,heldout_SCN1A,mutant_site
288,SCN1A,1,0,0.0,0,1,heldout_SCN1A,mutant_site
288,SCN1A,3,0,0.6666666666666666,1,0,heldout_SCN1A,mutant_site
288,SCN1A,5,0,0.6,1,0,heldout_SCN1A,mutant_site
292,SCN1A,1,0,0.0,0,1,heldout_SCN1A,mutant_site
292,SCN1A,3,0,0.3333333333333333,0,1,heldout_SCN1A,mutant_site
292,SCN1A,5,0,0.4,0,1,heldout_SCN1A,mutant_site
293,SCN1A,1,0,0.0,0,1,heldout_SCN1A,mutant_site
293,SCN1A,3,0,0.3333333333333333,0,1,heldout_SCN1A,mutant_site
293,SCN1A,5,0,0.6,1,0,heldout_SCN1A,mutant_site
297,SCN1A,1,0,0.0,0,1,heldout_SCN1A,mutant_site
297,SCN1A,3,0,0.3333333333333333,0,1,heldout_SCN1A,mutant_site
297,SCN1A,5,0,0.2,0,1,heldout_SCN1A,mutant_site
304,SCN1A,1,0,1.0,1,0,heldout_SCN1A,mutant_site
304,SCN1A,3,0,0.3333333333333333,0,1,heldout_SCN1A,mutant_site
304,SCN1A,5,0,0.6,1,0,heldout_SCN1A,mutant_site
308,SCN1A,1,0,0.0,0,1,heldout_SCN1A,mutant_site
308,SCN1A,3,0,0.6666666666666666,1,0,heldout_SCN1A,mutant_site
308,SCN1A,5,0,0.8,1,0,heldout_SCN1A,mutant_site
310,SCN1A,1,1,0.0,0,0,heldout_SCN1A,mutant_site
310,SCN1A,3,1,0.3333333333333333,0,0,heldout_SCN1A,mutant_site
310,SCN1A,5,1,0.4,0,0,heldout_SCN1A,mutant_site
328,SCN1A,1,0,0.0,0,1,heldout_SCN1A,mutant_site
328,SCN1A,3,0,0.3333333333333333,0,1,heldout_SCN1A,mutant_site
328,SCN1A,5,0,0.4,0,1,heldout_SCN1A,mutant_site
332,SCN1A,1,1,1.0,1,1,heldout_SCN1A,mutant_site
332,SCN1A,3,1,1.0,1,1,heldout_SCN1A,mutant_site
332,SCN1A,5,1,0.8,1,1,heldout_SCN1A,mutant_site
341,SCN1A,1,0,0.0,0,1,heldout_SCN1A,mutant_site
341,SCN1A,3,0,0.3333333333333333,0,1,heldout_SCN1A,mutant_site
341,SCN1A,5,0,0.6,1,0,heldout_SCN1A,mutant_site
342,SCN1A,1,0,0.0,0,1,heldout_SCN1A,mutant_site
342,SCN1A,3,0,0.6666666666666666,1,0,heldout_SCN1A,mutant_site
342,SCN1A,5,0,0.4,0,1,heldout_SCN1A,mutant_site
343,SCN1A,1,0,1.0,1,0,heldout_SCN1A,mutant_site
343,SCN1A,3,0,0.6666666666666666,1,0,heldout_SCN1A,mutant_site
343,SCN1A,5,0,0.8,1,0,heldout_SCN1A,mutant_site
4,SCN1A,1,0,1.0,1,0,heldout_SCN1A,delta_site
4,SCN1A,3,0,0.6666666666666666,1,0,heldout_SCN1A,delta_site
4,SCN1A,5,0,0.6,1,0,heldout_SCN1A,delta_site
20,SCN1A,1,0,1.0,1,0,heldout_SCN1A,delta_site
20,SCN1A,3,0,0.3333333333333333,0,1,heldout_SCN1A,delta_site
20,SCN1A,5,0,0.4,0,1,heldout_SCN1A,delta_site
25,SCN1A,1,0,0.0,0,1,heldout_SCN1A,delta_site
25,SCN1A,3,0,0.3333333333333333,0,1,heldout_SCN1A,delta_site
25,SCN1A,5,0,0.2,0,1,heldout_SCN1A,delta_site
26,SCN1A,1,0,0.0,0,1,heldout_SCN1A,delta_site
26,SCN1A,3,0,0.0,0,1,heldout_SCN1A,delta_site
26,SCN1A,5,0,0.0,0,1,heldout_SCN1A,delta_site
39,SCN1A,1,0,1.0,1,0,heldout_SCN1A,delta_site
39,SCN1A,3,0,1.0,1,0,heldout_SCN1A,delta_site
39,SCN1A,5,0,1.0,1,0,heldout_SCN1A,delta_site
46,SCN1A,1,0,0.0,0,1,heldout_SCN1A,delta_site
46,SCN1A,3,0,0.3333333333333333,0,1,heldout_SCN1A,delta_site
46,SCN1A,5,0,0.2,0,1,heldout_SCN1A,delta_site
47,SCN1A,1,0,1.0,1,0,heldout_SCN1A,delta_site
47,SCN1A,3,0,0.6666666666666666,1,0,heldout_SCN1A,delta_site
47,SCN1A,5,0,0.8,1,0,heldout_SCN1A,delta_site
49,SCN1A,1,1,1.0,1,1,heldout_SCN1A,delta_site
49,SCN1A,3,1,1.0,1,1,heldout_SCN1A,delta_site
49,SCN1A,5,1,1.0,1,1,heldout_SCN1A,delta_site
54,SCN1A,1,0,0.0,0,1,heldout_SCN1A,delta_site
54,SCN1A,3,0,0.6666666666666666,1,0,heldout_SCN1A,delta_site
54,SCN1A,5,0,0.6,1,0,heldout_SCN1A,delta_site
71,SCN1A,1,0,0.0,0,1,heldout_SCN1A,delta_site
71,SCN1A,3,0,0.3333333333333333,0,1,heldout_SCN1A,delta_site
71,SCN1A,5,0,0.2,0,1,heldout_SCN1A,delta_site
83,SCN1A,1,0,0.0,0,1,heldout_SCN1A,delta_site
83,SCN1A,3,0,0.3333333333333333,0,1,heldout_SCN1A,delta_site
83,SCN1A,5,0,0.2,0,1,heldout_SCN1A,delta_site
99,SCN1A,1,0,0.0,0,1,heldout_SCN1A,delta_site
99,SCN1A,3,0,0.0,0,1,heldout_SCN1A,delta_site
99,SCN1A,5,0,0.2,0,1,heldout_SCN1A,delta_site
100,SCN1A,1,0,0.0,0,1,heldout_SCN1A,delta_site
100,SCN1A,3,0,0.3333333333333333,0,1,heldout_SCN1A,delta_site
100,SCN1A,5,0,0.6,1,0,heldout_SCN1A,delta_site
106,SCN1A,1,0,0.0,0,1,heldout_SCN1A,delta_site
106,SCN1A,3,0,0.3333333333333333,0,1,heldout_SCN1A,delta_site
106,SCN1A,5,0,0.2,0,1,heldout_SCN1A,delta_site
108,SCN1A,1,0,0.0,0,1,heldout_SCN1A,delta_site
108,SCN1A,3,0,0.0,0,1,heldout_SCN1A,delta_site
108,SCN1A,5,0,0.2,0,1,heldout_SCN1A,delta_site
115,SCN1A,1,1,0.0,0,0,heldout_SCN1A,delta_site
115,SCN1A,3,1,0.0,0,0,heldout_SCN1A,delta_site
115,SCN1A,5,1,0.2,0,0,heldout_SCN1A,delta_site
117,SCN1A,1,0,0.0,0,1,heldout_SCN1A,delta_site
117,SCN1A,3,0,0.6666666666666666,1,0,heldout_SCN1A,delta_site
117,SCN1A,5,0,0.6,1,0,heldout_SCN1A,delta_site
122,SCN1A,1,0,1.0,1,0,heldout_SCN1A,delta_site
122,SCN1A,3,0,0.3333333333333333,0,1,heldout_SCN1A,delta_site
122,SCN1A,5,0,0.4,0,1,heldout_SCN1A,delta_site
126,SCN1A,1,0,0.0,0,1,heldout_SCN1A,delta_site
126,SCN1A,3,0,0.0,0,1,heldout_SCN1A,delta_site
126,SCN1A,5,0,0.4,0,1,heldout_SCN1A,delta_site
130,SCN1A,1,0,0.0,0,1,heldout_SCN1A,delta_site
130,SCN1A,3,0,0.0,0,1,heldout_SCN1A,delta_site
130,SCN1A,5,0,0.2,0,1,heldout_SCN1A,delta_site
133,SCN1A,1,0,0.0,0,1,heldout_SCN1A,delta_site
133,SCN1A,3,0,0.0,0,1,heldout_SCN1A,delta_site
133,SCN1A,5,0,0.0,0,1,heldout_SCN1A,delta_site
135,SCN1A,1,0,0.0,0,1,heldout_SCN1A,delta_site
135,SCN1A,3,0,0.0,0,1,heldout_SCN1A,delta_site
135,SCN1A,5,0,0.0,0,1,heldout_SCN1A,delta_site
138,SCN1A,1,0,1.0,1,0,heldout_SCN1A,delta_site
138,SCN1A,3,0,0.6666666666666666,1,0,heldout_SCN1A,delta_site
138,SCN1A,5,0,0.6,1,0,heldout_SCN1A,delta_site
139,SCN1A,1,0,0.0,0,1,heldout_SCN1A,delta_site
139,SCN1A,3,0,0.0,0,1,heldout_SCN1A,delta_site
139,SCN1A,5,0,0.0,0,1,heldout_SCN1A,delta_site
142,SCN1A,1,0,0.0,0,1,heldout_SCN1A,delta_site
142,SCN1A,3,0,0.0,0,1,heldout_SCN1A,delta_site
142,SCN1A,5,0,0.0,0,1,heldout_SCN1A,delta_site
146,SCN1A,1,0,1.0,1,0,heldout_SCN1A,delta_site
146,SCN1A,3,0,0.6666666666666666,1,0,heldout_SCN1A,delta_site
146,SCN1A,5,0,0.8,1,0,heldout_SCN1A,delta_site
147,SCN1A,1,0,1.0,1,0,heldout_SCN1A,delta_site
147,SCN1A,3,0,0.6666666666666666,1,0,heldout_SCN1A,delta_site
147,SCN1A,5,0,0.8,1,0,heldout_SCN1A,delta_site
148,SCN1A,1,0,0.0,0,1,heldout_SCN1A,delta_site
148,SCN1A,3,0,0.3333333333333333,0,1,heldout_SCN1A,delta_site
148,SCN1A,5,0,0.2,0,1,heldout_SCN1A,delta_site
153,SCN1A,1,0,0.0,0,1,heldout_SCN1A,delta_site
153,SCN1A,3,0,0.3333333333333333,0,1,heldout_SCN1A,delta_site
153,SCN1A,5,0,0.6,1,0,heldout_SCN1A,delta_site
163,SCN1A,1,0,1.0,1,0,heldout_SCN1A,delta_site
163,SCN1A,3,0,1.0,1,0,heldout_SCN1A,delta_site
163,SCN1A,5,0,0.6,1,0,heldout_SCN1A,delta_site
188,SCN1A,1,0,0.0,0,1,heldout_SCN1A,delta_site
188,SCN1A,3,0,0.3333333333333333,0,1,heldout_SCN1A,delta_site
188,SCN1A,5,0,0.4,0,1,heldout_SCN1A,delta_site
192,SCN1A,1,0,1.0,1,0,heldout_SCN1A,delta_site
192,SCN1A,3,0,0.6666666666666666,1,0,heldout_SCN1A,delta_site
192,SCN1A,5,0,0.4,0,1,heldout_SCN1A,delta_site
204,SCN1A,1,0,0.0,0,1,heldout_SCN1A,delta_site
204,SCN1A,3,0,0.3333333333333333,0,1,heldout_SCN1A,delta_site
204,SCN1A,5,0,0.2,0,1,heldout_SCN1A,delta_site
222,SCN1A,1,1,1.0,1,1,heldout_SCN1A,delta_site
222,SCN1A,3,1,1.0,1,1,heldout_SCN1A,delta_site
222,SCN1A,5,1,0.8,1,1,heldout_SCN1A,delta_site
223,SCN1A,1,1,1.0,1,1,heldout_SCN1A,delta_site
223,SCN1A,3,1,1.0,1,1,heldout_SCN1A,delta_site
223,SCN1A,5,1,1.0,1,1,heldout_SCN1A,delta_site
227,SCN1A,1,0,1.0,1,0,heldout_SCN1A,delta_site
227,SCN1A,3,0,1.0,1,0,heldout_SCN1A,delta_site
227,SCN1A,5,0,0.8,1,0,heldout_SCN1A,delta_site
230,SCN1A,1,1,1.0,1,1,heldout_SCN1A,delta_site
230,SCN1A,3,1,0.3333333333333333,0,0,heldout_SCN1A,delta_site
230,SCN1A,5,1,0.4,0,0,heldout_SCN1A,delta_site
231,SCN1A,1,1,0.0,0,0,heldout_SCN1A,delta_site
231,SCN1A,3,1,0.6666666666666666,1,1,heldout_SCN1A,delta_site
231,SCN1A,5,1,0.8,1,1,heldout_SCN1A,delta_site
238,SCN1A,1,0,0.0,0,1,heldout_SCN1A,delta_site
238,SCN1A,3,0,0.3333333333333333,0,1,heldout_SCN1A,delta_site
238,SCN1A,5,0,0.4,0,1,heldout_SCN1A,delta_site
241,SCN1A,1,1,1.0,1,1,heldout_SCN1A,delta_site
241,SCN1A,3,1,0.6666666666666666,1,1,heldout_SCN1A,delta_site
241,SCN1A,5,1,0.4,0,0,heldout_SCN1A,delta_site
244,SCN1A,1,0,0.0,0,1,heldout_SCN1A,delta_site
244,SCN1A,3,0,0.0,0,1,heldout_SCN1A,delta_site
244,SCN1A,5,0,0.0,0,1,heldout_SCN1A,delta_site
246,SCN1A,1,0,0.0,0,1,heldout_SCN1A,delta_site
246,SCN1A,3,0,0.0,0,1,heldout_SCN1A,delta_site
246,SCN1A,5,0,0.0,0,1,heldout_SCN1A,delta_site
251,SCN1A,1,1,0.0,0,0,heldout_SCN1A,delta_site
251,SCN1A,3,1,0.6666666666666666,1,1,heldout_SCN1A,delta_site
251,SCN1A,5,1,0.8,1,1,heldout_SCN1A,delta_site
253,SCN1A,1,1,0.0,0,0,heldout_SCN1A,delta_site
253,SCN1A,3,1,0.6666666666666666,1,1,heldout_SCN1A,delta_site
253,SCN1A,5,1,0.4,0,0,heldout_SCN1A,delta_site
255,SCN1A,1,0,0.0,0,1,heldout_SCN1A,delta_site
255,SCN1A,3,0,0.0,0,1,heldout_SCN1A,delta_site
255,SCN1A,5,0,0.4,0,1,heldout_SCN1A,delta_site
275,SCN1A,1,0,1.0,1,0,heldout_SCN1A,delta_site
275,SCN1A,3,0,1.0,1,0,heldout_SCN1A,delta_site
275,SCN1A,5,0,1.0,1,0,heldout_SCN1A,delta_site
276,SCN1A,1,0,0.0,0,1,heldout_SCN1A,delta_site
276,SCN1A,3,0,0.3333333333333333,0,1,heldout_SCN1A,delta_site
276,SCN1A,5,0,0.2,0,1,heldout_SCN1A,delta_site
281,SCN1A,1,1,0.0,0,0,heldout_SCN1A,delta_site
281,SCN1A,3,1,0.3333333333333333,0,0,heldout_SCN1A,delta_site
281,SCN1A,5,1,0.6,1,1,heldout_SCN1A,delta_site
283,SCN1A,1,0,0.0,0,1,heldout_SCN1A,delta_site
283,SCN1A,3,0,0.3333333333333333,0,1,heldout_SCN1A,delta_site
283,SCN1A,5,0,0.4,0,1,heldout_SCN1A,delta_site
288,SCN1A,1,0,0.0,0,1,heldout_SCN1A,delta_site
288,SCN1A,3,0,0.3333333333333333,0,1,heldout_SCN1A,delta_site
288,SCN1A,5,0,0.2,0,1,heldout_SCN1A,delta_site
292,SCN1A,1,0,0.0,0,1,heldout_SCN1A,delta_site
292,SCN1A,3,0,0.6666666666666666,1,0,heldout_SCN1A,delta_site
292,SCN1A,5,0,0.6,1,0,heldout_SCN1A,delta_site
293,SCN1A,1,0,1.0,1,0,heldout_SCN1A,delta_site
293,SCN1A,3,0,0.3333333333333333,0,1,heldout_SCN1A,delta_site
293,SCN1A,5,0,0.6,1,0,heldout_SCN1A,delta_site
297,SCN1A,1,0,1.0,1,0,heldout_SCN1A,delta_site
297,SCN1A,3,0,0.6666666666666666,1,0,heldout_SCN1A,delta_site
297,SCN1A,5,0,0.6,1,0,heldout_SCN1A,delta_site
304,SCN1A,1,0,1.0,1,0,heldout_SCN1A,delta_site
304,SCN1A,3,0,0.3333333333333333,0,1,heldout_SCN1A,delta_site
304,SCN1A,5,0,0.2,0,1,heldout_SCN1A,delta_site
308,SCN1A,1,0,0.0,0,1,heldout_SCN1A,delta_site
308,SCN1A,3,0,0.6666666666666666,1,0,heldout_SCN1A,delta_site
308,SCN1A,5,0,0.4,0,1,heldout_SCN1A,delta_site
310,SCN1A,1,1,0.0,0,0,heldout_SCN1A,delta_site
310,SCN1A,3,1,0.6666666666666666,1,1,heldout_SCN1A,delta_site
310,SCN1A,5,1,0.6,1,1,heldout_SCN1A,delta_site
328,SCN1A,1,0,0.0,0,1,heldout_SCN1A,delta_site
328,SCN1A,3,0,0.6666666666666666,1,0,heldout_SCN1A,delta_site
328,SCN1A,5,0,0.8,1,0,heldout_SCN1A,delta_site
332,SCN1A,1,1,0.0,0,0,heldout_SCN1A,delta_site
332,SCN1A,3,1,0.0,0,0,heldout_SCN1A,delta_site
332,SCN1A,5,1,0.0,0,0,heldout_SCN1A,delta_site
341,SCN1A,1,0,1.0,1,0,heldout_SCN1A,delta_site
341,SCN1A,3,0,0.3333333333333333,0,1,heldout_SCN1A,delta_site
341,SCN1A,5,0,0.2,0,1,heldout_SCN1A,delta_site
342,SCN1A,1,0,0.0,0,1,heldout_SCN1A,delta_site
342,SCN1A,3,0,0.3333333333333333,0,1,heldout_SCN1A,delta_site
342,SCN1A,5,0,0.4,0,1,heldout_SCN1A,delta_site
343,SCN1A,1,0,0.0,0,1,heldout_SCN1A,delta_site
343,SCN1A,3,0,0.6666666666666666,1,0,heldout_SCN1A,delta_site
343,SCN1A,5,0,0.6,1,0,heldout_SCN1A,delta_site
4,SCN1A,1,0,0.0,0,1,heldout_SCN1A,wt_mut_site
4,SCN1A,3,0,0.0,0,1,heldout_SCN1A,wt_mut_site
4,SCN1A,5,0,0.2,0,1,heldout_SCN1A,wt_mut_site
20,SCN1A,1,0,0.0,0,1,heldout_SCN1A,wt_mut_site
20,SCN1A,3,0,0.0,0,1,heldout_SCN1A,wt_mut_site
20,SCN1A,5,0,0.2,0,1,heldout_SCN1A,wt_mut_site
25,SCN1A,1,0,0.0,0,1,heldout_SCN1A,wt_mut_site
25,SCN1A,3,0,0.0,0,1,heldout_SCN1A,wt_mut_site
25,SCN1A,5,0,0.0,0,1,heldout_SCN1A,wt_mut_site
26,SCN1A,1,0,0.0,0,1,heldout_SCN1A,wt_mut_site
26,SCN1A,3,0,0.0,0,1,heldout_SCN1A,wt_mut_site
26,SCN1A,5,0,0.0,0,1,heldout_SCN1A,wt_mut_site
39,SCN1A,1,0,1.0,1,0,heldout_SCN1A,wt_mut_site
39,SCN1A,3,0,1.0,1,0,heldout_SCN1A,wt_mut_site
39,SCN1A,5,0,1.0,1,0,heldout_SCN1A,wt_mut_site
46,SCN1A,1,0,1.0,1,0,heldout_SCN1A,wt_mut_site
46,SCN1A,3,0,1.0,1,0,heldout_SCN1A,wt_mut_site
46,SCN1A,5,0,1.0,1,0,heldout_SCN1A,wt_mut_site
47,SCN1A,1,0,0.0,0,1,heldout_SCN1A,wt_mut_site
47,SCN1A,3,0,0.0,0,1,heldout_SCN1A,wt_mut_site
47,SCN1A,5,0,0.4,0,1,heldout_SCN1A,wt_mut_site
49,SCN1A,1,1,1.0,1,1,heldout_SCN1A,wt_mut_site
49,SCN1A,3,1,0.6666666666666666,1,1,heldout_SCN1A,wt_mut_site
49,SCN1A,5,1,0.6,1,1,heldout_SCN1A,wt_mut_site
54,SCN1A,1,0,0.0,0,1,heldout_SCN1A,wt_mut_site
54,SCN1A,3,0,0.0,0,1,heldout_SCN1A,wt_mut_site
54,SCN1A,5,0,0.4,0,1,heldout_SCN1A,wt_mut_site
71,SCN1A,1,0,0.0,0,1,heldout_SCN1A,wt_mut_site
71,SCN1A,3,0,0.0,0,1,heldout_SCN1A,wt_mut_site
71,SCN1A,5,0,0.2,0,1,heldout_SCN1A,wt_mut_site
83,SCN1A,1,0,1.0,1,0,heldout_SCN1A,wt_mut_site
83,SCN1A,3,0,1.0,1,0,heldout_SCN1A,wt_mut_site
83,SCN1A,5,0,1.0,1,0,heldout_SCN1A,wt_mut_site
99,SCN1A,1,0,0.0,0,1,heldout_SCN1A,wt_mut_site
99,SCN1A,3,0,0.3333333333333333,0,1,heldout_SCN1A,wt_mut_site
99,SCN1A,5,0,0.6,1,0,heldout_SCN1A,wt_mut_site
100,SCN1A,1,0,0.0,0,1,heldout_SCN1A,wt_mut_site
100,SCN1A,3,0,0.0,0,1,heldout_SCN1A,wt_mut_site
100,SCN1A,5,0,0.2,0,1,heldout_SCN1A,wt_mut_site
106,SCN1A,1,0,0.0,0,1,heldout_SCN1A,wt_mut_site
106,SCN1A,3,0,0.0,0,1,heldout_SCN1A,wt_mut_site
106,SCN1A,5,0,0.0,0,1,heldout_SCN1A,wt_mut_site
108,SCN1A,1,0,0.0,0,1,heldout_SCN1A,wt_mut_site
108,SCN1A,3,0,0.0,0,1,heldout_SCN1A,wt_mut_site
108,SCN1A,5,0,0.2,0,1,heldout_SCN1A,wt_mut_site
115,SCN1A,1,1,0.0,0,0,heldout_SCN1A,wt_mut_site
115,SCN1A,3,1,0.0,0,0,heldout_SCN1A,wt_mut_site
115,SCN1A,5,1,0.2,0,0,heldout_SCN1A,wt_mut_site
117,SCN1A,1,0,0.0,0,1,heldout_SCN1A,wt_mut_site
117,SCN1A,3,0,0.3333333333333333,0,1,heldout_SCN1A,wt_mut_site
117,SCN1A,5,0,0.4,0,1,heldout_SCN1A,wt_mut_site
122,SCN1A,1,0,0.0,0,1,heldout_SCN1A,wt_mut_site
122,SCN1A,3,0,0.0,0,1,heldout_SCN1A,wt_mut_site
122,SCN1A,5,0,0.2,0,1,heldout_SCN1A,wt_mut_site
126,SCN1A,1,0,1.0,1,0,heldout_SCN1A,wt_mut_site
126,SCN1A,3,0,0.3333333333333333,0,1,heldout_SCN1A,wt_mut_site
126,SCN1A,5,0,0.4,0,1,heldout_SCN1A,wt_mut_site
130,SCN1A,1,0,0.0,0,1,heldout_SCN1A,wt_mut_site
130,SCN1A,3,0,0.3333333333333333,0,1,heldout_SCN1A,wt_mut_site
130,SCN1A,5,0,0.4,0,1,heldout_SCN1A,wt_mut_site
133,SCN1A,1,0,0.0,0,1,heldout_SCN1A,wt_mut_site
133,SCN1A,3,0,0.0,0,1,heldout_SCN1A,wt_mut_site
133,SCN1A,5,0,0.0,0,1,heldout_SCN1A,wt_mut_site
135,SCN1A,1,0,0.0,0,1,heldout_SCN1A,wt_mut_site
135,SCN1A,3,0,0.0,0,1,heldout_SCN1A,wt_mut_site
135,SCN1A,5,0,0.0,0,1,heldout_SCN1A,wt_mut_site
138,SCN1A,1,0,0.0,0,1,heldout_SCN1A,wt_mut_site
138,SCN1A,3,0,0.3333333333333333,0,1,heldout_SCN1A,wt_mut_site
138,SCN1A,5,0,0.4,0,1,heldout_SCN1A,wt_mut_site
139,SCN1A,1,0,0.0,0,1,heldout_SCN1A,wt_mut_site
139,SCN1A,3,0,0.0,0,1,heldout_SCN1A,wt_mut_site
139,SCN1A,5,0,0.0,0,1,heldout_SCN1A,wt_mut_site
142,SCN1A,1,0,0.0,0,1,heldout_SCN1A,wt_mut_site
142,SCN1A,3,0,0.0,0,1,heldout_SCN1A,wt_mut_site
142,SCN1A,5,0,0.0,0,1,heldout_SCN1A,wt_mut_site
146,SCN1A,1,0,0.0,0,1,heldout_SCN1A,wt_mut_site
146,SCN1A,3,0,0.3333333333333333,0,1,heldout_SCN1A,wt_mut_site
146,SCN1A,5,0,0.6,1,0,heldout_SCN1A,wt_mut_site
147,SCN1A,1,0,1.0,1,0,heldout_SCN1A,wt_mut_site
147,SCN1A,3,0,0.6666666666666666,1,0,heldout_SCN1A,wt_mut_site
147,SCN1A,5,0,0.6,1,0,heldout_SCN1A,wt_mut_site
148,SCN1A,1,0,1.0,1,0,heldout_SCN1A,wt_mut_site
148,SCN1A,3,0,1.0,1,0,heldout_SCN1A,wt_mut_site
148,SCN1A,5,0,0.6,1,0,heldout_SCN1A,wt_mut_site
153,SCN1A,1,0,1.0,1,0,heldout_SCN1A,wt_mut_site
153,SCN1A,3,0,0.6666666666666666,1,0,heldout_SCN1A,wt_mut_site
153,SCN1A,5,0,0.6,1,0,heldout_SCN1A,wt_mut_site
163,SCN1A,1,0,1.0,1,0,heldout_SCN1A,wt_mut_site
163,SCN1A,3,0,0.6666666666666666,1,0,heldout_SCN1A,wt_mut_site
163,SCN1A,5,0,0.8,1,0,heldout_SCN1A,wt_mut_site
188,SCN1A,1,0,0.0,0,1,heldout_SCN1A,wt_mut_site
188,SCN1A,3,0,0.6666666666666666,1,0,heldout_SCN1A,wt_mut_site
188,SCN1A,5,0,0.6,1,0,heldout_SCN1A,wt_mut_site
192,SCN1A,1,0,1.0,1,0,heldout_SCN1A,wt_mut_site
192,SCN1A,3,0,0.6666666666666666,1,0,heldout_SCN1A,wt_mut_site
192,SCN1A,5,0,0.6,1,0,heldout_SCN1A,wt_mut_site
204,SCN1A,1,0,0.0,0,1,heldout_SCN1A,wt_mut_site
204,SCN1A,3,0,0.0,0,1,heldout_SCN1A,wt_mut_site
204,SCN1A,5,0,0.2,0,1,heldout_SCN1A,wt_mut_site
222,SCN1A,1,1,1.0,1,1,heldout_SCN1A,wt_mut_site
222,SCN1A,3,1,1.0,1,1,heldout_SCN1A,wt_mut_site
222,SCN1A,5,1,1.0,1,1,heldout_SCN1A,wt_mut_site
223,SCN1A,1,1,1.0,1,1,heldout_SCN1A,wt_mut_site
223,SCN1A,3,1,1.0,1,1,heldout_SCN1A,wt_mut_site
223,SCN1A,5,1,1.0,1,1,heldout_SCN1A,wt_mut_site
227,SCN1A,1,0,1.0,1,0,heldout_SCN1A,wt_mut_site
227,SCN1A,3,0,1.0,1,0,heldout_SCN1A,wt_mut_site
227,SCN1A,5,0,1.0,1,0,heldout_SCN1A,wt_mut_site
230,SCN1A,1,1,1.0,1,1,heldout_SCN1A,wt_mut_site
230,SCN1A,3,1,1.0,1,1,heldout_SCN1A,wt_mut_site
230,SCN1A,5,1,0.8,1,1,heldout_SCN1A,wt_mut_site
231,SCN1A,1,1,1.0,1,1,heldout_SCN1A,wt_mut_site
231,SCN1A,3,1,1.0,1,1,heldout_SCN1A,wt_mut_site
231,SCN1A,5,1,0.8,1,1,heldout_SCN1A,wt_mut_site
238,SCN1A,1,0,0.0,0,1,heldout_SCN1A,wt_mut_site
238,SCN1A,3,0,0.0,0,1,heldout_SCN1A,wt_mut_site
238,SCN1A,5,0,0.0,0,1,heldout_SCN1A,wt_mut_site
241,SCN1A,1,1,1.0,1,1,heldout_SCN1A,wt_mut_site
241,SCN1A,3,1,0.6666666666666666,1,1,heldout_SCN1A,wt_mut_site
241,SCN1A,5,1,0.6,1,1,heldout_SCN1A,wt_mut_site
244,SCN1A,1,0,0.0,0,1,heldout_SCN1A,wt_mut_site
244,SCN1A,3,0,0.0,0,1,heldout_SCN1A,wt_mut_site
244,SCN1A,5,0,0.2,0,1,heldout_SCN1A,wt_mut_site
246,SCN1A,1,0,0.0,0,1,heldout_SCN1A,wt_mut_site
246,SCN1A,3,0,0.0,0,1,heldout_SCN1A,wt_mut_site
246,SCN1A,5,0,0.0,0,1,heldout_SCN1A,wt_mut_site
251,SCN1A,1,1,0.0,0,0,heldout_SCN1A,wt_mut_site
251,SCN1A,3,1,0.6666666666666666,1,1,heldout_SCN1A,wt_mut_site
251,SCN1A,5,1,0.8,1,1,heldout_SCN1A,wt_mut_site
253,SCN1A,1,1,1.0,1,1,heldout_SCN1A,wt_mut_site
253,SCN1A,3,1,1.0,1,1,heldout_SCN1A,wt_mut_site
253,SCN1A,5,1,1.0,1,1,heldout_SCN1A,wt_mut_site
255,SCN1A,1,0,0.0,0,1,heldout_SCN1A,wt_mut_site
255,SCN1A,3,0,0.3333333333333333,0,1,heldout_SCN1A,wt_mut_site
255,SCN1A,5,0,0.4,0,1,heldout_SCN1A,wt_mut_site
275,SCN1A,1,0,1.0,1,0,heldout_SCN1A,wt_mut_site
275,SCN1A,3,0,0.6666666666666666,1,0,heldout_SCN1A,wt_mut_site
275,SCN1A,5,0,0.4,0,1,heldout_SCN1A,wt_mut_site
276,SCN1A,1,0,0.0,0,1,heldout_SCN1A,wt_mut_site
276,SCN1A,3,0,0.3333333333333333,0,1,heldout_SCN1A,wt_mut_site
276,SCN1A,5,0,0.4,0,1,heldout_SCN1A,wt_mut_site
281,SCN1A,1,1,1.0,1,1,heldout_SCN1A,wt_mut_site
281,SCN1A,3,1,1.0,1,1,heldout_SCN1A,wt_mut_site
281,SCN1A,5,1,1.0,1,1,heldout_SCN1A,wt_mut_site
283,SCN1A,1,0,1.0,1,0,heldout_SCN1A,wt_mut_site
283,SCN1A,3,0,1.0,1,0,heldout_SCN1A,wt_mut_site
283,SCN1A,5,0,0.8,1,0,heldout_SCN1A,wt_mut_site
288,SCN1A,1,0,0.0,0,1,heldout_SCN1A,wt_mut_site
288,SCN1A,3,0,0.6666666666666666,1,0,heldout_SCN1A,wt_mut_site
288,SCN1A,5,0,0.6,1,0,heldout_SCN1A,wt_mut_site
292,SCN1A,1,0,0.0,0,1,heldout_SCN1A,wt_mut_site
292,SCN1A,3,0,0.6666666666666666,1,0,heldout_SCN1A,wt_mut_site
292,SCN1A,5,0,0.6,1,0,heldout_SCN1A,wt_mut_site
293,SCN1A,1,0,0.0,0,1,heldout_SCN1A,wt_mut_site
293,SCN1A,3,0,0.6666666666666666,1,0,heldout_SCN1A,wt_mut_site
293,SCN1A,5,0,0.8,1,0,heldout_SCN1A,wt_mut_site
297,SCN1A,1,0,0.0,0,1,heldout_SCN1A,wt_mut_site
297,SCN1A,3,0,0.3333333333333333,0,1,heldout_SCN1A,wt_mut_site
297,SCN1A,5,0,0.6,1,0,heldout_SCN1A,wt_mut_site
304,SCN1A,1,0,0.0,0,1,heldout_SCN1A,wt_mut_site
304,SCN1A,3,0,0.6666666666666666,1,0,heldout_SCN1A,wt_mut_site
304,SCN1A,5,0,0.6,1,0,heldout_SCN1A,wt_mut_site
308,SCN1A,1,0,0.0,0,1,heldout_SCN1A,wt_mut_site
308,SCN1A,3,0,0.6666666666666666,1,0,heldout_SCN1A,wt_mut_site
308,SCN1A,5,0,0.8,1,0,heldout_SCN1A,wt_mut_site
310,SCN1A,1,1,0.0,0,0,heldout_SCN1A,wt_mut_site
310,SCN1A,3,1,0.6666666666666666,1,1,heldout_SCN1A,wt_mut_site
310,SCN1A,5,1,0.4,0,0,heldout_SCN1A,wt_mut_site
328,SCN1A,1,0,0.0,0,1,heldout_SCN1A,wt_mut_site
328,SCN1A,3,0,0.6666666666666666,1,0,heldout_SCN1A,wt_mut_site
328,SCN1A,5,0,0.4,0,1,heldout_SCN1A,wt_mut_site
332,SCN1A,1,1,1.0,1,1,heldout_SCN1A,wt_mut_site
332,SCN1A,3,1,0.6666666666666666,1,1,heldout_SCN1A,wt_mut_site
332,SCN1A,5,1,0.8,1,1,heldout_SCN1A,wt_mut_site
341,SCN1A,1,0,0.0,0,1,heldout_SCN1A,wt_mut_site
341,SCN1A,3,0,0.3333333333333333,0,1,heldout_SCN1A,wt_mut_site
341,SCN1A,5,0,0.6,1,0,heldout_SCN1A,wt_mut_site
342,SCN1A,1,0,0.0,0,1,heldout_SCN1A,wt_mut_site
342,SCN1A,3,0,0.3333333333333333,0,1,heldout_SCN1A,wt_mut_site
342,SCN1A,5,0,0.4,0,1,heldout_SCN1A,wt_mut_site
343,SCN1A,1,0,1.0,1,0,heldout_SCN1A,wt_mut_site
343,SCN1A,3,0,1.0,1,0,heldout_SCN1A,wt_mut_site
343,SCN1A,5,0,0.6,1,0,heldout_SCN1A,wt_mut_site
